open_time,open,high,low,close,volume,close_time,quote_asset_volume,number_of_trades,taker_buy_base,taker_buy_quote,ignore,symbol,timeframe
2026-02-02 07:00:00+00:00,2226.48,2253.82,2215.2,2227.57,407258.749,2026-02-02 07:59:59.999000+00:00,909545776.3197,1005637,218266.581,487642351.14952,0,ETHUSDT,1h
2026-02-02 08:00:00+00:00,2227.56,2258.0,2227.56,2248.13,319001.107,2026-02-02 08:59:59.999000+00:00,716001815.57364,863661,166303.549,373328880.1447,0,ETHUSDT,1h
2026-02-02 09:00:00+00:00,2248.14,2317.49,2236.43,2289.77,783431.387,2026-02-02 09:59:59.999000+00:00,1785955019.36202,1002504,434326.703,990218114.95964,0,ETHUSDT,1h
2026-02-02 10:00:00+00:00,2289.77,2298.56,2272.31,2276.65,292716.473,2026-02-02 10:59:59.999000+00:00,668297512.03481,515278,140272.792,320330769.1838,0,ETHUSDT,1h
2026-02-02 11:00:00+00:00,2276.66,2297.07,2272.38,2281.21,235333.6,2026-02-02 11:59:59.999000+00:00,537447416.50689,450268,117818.356,269107252.05011,0,ETHUSDT,1h
2026-02-02 12:00:00+00:00,2281.2,2317.44,2280.78,2310.09,280061.754,2026-02-02 12:59:59.999000+00:00,645037835.90861,582712,150922.782,347658035.28776,0,ETHUSDT,1h
2026-02-02 13:00:00+00:00,2310.09,2334.68,2300.72,2326.29,301962.565,2026-02-02 13:59:59.999000+00:00,699901030.11707,572084,160381.47,371878795.65709,0,ETHUSDT,1h
2026-02-02 14:00:00+00:00,2326.29,2367.97,2295.98,2327.59,801160.649,2026-02-02 14:59:59.999000+00:00,1870872849.16542,1469207,386330.138,902383099.70454,0,ETHUSDT,1h
2026-02-02 15:00:00+00:00,2327.59,2395.4,2317.09,2370.88,651611.996,2026-02-02 15:59:59.999000+00:00,1539629617.01787,1558417,330093.887,780243332.55046,0,ETHUSDT,1h
2026-02-02 16:00:00+00:00,2370.87,2385.56,2347.78,2357.04,329928.937,2026-02-02 16:59:59.999000+00:00,781702959.23427,823744,160570.334,380579327.44858,0,ETHUSDT,1h
2026-02-02 17:00:00+00:00,2357.05,2379.99,2342.09,2355.07,254674.94,2026-02-02 17:59:59.999000+00:00,601656574.09401,602484,131647.588,311173173.60355,0,ETHUSDT,1h
2026-02-02 18:00:00+00:00,2355.07,2358.57,2332.15,2343.08,201716.297,2026-02-02 18:59:59.999000+00:00,472882417.53254,523832,102645.226,240676980.56744,0,ETHUSDT,1h
2026-02-02 19:00:00+00:00,2343.07,2349.3,2326.0,2329.75,163747.424,2026-02-02 19:59:59.999000+00:00,382667160.96833,425067,79165.996,185034833.90731,0,ETHUSDT,1h
2026-02-02 20:00:00+00:00,2329.75,2339.18,2311.47,2320.83,235532.516,2026-02-02 20:59:59.999000+00:00,546946494.2739,549720,114126.387,265071323.58133,0,ETHUSDT,1h
2026-02-02 21:00:00+00:00,2320.83,2343.93,2318.0,2340.93,129101.523,2026-02-02 21:59:59.999000+00:00,301361854.89799,318349,68623.979,160212047.79547,0,ETHUSDT,1h
2026-02-02 22:00:00+00:00,2340.93,2353.44,2334.3,2349.73,89450.749,2026-02-02 22:59:59.999000+00:00,209796178.46911,179020,43643.442,102365710.63959,0,ETHUSDT,1h
2026-02-02 23:00:00+00:00,2349.74,2353.74,2338.1,2345.55,98644.377,2026-02-02 23:59:59.999000+00:00,231535508.17839,229315,46168.17,108381964.96926,0,ETHUSDT,1h
2026-02-03 00:00:00+00:00,2345.56,2354.64,2323.49,2352.64,157985.676,2026-02-03 00:59:59.999000+00:00,369581582.89248,381185,79257.106,185424323.43328,0,ETHUSDT,1h
2026-02-03 01:00:00+00:00,2352.64,2358.6,2336.18,2353.27,95054.396,2026-02-03 01:59:59.999000+00:00,223200936.82913,369398,50038.026,117511575.08071,0,ETHUSDT,1h
2026-02-03 02:00:00+00:00,2353.27,2353.51,2295.56,2297.3,297264.113,2026-02-03 02:59:59.999000+00:00,689253395.13406,522249,129649.486,300811401.88253,0,ETHUSDT,1h
2026-02-03 03:00:00+00:00,2297.32,2344.27,2282.01,2343.1,421701.032,2026-02-03 03:59:59.999000+00:00,975594667.38194,632097,240508.726,556887232.02368,0,ETHUSDT,1h
2026-02-03 04:00:00+00:00,2343.1,2354.4,2332.24,2344.91,232812.54,2026-02-03 04:59:59.999000+00:00,545476742.56746,355427,117149.764,274525579.58362,0,ETHUSDT,1h
2026-02-03 05:00:00+00:00,2344.9,2345.24,2313.71,2315.28,187938.886,2026-02-03 05:59:59.999000+00:00,437304031.40861,331582,86147.884,200418484.26802,0,ETHUSDT,1h
2026-02-03 06:00:00+00:00,2315.28,2327.48,2296.45,2319.14,235486.378,2026-02-03 06:59:59.999000+00:00,544325872.45984,374883,120925.945,279616405.98102,0,ETHUSDT,1h
2026-02-03 07:00:00+00:00,2319.14,2333.0,2311.22,2322.0,168654.398,2026-02-03 07:59:59.999000+00:00,391891163.99138,355628,82719.293,192222139.13532,0,ETHUSDT,1h
2026-02-03 08:00:00+00:00,2322.0,2331.86,2307.78,2314.62,181074.936,2026-02-03 08:59:59.999000+00:00,420168307.44084,377337,85976.89,199517006.16712,0,ETHUSDT,1h
2026-02-03 09:00:00+00:00,2314.62,2317.86,2259.77,2290.88,636754.9,2026-02-03 09:59:59.999000+00:00,1455524362.69614,708997,294247.529,672565069.86995,0,ETHUSDT,1h
2026-02-03 10:00:00+00:00,2290.87,2298.31,2275.0,2280.49,167375.052,2026-02-03 10:59:59.999000+00:00,382580374.28894,318889,81434.433,186185311.48505,0,ETHUSDT,1h
2026-02-03 11:00:00+00:00,2280.5,2287.34,2269.29,2275.63,203095.069,2026-02-03 11:59:59.999000+00:00,462736685.94638,340215,109027.587,248489304.46105,0,ETHUSDT,1h
2026-02-03 12:00:00+00:00,2275.63,2305.43,2271.01,2300.01,186056.572,2026-02-03 12:59:59.999000+00:00,426397687.06213,350748,106062.664,243090770.63343,0,ETHUSDT,1h
2026-02-03 13:00:00+00:00,2300.0,2316.36,2295.17,2311.06,156617.416,2026-02-03 13:59:59.999000+00:00,361032899.93315,315154,84152.991,194027489.93712,0,ETHUSDT,1h
2026-02-03 14:00:00+00:00,2311.07,2316.0,2254.0,2255.66,485036.553,2026-02-03 14:59:59.999000+00:00,1108348147.00628,1033900,220552.201,504142073.37668,0,ETHUSDT,1h
2026-02-03 15:00:00+00:00,2255.66,2313.84,2250.66,2302.16,694180.392,2026-02-03 15:59:59.999000+00:00,1584536067.19841,1409049,360549.453,823034515.76797,0,ETHUSDT,1h
2026-02-03 16:00:00+00:00,2302.16,2302.7,2234.16,2239.88,690078.215,2026-02-03 16:59:59.999000+00:00,1556880223.45166,1141397,317757.804,717138578.03762,0,ETHUSDT,1h
2026-02-03 17:00:00+00:00,2239.87,2244.0,2191.23,2194.32,752795.761,2026-02-03 17:59:59.999000+00:00,1669901644.16128,1248708,331363.798,735456733.36839,0,ETHUSDT,1h
2026-02-03 18:00:00+00:00,2194.32,2206.12,2103.4,2119.08,1512724.942,2026-02-03 18:59:59.999000+00:00,3254076562.55684,2008962,652043.865,1402029668.41811,0,ETHUSDT,1h
2026-02-03 19:00:00+00:00,2119.07,2218.64,2110.58,2204.33,1121475.401,2026-02-03 19:59:59.999000+00:00,2441017631.25738,1656405,623488.06,1357331059.73314,0,ETHUSDT,1h
2026-02-03 20:00:00+00:00,2204.33,2353.97,2186.69,2298.93,1088374.2,2026-02-03 20:59:59.999000+00:00,2473356920.22404,1670199,596748.879,1355288634.73896,0,ETHUSDT,1h
2026-02-03 21:00:00+00:00,2298.92,2339.07,2278.43,2283.21,392106.597,2026-02-03 21:59:59.999000+00:00,905050906.50073,873466,203529.164,470034074.99059,0,ETHUSDT,1h
2026-02-03 22:00:00+00:00,2283.2,2285.57,2226.51,2234.81,403423.496,2026-02-03 22:59:59.999000+00:00,909745660.36028,714969,183299.854,413380756.59094,0,ETHUSDT,1h
2026-02-03 23:00:00+00:00,2234.8,2247.44,2211.0,2232.23,380141.556,2026-02-03 23:59:59.999000+00:00,847665265.21022,807218,171961.081,383445586.40335,0,ETHUSDT,1h
2026-02-04 00:00:00+00:00,2232.23,2255.55,2221.77,2239.74,191995.538,2026-02-04 00:59:59.999000+00:00,430425100.09812,488928,96227.341,215796004.47865,0,ETHUSDT,1h
2026-02-04 01:00:00+00:00,2239.74,2280.5,2239.74,2267.21,245716.361,2026-02-04 01:59:59.999000+00:00,557021428.40123,548598,129488.04,293517454.94545,0,ETHUSDT,1h
2026-02-04 02:00:00+00:00,2267.21,2275.43,2241.2,2250.62,165965.869,2026-02-04 02:59:59.999000+00:00,374891871.05003,443363,77862.004,175938454.66377,0,ETHUSDT,1h
2026-02-04 03:00:00+00:00,2250.62,2295.0,2247.58,2282.23,230111.803,2026-02-04 03:59:59.999000+00:00,523883159.57524,433627,125511.935,285816335.87864,0,ETHUSDT,1h
2026-02-04 04:00:00+00:00,2282.22,2289.07,2269.47,2272.72,102200.467,2026-02-04 04:59:59.999000+00:00,232759001.381,221462,45317.836,103226791.79166,0,ETHUSDT,1h
2026-02-04 05:00:00+00:00,2272.71,2279.56,2255.13,2264.38,142686.254,2026-02-04 05:59:59.999000+00:00,323529656.20091,318555,67723.134,153598908.22465,0,ETHUSDT,1h
2026-02-04 06:00:00+00:00,2264.38,2283.46,2257.32,2276.5,158881.174,2026-02-04 06:59:59.999000+00:00,361024072.06088,299440,76224.597,173232351.3794,0,ETHUSDT,1h
2026-02-04 07:00:00+00:00,2276.51,2294.38,2262.34,2282.93,217146.344,2026-02-04 07:59:59.999000+00:00,494957414.62773,363699,112149.131,255682303.83346,0,ETHUSDT,1h
2026-02-04 08:00:00+00:00,2282.93,2285.29,2265.68,2278.8,127738.675,2026-02-04 08:59:59.999000+00:00,290732494.27589,333347,63008.294,143407949.53829,0,ETHUSDT,1h
2026-02-04 09:00:00+00:00,2278.81,2278.98,2250.02,2259.89,187259.318,2026-02-04 09:59:59.999000+00:00,423484476.96746,359047,93121.805,210587666.19518,0,ETHUSDT,1h
2026-02-04 10:00:00+00:00,2259.89,2263.77,2248.88,2259.61,101128.566,2026-02-04 10:59:59.999000+00:00,228219474.12562,222318,52086.865,117562359.93262,0,ETHUSDT,1h
2026-02-04 11:00:00+00:00,2259.61,2267.79,2225.24,2253.73,486235.197,2026-02-04 11:59:59.999000+00:00,1090633572.56558,648144,236120.421,529701982.83636,0,ETHUSDT,1h
2026-02-04 12:00:00+00:00,2253.73,2262.2,2230.81,2243.11,218385.463,2026-02-04 12:59:59.999000+00:00,490415611.96181,415909,111970.387,251484519.4086,0,ETHUSDT,1h
2026-02-04 13:00:00+00:00,2243.1,2245.11,2195.71,2197.32,493885.373,2026-02-04 13:59:59.999000+00:00,1094186328.70545,720400,230825.888,511389420.55544,0,ETHUSDT,1h
2026-02-04 14:00:00+00:00,2197.32,2225.62,2166.52,2170.61,1007116.239,2026-02-04 14:59:59.999000+00:00,2213608874.71551,1535953,514512.588,1131261281.15383,0,ETHUSDT,1h
2026-02-04 15:00:00+00:00,2170.61,2197.25,2135.0,2150.44,1026841.291,2026-02-04 15:59:59.999000+00:00,2221294273.09693,1960534,512801.532,1109713582.21002,0,ETHUSDT,1h
2026-02-04 16:00:00+00:00,2150.45,2159.69,2104.0,2134.13,1171367.177,2026-02-04 16:59:59.999000+00:00,2491628904.38345,1688151,564708.404,1201317199.09041,0,ETHUSDT,1h
2026-02-04 17:00:00+00:00,2134.12,2154.33,2091.55,2125.26,1036896.494,2026-02-04 17:59:59.999000+00:00,2198294682.067,1638798,508958.86,1079780437.50825,0,ETHUSDT,1h
2026-02-04 18:00:00+00:00,2125.26,2185.7,2073.68,2147.24,1419828.071,2026-02-04 18:59:59.999000+00:00,3013758954.93297,2064674,743620.891,1579851175.08926,0,ETHUSDT,1h
2026-02-04 19:00:00+00:00,2147.25,2195.0,2132.19,2187.77,551744.113,2026-02-04 19:59:59.999000+00:00,1192259356.432,1137418,294443.44,636129927.56317,0,ETHUSDT,1h
2026-02-04 20:00:00+00:00,2187.76,2192.3,2160.79,2171.18,242713.521,2026-02-04 20:59:59.999000+00:00,527359389.42747,601762,114296.062,248317136.92941,0,ETHUSDT,1h
2026-02-04 21:00:00+00:00,2171.18,2179.9,2107.05,2128.66,402332.471,2026-02-04 21:59:59.999000+00:00,860500250.4942,758784,187413.447,400700026.62083,0,ETHUSDT,1h
2026-02-04 22:00:00+00:00,2128.65,2167.69,2086.0,2119.25,402019.598,2026-02-04 22:59:59.999000+00:00,856020395.71018,908621,195745.894,417048058.98775,0,ETHUSDT,1h
2026-02-04 23:00:00+00:00,2119.25,2165.0,2114.09,2147.01,255269.239,2026-02-04 23:59:59.999000+00:00,547197475.00442,651827,127529.643,273272436.00427,0,ETHUSDT,1h
2026-02-05 00:00:00+00:00,2147.01,2163.45,2135.66,2149.03,180322.787,2026-02-05 00:59:59.999000+00:00,387660910.11598,500857,90468.087,194507876.91638,0,ETHUSDT,1h
2026-02-05 01:00:00+00:00,2149.03,2173.0,2121.89,2147.8,350247.538,2026-02-05 01:59:59.999000+00:00,753669603.79203,981267,164290.899,353478382.50095,0,ETHUSDT,1h
2026-02-05 02:00:00+00:00,2147.79,2163.1,2111.73,2123.31,472734.073,2026-02-05 02:59:59.999000+00:00,1010893830.00564,1127502,228604.215,488778526.9937,0,ETHUSDT,1h
2026-02-05 03:00:00+00:00,2123.31,2136.34,2096.82,2109.11,404837.714,2026-02-05 03:59:59.999000+00:00,856272800.33987,1093129,195897.11,414487264.19428,0,ETHUSDT,1h
2026-02-05 04:00:00+00:00,2109.12,2124.99,2077.78,2103.1,595810.471,2026-02-05 04:59:59.999000+00:00,1251826512.27663,1149445,278981.35,586339356.84311,0,ETHUSDT,1h
2026-02-05 05:00:00+00:00,2103.11,2124.03,2076.26,2100.43,628685.577,2026-02-05 05:59:59.999000+00:00,1320137859.50563,1046161,295162.208,619898447.76864,0,ETHUSDT,1h
2026-02-05 06:00:00+00:00,2100.44,2106.66,2061.22,2086.31,543816.864,2026-02-05 06:59:59.999000+00:00,1133660140.73819,936951,244952.93,510889899.43572,0,ETHUSDT,1h
2026-02-05 07:00:00+00:00,2086.31,2123.78,2084.39,2090.57,464278.71,2026-02-05 07:59:59.999000+00:00,978039204.71256,849923,234632.995,494381300.24722,0,ETHUSDT,1h
2026-02-05 08:00:00+00:00,2090.56,2120.0,2090.11,2110.84,274222.562,2026-02-05 08:59:59.999000+00:00,578081326.90467,670203,141904.794,299112045.9115,0,ETHUSDT,1h
2026-02-05 09:00:00+00:00,2110.85,2149.38,2110.02,2132.71,340631.177,2026-02-05 09:59:59.999000+00:00,727034675.4023,710308,190112.924,405741496.36676,0,ETHUSDT,1h
2026-02-05 10:00:00+00:00,2132.72,2139.58,2084.6,2096.49,368462.279,2026-02-05 10:59:59.999000+00:00,778598751.67462,625379,166310.691,351563320.19065,0,ETHUSDT,1h
2026-02-05 11:00:00+00:00,2096.49,2104.11,2060.0,2078.74,664308.656,2026-02-05 11:59:59.999000+00:00,1382051990.78495,1257870,320558.158,667129008.69427,0,ETHUSDT,1h
2026-02-05 12:00:00+00:00,2078.72,2093.06,2039.14,2062.96,802012.32,2026-02-05 12:59:59.999000+00:00,1654504525.63909,1401414,396184.348,817498342.33826,0,ETHUSDT,1h
2026-02-05 13:00:00+00:00,2062.95,2080.0,2048.0,2057.52,388071.793,2026-02-05 13:59:59.999000+00:00,799373329.08412,885495,192571.732,396774532.51097,0,ETHUSDT,1h
2026-02-05 14:00:00+00:00,2057.52,2107.34,2041.33,2045.37,857229.163,2026-02-05 14:59:59.999000+00:00,1777854327.29283,1616065,429369.123,890950953.4269,0,ETHUSDT,1h
2026-02-05 15:00:00+00:00,2045.37,2053.25,1925.41,1959.21,2486861.93,2026-02-05 15:59:59.999000+00:00,4912470801.85942,2898776,1140256.121,2251248113.14031,0,ETHUSDT,1h
2026-02-05 16:00:00+00:00,1959.21,2017.49,1942.63,1997.34,935146.619,2026-02-05 16:59:59.999000+00:00,1847911584.15093,1831908,494490.446,977533345.81959,0,ETHUSDT,1h
2026-02-05 17:00:00+00:00,1997.33,2000.72,1941.09,1953.53,754238.795,2026-02-05 17:59:59.999000+00:00,1484835651.66545,1520571,373109.297,734712916.25149,0,ETHUSDT,1h
2026-02-05 18:00:00+00:00,1953.53,1967.93,1912.54,1948.76,801343.528,2026-02-05 18:59:59.999000+00:00,1554229681.06211,1618166,385068.835,747094446.51948,0,ETHUSDT,1h
2026-02-05 19:00:00+00:00,1948.76,1952.09,1916.19,1927.24,406217.117,2026-02-05 19:59:59.999000+00:00,785897643.27962,1153847,207086.762,400645127.21377,0,ETHUSDT,1h
2026-02-05 20:00:00+00:00,1927.24,1941.99,1823.16,1868.38,1584330.872,2026-02-05 20:59:59.999000+00:00,2964424472.35893,2336693,738481.453,1382118940.33303,0,ETHUSDT,1h
2026-02-05 21:00:00+00:00,1868.37,1911.14,1838.0,1848.73,916530.23,2026-02-05 21:59:59.999000+00:00,1716880522.14111,1974672,457413.569,857105788.99311,0,ETHUSDT,1h
2026-02-05 22:00:00+00:00,1848.74,1889.21,1813.44,1869.54,675945.166,2026-02-05 22:59:59.999000+00:00,1252622345.97607,1282818,343421.943,636902444.49916,0,ETHUSDT,1h
2026-02-05 23:00:00+00:00,1869.52,1906.53,1818.05,1824.95,759174.8,2026-02-05 23:59:59.999000+00:00,1412658214.46979,1397140,340544.519,634486359.94738,0,ETHUSDT,1h
2026-02-06 00:00:00+00:00,1824.94,1892.61,1736.02,1869.28,1929578.717,2026-02-06 00:59:59.999000+00:00,3495031783.57006,2893636,940452.097,1706750810.37105,0,ETHUSDT,1h
2026-02-06 01:00:00+00:00,1869.29,1939.69,1868.5,1930.79,898536.277,2026-02-06 01:59:59.999000+00:00,1712232544.02354,1875967,490794.182,935639921.30762,0,ETHUSDT,1h
2026-02-06 02:00:00+00:00,1930.8,1947.5,1889.84,1906.7,640539.542,2026-02-06 02:59:59.999000+00:00,1226717213.26526,1321412,320509.775,613634912.32879,0,ETHUSDT,1h
2026-02-06 03:00:00+00:00,1906.69,1916.8,1878.6,1891.17,336185.253,2026-02-06 03:59:59.999000+00:00,637151395.10635,954074,156080.695,295882147.75388,0,ETHUSDT,1h
2026-02-06 04:00:00+00:00,1891.18,1917.47,1885.02,1907.9,236057.316,2026-02-06 04:59:59.999000+00:00,449457317.66131,676539,125581.302,239116707.99342,0,ETHUSDT,1h
2026-02-06 05:00:00+00:00,1907.89,1974.83,1905.7,1957.62,466605.353,2026-02-06 05:59:59.999000+00:00,904799277.47799,926445,261691.189,507463804.68788,0,ETHUSDT,1h
2026-02-06 06:00:00+00:00,1957.62,1966.08,1905.5,1907.55,455106.142,2026-02-06 06:59:59.999000+00:00,880576839.36599,922562,197049.324,381414450.64694,0,ETHUSDT,1h
2026-02-06 07:00:00+00:00,1907.54,1914.43,1886.01,1898.21,466527.681,2026-02-06 07:59:59.999000+00:00,886252041.17645,832059,239508.201,455052609.24335,0,ETHUSDT,1h
2026-02-06 08:00:00+00:00,1898.21,1906.23,1865.24,1873.78,521399.058,2026-02-06 08:59:59.999000+00:00,981254677.77157,976922,247276.931,465542569.67468,0,ETHUSDT,1h
2026-02-06 09:00:00+00:00,1873.78,1928.84,1870.3,1918.44,524238.672,2026-02-06 09:59:59.999000+00:00,997506923.36553,873161,276146.56,525288303.61166,0,ETHUSDT,1h
2026-02-06 10:00:00+00:00,1918.44,1937.46,1909.03,1926.27,356895.974,2026-02-06 10:59:59.999000+00:00,686246543.80238,579553,173307.864,333316217.59108,0,ETHUSDT,1h
2026-02-06 11:00:00+00:00,1926.27,1939.8,1919.0,1931.76,237717.987,2026-02-06 11:59:59.999000+00:00,458503341.51001,469689,124417.272,240024722.63495,0,ETHUSDT,1h
2026-02-06 12:00:00+00:00,1931.75,1931.75,1914.0,1920.01,233467.762,2026-02-06 12:59:59.999000+00:00,448536169.82608,478721,116359.735,223548764.50544,0,ETHUSDT,1h
2026-02-06 13:00:00+00:00,1920.01,1961.84,1918.46,1949.3,522917.592,2026-02-06 13:59:59.999000+00:00,1016281079.61946,879230,291362.929,566302656.44856,0,ETHUSDT,1h
2026-02-06 14:00:00+00:00,1949.3,2001.86,1932.0,1978.2,866015.153,2026-02-06 14:59:59.999000+00:00,1706089001.80011,1353878,450721.505,888197523.94017,0,ETHUSDT,1h
2026-02-06 15:00:00+00:00,1978.21,1996.4,1960.0,1979.49,570505.193,2026-02-06 15:59:59.999000+00:00,1127781248.80803,1198048,299285.351,591651013.27454,0,ETHUSDT,1h
2026-02-06 16:00:00+00:00,1979.49,2047.25,1969.99,2034.94,888434.013,2026-02-06 16:59:59.999000+00:00,1793526006.78216,1287258,458577.667,925506983.20739,0,ETHUSDT,1h
2026-02-06 17:00:00+00:00,2034.96,2090.0,2026.8,2066.53,789702.128,2026-02-06 17:59:59.999000+00:00,1629456376.30033,1299890,430121.47,887875547.12407,0,ETHUSDT,1h
2026-02-06 18:00:00+00:00,2066.53,2070.0,2029.67,2044.21,615397.895,2026-02-06 18:59:59.999000+00:00,1258762174.95019,1268974,290718.883,594607788.03972,0,ETHUSDT,1h
2026-02-06 19:00:00+00:00,2044.21,2072.0,2032.3,2065.15,323078.764,2026-02-06 19:59:59.999000+00:00,663164411.70446,766933,168037.938,344901969.29215,0,ETHUSDT,1h
2026-02-06 20:00:00+00:00,2065.14,2095.1,2042.43,2053.19,421553.287,2026-02-06 20:59:59.999000+00:00,872021660.98595,896062,225278.468,466150065.87222,0,ETHUSDT,1h
2026-02-06 21:00:00+00:00,2053.19,2061.45,2041.41,2053.45,166345.076,2026-02-06 21:59:59.999000+00:00,341429646.72266,514468,83544.728,171484192.58637,0,ETHUSDT,1h
2026-02-06 22:00:00+00:00,2053.45,2086.05,2045.08,2074.06,275428.507,2026-02-06 22:59:59.999000+00:00,569301563.71461,559674,143065.998,295728388.63433,0,ETHUSDT,1h
2026-02-06 23:00:00+00:00,2074.05,2087.7,2049.36,2062.54,249908.586,2026-02-06 23:59:59.999000+00:00,516634137.24528,668353,130631.412,270047436.1755,0,ETHUSDT,1h
2026-02-07 00:00:00+00:00,2062.55,2063.74,2036.02,2043.09,238341.929,2026-02-07 00:59:59.999000+00:00,488116093.3419,782369,113018.264,231453289.90682,0,ETHUSDT,1h
2026-02-07 01:00:00+00:00,2043.09,2065.9,2031.76,2060.69,177425.279,2026-02-07 01:59:59.999000+00:00,363271647.47888,432585,92288.445,189031517.37566,0,ETHUSDT,1h
2026-02-07 02:00:00+00:00,2060.69,2064.5,2047.32,2058.46,106025.792,2026-02-07 02:59:59.999000+00:00,218050199.03897,315947,51324.162,105559028.15883,0,ETHUSDT,1h
2026-02-07 03:00:00+00:00,2058.47,2085.52,2057.52,2079.62,236721.815,2026-02-07 03:59:59.999000+00:00,490740816.41409,464705,116496.641,241505801.83299,0,ETHUSDT,1h
2026-02-07 04:00:00+00:00,2079.61,2118.87,2077.58,2086.14,430418.684,2026-02-07 04:59:59.999000+00:00,902031466.54709,793374,238757.863,500491223.07664,0,ETHUSDT,1h
2026-02-07 05:00:00+00:00,2086.14,2103.1,2076.28,2082.74,183667.951,2026-02-07 05:59:59.999000+00:00,383732353.52238,455782,84133.577,175827938.89158,0,ETHUSDT,1h
2026-02-07 06:00:00+00:00,2082.73,2092.7,2045.96,2046.54,291719.363,2026-02-07 06:59:59.999000+00:00,604191542.88419,534129,115205.449,238763347.41766,0,ETHUSDT,1h
2026-02-07 07:00:00+00:00,2046.55,2054.86,1993.34,2026.09,852678.061,2026-02-07 07:59:59.999000+00:00,1723844876.14451,1326521,403580.632,815779439.91321,0,ETHUSDT,1h
2026-02-07 08:00:00+00:00,2026.09,2031.53,2014.12,2018.32,235383.32,2026-02-07 08:59:59.999000+00:00,476188002.2979,527394,114119.934,230907952.3782,0,ETHUSDT,1h
2026-02-07 09:00:00+00:00,2018.32,2029.4,2004.14,2013.64,195399.051,2026-02-07 09:59:59.999000+00:00,393754666.22182,411675,88819.958,179095851.0364,0,ETHUSDT,1h
2026-02-07 10:00:00+00:00,2013.63,2019.35,1998.52,2009.7,178471.87,2026-02-07 10:59:59.999000+00:00,358252239.16554,376117,84131.285,168943490.39453,0,ETHUSDT,1h
2026-02-07 11:00:00+00:00,2009.71,2021.9,2005.88,2017.52,123879.47,2026-02-07 11:59:59.999000+00:00,249220132.26398,277992,65366.609,131524249.56868,0,ETHUSDT,1h
2026-02-07 12:00:00+00:00,2017.53,2075.61,2015.87,2040.6,587913.623,2026-02-07 12:59:59.999000+00:00,1203910910.09481,980690,316416.388,647873399.97502,0,ETHUSDT,1h
2026-02-07 13:00:00+00:00,2040.61,2050.0,2027.27,2040.76,216705.358,2026-02-07 13:59:59.999000+00:00,441919124.65236,428680,110403.35,225226718.67437,0,ETHUSDT,1h
2026-02-07 14:00:00+00:00,2040.77,2048.75,2008.18,2019.4,269304.678,2026-02-07 14:59:59.999000+00:00,545801263.65268,460337,115953.901,235124990.06008,0,ETHUSDT,1h
2026-02-07 15:00:00+00:00,2019.4,2063.12,2013.13,2051.49,297117.495,2026-02-07 15:59:59.999000+00:00,606837369.90325,630639,161308.466,329506457.1683,0,ETHUSDT,1h
2026-02-07 16:00:00+00:00,2051.49,2125.0,2009.0,2049.07,3562323.006,2026-02-07 16:59:59.999000+00:00,7325975625.73911,2973105,1760751.422,3628879450.72345,0,ETHUSDT,1h
2026-02-07 17:00:00+00:00,2049.07,2072.81,2031.66,2060.26,210680.107,2026-02-07 17:59:59.999000+00:00,432383596.33781,661127,111059.671,227989581.18143,0,ETHUSDT,1h
2026-02-07 18:00:00+00:00,2060.26,2109.07,2057.87,2096.06,285651.084,2026-02-07 18:59:59.999000+00:00,596630540.93836,632895,152953.77,319441771.58996,0,ETHUSDT,1h
2026-02-07 19:00:00+00:00,2096.06,2100.99,2082.41,2090.11,125192.3,2026-02-07 19:59:59.999000+00:00,261881728.05658,358099,63030.469,131874586.5266,0,ETHUSDT,1h
2026-02-07 20:00:00+00:00,2090.1,2116.79,2083.52,2104.08,158441.074,2026-02-07 20:59:59.999000+00:00,332660608.65135,306079,74655.854,156789680.47759,0,ETHUSDT,1h
2026-02-07 21:00:00+00:00,2104.09,2110.0,2096.49,2099.63,82919.261,2026-02-07 21:59:59.999000+00:00,174363133.10073,258129,38802.813,81601744.09054,0,ETHUSDT,1h
2026-02-07 22:00:00+00:00,2099.62,2106.83,2086.51,2087.73,60908.233,2026-02-07 22:59:59.999000+00:00,127613498.41779,172553,30022.799,62911996.8604,0,ETHUSDT,1h
2026-02-07 23:00:00+00:00,2087.73,2094.57,2072.0,2085.93,135147.697,2026-02-07 23:59:59.999000+00:00,281454167.93489,285237,57748.346,120298098.18199,0,ETHUSDT,1h
2026-02-08 00:00:00+00:00,2085.94,2093.62,2075.55,2083.27,102497.18,2026-02-08 00:59:59.999000+00:00,213451894.99864,252264,51045.638,106315374.41151,0,ETHUSDT,1h
2026-02-08 01:00:00+00:00,2083.28,2096.67,2080.98,2095.01,96811.639,2026-02-08 01:59:59.999000+00:00,202260762.19649,232843,54348.034,113551123.06056,0,ETHUSDT,1h
2026-02-08 02:00:00+00:00,2095.02,2106.0,2080.59,2087.97,126378.865,2026-02-08 02:59:59.999000+00:00,264630720.09004,288023,67936.507,142309766.99302,0,ETHUSDT,1h
2026-02-08 03:00:00+00:00,2087.97,2092.4,2075.56,2077.86,95990.642,2026-02-08 03:59:59.999000+00:00,200029950.30221,224595,42803.008,89218809.33835,0,ETHUSDT,1h
2026-02-08 04:00:00+00:00,2077.87,2087.69,2065.28,2086.45,149807.654,2026-02-08 04:59:59.999000+00:00,310999201.4122,218631,74208.413,154191523.64992,0,ETHUSDT,1h
2026-02-08 05:00:00+00:00,2086.45,2087.48,2077.48,2083.55,69825.132,2026-02-08 05:59:59.999000+00:00,145420121.68526,152243,33020.285,68776413.63221,0,ETHUSDT,1h
2026-02-08 06:00:00+00:00,2083.55,2087.96,2075.89,2078.34,69028.363,2026-02-08 06:59:59.999000+00:00,143717193.06703,152393,36217.413,75418173.94844,0,ETHUSDT,1h
2026-02-08 07:00:00+00:00,2078.33,2083.8,2067.16,2083.48,139258.242,2026-02-08 07:59:59.999000+00:00,288896690.23633,212818,66773.516,138580148.08418,0,ETHUSDT,1h
2026-02-08 08:00:00+00:00,2083.49,2124.0,2077.01,2115.24,337595.458,2026-02-08 08:59:59.999000+00:00,710311558.27057,567508,177478.055,373362930.59249,0,ETHUSDT,1h
2026-02-08 09:00:00+00:00,2115.24,2122.84,2094.25,2099.56,207996.189,2026-02-08 09:59:59.999000+00:00,438176832.64682,444405,106254.463,223829847.47628,0,ETHUSDT,1h
2026-02-08 10:00:00+00:00,2099.55,2113.33,2082.0,2095.0,204418.022,2026-02-08 10:59:59.999000+00:00,428150965.85235,377293,98741.096,206841144.01439,0,ETHUSDT,1h
2026-02-08 11:00:00+00:00,2094.99,2137.0,2093.2,2130.98,353485.821,2026-02-08 11:59:59.999000+00:00,749952181.61435,538127,191716.577,406757509.61362,0,ETHUSDT,1h
2026-02-08 12:00:00+00:00,2130.98,2144.35,2124.32,2130.01,312204.649,2026-02-08 12:59:59.999000+00:00,665394904.46234,457401,158839.371,338595800.29543,0,ETHUSDT,1h
2026-02-08 13:00:00+00:00,2130.01,2141.0,2116.53,2125.37,304651.686,2026-02-08 13:59:59.999000+00:00,648106160.09863,417683,159495.901,339458675.87091,0,ETHUSDT,1h
2026-02-08 14:00:00+00:00,2125.37,2128.43,2115.07,2127.73,117127.566,2026-02-08 14:59:59.999000+00:00,248433329.67601,267022,55102.85,116895120.42701,0,ETHUSDT,1h
2026-02-08 15:00:00+00:00,2127.73,2129.95,2096.0,2107.31,278905.114,2026-02-08 15:59:59.999000+00:00,588711593.16539,478401,129574.118,273511019.08233,0,ETHUSDT,1h
2026-02-08 16:00:00+00:00,2107.3,2115.0,2070.91,2079.82,281888.94,2026-02-08 16:59:59.999000+00:00,590071139.95164,509531,127854.791,267676148.9713,0,ETHUSDT,1h
2026-02-08 17:00:00+00:00,2079.82,2098.19,2078.99,2091.09,153816.1,2026-02-08 17:59:59.999000+00:00,321342831.85855,333854,77942.244,162825905.46384,0,ETHUSDT,1h
2026-02-08 18:00:00+00:00,2091.09,2121.0,2089.55,2108.0,181667.05,2026-02-08 18:59:59.999000+00:00,382842318.91068,352251,99071.99,208780134.78429,0,ETHUSDT,1h
2026-02-08 19:00:00+00:00,2108.01,2128.88,2106.25,2125.76,104731.343,2026-02-08 19:59:59.999000+00:00,221796023.52534,232831,56632.87,119966169.56072,0,ETHUSDT,1h
2026-02-08 20:00:00+00:00,2125.78,2126.24,2098.38,2103.49,105126.139,2026-02-08 20:59:59.999000+00:00,222007178.71001,243745,45418.478,95925519.47253,0,ETHUSDT,1h
2026-02-08 21:00:00+00:00,2103.49,2114.26,2088.38,2092.58,122277.824,2026-02-08 21:59:59.999000+00:00,256790623.15887,251139,56239.308,118128040.30487,0,ETHUSDT,1h
2026-02-08 22:00:00+00:00,2092.59,2112.0,2092.41,2107.43,85752.623,2026-02-08 22:59:59.999000+00:00,180127696.39887,184186,46167.925,96994013.52728,0,ETHUSDT,1h
2026-02-08 23:00:00+00:00,2107.43,2152.0,2070.46,2088.6,553937.038,2026-02-08 23:59:59.999000+00:00,1167241354.92992,1006821,287615.54,606492554.12761,0,ETHUSDT,1h
2026-02-09 00:00:00+00:00,2088.59,2096.46,2075.03,2083.16,161365.338,2026-02-09 00:59:59.999000+00:00,336629427.12039,486463,85062.681,177476669.28315,0,ETHUSDT,1h
2026-02-09 01:00:00+00:00,2083.15,2100.53,2052.92,2069.84,386544.19,2026-02-09 01:59:59.999000+00:00,801460691.53335,642957,199011.974,412765096.95458,0,ETHUSDT,1h
2026-02-09 02:00:00+00:00,2069.84,2094.92,2064.31,2080.44,175467.149,2026-02-09 02:59:59.999000+00:00,365028613.31737,417787,91522.373,190381345.89165,0,ETHUSDT,1h
2026-02-09 03:00:00+00:00,2080.44,2102.42,2080.11,2099.01,142328.318,2026-02-09 03:59:59.999000+00:00,297590059.29275,339744,78531.898,164213189.20077,0,ETHUSDT,1h
2026-02-09 04:00:00+00:00,2099.01,2100.88,2085.28,2089.36,94414.626,2026-02-09 04:59:59.999000+00:00,197522349.81094,223656,43993.418,92048238.02669,0,ETHUSDT,1h
2026-02-09 05:00:00+00:00,2089.36,2096.47,2082.43,2094.54,81999.802,2026-02-09 05:59:59.999000+00:00,171335189.43504,181790,41164.71,86028190.21807,0,ETHUSDT,1h
2026-02-09 06:00:00+00:00,2094.53,2094.54,2071.03,2080.37,171634.948,2026-02-09 06:59:59.999000+00:00,356949425.65722,297672,87549.599,182070388.71625,0,ETHUSDT,1h
2026-02-09 07:00:00+00:00,2080.36,2086.64,2063.28,2064.42,154334.417,2026-02-09 07:59:59.999000+00:00,319907735.93765,254352,70561.967,146280707.1781,0,ETHUSDT,1h
2026-02-09 08:00:00+00:00,2064.42,2069.2,2033.17,2048.84,380633.943,2026-02-09 08:59:59.999000+00:00,780982063.1531,572285,175877.633,360882002.37515,0,ETHUSDT,1h
2026-02-09 09:00:00+00:00,2048.84,2056.81,2033.41,2041.34,178552.408,2026-02-09 09:59:59.999000+00:00,364848769.76777,335723,86804.036,177390180.95312,0,ETHUSDT,1h
2026-02-09 10:00:00+00:00,2041.34,2046.48,2012.0,2021.73,360183.918,2026-02-09 10:59:59.999000+00:00,729639929.17974,596320,171991.393,348474052.01776,0,ETHUSDT,1h
2026-02-09 11:00:00+00:00,2021.74,2035.88,2019.64,2027.43,209477.045,2026-02-09 11:59:59.999000+00:00,424622380.69111,346267,108712.33,220393934.63054,0,ETHUSDT,1h
2026-02-09 12:00:00+00:00,2027.44,2038.5,2026.24,2034.59,134698.044,2026-02-09 12:59:59.999000+00:00,273894952.283,254284,73664.839,149799271.33343,0,ETHUSDT,1h
2026-02-09 13:00:00+00:00,2034.6,2049.93,2021.52,2021.69,232163.81,2026-02-09 13:59:59.999000+00:00,473050895.49421,386426,114405.656,233207254.92538,0,ETHUSDT,1h
2026-02-09 14:00:00+00:00,2021.68,2049.02,2008.0,2042.39,528453.689,2026-02-09 14:59:59.999000+00:00,1071008425.14699,1051217,265696.778,538549762.383,0,ETHUSDT,1h
2026-02-09 15:00:00+00:00,2042.4,2072.92,2031.29,2060.27,522592.348,2026-02-09 15:59:59.999000+00:00,1073224710.99592,886838,263126.954,540628340.12588,0,ETHUSDT,1h
2026-02-09 16:00:00+00:00,2060.28,2109.16,2046.41,2090.26,445397.937,2026-02-09 16:59:59.999000+00:00,926739344.78904,812277,246650.743,513237030.68331,0,ETHUSDT,1h
2026-02-09 17:00:00+00:00,2090.27,2136.73,2076.95,2126.62,436924.17,2026-02-09 17:59:59.999000+00:00,921745788.3631,797089,221347.661,467006494.1186,0,ETHUSDT,1h
2026-02-09 18:00:00+00:00,2126.61,2142.82,2108.01,2130.12,356099.715,2026-02-09 18:59:59.999000+00:00,756760580.53911,725335,168901.121,359089208.56566,0,ETHUSDT,1h
2026-02-09 19:00:00+00:00,2130.11,2138.0,2118.34,2130.56,169000.05,2026-02-09 19:59:59.999000+00:00,359739275.71482,454186,85069.118,181108860.6827,0,ETHUSDT,1h
2026-02-09 20:00:00+00:00,2130.55,2148.0,2117.01,2123.68,212522.64,2026-02-09 20:59:59.999000+00:00,452559585.61871,468437,102074.573,217415140.87253,0,ETHUSDT,1h
2026-02-09 21:00:00+00:00,2123.68,2130.0,2086.87,2121.22,328571.019,2026-02-09 21:59:59.999000+00:00,692288956.50566,486270,161763.057,341180235.92731,0,ETHUSDT,1h
2026-02-09 22:00:00+00:00,2121.23,2125.24,2110.32,2114.07,128868.119,2026-02-09 22:59:59.999000+00:00,272830282.43087,226435,50005.612,105879980.28595,0,ETHUSDT,1h
2026-02-09 23:00:00+00:00,2114.07,2121.82,2100.01,2103.96,120161.738,2026-02-09 23:59:59.999000+00:00,253458923.17086,281328,54971.037,115967528.00844,0,ETHUSDT,1h
2026-02-10 00:00:00+00:00,2103.96,2111.78,2095.27,2095.72,93667.221,2026-02-10 00:59:59.999000+00:00,196928445.75379,244185,42640.967,89664047.62642,0,ETHUSDT,1h
2026-02-10 01:00:00+00:00,2095.73,2123.7,2095.21,2116.3,129915.468,2026-02-10 01:59:59.999000+00:00,274481424.28558,352998,67497.001,142600265.13193,0,ETHUSDT,1h
2026-02-10 02:00:00+00:00,2116.3,2120.99,2101.16,2107.08,83537.377,2026-02-10 02:59:59.999000+00:00,176260162.88496,237340,42877.372,90469209.419,0,ETHUSDT,1h
2026-02-10 03:00:00+00:00,2107.09,2109.93,2049.64,2063.7,490086.379,2026-02-10 03:59:59.999000+00:00,1015615580.44268,634794,215849.145,447174962.4333,0,ETHUSDT,1h
2026-02-10 04:00:00+00:00,2063.71,2073.32,2061.31,2069.54,186761.753,2026-02-10 04:59:59.999000+00:00,386112998.06083,239258,82910.696,171474677.5168,0,ETHUSDT,1h
2026-02-10 05:00:00+00:00,2069.54,2071.0,2043.08,2051.7,212728.948,2026-02-10 05:59:59.999000+00:00,437577211.52934,364115,98619.175,202927622.26434,0,ETHUSDT,1h
2026-02-10 06:00:00+00:00,2051.7,2056.6,1996.06,2007.65,748546.806,2026-02-10 06:59:59.999000+00:00,1513328428.31388,910259,367170.536,742306470.02631,0,ETHUSDT,1h
2026-02-10 07:00:00+00:00,2007.66,2018.61,1996.48,2006.05,302139.509,2026-02-10 07:59:59.999000+00:00,607007044.60813,420766,143066.066,287508490.19457,0,ETHUSDT,1h
2026-02-10 08:00:00+00:00,2006.06,2016.91,1993.35,2013.42,322666.752,2026-02-10 08:59:59.999000+00:00,647530349.06076,440068,159778.523,320782571.83555,0,ETHUSDT,1h
2026-02-10 09:00:00+00:00,2013.41,2029.0,2008.48,2015.75,223140.202,2026-02-10 09:59:59.999000+00:00,450752005.11508,310064,121471.9,245457962.57847,0,ETHUSDT,1h
2026-02-10 10:00:00+00:00,2015.75,2020.97,2008.24,2012.72,101839.469,2026-02-10 10:59:59.999000+00:00,205143310.79216,178973,46909.951,94512013.67938,0,ETHUSDT,1h
2026-02-10 11:00:00+00:00,2012.73,2021.2,1999.78,2001.87,207218.893,2026-02-10 11:59:59.999000+00:00,416280924.46576,316755,89029.736,178866516.02192,0,ETHUSDT,1h
2026-02-10 12:00:00+00:00,2001.87,2016.12,2001.1,2006.61,158091.089,2026-02-10 12:59:59.999000+00:00,317666072.94228,290385,85959.222,172730309.05334,0,ETHUSDT,1h
2026-02-10 13:00:00+00:00,2006.6,2026.81,1993.1,2020.94,266336.04,2026-02-10 13:59:59.999000+00:00,536248544.55241,417210,139605.493,281234267.80486,0,ETHUSDT,1h
2026-02-10 14:00:00+00:00,2020.94,2038.72,1983.77,2008.31,613208.291,2026-02-10 14:59:59.999000+00:00,1233368955.76469,998834,291382.271,586390817.67012,0,ETHUSDT,1h
2026-02-10 15:00:00+00:00,2008.31,2028.99,2002.11,2021.32,359532.875,2026-02-10 15:59:59.999000+00:00,725783324.84164,779734,184762.923,373040043.60527,0,ETHUSDT,1h
2026-02-10 16:00:00+00:00,2021.32,2037.43,2010.56,2024.88,263583.601,2026-02-10 16:59:59.999000+00:00,533962117.74717,560999,127764.285,258892971.12014,0,ETHUSDT,1h
2026-02-10 17:00:00+00:00,2024.87,2046.1,2018.42,2038.87,190564.47,2026-02-10 17:59:59.999000+00:00,387763327.19933,432213,102651.22,208940571.16006,0,ETHUSDT,1h
2026-02-10 18:00:00+00:00,2038.88,2041.61,1994.11,2008.28,294097.126,2026-02-10 18:59:59.999000+00:00,591796494.20205,573228,143585.215,288902144.3108,0,ETHUSDT,1h
2026-02-10 19:00:00+00:00,2008.27,2024.94,2001.85,2016.82,126438.118,2026-02-10 19:59:59.999000+00:00,254572011.34121,335416,65518.918,131925349.72648,0,ETHUSDT,1h
2026-02-10 20:00:00+00:00,2016.82,2020.59,2003.51,2010.35,112289.97,2026-02-10 20:59:59.999000+00:00,225722223.46747,264525,54043.299,108662539.74036,0,ETHUSDT,1h
2026-02-10 21:00:00+00:00,2010.36,2016.88,1995.57,2007.27,106580.005,2026-02-10 21:59:59.999000+00:00,213744425.90461,221939,51578.867,103468960.37437,0,ETHUSDT,1h
2026-02-10 22:00:00+00:00,2007.27,2019.71,2006.0,2016.76,69204.313,2026-02-10 22:59:59.999000+00:00,139274448.70433,130835,36429.499,73316224.55442,0,ETHUSDT,1h
2026-02-10 23:00:00+00:00,2016.76,2021.72,2011.43,2021.51,57365.051,2026-02-10 23:59:59.999000+00:00,115674152.78744,147815,29439.544,59365171.01696,0,ETHUSDT,1h
2026-02-11 00:00:00+00:00,2021.51,2028.8,2018.0,2023.98,81891.768,2026-02-11 00:59:59.999000+00:00,165698010.94495,176223,40214.196,81372035.55676,0,ETHUSDT,1h
2026-02-11 01:00:00+00:00,2023.99,2030.0,2015.0,2023.17,85860.197,2026-02-11 01:59:59.999000+00:00,173608195.34498,188421,42582.909,86119151.40398,0,ETHUSDT,1h
2026-02-11 02:00:00+00:00,2023.16,2031.0,2013.16,2016.53,94258.983,2026-02-11 02:59:59.999000+00:00,190651315.1493,206511,43914.775,88827237.21516,0,ETHUSDT,1h
2026-02-11 03:00:00+00:00,2016.52,2020.93,1996.0,2008.41,211205.315,2026-02-11 03:59:59.999000+00:00,424388405.70858,358552,105557.224,212111195.88242,0,ETHUSDT,1h
2026-02-11 04:00:00+00:00,2008.4,2010.28,1961.97,1970.63,526278.824,2026-02-11 04:59:59.999000+00:00,1043268873.65678,723600,229394.349,454664689.36235,0,ETHUSDT,1h
2026-02-11 05:00:00+00:00,1970.63,1981.11,1970.25,1973.3,142222.233,2026-02-11 05:59:59.999000+00:00,280971146.1497,332709,75927.898,150013532.09922,0,ETHUSDT,1h
2026-02-11 06:00:00+00:00,1973.31,1976.49,1937.0,1947.78,589419.699,2026-02-11 06:59:59.999000+00:00,1150474187.3252,774909,282217.692,550779840.72676,0,ETHUSDT,1h
2026-02-11 07:00:00+00:00,1947.78,1957.31,1943.8,1949.56,187291.62,2026-02-11 07:59:59.999000+00:00,365366483.55237,373602,102653.009,200257223.15084,0,ETHUSDT,1h
2026-02-11 08:00:00+00:00,1949.55,1952.37,1934.11,1948.76,217666.475,2026-02-11 08:59:59.999000+00:00,423360211.43189,367233,111923.151,217724320.34938,0,ETHUSDT,1h
2026-02-11 09:00:00+00:00,1948.77,1952.95,1941.88,1945.63,107186.379,2026-02-11 09:59:59.999000+00:00,208734613.45869,216452,54659.598,106452063.81116,0,ETHUSDT,1h
2026-02-11 10:00:00+00:00,1945.63,1945.64,1930.39,1938.27,209230.728,2026-02-11 10:59:59.999000+00:00,405300227.50497,372235,94790.171,183644980.49989,0,ETHUSDT,1h
2026-02-11 11:00:00+00:00,1938.26,1955.99,1936.0,1952.33,177033.96,2026-02-11 11:59:59.999000+00:00,344888265.20683,310260,100895.733,196553875.63005,0,ETHUSDT,1h
2026-02-11 12:00:00+00:00,1952.32,1966.73,1946.95,1951.21,225573.647,2026-02-11 12:59:59.999000+00:00,441512045.03836,330669,121433.096,237740541.29669,0,ETHUSDT,1h
2026-02-11 13:00:00+00:00,1951.21,1969.0,1941.12,1959.43,347530.831,2026-02-11 13:59:59.999000+00:00,679012563.44226,583420,180828.504,353407809.26992,0,ETHUSDT,1h
2026-02-11 14:00:00+00:00,1959.43,2015.43,1936.17,1942.31,1052096.443,2026-02-11 14:59:59.999000+00:00,2079368460.58886,1591314,548162.271,1083936283.22674,0,ETHUSDT,1h
2026-02-11 15:00:00+00:00,1942.31,1949.5,1901.22,1928.05,781041.902,2026-02-11 15:59:59.999000+00:00,1501762170.53086,1501773,371759.076,715042107.12952,0,ETHUSDT,1h
2026-02-11 16:00:00+00:00,1928.04,1955.44,1908.48,1914.44,493062.424,2026-02-11 16:59:59.999000+00:00,952665334.92259,913219,257073.769,496889447.86517,0,ETHUSDT,1h
2026-02-11 17:00:00+00:00,1914.43,1941.86,1907.53,1928.92,337217.468,2026-02-11 17:59:59.999000+00:00,649635959.68514,719371,172897.885,333037505.97208,0,ETHUSDT,1h
2026-02-11 18:00:00+00:00,1928.93,1947.86,1914.42,1943.3,246636.136,2026-02-11 18:59:59.999000+00:00,476772276.54056,604277,126824.453,245195467.79814,0,ETHUSDT,1h
2026-02-11 19:00:00+00:00,1943.3,1959.0,1937.01,1951.26,222810.379,2026-02-11 19:59:59.999000+00:00,434435854.27121,547674,114562.163,223401319.38153,0,ETHUSDT,1h
2026-02-11 20:00:00+00:00,1951.26,1957.91,1938.96,1953.26,130894.25,2026-02-11 20:59:59.999000+00:00,255158312.85134,384683,63947.208,124662959.4337,0,ETHUSDT,1h
2026-02-11 21:00:00+00:00,1953.25,1987.47,1949.92,1969.39,254926.876,2026-02-11 21:59:59.999000+00:00,502485442.87114,453547,145324.218,286396804.86985,0,ETHUSDT,1h
2026-02-11 22:00:00+00:00,1969.39,1972.43,1946.89,1950.29,127111.663,2026-02-11 22:59:59.999000+00:00,248974186.03703,263607,64530.609,126356881.54327,0,ETHUSDT,1h
2026-02-11 23:00:00+00:00,1950.29,1956.19,1929.62,1940.07,153268.407,2026-02-11 23:59:59.999000+00:00,297470759.71644,345997,67106.779,130314847.77441,0,ETHUSDT,1h
2026-02-12 00:00:00+00:00,1940.07,1962.47,1940.07,1957.67,127385.348,2026-02-12 00:59:59.999000+00:00,248883502.21531,323303,67641.956,132130218.8056,0,ETHUSDT,1h
2026-02-12 01:00:00+00:00,1957.67,1977.0,1957.67,1964.67,147128.935,2026-02-12 01:59:59.999000+00:00,289478089.31227,384941,79141.859,155732845.60247,0,ETHUSDT,1h
2026-02-12 02:00:00+00:00,1964.67,1970.85,1954.68,1957.82,126629.215,2026-02-12 02:59:59.999000+00:00,248426054.37158,317583,62213.968,122063495.44125,0,ETHUSDT,1h
2026-02-12 03:00:00+00:00,1957.83,1968.34,1956.1,1967.75,69558.97,2026-02-12 03:59:59.999000+00:00,136502670.72661,211018,36052.952,70754110.77591,0,ETHUSDT,1h
2026-02-12 04:00:00+00:00,1967.74,1974.65,1958.97,1964.78,160859.549,2026-02-12 04:59:59.999000+00:00,316660390.83784,308198,66144.974,130198171.09517,0,ETHUSDT,1h
2026-02-12 05:00:00+00:00,1964.77,1971.29,1952.24,1969.8,142636.48,2026-02-12 05:59:59.999000+00:00,279922471.76953,321805,73284.449,143834689.51075,0,ETHUSDT,1h
2026-02-12 06:00:00+00:00,1969.79,1982.36,1964.8,1974.18,139952.204,2026-02-12 06:59:59.999000+00:00,276366939.7215,280577,76076.756,150244948.69465,0,ETHUSDT,1h
2026-02-12 07:00:00+00:00,1974.18,1977.34,1965.15,1966.97,91726.636,2026-02-12 07:59:59.999000+00:00,180753331.34365,196343,44459.985,87609603.07718,0,ETHUSDT,1h
2026-02-12 08:00:00+00:00,1966.97,1973.0,1956.19,1964.59,151558.159,2026-02-12 08:59:59.999000+00:00,297520038.21159,265405,77809.2,152694427.73402,0,ETHUSDT,1h
2026-02-12 09:00:00+00:00,1964.6,1990.0,1962.31,1981.31,222423.736,2026-02-12 09:59:59.999000+00:00,439667943.84018,319215,109711.81,216907548.57698,0,ETHUSDT,1h
2026-02-12 10:00:00+00:00,1981.31,1994.69,1976.51,1993.04,200490.146,2026-02-12 10:59:59.999000+00:00,398065126.13267,318916,100355.093,199246844.71004,0,ETHUSDT,1h
2026-02-12 11:00:00+00:00,1993.04,2000.9,1982.6,1987.88,206559.357,2026-02-12 11:59:59.999000+00:00,411519480.9769,374904,104980.903,209203392.89333,0,ETHUSDT,1h
2026-02-12 12:00:00+00:00,1987.87,1989.97,1973.53,1979.84,173786.49,2026-02-12 12:59:59.999000+00:00,344304524.57231,309793,93052.41,184351015.11799,0,ETHUSDT,1h
2026-02-12 13:00:00+00:00,1979.85,1995.53,1974.36,1993.96,168352.331,2026-02-12 13:59:59.999000+00:00,334150249.60533,342869,86856.832,172436260.03403,0,ETHUSDT,1h
2026-02-12 14:00:00+00:00,1993.95,1995.25,1972.06,1977.64,263017.923,2026-02-12 14:59:59.999000+00:00,521437835.12275,643425,124664.922,247141536.06324,0,ETHUSDT,1h
2026-02-12 15:00:00+00:00,1977.64,1984.27,1943.44,1947.47,525626.432,2026-02-12 15:59:59.999000+00:00,1030949550.43,954986,252904.571,496198276.83067,0,ETHUSDT,1h
2026-02-12 16:00:00+00:00,1947.47,1949.0,1893.77,1907.82,974019.849,2026-02-12 16:59:59.999000+00:00,1867266817.32523,1460856,456717.239,875673197.14747,0,ETHUSDT,1h
2026-02-12 17:00:00+00:00,1907.82,1926.68,1901.08,1909.08,368721.672,2026-02-12 17:59:59.999000+00:00,705591614.19953,733872,192220.973,367946463.11531,0,ETHUSDT,1h
2026-02-12 18:00:00+00:00,1909.09,1923.8,1900.23,1917.49,276839.351,2026-02-12 18:59:59.999000+00:00,529398698.45877,651776,135267.353,258825057.79118,0,ETHUSDT,1h
2026-02-12 19:00:00+00:00,1917.5,1940.27,1909.67,1924.36,223357.561,2026-02-12 19:59:59.999000+00:00,430776292.69416,500652,119635.67,230778303.58066,0,ETHUSDT,1h
2026-02-12 20:00:00+00:00,1924.36,1930.95,1908.29,1914.58,135375.212,2026-02-12 20:59:59.999000+00:00,259713019.40803,395398,66858.542,128292605.86328,0,ETHUSDT,1h
2026-02-12 21:00:00+00:00,1914.58,1926.81,1913.15,1922.26,70439.348,2026-02-12 21:59:59.999000+00:00,135291980.18291,215973,36443.877,70001439.65195,0,ETHUSDT,1h
2026-02-12 22:00:00+00:00,1922.26,1944.82,1919.03,1941.94,130706.716,2026-02-12 22:59:59.999000+00:00,252816495.48125,204732,72263.919,139766868.82418,0,ETHUSDT,1h
2026-02-12 23:00:00+00:00,1941.93,1952.27,1938.12,1947.15,152300.531,2026-02-12 23:59:59.999000+00:00,296318671.7014,308681,74734.644,145442737.24264,0,ETHUSDT,1h
2026-02-13 00:00:00+00:00,1947.15,1954.0,1926.72,1932.22,164201.256,2026-02-13 00:59:59.999000+00:00,318330468.92247,331932,79031.601,153208714.60663,0,ETHUSDT,1h
2026-02-13 01:00:00+00:00,1932.23,1949.47,1932.23,1942.8,102917.352,2026-02-13 01:59:59.999000+00:00,199895661.8695,295341,53852.027,104599309.94685,0,ETHUSDT,1h
2026-02-13 02:00:00+00:00,1942.81,1951.26,1940.08,1947.25,94916.607,2026-02-13 02:59:59.999000+00:00,184667969.47538,245612,48177.211,93737087.83166,0,ETHUSDT,1h
2026-02-13 03:00:00+00:00,1947.26,1957.94,1943.3,1952.49,108122.668,2026-02-13 03:59:59.999000+00:00,210971800.75088,238780,54767.053,106864132.62058,0,ETHUSDT,1h
2026-02-13 04:00:00+00:00,1952.49,1954.76,1941.97,1943.72,104298.96,2026-02-13 04:59:59.999000+00:00,203278981.16225,213333,44580.403,86917239.35794,0,ETHUSDT,1h
2026-02-13 05:00:00+00:00,1943.73,1945.99,1931.51,1932.99,120606.659,2026-02-13 05:59:59.999000+00:00,233829684.09787,227093,53623.946,103985671.12558,0,ETHUSDT,1h
2026-02-13 06:00:00+00:00,1932.99,1938.32,1923.29,1935.65,136813.906,2026-02-13 06:59:59.999000+00:00,264174692.73089,254118,64918.565,125379441.73349,0,ETHUSDT,1h
2026-02-13 07:00:00+00:00,1935.64,1947.86,1931.64,1934.88,162651.629,2026-02-13 07:59:59.999000+00:00,315480747.57529,277287,79525.213,154289687.15161,0,ETHUSDT,1h
2026-02-13 08:00:00+00:00,1934.89,1964.5,1932.88,1958.31,185264.487,2026-02-13 08:59:59.999000+00:00,361298785.1507,320351,107731.071,210152793.75281,0,ETHUSDT,1h
2026-02-13 09:00:00+00:00,1958.32,1966.8,1952.07,1961.18,156169.059,2026-02-13 09:59:59.999000+00:00,306028952.23442,299899,84576.621,165756404.85825,0,ETHUSDT,1h
2026-02-13 10:00:00+00:00,1961.18,1968.49,1955.57,1958.6,133442.477,2026-02-13 10:59:59.999000+00:00,261559144.14587,263571,70773.801,138741661.27015,0,ETHUSDT,1h
2026-02-13 11:00:00+00:00,1958.61,1961.5,1943.79,1959.25,148703.47,2026-02-13 11:59:59.999000+00:00,290540594.25982,280110,67745.435,132429991.7457,0,ETHUSDT,1h
2026-02-13 12:00:00+00:00,1959.26,1964.02,1951.59,1960.01,92599.629,2026-02-13 12:59:59.999000+00:00,181384194.03081,210375,49580.48,97120555.76275,0,ETHUSDT,1h
2026-02-13 13:00:00+00:00,1960.0,1980.33,1954.89,1969.66,306803.009,2026-02-13 13:59:59.999000+00:00,604274916.25048,545878,169588.759,334067069.62877,0,ETHUSDT,1h
2026-02-13 14:00:00+00:00,1969.65,2002.0,1962.21,1989.99,539639.374,2026-02-13 14:59:59.999000+00:00,1070050693.99776,886094,263726.136,523061919.07851,0,ETHUSDT,1h
2026-02-13 15:00:00+00:00,1989.99,2049.99,1986.08,2033.71,876551.092,2026-02-13 15:59:59.999000+00:00,1775605120.00394,1231961,467064.581,946230732.14765,0,ETHUSDT,1h
2026-02-13 16:00:00+00:00,2033.78,2073.0,2030.13,2060.59,522858.273,2026-02-13 16:59:59.999000+00:00,1074119290.78508,812235,272004.477,558885315.64032,0,ETHUSDT,1h
2026-02-13 17:00:00+00:00,2060.58,2067.0,2048.09,2058.36,198150.577,2026-02-13 17:59:59.999000+00:00,407666086.26618,421503,93422.956,192224428.63152,0,ETHUSDT,1h
2026-02-13 18:00:00+00:00,2058.36,2063.93,2049.44,2056.5,156177.259,2026-02-13 18:59:59.999000+00:00,321153229.24831,335807,70083.231,144126330.04833,0,ETHUSDT,1h
2026-02-13 19:00:00+00:00,2056.5,2060.78,2050.82,2056.82,104869.384,2026-02-13 19:59:59.999000+00:00,215611716.57398,223816,49139.067,101040094.01499,0,ETHUSDT,1h
2026-02-13 20:00:00+00:00,2056.82,2058.79,2036.76,2044.55,150494.046,2026-02-13 20:59:59.999000+00:00,308080886.01287,289086,69763.183,142828524.60225,0,ETHUSDT,1h
2026-02-13 21:00:00+00:00,2044.55,2057.77,2043.75,2052.92,67864.571,2026-02-13 21:59:59.999000+00:00,139304954.25813,147916,36741.504,75419225.99525,0,ETHUSDT,1h
2026-02-13 22:00:00+00:00,2052.92,2058.75,2042.97,2053.37,76905.53,2026-02-13 22:59:59.999000+00:00,157636576.18424,124485,30611.525,62770644.06191,0,ETHUSDT,1h
2026-02-13 23:00:00+00:00,2053.37,2053.38,2045.4,2047.6,45903.666,2026-02-13 23:59:59.999000+00:00,94053365.65296,103322,23728.538,48612602.79917,0,ETHUSDT,1h
2026-02-14 00:00:00+00:00,2047.6,2055.35,2041.0,2054.07,73265.394,2026-02-14 00:59:59.999000+00:00,150087429.56143,146313,34989.292,71698636.24512,0,ETHUSDT,1h
2026-02-14 01:00:00+00:00,2054.06,2056.91,2049.49,2053.37,44450.947,2026-02-14 01:59:59.999000+00:00,91265962.01018,118919,22019.467,45212675.97082,0,ETHUSDT,1h
2026-02-14 02:00:00+00:00,2053.37,2053.63,2047.09,2049.46,47812.573,2026-02-14 02:59:59.999000+00:00,98013683.99054,106886,23001.944,47155626.01286,0,ETHUSDT,1h
2026-02-14 03:00:00+00:00,2049.46,2055.11,2047.39,2053.39,35424.799,2026-02-14 03:59:59.999000+00:00,72665577.31489,79004,20025.6,41080503.06777,0,ETHUSDT,1h
2026-02-14 04:00:00+00:00,2053.4,2057.4,2051.52,2052.55,40357.855,2026-02-14 04:59:59.999000+00:00,82908877.00913,77557,18319.722,37636127.82616,0,ETHUSDT,1h
2026-02-14 05:00:00+00:00,2052.55,2055.0,2049.59,2050.09,43899.703,2026-02-14 05:59:59.999000+00:00,90097984.64351,73467,23386.241,48000396.08269,0,ETHUSDT,1h
2026-02-14 06:00:00+00:00,2050.1,2053.72,2047.2,2052.61,42909.812,2026-02-14 06:59:59.999000+00:00,87993249.40701,69278,24197.093,49622887.87433,0,ETHUSDT,1h
2026-02-14 07:00:00+00:00,2052.61,2059.99,2049.44,2056.1,63409.338,2026-02-14 07:59:59.999000+00:00,130311008.31999,101415,37689.526,77462392.36979,0,ETHUSDT,1h
2026-02-14 08:00:00+00:00,2056.09,2091.82,2055.9,2081.07,323783.453,2026-02-14 08:59:59.999000+00:00,671563417.39965,398250,190127.244,394357268.50425,0,ETHUSDT,1h
2026-02-14 09:00:00+00:00,2081.07,2087.89,2074.42,2077.26,125968.105,2026-02-14 09:59:59.999000+00:00,262061957.80953,204138,60757.608,126419764.0319,0,ETHUSDT,1h
2026-02-14 10:00:00+00:00,2077.26,2077.26,2071.32,2076.06,55619.12,2026-02-14 10:59:59.999000+00:00,115374046.08708,102135,27374.424,56791243.9252,0,ETHUSDT,1h
2026-02-14 11:00:00+00:00,2076.06,2107.02,2076.0,2098.22,279992.512,2026-02-14 11:59:59.999000+00:00,586666423.10098,431741,153343.846,321300276.09101,0,ETHUSDT,1h
2026-02-14 12:00:00+00:00,2098.22,2099.23,2066.75,2070.0,276597.918,2026-02-14 12:59:59.999000+00:00,575923137.48972,390434,108406.221,225728706.19565,0,ETHUSDT,1h
2026-02-14 13:00:00+00:00,2070.0,2075.76,2063.16,2070.7,179141.333,2026-02-14 13:59:59.999000+00:00,370767485.80433,288476,81568.877,168849588.1501,0,ETHUSDT,1h
2026-02-14 14:00:00+00:00,2070.69,2087.82,2068.05,2084.01,130051.158,2026-02-14 14:59:59.999000+00:00,270205635.44392,231371,73399.106,152514507.6493,0,ETHUSDT,1h
2026-02-14 15:00:00+00:00,2084.0,2092.99,2079.2,2086.38,118771.737,2026-02-14 15:59:59.999000+00:00,247752583.40046,214775,58258.88,121553192.76652,0,ETHUSDT,1h
2026-02-14 16:00:00+00:00,2086.38,2087.0,2066.48,2081.81,186435.316,2026-02-14 16:59:59.999000+00:00,386949364.93035,293614,91063.02,189030272.40841,0,ETHUSDT,1h
2026-02-14 17:00:00+00:00,2081.8,2088.5,2076.24,2079.26,89530.383,2026-02-14 17:59:59.999000+00:00,186396516.23478,187776,44475.595,92606745.41368,0,ETHUSDT,1h
2026-02-14 18:00:00+00:00,2079.27,2085.86,2077.85,2084.41,46564.328,2026-02-14 18:59:59.999000+00:00,96978399.64519,117679,23799.399,49566468.18847,0,ETHUSDT,1h
2026-02-14 19:00:00+00:00,2084.42,2089.61,2077.08,2087.31,62256.205,2026-02-14 19:59:59.999000+00:00,129802232.17762,132852,31256.046,65169352.15747,0,ETHUSDT,1h
2026-02-14 20:00:00+00:00,2087.31,2091.99,2080.01,2088.56,56033.359,2026-02-14 20:59:59.999000+00:00,116917114.90901,121095,30539.235,63731105.47009,0,ETHUSDT,1h
2026-02-14 21:00:00+00:00,2088.56,2098.94,2077.29,2084.79,123293.161,2026-02-14 21:59:59.999000+00:00,257355702.14503,190227,71090.264,148401774.79718,0,ETHUSDT,1h
2026-02-14 22:00:00+00:00,2084.8,2093.92,2082.34,2089.34,44651.623,2026-02-14 22:59:59.999000+00:00,93269981.41218,103227,23387.738,48853970.86776,0,ETHUSDT,1h
2026-02-14 23:00:00+00:00,2089.35,2092.0,2082.48,2085.43,61589.686,2026-02-14 23:59:59.999000+00:00,128580664.97461,120920,33173.746,69273576.20754,0,ETHUSDT,1h
2026-02-15 00:00:00+00:00,2085.43,2089.0,2071.6,2079.03,105682.809,2026-02-15 00:59:59.999000+00:00,219785529.17723,172855,49172.689,102282690.39447,0,ETHUSDT,1h
2026-02-15 01:00:00+00:00,2079.03,2084.0,2051.65,2062.9,232726.486,2026-02-15 01:59:59.999000+00:00,480200766.87974,335766,101780.674,210032268.62761,0,ETHUSDT,1h
2026-02-15 02:00:00+00:00,2062.9,2071.7,2041.78,2058.7,187759.032,2026-02-15 02:59:59.999000+00:00,386211163.32605,304298,87255.256,179536823.1327,0,ETHUSDT,1h
2026-02-15 03:00:00+00:00,2058.7,2062.52,2034.35,2058.09,312841.738,2026-02-15 03:59:59.999000+00:00,640170782.74436,418605,133789.855,273996145.75461,0,ETHUSDT,1h
2026-02-15 04:00:00+00:00,2058.08,2087.08,2058.08,2075.72,284675.263,2026-02-15 04:59:59.999000+00:00,590501729.81507,427817,174398.051,361742265.17149,0,ETHUSDT,1h
2026-02-15 05:00:00+00:00,2075.71,2095.94,2074.23,2087.64,129355.223,2026-02-15 05:59:59.999000+00:00,270099205.31976,262318,67740.447,141451696.03445,0,ETHUSDT,1h
2026-02-15 06:00:00+00:00,2087.65,2093.99,2081.55,2084.92,86387.035,2026-02-15 06:59:59.999000+00:00,180389675.58894,208609,41437.994,86531441.93512,0,ETHUSDT,1h
2026-02-15 07:00:00+00:00,2084.93,2102.73,2081.92,2090.58,166593.445,2026-02-15 07:59:59.999000+00:00,348210170.58307,338077,91496.513,191295674.4855,0,ETHUSDT,1h
2026-02-15 08:00:00+00:00,2090.58,2096.0,2053.46,2068.0,256902.874,2026-02-15 08:59:59.999000+00:00,532211012.20481,416009,112101.827,232236126.20657,0,ETHUSDT,1h
2026-02-15 09:00:00+00:00,2068.0,2078.82,2065.06,2067.81,110086.09,2026-02-15 09:59:59.999000+00:00,228035376.04935,184978,58857.56,121938044.45503,0,ETHUSDT,1h
2026-02-15 10:00:00+00:00,2067.81,2069.31,2052.52,2060.56,128212.43,2026-02-15 10:59:59.999000+00:00,264099160.47708,238365,57243.458,117911493.57323,0,ETHUSDT,1h
2026-02-15 11:00:00+00:00,2060.57,2065.91,2057.46,2060.97,55347.429,2026-02-15 11:59:59.999000+00:00,114095044.74306,113836,27060.254,55788773.31811,0,ETHUSDT,1h
2026-02-15 12:00:00+00:00,2060.98,2067.8,2009.21,2009.78,384188.651,2026-02-15 12:59:59.999000+00:00,782670736.33821,469881,175748.0,358308214.93631,0,ETHUSDT,1h
2026-02-15 13:00:00+00:00,2009.78,2027.93,1992.0,2001.2,567323.62,2026-02-15 13:59:59.999000+00:00,1140753263.94485,717225,281553.916,566373922.53499,0,ETHUSDT,1h
2026-02-15 14:00:00+00:00,2001.2,2011.93,1992.0,2009.24,226956.168,2026-02-15 14:59:59.999000+00:00,454477138.20258,386893,121001.092,242340048.39353,0,ETHUSDT,1h
2026-02-15 15:00:00+00:00,2009.23,2014.15,2000.63,2010.25,125553.727,2026-02-15 15:59:59.999000+00:00,252113152.12522,234331,62982.161,126491792.0603,0,ETHUSDT,1h
2026-02-15 16:00:00+00:00,2010.25,2010.33,1993.0,2005.36,154346.103,2026-02-15 16:59:59.999000+00:00,309016183.80799,257808,73184.514,146531156.4961,0,ETHUSDT,1h
2026-02-15 17:00:00+00:00,2005.36,2008.29,1945.26,1970.13,439340.653,2026-02-15 17:59:59.999000+00:00,868008504.82181,535761,187849.94,371195654.82899,0,ETHUSDT,1h
2026-02-15 18:00:00+00:00,1970.13,1980.81,1952.66,1958.51,306296.992,2026-02-15 18:59:59.999000+00:00,602142806.16244,537115,156884.971,308429483.83778,0,ETHUSDT,1h
2026-02-15 19:00:00+00:00,1958.5,1961.1,1926.83,1941.17,420140.761,2026-02-15 19:59:59.999000+00:00,815643336.19636,673216,206213.454,400395075.56135,0,ETHUSDT,1h
2026-02-15 20:00:00+00:00,1941.18,1958.1,1933.29,1949.1,186645.5,2026-02-15 20:59:59.999000+00:00,363259850.41164,327608,96288.921,187483422.205,0,ETHUSDT,1h
2026-02-15 21:00:00+00:00,1949.1,1966.27,1948.81,1957.16,127239.781,2026-02-15 21:59:59.999000+00:00,248992461.83976,225256,70846.136,138661565.40138,0,ETHUSDT,1h
2026-02-15 22:00:00+00:00,1957.17,1973.5,1955.41,1969.41,97638.179,2026-02-15 22:59:59.999000+00:00,191912842.33054,191212,55765.097,109630674.84808,0,ETHUSDT,1h
2026-02-15 23:00:00+00:00,1969.4,1969.91,1942.74,1965.47,170848.693,2026-02-15 23:59:59.999000+00:00,334145968.66587,361745,84809.424,165872610.13283,0,ETHUSDT,1h
2026-02-16 00:00:00+00:00,1965.48,1978.0,1962.0,1968.31,141378.99,2026-02-16 00:59:59.999000+00:00,278493916.20306,280549,70618.056,139123472.66302,0,ETHUSDT,1h
2026-02-16 01:00:00+00:00,1968.31,1980.64,1955.76,1961.96,146144.711,2026-02-16 01:59:59.999000+00:00,287584261.92971,277470,74038.039,145748297.63614,0,ETHUSDT,1h
2026-02-16 02:00:00+00:00,1961.96,1965.9,1951.0,1956.07,96434.283,2026-02-16 02:59:59.999000+00:00,188832652.23406,265127,44778.885,87698086.99956,0,ETHUSDT,1h
2026-02-16 03:00:00+00:00,1956.08,1958.91,1947.24,1957.72,113559.416,2026-02-16 03:59:59.999000+00:00,221820194.67391,212333,55183.49,107808843.74436,0,ETHUSDT,1h
2026-02-16 04:00:00+00:00,1957.73,1972.2,1957.5,1971.94,106953.603,2026-02-16 04:59:59.999000+00:00,210263990.10931,189477,60170.41,118295301.92804,0,ETHUSDT,1h
2026-02-16 05:00:00+00:00,1971.95,1973.4,1951.59,1956.93,95315.947,2026-02-16 05:59:59.999000+00:00,186665271.40072,178180,43720.399,85600177.13757,0,ETHUSDT,1h
2026-02-16 06:00:00+00:00,1956.93,1966.63,1954.65,1965.73,63275.089,2026-02-16 06:59:59.999000+00:00,124112967.53406,132445,31367.643,61542160.12316,0,ETHUSDT,1h
2026-02-16 07:00:00+00:00,1965.73,1977.66,1963.12,1970.12,132800.442,2026-02-16 07:59:59.999000+00:00,261722835.9479,224642,65389.478,128887204.81514,0,ETHUSDT,1h
2026-02-16 08:00:00+00:00,1970.12,1977.63,1968.7,1976.11,75153.793,2026-02-16 08:59:59.999000+00:00,148294029.30356,159830,40327.553,79573754.11808,0,ETHUSDT,1h
2026-02-16 09:00:00+00:00,1976.1,1992.23,1975.1,1986.51,211514.758,2026-02-16 09:59:59.999000+00:00,419987413.55022,325027,109506.433,217432034.04771,0,ETHUSDT,1h
2026-02-16 10:00:00+00:00,1986.51,1988.0,1975.58,1977.98,89916.509,2026-02-16 10:59:59.999000+00:00,178168005.54549,169014,42017.54,83275284.28057,0,ETHUSDT,1h
2026-02-16 11:00:00+00:00,1977.98,1984.53,1956.05,1975.15,256981.863,2026-02-16 11:59:59.999000+00:00,505873037.69627,374546,132194.657,260284370.30334,0,ETHUSDT,1h
2026-02-16 12:00:00+00:00,1975.15,2009.18,1971.21,2005.59,331206.912,2026-02-16 12:59:59.999000+00:00,660198115.08174,475852,171406.867,341693731.01645,0,ETHUSDT,1h
2026-02-16 13:00:00+00:00,2005.59,2023.3,1960.0,1966.77,660881.495,2026-02-16 13:59:59.999000+00:00,1314475945.50918,892099,303829.954,604543335.17999,0,ETHUSDT,1h
2026-02-16 14:00:00+00:00,1966.76,1982.35,1953.04,1971.93,249961.254,2026-02-16 14:59:59.999000+00:00,491822811.95076,526883,130886.27,257645035.27103,0,ETHUSDT,1h
2026-02-16 15:00:00+00:00,1971.92,1985.75,1935.39,1955.63,428243.688,2026-02-16 15:59:59.999000+00:00,837605578.41708,762994,206935.343,404747321.69098,0,ETHUSDT,1h
2026-02-16 16:00:00+00:00,1955.63,1979.21,1955.13,1972.73,254742.848,2026-02-16 16:59:59.999000+00:00,501221659.17151,476492,125520.992,247035517.69469,0,ETHUSDT,1h
2026-02-16 17:00:00+00:00,1972.73,1988.0,1963.25,1978.02,179414.938,2026-02-16 17:59:59.999000+00:00,354629111.91609,341068,95945.677,189691172.47711,0,ETHUSDT,1h
2026-02-16 18:00:00+00:00,1978.01,1984.96,1966.08,1968.14,98305.75,2026-02-16 18:59:59.999000+00:00,194265691.58588,212309,46926.381,92742988.02558,0,ETHUSDT,1h
2026-02-16 19:00:00+00:00,1968.14,1979.18,1965.14,1973.37,61504.25,2026-02-16 19:59:59.999000+00:00,121312481.68877,144476,30057.77,59292543.29576,0,ETHUSDT,1h
2026-02-16 20:00:00+00:00,1973.37,1994.51,1970.1,1992.29,109584.644,2026-02-16 20:59:59.999000+00:00,217482260.125,201453,63780.721,126602062.21439,0,ETHUSDT,1h
2026-02-16 21:00:00+00:00,1992.3,2003.29,1985.51,1998.19,114145.835,2026-02-16 21:59:59.999000+00:00,227348257.04256,213914,54059.986,107715108.02834,0,ETHUSDT,1h
2026-02-16 22:00:00+00:00,1998.2,2002.32,1982.9,1989.14,126567.776,2026-02-16 22:59:59.999000+00:00,252204461.95526,201797,67401.103,134319065.04715,0,ETHUSDT,1h
2026-02-16 23:00:00+00:00,1989.13,2001.69,1987.7,1997.35,78494.847,2026-02-16 23:59:59.999000+00:00,156644871.10926,182330,38436.006,76702698.20325,0,ETHUSDT,1h
2026-02-17 00:00:00+00:00,1997.36,2006.39,1992.38,1997.57,87091.789,2026-02-17 00:59:59.999000+00:00,174043924.33081,212844,46079.72,92089746.25057,0,ETHUSDT,1h
2026-02-17 01:00:00+00:00,1997.57,2007.91,1989.97,1990.69,93563.335,2026-02-17 01:59:59.999000+00:00,186972086.65869,214214,45254.752,90455998.19743,0,ETHUSDT,1h
2026-02-17 02:00:00+00:00,1990.7,2008.64,1977.31,1997.8,177205.938,2026-02-17 02:59:59.999000+00:00,353615870.17865,361127,86242.922,172170276.37898,0,ETHUSDT,1h
2026-02-17 03:00:00+00:00,1997.8,1998.58,1983.5,1984.89,95535.126,2026-02-17 03:59:59.999000+00:00,190141537.78802,207125,44780.527,89131624.19357,0,ETHUSDT,1h
2026-02-17 04:00:00+00:00,1984.89,1997.99,1981.0,1988.6,95410.15,2026-02-17 04:59:59.999000+00:00,189731961.97502,191829,49945.662,99347077.37834,0,ETHUSDT,1h
2026-02-17 05:00:00+00:00,1988.6,1990.61,1963.5,1974.6,175992.316,2026-02-17 05:59:59.999000+00:00,347430984.15734,323858,81647.836,161175148.86917,0,ETHUSDT,1h
2026-02-17 06:00:00+00:00,1974.6,1983.99,1974.31,1979.93,68841.965,2026-02-17 06:59:59.999000+00:00,136265104.11547,146453,36349.966,71954441.68339,0,ETHUSDT,1h
2026-02-17 07:00:00+00:00,1979.93,1987.45,1972.29,1984.85,88285.404,2026-02-17 07:59:59.999000+00:00,174796568.10039,168778,46861.152,92797356.32841,0,ETHUSDT,1h
2026-02-17 08:00:00+00:00,1984.84,1989.92,1972.3,1975.82,133516.693,2026-02-17 08:59:59.999000+00:00,264342111.51573,202042,62017.012,122759188.55918,0,ETHUSDT,1h
2026-02-17 09:00:00+00:00,1975.83,1979.13,1968.39,1974.81,97866.56,2026-02-17 09:59:59.999000+00:00,193101906.2141,189348,47213.014,93167905.88695,0,ETHUSDT,1h
2026-02-17 10:00:00+00:00,1974.81,1976.52,1960.19,1965.93,106829.626,2026-02-17 10:59:59.999000+00:00,210037749.38109,206765,49251.546,96836293.01782,0,ETHUSDT,1h
2026-02-17 11:00:00+00:00,1965.93,1971.74,1962.75,1967.58,78570.985,2026-02-17 11:59:59.999000+00:00,154587607.44304,161681,40132.795,78966053.24733,0,ETHUSDT,1h
2026-02-17 12:00:00+00:00,1967.58,1976.2,1965.75,1968.8,98021.344,2026-02-17 12:59:59.999000+00:00,193266554.90007,181665,51113.823,100789620.51712,0,ETHUSDT,1h
2026-02-17 13:00:00+00:00,1968.8,1999.9,1963.38,1989.6,252503.724,2026-02-17 13:59:59.999000+00:00,500850873.63531,383335,140947.276,279546855.78384,0,ETHUSDT,1h
2026-02-17 14:00:00+00:00,1989.6,2003.43,1942.43,1947.55,633796.657,2026-02-17 14:59:59.999000+00:00,1247380036.81604,900679,320380.559,630599005.38945,0,ETHUSDT,1h
2026-02-17 15:00:00+00:00,1947.55,1968.94,1940.01,1967.63,443010.126,2026-02-17 15:59:59.999000+00:00,865900439.21462,790247,227001.98,443830424.62305,0,ETHUSDT,1h
2026-02-17 16:00:00+00:00,1967.64,2009.89,1966.74,1979.45,534772.759,2026-02-17 16:59:59.999000+00:00,1064070022.72236,828572,267298.715,531904986.64969,0,ETHUSDT,1h
2026-02-17 17:00:00+00:00,1979.45,1983.26,1952.61,1965.09,308297.263,2026-02-17 17:59:59.999000+00:00,605823299.30311,584164,160383.106,315131058.85202,0,ETHUSDT,1h
2026-02-17 18:00:00+00:00,1965.08,2007.04,1960.44,1997.97,310775.686,2026-02-17 18:59:59.999000+00:00,618416621.92598,543400,161811.067,321848321.7388,0,ETHUSDT,1h
2026-02-17 19:00:00+00:00,1997.97,2014.91,1993.92,1997.3,230131.14,2026-02-17 19:59:59.999000+00:00,461176253.28163,401178,109539.088,219604638.09134,0,ETHUSDT,1h
2026-02-17 20:00:00+00:00,1997.31,2000.66,1985.59,1993.66,132402.497,2026-02-17 20:59:59.999000+00:00,263992706.73401,329899,61273.553,122184698.95024,0,ETHUSDT,1h
2026-02-17 21:00:00+00:00,1993.66,2002.11,1991.23,1998.68,57871.632,2026-02-17 21:59:59.999000+00:00,115485835.93472,149867,29862.32,59603707.52239,0,ETHUSDT,1h
2026-02-17 22:00:00+00:00,1998.69,2003.25,1991.56,1992.9,55980.404,2026-02-17 22:59:59.999000+00:00,111850625.22187,109242,23805.363,47574382.05924,0,ETHUSDT,1h
2026-02-17 23:00:00+00:00,1992.9,1997.44,1988.23,1990.68,58990.543,2026-02-17 23:59:59.999000+00:00,117514246.32125,135643,28055.479,55893948.18363,0,ETHUSDT,1h
2026-02-18 00:00:00+00:00,1990.68,1997.0,1980.13,1980.39,90462.267,2026-02-18 00:59:59.999000+00:00,179877187.82379,184930,37560.298,74702249.71683,0,ETHUSDT,1h
2026-02-18 01:00:00+00:00,1980.39,1983.14,1967.27,1976.9,150484.845,2026-02-18 01:59:59.999000+00:00,297138143.57428,262437,66841.75,131988862.05756,0,ETHUSDT,1h
2026-02-18 02:00:00+00:00,1976.9,1991.91,1976.3,1986.38,94214.019,2026-02-18 02:59:59.999000+00:00,187081351.22155,174174,52138.334,103524056.64462,0,ETHUSDT,1h
2026-02-18 03:00:00+00:00,1986.38,1999.64,1985.41,1995.85,83267.328,2026-02-18 03:59:59.999000+00:00,166056752.4263,156016,47494.228,94704174.62139,0,ETHUSDT,1h
2026-02-18 04:00:00+00:00,1995.85,2001.69,1992.13,1998.21,81647.396,2026-02-18 04:59:59.999000+00:00,162979338.04743,146369,41372.677,82595832.84631,0,ETHUSDT,1h
2026-02-18 05:00:00+00:00,1998.22,2001.96,1994.98,1995.29,64421.804,2026-02-18 05:59:59.999000+00:00,128728135.82401,118605,32444.97,64840644.23916,0,ETHUSDT,1h
2026-02-18 06:00:00+00:00,1995.29,2007.98,1994.39,2001.12,89154.593,2026-02-18 06:59:59.999000+00:00,178523574.22758,129895,48422.103,96965718.80101,0,ETHUSDT,1h
2026-02-18 07:00:00+00:00,2001.11,2022.0,1995.56,2017.19,228606.808,2026-02-18 07:59:59.999000+00:00,459954969.92702,239206,140700.379,283243219.05423,0,ETHUSDT,1h
2026-02-18 08:00:00+00:00,2017.2,2038.27,2016.1,2019.59,303480.394,2026-02-18 08:59:59.999000+00:00,614676176.35657,332489,176930.462,358411482.24746,0,ETHUSDT,1h
2026-02-18 09:00:00+00:00,2019.6,2021.99,2014.56,2015.66,98253.609,2026-02-18 09:59:59.999000+00:00,198326933.78228,130141,46459.75,93786371.81285,0,ETHUSDT,1h
2026-02-18 10:00:00+00:00,2015.65,2017.24,1994.03,1996.3,200087.842,2026-02-18 10:59:59.999000+00:00,400994334.89146,254833,88336.402,177027514.70877,0,ETHUSDT,1h
2026-02-18 11:00:00+00:00,1996.3,1997.41,1975.2,1980.19,315512.915,2026-02-18 11:59:59.999000+00:00,625759037.03964,397339,152948.203,303323071.60728,0,ETHUSDT,1h
2026-02-18 12:00:00+00:00,1980.19,1988.26,1970.28,1981.49,182415.709,2026-02-18 12:59:59.999000+00:00,361163037.63694,290410,92956.618,184074347.23318,0,ETHUSDT,1h
2026-02-18 13:00:00+00:00,1981.48,1991.1,1959.59,1969.48,300696.498,2026-02-18 13:59:59.999000+00:00,593686476.20933,390347,145057.206,286528164.45329,0,ETHUSDT,1h
2026-02-18 14:00:00+00:00,1969.48,1976.43,1953.2,1973.64,396703.124,2026-02-18 14:59:59.999000+00:00,780140795.819,654920,201604.763,396528940.32211,0,ETHUSDT,1h
2026-02-18 15:00:00+00:00,1973.65,2009.8,1972.5,1984.56,532571.714,2026-02-18 15:59:59.999000+00:00,1060413571.14087,734464,285100.693,567664409.4449,0,ETHUSDT,1h
2026-02-18 16:00:00+00:00,1984.56,1984.87,1964.0,1970.76,364722.494,2026-02-18 16:59:59.999000+00:00,718925144.70553,510336,173720.938,342409294.06437,0,ETHUSDT,1h
2026-02-18 17:00:00+00:00,1970.77,1986.99,1969.84,1973.46,132138.576,2026-02-18 17:59:59.999000+00:00,261203268.01257,282074,70122.75,138620982.83886,0,ETHUSDT,1h
2026-02-18 18:00:00+00:00,1973.46,1976.83,1946.9,1951.37,371802.576,2026-02-18 18:59:59.999000+00:00,728084922.75768,510080,174374.945,341559704.60658,0,ETHUSDT,1h
2026-02-18 19:00:00+00:00,1951.37,1960.61,1921.64,1939.82,454204.471,2026-02-18 19:59:59.999000+00:00,880945859.02219,656978,209772.094,406967453.60693,0,ETHUSDT,1h
2026-02-18 20:00:00+00:00,1939.83,1951.71,1934.11,1938.4,200316.693,2026-02-18 20:59:59.999000+00:00,389269151.24958,393533,109491.423,212777219.14148,0,ETHUSDT,1h
2026-02-18 21:00:00+00:00,1938.4,1947.34,1934.42,1940.71,89447.126,2026-02-18 21:59:59.999000+00:00,173630025.48831,187838,44526.142,86437117.76963,0,ETHUSDT,1h
2026-02-18 22:00:00+00:00,1940.72,1949.4,1938.5,1947.29,50267.647,2026-02-18 22:59:59.999000+00:00,97681970.56613,105830,24846.296,48293321.65478,0,ETHUSDT,1h
2026-02-18 23:00:00+00:00,1947.28,1955.59,1943.35,1954.77,72313.03,2026-02-18 23:59:59.999000+00:00,141029294.63238,160293,41361.916,80674579.77523,0,ETHUSDT,1h
2026-02-19 00:00:00+00:00,1954.77,1960.51,1949.1,1955.33,67760.785,2026-02-19 00:59:59.999000+00:00,132486791.43937,157366,34822.517,68093205.29025,0,ETHUSDT,1h
2026-02-19 01:00:00+00:00,1955.33,1973.57,1955.08,1965.99,123457.304,2026-02-19 01:59:59.999000+00:00,242600001.63904,221638,70590.819,138717327.12069,0,ETHUSDT,1h
2026-02-19 02:00:00+00:00,1966.0,1972.18,1961.51,1966.98,92250.383,2026-02-19 02:59:59.999000+00:00,181408438.15882,192787,39938.112,78555064.86148,0,ETHUSDT,1h
2026-02-19 03:00:00+00:00,1966.98,1972.34,1961.89,1971.19,60845.272,2026-02-19 03:59:59.999000+00:00,119776253.22529,142279,26442.636,52051725.21414,0,ETHUSDT,1h
2026-02-19 04:00:00+00:00,1971.2,1979.41,1967.87,1968.5,104410.503,2026-02-19 04:59:59.999000+00:00,206083820.10546,182861,47487.643,93738461.93811,0,ETHUSDT,1h
2026-02-19 05:00:00+00:00,1968.51,1971.81,1963.0,1969.39,72937.018,2026-02-19 05:59:59.999000+00:00,143447440.26262,150592,36642.37,72067995.99817,0,ETHUSDT,1h
2026-02-19 06:00:00+00:00,1969.38,1984.42,1969.0,1982.12,130323.489,2026-02-19 06:59:59.999000+00:00,257859990.51525,212490,71213.797,140896979.53047,0,ETHUSDT,1h
2026-02-19 07:00:00+00:00,1982.13,1986.91,1978.11,1980.82,93416.342,2026-02-19 07:59:59.999000+00:00,185130244.30928,159772,46871.187,92897476.0075,0,ETHUSDT,1h
2026-02-19 08:00:00+00:00,1980.82,1981.79,1965.24,1969.5,152494.251,2026-02-19 08:59:59.999000+00:00,300771694.51583,212692,71735.18,141457477.35379,0,ETHUSDT,1h
2026-02-19 09:00:00+00:00,1969.5,1979.62,1960.64,1962.94,146983.506,2026-02-19 09:59:59.999000+00:00,289567737.11312,222354,67016.74,132039392.07448,0,ETHUSDT,1h
2026-02-19 10:00:00+00:00,1962.94,1967.73,1956.31,1958.81,124696.704,2026-02-19 10:59:59.999000+00:00,244668229.93569,217151,58023.47,113886036.37802,0,ETHUSDT,1h
2026-02-19 11:00:00+00:00,1958.8,1963.59,1946.11,1948.7,148006.264,2026-02-19 11:59:59.999000+00:00,289349516.90895,204388,57598.259,112635017.65218,0,ETHUSDT,1h
2026-02-19 12:00:00+00:00,1948.71,1955.2,1943.93,1946.66,168293.458,2026-02-19 12:59:59.999000+00:00,328067379.30692,248654,81583.248,159058288.91106,0,ETHUSDT,1h
2026-02-19 13:00:00+00:00,1946.67,1947.5,1910.0,1920.21,520294.648,2026-02-19 13:59:59.999000+00:00,1002572467.39395,632691,234410.593,451564750.06049,0,ETHUSDT,1h
2026-02-19 14:00:00+00:00,1920.21,1947.95,1910.39,1935.82,483687.946,2026-02-19 14:59:59.999000+00:00,933056537.78139,760168,253768.921,489578876.94973,0,ETHUSDT,1h
2026-02-19 15:00:00+00:00,1935.83,1946.51,1911.9,1925.2,451440.053,2026-02-19 15:59:59.999000+00:00,868371222.14303,729184,225333.004,433485771.61317,0,ETHUSDT,1h
2026-02-19 16:00:00+00:00,1925.21,1929.0,1905.5,1920.95,261224.716,2026-02-19 16:59:59.999000+00:00,501171105.76629,507346,120315.238,230899406.66974,0,ETHUSDT,1h
2026-02-19 17:00:00+00:00,1920.96,1943.47,1909.43,1919.59,306845.475,2026-02-19 17:59:59.999000+00:00,591478653.42433,520903,148620.132,286477351.72442,0,ETHUSDT,1h
2026-02-19 18:00:00+00:00,1919.59,1944.28,1915.0,1938.78,211081.025,2026-02-19 18:59:59.999000+00:00,407906592.36639,432844,107041.456,206918515.08014,0,ETHUSDT,1h
2026-02-19 19:00:00+00:00,1938.79,1946.75,1926.66,1940.14,142885.586,2026-02-19 19:59:59.999000+00:00,276756575.15423,326237,70897.457,137315687.15417,0,ETHUSDT,1h
2026-02-19 20:00:00+00:00,1940.13,1953.0,1933.68,1949.12,118615.452,2026-02-19 20:59:59.999000+00:00,230529219.50803,238347,59092.898,114864194.06255,0,ETHUSDT,1h
2026-02-19 21:00:00+00:00,1949.18,1951.56,1944.54,1947.73,69229.131,2026-02-19 21:59:59.999000+00:00,134844370.70796,134870,32395.649,63103147.76562,0,ETHUSDT,1h
2026-02-19 22:00:00+00:00,1947.73,1948.15,1935.72,1942.97,63844.373,2026-02-19 22:59:59.999000+00:00,123958529.23719,125764,28748.89,55819472.9816,0,ETHUSDT,1h
2026-02-19 23:00:00+00:00,1942.98,1950.43,1941.24,1948.15,54299.519,2026-02-19 23:59:59.999000+00:00,105701530.92757,125880,29926.81,58254922.69221,0,ETHUSDT,1h
2026-02-20 00:00:00+00:00,1948.15,1963.56,1946.25,1956.64,145125.717,2026-02-20 00:59:59.999000+00:00,283996461.87204,240449,77893.144,152415678.06539,0,ETHUSDT,1h
2026-02-20 01:00:00+00:00,1956.65,1960.69,1948.77,1952.85,83253.34,2026-02-20 01:59:59.999000+00:00,162720091.42303,151673,40687.325,79534708.26972,0,ETHUSDT,1h
2026-02-20 02:00:00+00:00,1952.86,1955.81,1947.05,1948.62,76426.816,2026-02-20 02:59:59.999000+00:00,149100030.05104,130133,38175.524,74481505.09388,0,ETHUSDT,1h
2026-02-20 03:00:00+00:00,1948.63,1959.7,1948.62,1954.06,67197.594,2026-02-20 03:59:59.999000+00:00,131356496.27505,125455,38166.575,74615486.59382,0,ETHUSDT,1h
2026-02-20 04:00:00+00:00,1954.06,1955.26,1928.52,1938.12,295566.792,2026-02-20 04:59:59.999000+00:00,573357924.93855,305814,118998.748,230836914.43315,0,ETHUSDT,1h
2026-02-20 05:00:00+00:00,1938.11,1964.84,1934.95,1954.33,217536.56,2026-02-20 05:59:59.999000+00:00,424610625.68913,260743,121088.592,236250027.0714,0,ETHUSDT,1h
2026-02-20 06:00:00+00:00,1954.34,1959.59,1948.31,1957.51,92748.88,2026-02-20 06:59:59.999000+00:00,181330297.55712,153778,50679.346,99097996.97693,0,ETHUSDT,1h
2026-02-20 07:00:00+00:00,1957.5,1967.96,1955.81,1959.65,116397.579,2026-02-20 07:59:59.999000+00:00,228287981.36315,165539,60863.342,119390245.6162,0,ETHUSDT,1h
2026-02-20 08:00:00+00:00,1959.65,1965.56,1955.68,1958.82,86980.04,2026-02-20 08:59:59.999000+00:00,170471611.02578,145777,40908.619,80181382.23692,0,ETHUSDT,1h
2026-02-20 09:00:00+00:00,1958.82,1971.17,1958.61,1966.82,135198.563,2026-02-20 09:59:59.999000+00:00,265894882.93477,225278,72775.489,143133399.61146,0,ETHUSDT,1h
2026-02-20 10:00:00+00:00,1966.81,1972.99,1955.01,1956.5,142474.508,2026-02-20 10:59:59.999000+00:00,279868415.44635,214721,61536.545,120895259.20012,0,ETHUSDT,1h
2026-02-20 11:00:00+00:00,1956.51,1956.51,1939.24,1942.76,217656.222,2026-02-20 11:59:59.999000+00:00,424100057.86015,281489,104630.829,203885639.31223,0,ETHUSDT,1h
2026-02-20 12:00:00+00:00,1942.76,1951.47,1941.18,1948.73,116999.639,2026-02-20 12:59:59.999000+00:00,227670680.42735,181657,61437.847,119566324.0636,0,ETHUSDT,1h
2026-02-20 13:00:00+00:00,1948.74,1948.74,1921.53,1932.85,352804.002,2026-02-20 13:59:59.999000+00:00,682397673.7994,473659,170538.929,329791112.11831,0,ETHUSDT,1h
2026-02-20 14:00:00+00:00,1932.86,1953.8,1931.83,1942.64,282627.729,2026-02-20 14:59:59.999000+00:00,549072082.45377,484202,144433.727,280599532.55411,0,ETHUSDT,1h
2026-02-20 15:00:00+00:00,1942.63,1980.27,1934.56,1963.05,776878.68,2026-02-20 15:59:59.999000+00:00,1520243868.33086,1115124,397559.987,778146846.87702,0,ETHUSDT,1h
2026-02-20 16:00:00+00:00,1963.05,1972.87,1952.75,1967.71,306131.29,2026-02-20 16:59:59.999000+00:00,600817754.77384,539890,150691.784,295758193.04662,0,ETHUSDT,1h
2026-02-20 17:00:00+00:00,1967.71,1970.26,1937.6,1965.6,395684.497,2026-02-20 17:59:59.999000+00:00,773080378.14149,597727,198147.812,387174676.21162,0,ETHUSDT,1h
2026-02-20 18:00:00+00:00,1965.6,1980.73,1958.0,1974.49,336066.82,2026-02-20 18:59:59.999000+00:00,661652965.97956,548009,166967.183,328810697.23989,0,ETHUSDT,1h
2026-02-20 19:00:00+00:00,1974.49,1977.43,1960.41,1962.88,118172.266,2026-02-20 19:59:59.999000+00:00,232394305.03673,244186,53531.8,105278932.76,0,ETHUSDT,1h
2026-02-20 20:00:00+00:00,1962.89,1970.34,1960.71,1969.91,53530.488,2026-02-20 20:59:59.999000+00:00,105248850.37869,148169,28553.769,56144894.09139,0,ETHUSDT,1h
2026-02-20 21:00:00+00:00,1969.9,1974.43,1966.23,1973.44,78397.401,2026-02-20 21:59:59.999000+00:00,154513628.44032,138031,48050.982,94710499.15903,0,ETHUSDT,1h
2026-02-20 22:00:00+00:00,1973.44,1973.44,1963.11,1970.22,61332.874,2026-02-20 22:59:59.999000+00:00,120721375.26309,120193,29226.776,57526767.05915,0,ETHUSDT,1h
2026-02-20 23:00:00+00:00,1970.21,1972.79,1962.39,1967.85,59509.056,2026-02-20 23:59:59.999000+00:00,117040758.80037,112010,26859.024,52829251.10679,0,ETHUSDT,1h
2026-02-21 00:00:00+00:00,1967.85,1968.43,1960.2,1962.29,48962.377,2026-02-21 00:59:59.999000+00:00,96183335.14527,87857,21628.075,42483447.61343,0,ETHUSDT,1h
2026-02-21 01:00:00+00:00,1962.3,1968.35,1962.08,1965.36,37222.52,2026-02-21 01:59:59.999000+00:00,73140543.02446,75277,19902.021,39109500.78867,0,ETHUSDT,1h
2026-02-21 02:00:00+00:00,1965.37,1969.99,1963.8,1964.75,33932.874,2026-02-21 02:59:59.999000+00:00,66746247.91713,63956,19230.953,37829857.72873,0,ETHUSDT,1h
2026-02-21 03:00:00+00:00,1964.76,1965.25,1955.07,1958.29,75328.383,2026-02-21 03:59:59.999000+00:00,147579884.38287,113848,29242.465,57291542.12045,0,ETHUSDT,1h
2026-02-21 04:00:00+00:00,1958.3,1962.72,1955.17,1961.55,37177.434,2026-02-21 04:59:59.999000+00:00,72830600.91671,72989,20549.429,40258729.74082,0,ETHUSDT,1h
2026-02-21 05:00:00+00:00,1961.56,1963.73,1960.38,1962.01,25669.856,2026-02-21 05:59:59.999000+00:00,50363465.57972,51182,13027.107,25559802.01974,0,ETHUSDT,1h
2026-02-21 06:00:00+00:00,1962.01,1965.46,1959.32,1960.5,48919.729,2026-02-21 06:59:59.999000+00:00,95994213.19112,78083,24744.228,48560092.43261,0,ETHUSDT,1h
2026-02-21 07:00:00+00:00,1960.5,1964.4,1959.0,1962.0,27494.042,2026-02-21 07:59:59.999000+00:00,53938566.66127,50972,15085.108,29595776.5813,0,ETHUSDT,1h
2026-02-21 08:00:00+00:00,1962.0,1970.67,1961.26,1968.11,63724.752,2026-02-21 08:59:59.999000+00:00,125263657.34908,75788,41072.162,80743136.73838,0,ETHUSDT,1h
2026-02-21 09:00:00+00:00,1968.12,1977.0,1966.26,1969.39,135007.766,2026-02-21 09:59:59.999000+00:00,266359677.06406,144250,70559.968,139223930.37632,0,ETHUSDT,1h
2026-02-21 10:00:00+00:00,1969.38,1974.08,1969.17,1973.29,48750.699,2026-02-21 10:59:59.999000+00:00,96128627.94028,74297,23872.053,47073204.01923,0,ETHUSDT,1h
2026-02-21 11:00:00+00:00,1973.29,1988.2,1972.85,1976.25,233316.836,2026-02-21 11:59:59.999000+00:00,462110930.63513,246494,142910.176,283059000.78398,0,ETHUSDT,1h
2026-02-21 12:00:00+00:00,1976.24,1977.25,1968.31,1975.1,114659.171,2026-02-21 12:59:59.999000+00:00,226178376.88528,120297,55362.341,109219485.36084,0,ETHUSDT,1h
2026-02-21 13:00:00+00:00,1975.11,1980.68,1971.41,1980.22,55370.74,2026-02-21 13:59:59.999000+00:00,109444861.82773,88620,28316.366,55979011.46042,0,ETHUSDT,1h
2026-02-21 14:00:00+00:00,1980.21,1996.64,1976.8,1986.62,233445.308,2026-02-21 14:59:59.999000+00:00,464041709.90258,320868,127937.869,254366528.7286,0,ETHUSDT,1h
2026-02-21 15:00:00+00:00,1986.62,1992.39,1983.03,1987.04,95019.352,2026-02-21 15:59:59.999000+00:00,188888901.03401,156272,50066.625,99531615.22321,0,ETHUSDT,1h
2026-02-21 16:00:00+00:00,1987.04,1989.12,1975.31,1985.45,186204.868,2026-02-21 16:59:59.999000+00:00,369138640.79085,236115,86938.265,172339017.14895,0,ETHUSDT,1h
2026-02-21 17:00:00+00:00,1985.45,1991.91,1983.32,1987.96,54351.055,2026-02-21 17:59:59.999000+00:00,108026091.81818,97149,25975.205,51629766.18779,0,ETHUSDT,1h
2026-02-21 18:00:00+00:00,1987.95,1994.59,1986.75,1991.23,67418.112,2026-02-21 18:59:59.999000+00:00,134252631.91709,103773,33872.195,67455545.95333,0,ETHUSDT,1h
2026-02-21 19:00:00+00:00,1991.23,1994.17,1986.9,1987.48,33799.008,2026-02-21 19:59:59.999000+00:00,67264710.65083,61543,15412.261,30677643.17336,0,ETHUSDT,1h
2026-02-21 20:00:00+00:00,1987.48,1989.66,1972.47,1973.16,108911.047,2026-02-21 20:59:59.999000+00:00,215729267.72238,122038,42040.596,83289483.1367,0,ETHUSDT,1h
2026-02-21 21:00:00+00:00,1973.15,1981.9,1967.03,1981.24,97021.269,2026-02-21 21:59:59.999000+00:00,191631538.58987,125341,48794.759,96396697.41338,0,ETHUSDT,1h
2026-02-21 22:00:00+00:00,1981.23,1981.81,1971.07,1973.61,49226.504,2026-02-21 22:59:59.999000+00:00,97253599.84455,97190,25551.573,50479701.26585,0,ETHUSDT,1h
2026-02-21 23:00:00+00:00,1973.61,1976.99,1970.15,1972.54,41380.576,2026-02-21 23:59:59.999000+00:00,81665943.67793,88222,20870.287,41190715.8774,0,ETHUSDT,1h
2026-02-22 00:00:00+00:00,1972.54,1974.48,1966.1,1972.15,77943.761,2026-02-22 00:59:59.999000+00:00,153567469.32922,119019,41478.318,81731462.36419,0,ETHUSDT,1h
2026-02-22 01:00:00+00:00,1972.14,1979.11,1971.4,1976.31,61414.718,2026-02-22 01:59:59.999000+00:00,121341996.49581,97569,36174.706,71473373.73519,0,ETHUSDT,1h
2026-02-22 02:00:00+00:00,1976.31,1982.83,1971.0,1971.34,69351.766,2026-02-22 02:59:59.999000+00:00,137052511.2406,104913,36622.952,72390998.23224,0,ETHUSDT,1h
2026-02-22 03:00:00+00:00,1971.35,1975.58,1966.22,1973.76,80828.98,2026-02-22 03:59:59.999000+00:00,159291594.67659,121819,40303.048,79431313.19624,0,ETHUSDT,1h
2026-02-22 04:00:00+00:00,1973.76,1975.37,1970.02,1972.9,36095.399,2026-02-22 04:59:59.999000+00:00,71207647.01939,66744,17580.141,34682111.67866,0,ETHUSDT,1h
2026-02-22 05:00:00+00:00,1972.9,1974.28,1970.01,1974.11,30452.868,2026-02-22 05:59:59.999000+00:00,60062294.95184,54073,16190.722,31935066.07702,0,ETHUSDT,1h
2026-02-22 06:00:00+00:00,1974.1,1978.59,1973.22,1975.17,39615.318,2026-02-22 06:59:59.999000+00:00,78262669.79952,65565,20087.488,39686216.83224,0,ETHUSDT,1h
2026-02-22 07:00:00+00:00,1975.18,1978.01,1973.34,1975.01,37885.898,2026-02-22 07:59:59.999000+00:00,74843655.5126,59529,17104.269,33791305.0035,0,ETHUSDT,1h
2026-02-22 08:00:00+00:00,1975.01,1976.36,1969.04,1972.47,49421.606,2026-02-22 08:59:59.999000+00:00,97486821.99987,65661,20650.301,40729296.34808,0,ETHUSDT,1h
2026-02-22 09:00:00+00:00,1972.47,1975.38,1970.71,1974.77,42395.519,2026-02-22 09:59:59.999000+00:00,83641496.05407,68211,19348.721,38172252.10244,0,ETHUSDT,1h
2026-02-22 10:00:00+00:00,1974.76,1979.31,1973.91,1976.5,40207.136,2026-02-22 10:59:59.999000+00:00,79479504.90112,64355,21693.941,42883836.80074,0,ETHUSDT,1h
2026-02-22 11:00:00+00:00,1976.51,1982.67,1976.32,1979.84,65528.728,2026-02-22 11:59:59.999000+00:00,129752150.10346,89632,37547.212,74346746.08071,0,ETHUSDT,1h
2026-02-22 12:00:00+00:00,1979.85,1980.6,1960.0,1965.45,217496.029,2026-02-22 12:59:59.999000+00:00,428014737.59809,242645,97215.884,191310533.72387,0,ETHUSDT,1h
2026-02-22 13:00:00+00:00,1965.45,1967.99,1942.79,1949.91,341640.387,2026-02-22 13:59:59.999000+00:00,667351725.32759,372428,155196.414,303146571.91001,0,ETHUSDT,1h
2026-02-22 14:00:00+00:00,1949.9,1953.5,1942.24,1949.64,175442.269,2026-02-22 14:59:59.999000+00:00,341833654.50422,239252,93100.351,181407536.46655,0,ETHUSDT,1h
2026-02-22 15:00:00+00:00,1949.63,1957.84,1944.5,1952.81,158293.907,2026-02-22 15:59:59.999000+00:00,308964100.3803,186533,77543.286,151373973.57702,0,ETHUSDT,1h
2026-02-22 16:00:00+00:00,1952.81,1954.67,1946.51,1951.56,74277.11,2026-02-22 16:59:59.999000+00:00,144833195.51798,102388,35056.86,68357186.53722,0,ETHUSDT,1h
2026-02-22 17:00:00+00:00,1951.57,1952.72,1933.0,1939.23,207747.268,2026-02-22 17:59:59.999000+00:00,403085044.65442,204590,88310.022,171284571.83884,0,ETHUSDT,1h
2026-02-22 18:00:00+00:00,1939.23,1943.32,1937.28,1942.11,56057.669,2026-02-22 18:59:59.999000+00:00,108801075.32003,83108,31701.765,61531336.2271,0,ETHUSDT,1h
2026-02-22 19:00:00+00:00,1942.11,1944.99,1939.5,1942.81,38084.681,2026-02-22 19:59:59.999000+00:00,73985242.57003,62695,20342.955,39522236.12053,0,ETHUSDT,1h
2026-02-22 20:00:00+00:00,1942.81,1945.0,1938.92,1940.02,38741.853,2026-02-22 20:59:59.999000+00:00,75251646.99177,67142,19896.928,38651600.87736,0,ETHUSDT,1h
2026-02-22 21:00:00+00:00,1940.02,1951.33,1940.0,1949.44,53722.092,2026-02-22 21:59:59.999000+00:00,104556521.01473,68735,34616.804,67376586.61341,0,ETHUSDT,1h
2026-02-22 22:00:00+00:00,1949.43,1959.86,1945.7,1957.31,90319.977,2026-02-22 22:59:59.999000+00:00,176505775.14372,118207,48521.993,94816545.78692,0,ETHUSDT,1h
2026-02-22 23:00:00+00:00,1957.3,1960.0,1947.44,1957.01,98580.173,2026-02-22 23:59:59.999000+00:00,192618128.94519,179559,55663.975,108776818.06104,0,ETHUSDT,1h
2026-02-23 00:00:00+00:00,1957.0,1957.58,1927.0,1928.14,179848.671,2026-02-23 00:59:59.999000+00:00,348934552.95474,248965,75179.221,145889809.10437,0,ETHUSDT,1h
2026-02-23 01:00:00+00:00,1928.13,1928.13,1844.46,1854.93,1297595.097,2026-02-23 01:59:59.999000+00:00,2438359471.83446,1661605,592292.535,1112738310.21458,0,ETHUSDT,1h
2026-02-23 02:00:00+00:00,1854.93,1867.48,1849.41,1861.45,302849.106,2026-02-23 02:59:59.999000+00:00,563101216.83408,521514,149100.99,277262839.49647,0,ETHUSDT,1h
2026-02-23 03:00:00+00:00,1861.45,1871.06,1853.73,1860.94,190690.288,2026-02-23 03:59:59.999000+00:00,354988192.93599,277409,89964.375,167498812.35752,0,ETHUSDT,1h
2026-02-23 04:00:00+00:00,1860.93,1863.12,1852.0,1858.16,102566.392,2026-02-23 04:59:59.999000+00:00,190562253.42782,179092,44425.291,82555247.55117,0,ETHUSDT,1h
2026-02-23 05:00:00+00:00,1858.15,1869.06,1858.0,1864.26,145701.607,2026-02-23 05:59:59.999000+00:00,271650992.60388,196951,72822.138,135763617.78015,0,ETHUSDT,1h
2026-02-23 06:00:00+00:00,1864.26,1881.6,1862.33,1877.9,215566.788,2026-02-23 06:59:59.999000+00:00,404030273.61092,276589,111090.897,208262758.53935,0,ETHUSDT,1h
2026-02-23 07:00:00+00:00,1877.91,1887.8,1875.5,1884.13,178547.522,2026-02-23 07:59:59.999000+00:00,336025033.93802,228863,101068.341,190254837.802,0,ETHUSDT,1h
2026-02-23 08:00:00+00:00,1884.13,1888.99,1875.6,1879.25,138087.962,2026-02-23 08:59:59.999000+00:00,259764680.01689,195066,68128.295,128175063.54248,0,ETHUSDT,1h
2026-02-23 09:00:00+00:00,1879.25,1917.81,1879.25,1916.88,396456.326,2026-02-23 09:59:59.999000+00:00,754398415.30946,451931,215996.999,410944699.1257,0,ETHUSDT,1h
2026-02-23 10:00:00+00:00,1916.88,1927.73,1911.34,1913.23,313485.581,2026-02-23 10:59:59.999000+00:00,601496156.77025,344174,145179.341,278606685.87257,0,ETHUSDT,1h
2026-02-23 11:00:00+00:00,1913.23,1919.9,1910.19,1914.41,127871.133,2026-02-23 11:59:59.999000+00:00,244791670.94941,175950,60843.802,116490003.34429,0,ETHUSDT,1h
2026-02-23 12:00:00+00:00,1914.4,1925.98,1904.6,1919.28,241519.911,2026-02-23 12:59:59.999000+00:00,462752693.60141,305901,116263.901,222781097.07639,0,ETHUSDT,1h
2026-02-23 13:00:00+00:00,1919.29,1935.27,1917.79,1921.03,252123.376,2026-02-23 13:59:59.999000+00:00,485524131.57529,278813,142643.638,274746546.93948,0,ETHUSDT,1h
2026-02-23 14:00:00+00:00,1921.02,1924.75,1894.08,1906.05,489059.56,2026-02-23 14:59:59.999000+00:00,933210957.87735,640969,233091.116,444888985.40378,0,ETHUSDT,1h
2026-02-23 15:00:00+00:00,1906.07,1912.72,1891.42,1894.72,259094.549,2026-02-23 15:59:59.999000+00:00,492925703.84881,513680,136711.631,260112948.57403,0,ETHUSDT,1h
2026-02-23 16:00:00+00:00,1894.73,1899.34,1880.23,1884.2,303440.227,2026-02-23 16:59:59.999000+00:00,572980091.13873,534989,152429.994,287862344.3098,0,ETHUSDT,1h
2026-02-23 17:00:00+00:00,1884.2,1887.47,1836.06,1862.99,623086.199,2026-02-23 17:59:59.999000+00:00,1157517597.85623,776504,314574.373,584457011.43832,0,ETHUSDT,1h
2026-02-23 18:00:00+00:00,1862.99,1873.58,1852.86,1856.62,241062.291,2026-02-23 18:59:59.999000+00:00,449072640.62124,430498,127787.044,238100172.80295,0,ETHUSDT,1h
2026-02-23 19:00:00+00:00,1856.63,1863.75,1845.7,1856.15,163600.413,2026-02-23 19:59:59.999000+00:00,303401416.73256,317449,82545.868,153107552.5537,0,ETHUSDT,1h
2026-02-23 20:00:00+00:00,1856.16,1862.16,1846.0,1859.82,154320.255,2026-02-23 20:59:59.999000+00:00,286135068.20316,308291,83930.676,155647617.96841,0,ETHUSDT,1h
2026-02-23 21:00:00+00:00,1859.82,1868.51,1857.53,1862.71,113542.903,2026-02-23 21:59:59.999000+00:00,211601266.5493,178820,57839.141,107794094.81014,0,ETHUSDT,1h
2026-02-23 22:00:00+00:00,1862.7,1869.04,1858.63,1859.08,66982.11,2026-02-23 22:59:59.999000+00:00,124915215.63,141998,32099.0,59863997.52843,0,ETHUSDT,1h
2026-02-23 23:00:00+00:00,1859.08,1866.04,1849.65,1855.47,99725.017,2026-02-23 23:59:59.999000+00:00,185231462.77701,156524,44572.312,82791840.95942,0,ETHUSDT,1h
2026-02-24 00:00:00+00:00,1855.47,1868.94,1854.45,1867.01,94476.597,2026-02-24 00:59:59.999000+00:00,175978084.90116,156779,50627.41,94299664.20137,0,ETHUSDT,1h
2026-02-24 01:00:00+00:00,1867.0,1867.19,1810.46,1839.87,667736.36,2026-02-24 01:59:59.999000+00:00,1226470094.68948,851457,310868.441,571100423.62033,0,ETHUSDT,1h
2026-02-24 02:00:00+00:00,1839.87,1853.84,1836.04,1842.42,157697.716,2026-02-24 02:59:59.999000+00:00,290820020.78242,370223,78682.853,145111129.06689,0,ETHUSDT,1h
2026-02-24 03:00:00+00:00,1842.43,1842.43,1821.77,1830.94,261520.506,2026-02-24 03:59:59.999000+00:00,478852351.93996,487632,114882.652,210393152.89888,0,ETHUSDT,1h
2026-02-24 04:00:00+00:00,1830.94,1832.98,1812.52,1829.81,293519.136,2026-02-24 04:59:59.999000+00:00,535301726.66712,459987,143962.002,262515978.06488,0,ETHUSDT,1h
2026-02-24 05:00:00+00:00,1829.81,1839.85,1813.0,1825.28,254604.52,2026-02-24 05:59:59.999000+00:00,464882032.18183,434688,131703.312,240582093.70849,0,ETHUSDT,1h
2026-02-24 06:00:00+00:00,1825.27,1830.9,1816.83,1819.97,129587.436,2026-02-24 06:59:59.999000+00:00,236389843.11549,261720,59520.69,108595634.87914,0,ETHUSDT,1h
2026-02-24 07:00:00+00:00,1819.97,1831.27,1813.98,1824.63,169940.825,2026-02-24 07:59:59.999000+00:00,309927089.74679,302657,82830.789,151065144.40516,0,ETHUSDT,1h
2026-02-24 08:00:00+00:00,1824.63,1835.55,1817.5,1830.44,151587.513,2026-02-24 08:59:59.999000+00:00,276969822.27554,255661,73461.718,134244095.6536,0,ETHUSDT,1h
2026-02-24 09:00:00+00:00,1830.44,1833.57,1813.16,1826.16,177189.845,2026-02-24 09:59:59.999000+00:00,322869984.92683,298916,83849.703,152815992.54396,0,ETHUSDT,1h
2026-02-24 10:00:00+00:00,1826.16,1829.04,1819.58,1825.0,102699.699,2026-02-24 10:59:59.999000+00:00,187377245.10696,164976,48966.393,89347292.37421,0,ETHUSDT,1h
2026-02-24 11:00:00+00:00,1825.0,1826.61,1817.1,1825.74,108157.326,2026-02-24 11:59:59.999000+00:00,197002237.12858,177838,56067.939,102131381.73647,0,ETHUSDT,1h
2026-02-24 12:00:00+00:00,1825.75,1829.72,1820.08,1823.01,123856.759,2026-02-24 12:59:59.999000+00:00,225966659.60334,194984,62607.57,114233962.62155,0,ETHUSDT,1h
2026-02-24 13:00:00+00:00,1823.02,1826.83,1796.0,1814.6,500429.561,2026-02-24 13:59:59.999000+00:00,907454306.72953,519335,215284.739,390655607.38856,0,ETHUSDT,1h
2026-02-24 14:00:00+00:00,1814.6,1846.93,1802.04,1833.68,619024.454,2026-02-24 14:59:59.999000+00:00,1128289297.19038,888139,310125.631,565385736.1889,0,ETHUSDT,1h
2026-02-24 15:00:00+00:00,1833.68,1849.59,1826.91,1846.37,381419.798,2026-02-24 15:59:59.999000+00:00,702333412.28556,677593,186782.956,343928795.02918,0,ETHUSDT,1h
2026-02-24 16:00:00+00:00,1846.36,1862.63,1837.01,1857.43,433477.221,2026-02-24 16:59:59.999000+00:00,802308653.2134,664674,225035.23,416586590.9762,0,ETHUSDT,1h
2026-02-24 17:00:00+00:00,1857.42,1864.58,1848.17,1854.39,276789.741,2026-02-24 17:59:59.999000+00:00,514316447.81654,409663,134855.684,250588734.61279,0,ETHUSDT,1h
2026-02-24 18:00:00+00:00,1854.39,1859.63,1843.74,1854.01,127514.29,2026-02-24 18:59:59.999000+00:00,236231388.77819,247827,59188.861,109659326.04549,0,ETHUSDT,1h
2026-02-24 19:00:00+00:00,1854.01,1861.73,1845.57,1851.56,112762.387,2026-02-24 19:59:59.999000+00:00,208875427.50473,212434,55964.52,103674540.57563,0,ETHUSDT,1h
2026-02-24 20:00:00+00:00,1851.56,1861.48,1848.39,1857.53,77711.309,2026-02-24 20:59:59.999000+00:00,144194698.83231,185500,40554.187,75251024.6228,0,ETHUSDT,1h
2026-02-24 21:00:00+00:00,1857.53,1857.53,1843.83,1852.97,88232.196,2026-02-24 21:59:59.999000+00:00,163248873.5159,168056,40982.471,75821355.98251,0,ETHUSDT,1h
2026-02-24 22:00:00+00:00,1852.97,1863.5,1851.75,1859.66,73487.598,2026-02-24 22:59:59.999000+00:00,136557424.00765,120967,39690.383,73756553.1996,0,ETHUSDT,1h
2026-02-24 23:00:00+00:00,1859.67,1859.84,1850.54,1851.09,68442.392,2026-02-24 23:59:59.999000+00:00,126923298.77556,138253,32836.847,60900309.11822,0,ETHUSDT,1h
2026-02-25 00:00:00+00:00,1851.1,1855.82,1845.7,1850.95,84223.894,2026-02-25 00:59:59.999000+00:00,155827707.70988,143769,38743.184,71692145.69449,0,ETHUSDT,1h
2026-02-25 01:00:00+00:00,1850.95,1924.93,1849.51,1917.35,793898.299,2026-02-25 01:59:59.999000+00:00,1509315425.30361,962454,422053.485,801742197.16567,0,ETHUSDT,1h
2026-02-25 02:00:00+00:00,1917.35,1945.7,1917.15,1919.95,359496.307,2026-02-25 02:59:59.999000+00:00,693554529.83369,517631,196164.366,378524503.85263,0,ETHUSDT,1h
2026-02-25 03:00:00+00:00,1919.94,1922.0,1902.43,1905.37,245100.602,2026-02-25 03:59:59.999000+00:00,468091267.10146,333088,109953.855,209982856.08033,0,ETHUSDT,1h
2026-02-25 04:00:00+00:00,1905.38,1913.82,1893.69,1905.23,238052.675,2026-02-25 04:59:59.999000+00:00,453630831.57896,290999,132290.239,252119359.9803,0,ETHUSDT,1h
2026-02-25 05:00:00+00:00,1905.22,1907.59,1877.06,1887.09,337138.929,2026-02-25 05:59:59.999000+00:00,637412920.12534,388029,158915.156,300500041.47517,0,ETHUSDT,1h
2026-02-25 06:00:00+00:00,1887.09,1895.77,1883.82,1884.21,107409.783,2026-02-25 06:59:59.999000+00:00,202959899.54672,169805,57885.64,109378992.4899,0,ETHUSDT,1h
2026-02-25 07:00:00+00:00,1884.22,1894.57,1881.29,1892.35,100753.911,2026-02-25 07:59:59.999000+00:00,190329033.96332,164359,54881.937,103675415.6129,0,ETHUSDT,1h
2026-02-25 08:00:00+00:00,1892.36,1913.08,1889.24,1909.42,225116.908,2026-02-25 08:59:59.999000+00:00,428085742.93802,236845,123212.655,234284397.06998,0,ETHUSDT,1h
2026-02-25 09:00:00+00:00,1909.42,1916.97,1906.5,1914.4,146784.074,2026-02-25 09:59:59.999000+00:00,280558664.40039,217145,75673.227,144644842.29516,0,ETHUSDT,1h
2026-02-25 10:00:00+00:00,1914.4,1925.0,1909.6,1911.76,138027.115,2026-02-25 10:59:59.999000+00:00,264298699.54127,200420,67576.524,129432154.62619,0,ETHUSDT,1h
2026-02-25 11:00:00+00:00,1911.75,1927.89,1906.51,1925.28,165279.907,2026-02-25 11:59:59.999000+00:00,317137535.60908,214127,79452.45,152486752.8595,0,ETHUSDT,1h
2026-02-25 12:00:00+00:00,1925.27,1956.64,1921.23,1952.64,410397.246,2026-02-25 12:59:59.999000+00:00,796090811.09259,492142,228961.995,444199817.66665,0,ETHUSDT,1h
2026-02-25 13:00:00+00:00,1952.65,1977.03,1951.5,1963.88,462620.582,2026-02-25 13:59:59.999000+00:00,907698771.5821,527205,247528.619,485867162.43929,0,ETHUSDT,1h
2026-02-25 14:00:00+00:00,1963.87,2000.0,1960.8,1996.62,616717.048,2026-02-25 14:59:59.999000+00:00,1220110977.63035,783746,328512.311,650292246.66394,0,ETHUSDT,1h
2026-02-25 15:00:00+00:00,1996.61,2027.93,1985.51,2012.86,724223.683,2026-02-25 15:59:59.999000+00:00,1454153320.91567,945918,373548.838,750166161.64001,0,ETHUSDT,1h
2026-02-25 16:00:00+00:00,2012.85,2048.64,2012.14,2045.53,531529.883,2026-02-25 16:59:59.999000+00:00,1079800923.97065,707586,289170.78,587596230.25105,0,ETHUSDT,1h
2026-02-25 17:00:00+00:00,2045.53,2084.93,2043.22,2073.1,669086.511,2026-02-25 17:59:59.999000+00:00,1381256437.76947,850056,350750.443,724013414.45844,0,ETHUSDT,1h
2026-02-25 18:00:00+00:00,2073.1,2081.17,2056.12,2073.2,364511.769,2026-02-25 18:59:59.999000+00:00,753830725.43256,564424,178490.945,369212530.79346,0,ETHUSDT,1h
2026-02-25 19:00:00+00:00,2073.21,2074.39,2058.0,2070.32,183362.998,2026-02-25 19:59:59.999000+00:00,378939528.82392,322431,85249.978,176188061.23334,0,ETHUSDT,1h
2026-02-25 20:00:00+00:00,2070.34,2083.99,2057.25,2073.76,264677.707,2026-02-25 20:59:59.999000+00:00,547986603.46067,361902,139227.468,288256398.11352,0,ETHUSDT,1h
2026-02-25 21:00:00+00:00,2073.75,2149.95,2064.71,2099.46,679825.91,2026-02-25 21:59:59.999000+00:00,1433396809.38193,834429,387152.243,816489320.83065,0,ETHUSDT,1h
2026-02-25 22:00:00+00:00,2099.45,2114.8,2073.0,2082.11,274577.433,2026-02-25 22:59:59.999000+00:00,575192177.12953,438688,135916.351,284770952.49479,0,ETHUSDT,1h
2026-02-25 23:00:00+00:00,2082.1,2086.3,2033.18,2056.5,385593.138,2026-02-25 23:59:59.999000+00:00,793640708.47726,583862,180762.969,371824581.94985,0,ETHUSDT,1h
2026-02-26 00:00:00+00:00,2056.51,2076.0,2046.32,2061.25,252196.604,2026-02-26 00:59:59.999000+00:00,519985168.78042,497853,129124.781,266254076.306,0,ETHUSDT,1h
2026-02-26 01:00:00+00:00,2061.26,2066.38,2048.41,2057.38,134591.383,2026-02-26 01:59:59.999000+00:00,276906525.39959,306391,62395.413,128403354.60455,0,ETHUSDT,1h
2026-02-26 02:00:00+00:00,2057.38,2058.08,2037.83,2052.07,174977.204,2026-02-26 02:59:59.999000+00:00,358345341.31632,343807,93421.428,191331952.11917,0,ETHUSDT,1h
2026-02-26 03:00:00+00:00,2052.07,2058.61,2046.16,2053.15,87265.474,2026-02-26 03:59:59.999000+00:00,179113323.26935,189460,44469.469,91279553.54915,0,ETHUSDT,1h
2026-02-26 04:00:00+00:00,2053.15,2083.09,2050.7,2073.87,220435.134,2026-02-26 04:59:59.999000+00:00,456147581.53484,330835,124904.149,258445712.11466,0,ETHUSDT,1h
2026-02-26 05:00:00+00:00,2073.87,2074.32,2055.41,2065.19,156425.366,2026-02-26 05:59:59.999000+00:00,322811119.10889,292421,77083.889,159054005.44608,0,ETHUSDT,1h
2026-02-26 06:00:00+00:00,2065.18,2075.96,2058.26,2061.54,121675.346,2026-02-26 06:59:59.999000+00:00,251338004.39031,229009,58142.335,120120059.73001,0,ETHUSDT,1h
2026-02-26 07:00:00+00:00,2061.55,2067.5,2050.5,2052.48,117137.483,2026-02-26 07:59:59.999000+00:00,241102889.73421,189459,51614.242,106258833.42933,0,ETHUSDT,1h
2026-02-26 08:00:00+00:00,2052.49,2058.39,2043.47,2053.32,195654.142,2026-02-26 08:59:59.999000+00:00,401232059.68685,298545,90646.66,185919304.40213,0,ETHUSDT,1h
2026-02-26 09:00:00+00:00,2053.33,2076.5,2051.71,2073.9,206037.073,2026-02-26 09:59:59.999000+00:00,426092847.48388,284862,117729.26,243488800.08083,0,ETHUSDT,1h
2026-02-26 10:00:00+00:00,2073.9,2082.65,2061.1,2064.38,155288.487,2026-02-26 10:59:59.999000+00:00,321622967.81568,237429,75778.988,156998091.81327,0,ETHUSDT,1h
2026-02-26 11:00:00+00:00,2064.37,2066.52,2052.29,2056.51,103331.869,2026-02-26 11:59:59.999000+00:00,212696488.43762,185822,48771.234,100393145.05969,0,ETHUSDT,1h
2026-02-26 12:00:00+00:00,2056.52,2071.43,2054.01,2069.2,118373.832,2026-02-26 12:59:59.999000+00:00,244336889.80872,203182,62771.388,129567732.64036,0,ETHUSDT,1h
2026-02-26 13:00:00+00:00,2069.2,2073.31,2060.07,2064.21,106095.503,2026-02-26 13:59:59.999000+00:00,219203616.61051,194860,50847.374,105063519.36916,0,ETHUSDT,1h
2026-02-26 14:00:00+00:00,2064.21,2077.4,2032.52,2050.22,469616.243,2026-02-26 14:59:59.999000+00:00,964388328.60655,781256,230010.412,472394967.37404,0,ETHUSDT,1h
2026-02-26 15:00:00+00:00,2050.22,2052.46,2010.38,2032.33,734430.623,2026-02-26 15:59:59.999000+00:00,1488680193.01903,997471,350425.204,710426286.61481,0,ETHUSDT,1h
2026-02-26 16:00:00+00:00,2032.33,2036.79,1975.8,1982.89,665349.259,2026-02-26 16:59:59.999000+00:00,1333808684.66862,831766,321048.817,643979806.1926,0,ETHUSDT,1h
2026-02-26 17:00:00+00:00,1982.88,1998.55,1981.2,1987.45,306175.634,2026-02-26 17:59:59.999000+00:00,609200879.93972,538845,166572.6,331474232.77605,0,ETHUSDT,1h
2026-02-26 18:00:00+00:00,1987.44,2009.02,1973.49,2003.1,355298.565,2026-02-26 18:59:59.999000+00:00,707906396.76832,536660,212262.642,423031067.57313,0,ETHUSDT,1h
2026-02-26 19:00:00+00:00,2003.11,2035.0,2002.45,2029.0,268926.118,2026-02-26 19:59:59.999000+00:00,543843211.94378,393136,150056.555,303391550.08559,0,ETHUSDT,1h
2026-02-26 20:00:00+00:00,2029.0,2042.6,2020.07,2022.6,163579.465,2026-02-26 20:59:59.999000+00:00,332254241.47504,259070,85272.873,173247864.05842,0,ETHUSDT,1h
2026-02-26 21:00:00+00:00,2022.6,2034.11,2016.7,2029.48,87133.887,2026-02-26 21:59:59.999000+00:00,176561937.82916,167090,47123.188,95501873.48373,0,ETHUSDT,1h
2026-02-26 22:00:00+00:00,2029.49,2036.94,2026.19,2032.15,56316.317,2026-02-26 22:59:59.999000+00:00,114374037.59047,99138,30995.516,62957376.01397,0,ETHUSDT,1h
2026-02-26 23:00:00+00:00,2032.14,2032.56,2023.03,2026.71,61594.831,2026-02-26 23:59:59.999000+00:00,124876276.67573,141313,31772.492,64414537.43383,0,ETHUSDT,1h
2026-02-27 00:00:00+00:00,2026.7,2029.82,2007.36,2013.83,143808.157,2026-02-27 00:59:59.999000+00:00,290151843.59622,244769,65021.183,131200433.64658,0,ETHUSDT,1h
2026-02-27 01:00:00+00:00,2013.83,2021.66,1999.2,2020.73,245314.837,2026-02-27 01:59:59.999000+00:00,493495606.58985,378321,123475.145,248456491.06085,0,ETHUSDT,1h
2026-02-27 02:00:00+00:00,2020.72,2033.91,2018.16,2025.17,108490.27,2026-02-27 02:59:59.999000+00:00,219807919.47352,209080,57016.594,115531263.49259,0,ETHUSDT,1h
2026-02-27 03:00:00+00:00,2025.17,2048.91,2018.31,2044.48,161090.033,2026-02-27 03:59:59.999000+00:00,327416403.17097,227984,84592.947,171927174.34025,0,ETHUSDT,1h
2026-02-27 04:00:00+00:00,2044.48,2063.71,2036.09,2041.8,308828.787,2026-02-27 04:59:59.999000+00:00,633503962.18018,393988,150728.424,309307950.55358,0,ETHUSDT,1h
2026-02-27 05:00:00+00:00,2041.79,2048.23,2037.62,2040.68,93106.208,2026-02-27 05:59:59.999000+00:00,190246971.02204,164749,48020.531,98137862.66621,0,ETHUSDT,1h
2026-02-27 06:00:00+00:00,2040.68,2041.89,2027.19,2034.91,125541.576,2026-02-27 06:59:59.999000+00:00,255446098.64666,184003,57670.981,117342634.89889,0,ETHUSDT,1h
2026-02-27 07:00:00+00:00,2034.91,2040.83,2021.0,2031.54,144932.222,2026-02-27 07:59:59.999000+00:00,294092435.68407,195191,71070.276,144230108.86933,0,ETHUSDT,1h
2026-02-27 08:00:00+00:00,2031.54,2045.59,2027.16,2032.63,160210.167,2026-02-27 08:59:59.999000+00:00,326117338.21016,245984,81117.593,165147106.69399,0,ETHUSDT,1h
2026-02-27 09:00:00+00:00,2032.63,2041.56,2006.88,2008.8,226994.388,2026-02-27 09:59:59.999000+00:00,459145441.18432,331578,104089.234,210465449.10375,0,ETHUSDT,1h
2026-02-27 10:00:00+00:00,2008.81,2012.8,1977.29,1979.6,479946.631,2026-02-27 10:59:59.999000+00:00,955700053.97145,587418,210551.118,419330581.88777,0,ETHUSDT,1h
2026-02-27 11:00:00+00:00,1979.59,1983.04,1951.48,1960.79,437767.461,2026-02-27 11:59:59.999000+00:00,861071499.38602,655175,214768.522,422400824.82599,0,ETHUSDT,1h
2026-02-27 12:00:00+00:00,1960.79,1968.0,1945.75,1958.77,286360.332,2026-02-27 12:59:59.999000+00:00,560678676.96657,439811,132946.077,260404912.95005,0,ETHUSDT,1h
2026-02-27 13:00:00+00:00,1958.77,1966.6,1936.0,1962.04,394520.78,2026-02-27 13:59:59.999000+00:00,770826919.95941,589634,209000.26,408549310.68382,0,ETHUSDT,1h
2026-02-27 14:00:00+00:00,1962.03,1963.24,1938.69,1941.91,363512.669,2026-02-27 14:59:59.999000+00:00,708570542.86901,682328,187960.164,366339503.75292,0,ETHUSDT,1h
2026-02-27 15:00:00+00:00,1941.9,1958.0,1939.43,1947.39,294500.83,2026-02-27 15:59:59.999000+00:00,574005738.13157,586923,169816.615,331011345.78264,0,ETHUSDT,1h
2026-02-27 16:00:00+00:00,1947.39,1947.75,1923.1,1926.01,417922.743,2026-02-27 16:59:59.999000+00:00,808009764.81684,605904,186867.026,361320027.84832,0,ETHUSDT,1h
2026-02-27 17:00:00+00:00,1926.0,1933.71,1906.0,1930.99,417850.213,2026-02-27 17:59:59.999000+00:00,802133624.72086,644104,217978.603,418559716.08686,0,ETHUSDT,1h
2026-02-27 18:00:00+00:00,1930.99,1931.98,1914.61,1917.03,166030.547,2026-02-27 18:59:59.999000+00:00,319240871.46934,334442,82270.362,158190757.77603,0,ETHUSDT,1h
2026-02-27 19:00:00+00:00,1917.02,1922.5,1910.92,1920.02,117293.315,2026-02-27 19:59:59.999000+00:00,224917996.91794,212319,63409.023,121598967.70035,0,ETHUSDT,1h
2026-02-27 20:00:00+00:00,1920.02,1925.88,1919.23,1922.12,91794.231,2026-02-27 20:59:59.999000+00:00,176469706.56199,202744,49323.658,94827812.29131,0,ETHUSDT,1h
2026-02-27 21:00:00+00:00,1922.11,1932.85,1915.81,1920.31,132581.58,2026-02-27 21:59:59.999000+00:00,255384695.9879,193681,69928.644,134724154.70923,0,ETHUSDT,1h
2026-02-27 22:00:00+00:00,1920.31,1926.17,1885.0,1920.1,339410.646,2026-02-27 22:59:59.999000+00:00,647188446.82161,312241,157836.429,301078184.57981,0,ETHUSDT,1h
2026-02-27 23:00:00+00:00,1920.11,1932.12,1918.67,1928.5,107469.617,2026-02-27 23:59:59.999000+00:00,207124832.59721,157039,61313.384,118191091.00854,0,ETHUSDT,1h
2026-02-28 00:00:00+00:00,1928.51,1937.37,1923.17,1931.21,96001.949,2026-02-28 00:59:59.999000+00:00,185286436.92264,134850,51917.592,100226216.87256,0,ETHUSDT,1h
2026-02-28 01:00:00+00:00,1931.21,1935.23,1916.77,1923.38,92794.327,2026-02-28 01:59:59.999000+00:00,178822745.2211,134142,43515.882,83883412.56703,0,ETHUSDT,1h
2026-02-28 02:00:00+00:00,1923.38,1931.51,1921.03,1929.14,49049.478,2026-02-28 02:59:59.999000+00:00,94545599.36995,93079,26830.998,51717541.78262,0,ETHUSDT,1h
2026-02-28 03:00:00+00:00,1929.15,1930.2,1919.19,1923.33,64685.426,2026-02-28 03:59:59.999000+00:00,124473468.31082,102205,25081.125,48269149.87204,0,ETHUSDT,1h
2026-02-28 04:00:00+00:00,1923.33,1930.86,1912.2,1924.24,110487.774,2026-02-28 04:59:59.999000+00:00,212340756.18391,137941,47459.639,91243966.33406,0,ETHUSDT,1h
2026-02-28 05:00:00+00:00,1924.24,1927.32,1913.13,1919.15,65864.857,2026-02-28 05:59:59.999000+00:00,126448575.79766,104829,31573.921,60618910.21047,0,ETHUSDT,1h
2026-02-28 06:00:00+00:00,1919.16,1919.56,1834.06,1841.51,974056.219,2026-02-28 06:59:59.999000+00:00,1823989627.05254,1349442,436088.846,816463495.18689,0,ETHUSDT,1h
2026-02-28 07:00:00+00:00,1841.51,1884.78,1834.11,1865.36,666267.612,2026-02-28 07:59:59.999000+00:00,1240617827.70699,895094,322544.934,600636584.84216,0,ETHUSDT,1h
2026-02-28 08:00:00+00:00,1865.37,1867.79,1846.97,1851.43,321706.512,2026-02-28 08:59:59.999000+00:00,597329478.06537,471236,144743.271,268821592.64922,0,ETHUSDT,1h
2026-02-28 09:00:00+00:00,1851.43,1863.6,1843.19,1853.91,188492.533,2026-02-28 09:59:59.999000+00:00,349277437.9145,378324,92080.994,170668241.1488,0,ETHUSDT,1h
2026-02-28 10:00:00+00:00,1853.91,1866.62,1847.85,1863.94,194635.147,2026-02-28 10:59:59.999000+00:00,361836762.80435,315117,118209.845,219820322.01338,0,ETHUSDT,1h
2026-02-28 11:00:00+00:00,1863.94,1880.39,1860.3,1862.27,222739.721,2026-02-28 11:59:59.999000+00:00,416623804.17812,335057,119458.366,223496431.76676,0,ETHUSDT,1h
2026-02-28 12:00:00+00:00,1862.28,1873.29,1861.01,1867.52,109558.373,2026-02-28 12:59:59.999000+00:00,204543031.02105,202613,59029.055,110212469.87363,0,ETHUSDT,1h
2026-02-28 13:00:00+00:00,1867.52,1909.88,1864.0,1904.31,458461.772,2026-02-28 13:59:59.999000+00:00,866186188.40503,578344,256580.823,485016605.44552,0,ETHUSDT,1h
2026-02-28 14:00:00+00:00,1904.31,1914.99,1882.12,1886.83,545478.856,2026-02-28 14:59:59.999000+00:00,1035797023.01581,838263,264620.973,502805697.83267,0,ETHUSDT,1h
2026-02-28 15:00:00+00:00,1886.82,1903.57,1871.82,1897.78,287923.744,2026-02-28 15:59:59.999000+00:00,544448846.93297,483000,147386.083,278800923.94719,0,ETHUSDT,1h
2026-02-28 16:00:00+00:00,1897.77,1909.18,1890.5,1902.77,157606.836,2026-02-28 16:59:59.999000+00:00,299406982.27994,334867,84022.477,159656040.33978,0,ETHUSDT,1h
2026-02-28 17:00:00+00:00,1902.77,1911.19,1884.13,1905.82,206707.281,2026-02-28 17:59:59.999000+00:00,391987038.27817,305507,87815.714,166664161.73855,0,ETHUSDT,1h
2026-02-28 18:00:00+00:00,1905.82,1946.77,1900.18,1934.87,380654.772,2026-02-28 18:59:59.999000+00:00,732746713.40274,579350,225928.856,434989370.15679,0,ETHUSDT,1h
2026-02-28 19:00:00+00:00,1934.86,1954.0,1918.86,1945.78,339481.406,2026-02-28 19:59:59.999000+00:00,657834727.79862,576542,174920.891,338960201.6738,0,ETHUSDT,1h
2026-02-28 20:00:00+00:00,1945.78,1973.0,1936.69,1964.57,349031.449,2026-02-28 20:59:59.999000+00:00,683133763.11401,661602,186093.15,364317580.22041,0,ETHUSDT,1h
2026-02-28 21:00:00+00:00,1964.58,1966.89,1943.4,1956.8,226932.669,2026-02-28 21:59:59.999000+00:00,443537821.76358,446801,103303.421,201967481.32618,0,ETHUSDT,1h
2026-02-28 22:00:00+00:00,1956.79,1984.22,1954.28,1964.46,212686.574,2026-02-28 22:59:59.999000+00:00,419016668.50384,413333,113738.294,224138722.29374,0,ETHUSDT,1h
2026-02-28 23:00:00+00:00,1964.46,1968.97,1955.31,1963.48,92682.211,2026-02-28 23:59:59.999000+00:00,181859865.67702,194032,44601.013,87524644.21621,0,ETHUSDT,1h
2026-03-01 00:00:00+00:00,1963.48,1968.6,1953.47,1961.67,115090.953,2026-03-01 00:59:59.999000+00:00,225581192.1853,213076,52680.201,103263209.15093,0,ETHUSDT,1h
2026-03-01 01:00:00+00:00,1961.66,2023.54,1942.42,2011.62,563191.965,2026-03-01 01:59:59.999000+00:00,1117614473.39153,712077,326166.299,648248446.31199,0,ETHUSDT,1h
2026-03-01 02:00:00+00:00,2011.62,2054.67,2007.52,2032.18,681088.44,2026-03-01 02:59:59.999000+00:00,1387272432.96198,1105177,379015.36,772081950.31405,0,ETHUSDT,1h
2026-03-01 03:00:00+00:00,2032.17,2038.57,2015.18,2022.29,219534.319,2026-03-01 03:59:59.999000+00:00,445281872.19318,343022,98451.781,199747993.46825,0,ETHUSDT,1h
2026-03-01 04:00:00+00:00,2022.29,2029.63,1997.11,2014.86,305471.825,2026-03-01 04:59:59.999000+00:00,614022959.00775,382498,140817.769,283053828.5375,0,ETHUSDT,1h
2026-03-01 05:00:00+00:00,2014.86,2022.32,2008.13,2010.44,122705.076,2026-03-01 05:59:59.999000+00:00,247296513.31033,212446,59221.16,119388709.77414,0,ETHUSDT,1h
2026-03-01 06:00:00+00:00,2010.44,2011.78,1988.21,1997.6,278164.127,2026-03-01 06:59:59.999000+00:00,555617929.0435,351958,121594.838,242846370.1911,0,ETHUSDT,1h
2026-03-01 07:00:00+00:00,1997.59,2009.88,1992.0,2006.27,139279.534,2026-03-01 07:59:59.999000+00:00,278822829.09612,214595,77134.131,154425550.94476,0,ETHUSDT,1h
2026-03-01 08:00:00+00:00,2006.26,2009.3,1980.2,1985.24,207151.134,2026-03-01 08:59:59.999000+00:00,412938962.00655,320210,92657.809,184749958.67168,0,ETHUSDT,1h
2026-03-01 09:00:00+00:00,1985.24,1995.52,1974.08,1979.92,226835.253,2026-03-01 09:59:59.999000+00:00,450016503.73014,386975,110026.967,218337892.39459,0,ETHUSDT,1h
2026-03-01 10:00:00+00:00,1979.91,1992.4,1971.02,1983.91,210244.153,2026-03-01 10:59:59.999000+00:00,416632011.86835,308395,107174.601,212439231.40809,0,ETHUSDT,1h
2026-03-01 11:00:00+00:00,1983.91,1988.69,1980.89,1982.3,65095.847,2026-03-01 11:59:59.999000+00:00,129213048.46906,140828,32621.3,64760437.02083,0,ETHUSDT,1h
2026-03-01 12:00:00+00:00,1982.3,1987.25,1975.14,1977.48,100749.279,2026-03-01 12:59:59.999000+00:00,199546078.80756,192249,53235.935,105461499.69589,0,ETHUSDT,1h
2026-03-01 13:00:00+00:00,1977.48,2024.58,1967.34,2005.86,415420.445,2026-03-01 13:59:59.999000+00:00,829570223.56712,556194,225000.509,449667082.63731,0,ETHUSDT,1h
2026-03-01 14:00:00+00:00,2005.86,2027.77,1992.4,1999.13,347940.191,2026-03-01 14:59:59.999000+00:00,698930983.31323,614068,177056.041,355832352.58024,0,ETHUSDT,1h
2026-03-01 15:00:00+00:00,1999.13,2015.7,1991.0,1992.31,226795.865,2026-03-01 15:59:59.999000+00:00,454834288.54771,347571,105037.61,210675813.05915,0,ETHUSDT,1h
2026-03-01 16:00:00+00:00,1992.3,2010.0,1958.08,1973.35,476266.441,2026-03-01 16:59:59.999000+00:00,945273359.90925,655840,229409.756,455520070.41625,0,ETHUSDT,1h
2026-03-01 17:00:00+00:00,1973.35,1975.2,1950.85,1960.05,281835.683,2026-03-01 17:59:59.999000+00:00,553729887.95081,543030,127748.816,251085160.16727,0,ETHUSDT,1h
2026-03-01 18:00:00+00:00,1960.05,1996.72,1959.73,1974.7,325345.485,2026-03-01 18:59:59.999000+00:00,644737006.12678,436288,180962.412,358650252.18707,0,ETHUSDT,1h
2026-03-01 19:00:00+00:00,1974.7,1975.31,1942.65,1952.97,226946.072,2026-03-01 19:59:59.999000+00:00,444727934.96831,353668,102070.484,200094436.49731,0,ETHUSDT,1h
2026-03-01 20:00:00+00:00,1952.96,1954.49,1905.91,1912.78,506090.327,2026-03-01 20:59:59.999000+00:00,973860270.17236,765744,209238.013,402677594.05767,0,ETHUSDT,1h
2026-03-01 21:00:00+00:00,1912.77,1931.5,1911.12,1927.63,173414.418,2026-03-01 21:59:59.999000+00:00,333222499.83468,322770,84911.299,163192165.61597,0,ETHUSDT,1h
2026-03-01 22:00:00+00:00,1927.64,1974.9,1913.4,1923.62,375738.763,2026-03-01 22:59:59.999000+00:00,729003791.42491,531633,204864.37,397881684.57854,0,ETHUSDT,1h
2026-03-01 23:00:00+00:00,1923.63,1946.99,1917.41,1938.57,222889.201,2026-03-01 23:59:59.999000+00:00,431301430.31278,482084,123028.394,238050210.90265,0,ETHUSDT,1h
2026-03-02 00:00:00+00:00,1938.58,1966.88,1936.33,1959.77,198384.105,2026-03-02 00:59:59.999000+00:00,386943064.44868,488811,111827.001,218108468.42818,0,ETHUSDT,1h
2026-03-02 01:00:00+00:00,1959.77,1988.52,1958.49,1962.83,224975.176,2026-03-02 01:59:59.999000+00:00,443658754.09558,576926,117605.801,231972915.3801,0,ETHUSDT,1h
2026-03-02 02:00:00+00:00,1962.83,1965.37,1938.24,1954.47,202517.254,2026-03-02 02:59:59.999000+00:00,394952771.68724,455990,91227.341,177914015.61093,0,ETHUSDT,1h
2026-03-02 03:00:00+00:00,1954.47,1978.99,1946.79,1971.36,193021.051,2026-03-02 03:59:59.999000+00:00,379953283.71453,420891,99977.248,196787792.78921,0,ETHUSDT,1h
2026-03-02 04:00:00+00:00,1971.36,1979.44,1967.33,1972.14,107739.687,2026-03-02 04:59:59.999000+00:00,212482328.2568,243748,46865.156,92437065.85543,0,ETHUSDT,1h
2026-03-02 05:00:00+00:00,1972.13,1984.45,1960.1,1969.99,110018.348,2026-03-02 05:59:59.999000+00:00,216839631.47228,239957,54244.162,106938409.46945,0,ETHUSDT,1h
2026-03-02 06:00:00+00:00,1970.0,1970.36,1936.12,1942.38,254864.525,2026-03-02 06:59:59.999000+00:00,497086542.36923,440777,111873.106,218176433.34886,0,ETHUSDT,1h
2026-03-02 07:00:00+00:00,1942.37,1944.11,1924.14,1940.25,201092.503,2026-03-02 07:59:59.999000+00:00,388867886.70306,434177,100517.462,194414570.2383,0,ETHUSDT,1h
2026-03-02 08:00:00+00:00,1940.27,1950.56,1916.0,1947.97,301323.887,2026-03-02 08:59:59.999000+00:00,582616874.99139,514457,146286.848,283066922.8472,0,ETHUSDT,1h
2026-03-02 09:00:00+00:00,1947.96,1966.93,1945.66,1946.65,263445.342,2026-03-02 09:59:59.999000+00:00,515057837.59457,429049,133389.274,260832527.70936,0,ETHUSDT,1h
2026-03-02 10:00:00+00:00,1946.64,1956.11,1942.04,1951.01,126011.626,2026-03-02 10:59:59.999000+00:00,245609943.94775,287859,63388.755,123576069.65635,0,ETHUSDT,1h
2026-03-02 11:00:00+00:00,1951.0,1954.22,1934.38,1946.56,181018.724,2026-03-02 11:59:59.999000+00:00,351676785.66676,345397,90027.62,174942031.74782,0,ETHUSDT,1h
2026-03-02 12:00:00+00:00,1946.55,1948.0,1928.65,1936.88,139154.912,2026-03-02 12:59:59.999000+00:00,269644706.21747,275385,64730.473,125439791.26047,0,ETHUSDT,1h
2026-03-02 13:00:00+00:00,1936.88,1943.67,1921.03,1926.43,233957.682,2026-03-02 13:59:59.999000+00:00,451795828.08106,496193,112798.422,217845884.5832,0,ETHUSDT,1h
2026-03-02 14:00:00+00:00,1926.43,1984.61,1919.77,1978.53,795224.035,2026-03-02 14:59:59.999000+00:00,1552732374.7125,1210303,429814.014,839470512.59964,0,ETHUSDT,1h
2026-03-02 15:00:00+00:00,1978.52,2064.79,1973.0,2046.39,1267446.983,2026-03-02 15:59:59.999000+00:00,2573445402.80503,1601171,657417.945,1334235390.34187,0,ETHUSDT,1h
2026-03-02 16:00:00+00:00,2046.39,2089.0,2042.12,2063.35,807647.021,2026-03-02 16:59:59.999000+00:00,1665869461.86245,1101906,424897.28,876469718.97248,0,ETHUSDT,1h
2026-03-02 17:00:00+00:00,2063.34,2065.39,2024.44,2040.12,407080.034,2026-03-02 17:59:59.999000+00:00,832287234.73069,645525,182050.5,372242234.36163,0,ETHUSDT,1h
2026-03-02 18:00:00+00:00,2040.12,2040.3,2022.66,2028.33,200173.688,2026-03-02 18:59:59.999000+00:00,406665558.10544,439699,101709.577,206655013.44553,0,ETHUSDT,1h
2026-03-02 19:00:00+00:00,2028.33,2049.57,2014.46,2042.44,235822.599,2026-03-02 19:59:59.999000+00:00,479323775.177,393934,125404.534,255037101.74519,0,ETHUSDT,1h
2026-03-02 20:00:00+00:00,2042.44,2058.58,2023.26,2034.17,300443.504,2026-03-02 20:59:59.999000+00:00,613013874.26282,582025,154734.305,315812818.14283,0,ETHUSDT,1h
2026-03-02 21:00:00+00:00,2033.94,2047.54,2028.34,2042.12,104665.192,2026-03-02 21:59:59.999000+00:00,213318740.17981,261775,55947.042,114043140.93249,0,ETHUSDT,1h
2026-03-02 22:00:00+00:00,2042.12,2058.0,2040.36,2052.99,112722.115,2026-03-02 22:59:59.999000+00:00,230980391.70465,204920,65440.127,134119331.45928,0,ETHUSDT,1h
2026-03-02 23:00:00+00:00,2052.99,2054.71,2023.69,2026.69,153927.463,2026-03-02 23:59:59.999000+00:00,313264572.03378,320158,71213.503,144924573.49051,0,ETHUSDT,1h
2026-03-03 00:00:00+00:00,2026.69,2038.4,2018.12,2034.52,164079.949,2026-03-03 00:59:59.999000+00:00,332862707.67561,319608,79665.398,161668953.39396,0,ETHUSDT,1h
2026-03-03 01:00:00+00:00,2034.52,2041.22,2018.0,2018.87,148587.011,2026-03-03 01:59:59.999000+00:00,301468985.32083,327417,71817.134,145741686.94243,0,ETHUSDT,1h
2026-03-03 02:00:00+00:00,2018.88,2021.78,1996.62,2012.68,295325.405,2026-03-03 02:59:59.999000+00:00,593499886.0435,481190,148174.949,297819565.97083,0,ETHUSDT,1h
2026-03-03 03:00:00+00:00,2012.68,2014.6,2004.4,2007.69,101444.732,2026-03-03 03:59:59.999000+00:00,203792170.30968,207435,50408.794,101272795.85653,0,ETHUSDT,1h
2026-03-03 04:00:00+00:00,2007.69,2013.0,1997.31,1998.74,101571.764,2026-03-03 04:59:59.999000+00:00,203555209.88452,207725,49447.949,99113384.13342,0,ETHUSDT,1h
2026-03-03 05:00:00+00:00,1998.74,2019.26,1986.13,1992.46,325753.084,2026-03-03 05:59:59.999000+00:00,651594964.52246,445101,158911.519,317981335.21644,0,ETHUSDT,1h
2026-03-03 06:00:00+00:00,1992.47,2002.47,1987.1,1998.27,138422.268,2026-03-03 06:59:59.999000+00:00,275954781.21657,276735,77258.691,154055176.24481,0,ETHUSDT,1h
2026-03-03 07:00:00+00:00,1998.27,2002.84,1992.18,1995.27,120600.909,2026-03-03 07:59:59.999000+00:00,240860006.86687,229719,61304.992,122440665.93428,0,ETHUSDT,1h
2026-03-03 08:00:00+00:00,1995.27,1999.7,1946.67,1952.11,559125.585,2026-03-03 08:59:59.999000+00:00,1100332931.0071,681100,242161.688,476499130.82934,0,ETHUSDT,1h
2026-03-03 09:00:00+00:00,1952.1,1967.97,1938.01,1950.21,532551.721,2026-03-03 09:59:59.999000+00:00,1040846552.1797,628395,267755.283,523219146.24497,0,ETHUSDT,1h
2026-03-03 10:00:00+00:00,1950.22,1962.99,1943.8,1956.77,229360.996,2026-03-03 10:59:59.999000+00:00,447926764.1571,394257,122053.982,238390170.589,0,ETHUSDT,1h
2026-03-03 11:00:00+00:00,1956.76,1965.87,1950.7,1960.09,177903.994,2026-03-03 11:59:59.999000+00:00,348511329.83512,353124,86284.11,169069404.29484,0,ETHUSDT,1h
2026-03-03 12:00:00+00:00,1960.1,1989.18,1959.23,1966.34,336986.81,2026-03-03 12:59:59.999000+00:00,664670854.50165,528835,175180.308,345531814.35276,0,ETHUSDT,1h
2026-03-03 13:00:00+00:00,1966.34,1967.47,1942.44,1950.99,286329.828,2026-03-03 13:59:59.999000+00:00,559065705.22731,532436,136058.956,265682430.60418,0,ETHUSDT,1h
2026-03-03 14:00:00+00:00,1950.98,1976.51,1926.32,1941.87,629397.558,2026-03-03 14:59:59.999000+00:00,1227419726.9348,1107799,304197.619,593502789.55301,0,ETHUSDT,1h
2026-03-03 15:00:00+00:00,1941.86,1972.0,1930.77,1968.09,444100.264,2026-03-03 15:59:59.999000+00:00,867292784.8749,984881,226450.103,442174026.84703,0,ETHUSDT,1h
2026-03-03 16:00:00+00:00,1968.09,2013.33,1957.42,1983.08,896949.331,2026-03-03 16:59:59.999000+00:00,1780120115.97057,1290905,466990.374,927151417.91474,0,ETHUSDT,1h
2026-03-03 17:00:00+00:00,1983.08,1984.88,1958.34,1979.55,333065.981,2026-03-03 17:59:59.999000+00:00,656589365.02174,770677,162337.992,320022874.0033,0,ETHUSDT,1h
2026-03-03 18:00:00+00:00,1979.55,1999.93,1968.31,1987.39,249256.412,2026-03-03 18:59:59.999000+00:00,495324104.12035,558844,132490.611,263354712.60978,0,ETHUSDT,1h
2026-03-03 19:00:00+00:00,1987.38,1993.74,1976.0,1985.14,173457.302,2026-03-03 19:59:59.999000+00:00,344470665.61251,510187,86540.934,171898075.47303,0,ETHUSDT,1h
2026-03-03 20:00:00+00:00,1985.14,1988.88,1968.46,1977.32,110977.097,2026-03-03 20:59:59.999000+00:00,219652917.90818,395890,55874.255,110599600.9005,0,ETHUSDT,1h
2026-03-03 21:00:00+00:00,1977.33,1977.55,1958.16,1967.37,121123.436,2026-03-03 21:59:59.999000+00:00,238023204.8751,259535,51376.984,100967370.10981,0,ETHUSDT,1h
2026-03-03 22:00:00+00:00,1967.37,1987.34,1967.1,1982.38,106139.66,2026-03-03 22:59:59.999000+00:00,210126496.66248,245288,57395.441,113623486.23132,0,ETHUSDT,1h
2026-03-03 23:00:00+00:00,1982.38,2000.98,1980.03,1981.85,154703.238,2026-03-03 23:59:59.999000+00:00,307877567.18898,285207,84011.885,167278131.56415,0,ETHUSDT,1h
2026-03-04 00:00:00+00:00,1981.85,1985.86,1960.0,1975.54,180620.428,2026-03-04 00:59:59.999000+00:00,356529362.17355,351074,76725.169,151481360.3355,0,ETHUSDT,1h
2026-03-04 01:00:00+00:00,1975.55,1997.99,1968.81,1980.76,163670.807,2026-03-04 01:59:59.999000+00:00,324570928.23167,466887,87388.876,173366279.60613,0,ETHUSDT,1h
2026-03-04 02:00:00+00:00,1980.76,1981.91,1967.38,1978.09,101451.751,2026-03-04 02:59:59.999000+00:00,200412337.81003,334536,49735.701,98241413.53563,0,ETHUSDT,1h
2026-03-04 03:00:00+00:00,1978.09,1979.37,1943.4,1959.59,309253.894,2026-03-04 03:59:59.999000+00:00,605097296.19071,538715,135646.275,265405176.18754,0,ETHUSDT,1h
2026-03-04 04:00:00+00:00,1959.59,1963.5,1948.81,1959.14,134233.504,2026-03-04 04:59:59.999000+00:00,262619296.96741,334977,66754.423,130608264.98765,0,ETHUSDT,1h
2026-03-04 05:00:00+00:00,1959.14,1977.05,1953.83,1970.08,144127.93,2026-03-04 05:59:59.999000+00:00,283369343.55997,325543,73725.361,144996074.64305,0,ETHUSDT,1h
2026-03-04 06:00:00+00:00,1970.09,1985.6,1962.11,1979.25,155777.726,2026-03-04 06:59:59.999000+00:00,307660305.18818,327255,80371.784,158754914.58815,0,ETHUSDT,1h
2026-03-04 07:00:00+00:00,1979.25,2010.0,1973.65,2005.72,288887.393,2026-03-04 07:59:59.999000+00:00,575790187.3773,455801,148235.388,295430476.46763,0,ETHUSDT,1h
2026-03-04 08:00:00+00:00,2005.71,2066.63,1999.39,2063.26,760979.822,2026-03-04 08:59:59.999000+00:00,1544093283.04163,957253,431613.087,875758057.00659,0,ETHUSDT,1h
2026-03-04 09:00:00+00:00,2063.27,2089.62,2054.4,2074.45,767316.164,2026-03-04 09:59:59.999000+00:00,1590753488.97894,1023657,384335.444,796902002.97239,0,ETHUSDT,1h
2026-03-04 10:00:00+00:00,2074.45,2093.0,2066.2,2071.72,358218.719,2026-03-04 10:59:59.999000+00:00,744438024.90918,580796,165309.162,343604005.19321,0,ETHUSDT,1h
2026-03-04 11:00:00+00:00,2071.71,2077.97,2045.69,2054.18,344700.09,2026-03-04 11:59:59.999000+00:00,710181406.6562,477538,169219.456,348720544.41531,0,ETHUSDT,1h
2026-03-04 12:00:00+00:00,2054.18,2058.81,2035.2,2053.31,283237.209,2026-03-04 12:59:59.999000+00:00,579727325.73766,505960,146206.457,299287806.23271,0,ETHUSDT,1h
2026-03-04 13:00:00+00:00,2053.32,2068.0,2051.61,2063.47,255832.746,2026-03-04 13:59:59.999000+00:00,527103340.71889,453978,134523.755,277165499.1444,0,ETHUSDT,1h
2026-03-04 14:00:00+00:00,2063.47,2109.92,2061.8,2079.06,780553.456,2026-03-04 14:59:59.999000+00:00,1625372547.19031,1210350,411455.23,856944559.84636,0,ETHUSDT,1h
2026-03-04 15:00:00+00:00,2079.05,2165.5,2077.88,2149.3,917926.037,2026-03-04 15:59:59.999000+00:00,1949271614.63144,1462324,513491.875,1091268091.38297,0,ETHUSDT,1h
2026-03-04 16:00:00+00:00,2149.29,2165.88,2127.83,2141.24,567989.199,2026-03-04 16:59:59.999000+00:00,1217915328.03796,912769,263756.173,565747680.00149,0,ETHUSDT,1h
2026-03-04 17:00:00+00:00,2141.25,2155.72,2129.0,2144.83,311986.284,2026-03-04 17:59:59.999000+00:00,668563977.42877,633757,152579.547,327056383.55698,0,ETHUSDT,1h
2026-03-04 18:00:00+00:00,2144.82,2163.93,2136.67,2161.99,233927.16,2026-03-04 18:59:59.999000+00:00,502994869.91069,438170,119888.782,257863931.09076,0,ETHUSDT,1h
2026-03-04 19:00:00+00:00,2161.99,2199.47,2159.7,2176.46,553358.614,2026-03-04 19:59:59.999000+00:00,1206575365.67793,753263,301947.369,658386967.00653,0,ETHUSDT,1h
2026-03-04 20:00:00+00:00,2176.47,2178.69,2148.35,2148.51,206441.102,2026-03-04 20:59:59.999000+00:00,446902285.61698,419057,93942.519,203448223.89824,0,ETHUSDT,1h
2026-03-04 21:00:00+00:00,2148.49,2154.77,2141.2,2148.62,132815.186,2026-03-04 21:59:59.999000+00:00,285242917.84314,289998,68422.819,146966689.51752,0,ETHUSDT,1h
2026-03-04 22:00:00+00:00,2148.61,2162.9,2125.54,2130.97,165867.4,2026-03-04 22:59:59.999000+00:00,355633448.11918,287794,84378.707,180907794.19512,0,ETHUSDT,1h
2026-03-04 23:00:00+00:00,2130.97,2135.98,2115.33,2125.98,157531.147,2026-03-04 23:59:59.999000+00:00,334901731.15203,321786,79559.36,169194512.56004,0,ETHUSDT,1h
2026-03-05 00:00:00+00:00,2125.97,2134.4,2120.16,2126.85,133924.329,2026-03-05 00:59:59.999000+00:00,285033520.15239,346254,64610.738,137519291.55211,0,ETHUSDT,1h
2026-03-05 01:00:00+00:00,2126.86,2141.57,2106.32,2112.63,227603.829,2026-03-05 01:59:59.999000+00:00,482801379.02215,492429,110302.804,234032490.65405,0,ETHUSDT,1h
2026-03-05 02:00:00+00:00,2112.63,2133.39,2111.76,2120.86,168662.708,2026-03-05 02:59:59.999000+00:00,358077967.44272,339204,88829.722,188595969.32199,0,ETHUSDT,1h
2026-03-05 03:00:00+00:00,2120.86,2125.0,2106.4,2119.11,147994.185,2026-03-05 03:59:59.999000+00:00,313057427.08114,259953,76541.246,161929771.75875,0,ETHUSDT,1h
2026-03-05 04:00:00+00:00,2119.1,2144.37,2117.52,2136.28,236431.444,2026-03-05 04:59:59.999000+00:00,503955372.87543,344091,135814.418,289525752.85298,0,ETHUSDT,1h
2026-03-05 05:00:00+00:00,2136.29,2138.37,2112.65,2118.51,169212.801,2026-03-05 05:59:59.999000+00:00,359020982.59457,259385,82730.388,175514815.70902,0,ETHUSDT,1h
2026-03-05 06:00:00+00:00,2118.5,2129.9,2108.65,2127.11,144194.769,2026-03-05 06:59:59.999000+00:00,305630693.63312,305798,76872.778,162971602.4875,0,ETHUSDT,1h
2026-03-05 07:00:00+00:00,2127.11,2132.57,2093.88,2104.3,229534.763,2026-03-05 07:59:59.999000+00:00,484242966.57491,310858,107030.121,225806574.30642,0,ETHUSDT,1h
2026-03-05 08:00:00+00:00,2104.29,2117.52,2092.43,2116.7,234690.146,2026-03-05 08:59:59.999000+00:00,493782606.66479,402404,123709.504,260357205.72095,0,ETHUSDT,1h
2026-03-05 09:00:00+00:00,2116.7,2137.65,2115.31,2124.65,227378.642,2026-03-05 09:59:59.999000+00:00,483420608.87056,436539,114327.66,243078116.34725,0,ETHUSDT,1h
2026-03-05 10:00:00+00:00,2124.65,2163.0,2119.23,2155.08,314335.37,2026-03-05 10:59:59.999000+00:00,674765693.93814,485883,173864.107,373177411.17131,0,ETHUSDT,1h
2026-03-05 11:00:00+00:00,2155.08,2158.61,2132.57,2136.76,198327.798,2026-03-05 11:59:59.999000+00:00,425166315.24608,358821,85166.366,182587714.75353,0,ETHUSDT,1h
2026-03-05 12:00:00+00:00,2136.76,2142.38,2121.87,2137.04,195241.677,2026-03-05 12:59:59.999000+00:00,416310538.06431,377037,95333.924,203309334.15441,0,ETHUSDT,1h
2026-03-05 13:00:00+00:00,2137.04,2138.64,2107.93,2116.43,284595.028,2026-03-05 13:59:59.999000+00:00,603350077.74917,520521,142595.869,302281679.16729,0,ETHUSDT,1h
2026-03-05 14:00:00+00:00,2116.42,2131.41,2095.01,2118.15,412886.457,2026-03-05 14:59:59.999000+00:00,871784723.87319,823202,214093.428,452196203.36871,0,ETHUSDT,1h
2026-03-05 15:00:00+00:00,2118.16,2120.76,2066.31,2086.09,705045.685,2026-03-05 15:59:59.999000+00:00,1469546941.8475,1012632,325319.548,678004585.48736,0,ETHUSDT,1h
2026-03-05 16:00:00+00:00,2086.1,2086.59,2055.55,2079.17,512230.984,2026-03-05 16:59:59.999000+00:00,1061130979.62364,694596,248583.323,515042988.2239,0,ETHUSDT,1h
2026-03-05 17:00:00+00:00,2079.17,2093.96,2053.3,2058.84,331071.534,2026-03-05 17:59:59.999000+00:00,685873115.0409,621552,178294.205,369585686.35761,0,ETHUSDT,1h
2026-03-05 18:00:00+00:00,2058.85,2077.58,2056.69,2075.79,158792.997,2026-03-05 18:59:59.999000+00:00,328448256.03324,414792,83089.347,171849955.7125,0,ETHUSDT,1h
2026-03-05 19:00:00+00:00,2075.78,2092.44,2071.17,2073.61,188502.226,2026-03-05 19:59:59.999000+00:00,392086173.43992,358406,96632.354,201030256.09185,0,ETHUSDT,1h
2026-03-05 20:00:00+00:00,2073.6,2098.0,2069.1,2091.42,172804.002,2026-03-05 20:59:59.999000+00:00,360483767.25838,403746,89776.982,187295960.10987,0,ETHUSDT,1h
2026-03-05 21:00:00+00:00,2091.42,2099.3,2073.53,2079.73,120794.572,2026-03-05 21:59:59.999000+00:00,251989719.49468,220471,54703.556,114144442.63733,0,ETHUSDT,1h
2026-03-05 22:00:00+00:00,2079.72,2084.34,2076.51,2079.2,48023.491,2026-03-05 22:59:59.999000+00:00,99919405.37356,99669,24094.195,50136636.00891,0,ETHUSDT,1h
2026-03-05 23:00:00+00:00,2079.21,2083.59,2066.77,2072.18,73157.567,2026-03-05 23:59:59.999000+00:00,151802258.91555,149046,31055.229,64463294.61909,0,ETHUSDT,1h
2026-03-06 00:00:00+00:00,2072.17,2079.56,2066.5,2074.36,62882.922,2026-03-06 00:59:59.999000+00:00,130355742.53474,163732,35393.175,73371141.33104,0,ETHUSDT,1h
2026-03-06 01:00:00+00:00,2074.35,2091.0,2060.6,2086.7,195073.918,2026-03-06 01:59:59.999000+00:00,405272874.57139,364816,103158.132,214370284.7037,0,ETHUSDT,1h
2026-03-06 02:00:00+00:00,2086.7,2092.39,2078.7,2082.64,93205.623,2026-03-06 02:59:59.999000+00:00,194371992.00971,257985,45928.452,95772843.25843,0,ETHUSDT,1h
2026-03-06 03:00:00+00:00,2082.63,2087.92,2074.1,2082.88,93075.151,2026-03-06 03:59:59.999000+00:00,193771386.95954,197849,45058.865,93806516.51968,0,ETHUSDT,1h
2026-03-06 04:00:00+00:00,2082.88,2085.16,2058.0,2070.02,157802.818,2026-03-06 04:59:59.999000+00:00,326724257.3863,266497,72861.694,150834743.94702,0,ETHUSDT,1h
2026-03-06 05:00:00+00:00,2070.02,2073.37,2058.0,2067.63,136662.109,2026-03-06 05:59:59.999000+00:00,282191206.06696,306660,65578.275,135426175.47931,0,ETHUSDT,1h
2026-03-06 06:00:00+00:00,2067.62,2079.65,2062.01,2073.12,113756.979,2026-03-06 06:59:59.999000+00:00,235491070.75347,196345,58613.409,121342072.75735,0,ETHUSDT,1h
2026-03-06 07:00:00+00:00,2073.12,2086.57,2067.24,2081.79,132488.539,2026-03-06 07:59:59.999000+00:00,275468295.6354,230131,68433.481,142320236.59649,0,ETHUSDT,1h
2026-03-06 08:00:00+00:00,2081.79,2081.79,2073.11,2074.91,97770.3,2026-03-06 08:59:59.999000+00:00,203166868.992,197038,49634.803,103142331.64608,0,ETHUSDT,1h
2026-03-06 09:00:00+00:00,2074.91,2076.41,2044.12,2058.71,320520.499,2026-03-06 09:59:59.999000+00:00,658979628.97958,465936,149970.182,308340945.81495,0,ETHUSDT,1h
2026-03-06 10:00:00+00:00,2058.71,2068.32,2057.34,2062.05,138337.379,2026-03-06 10:59:59.999000+00:00,285419004.84726,222814,68009.653,140319819.66522,0,ETHUSDT,1h
2026-03-06 11:00:00+00:00,2062.06,2066.3,2048.66,2050.02,130780.97,2026-03-06 11:59:59.999000+00:00,269039957.79178,240625,58768.977,120925729.48116,0,ETHUSDT,1h
2026-03-06 12:00:00+00:00,2050.03,2054.41,2036.71,2047.58,292633.149,2026-03-06 12:59:59.999000+00:00,598433227.4496,445500,146612.439,299846527.27989,0,ETHUSDT,1h
2026-03-06 13:00:00+00:00,2047.59,2062.0,2017.09,2018.52,500376.008,2026-03-06 13:59:59.999000+00:00,1020722254.59548,682281,229572.671,468632232.8325,0,ETHUSDT,1h
2026-03-06 14:00:00+00:00,2018.54,2023.78,1970.2,1980.27,883080.156,2026-03-06 14:59:59.999000+00:00,1764253979.0261,1359862,425192.759,849558378.05291,0,ETHUSDT,1h
2026-03-06 15:00:00+00:00,1980.27,1996.77,1963.92,1976.43,510211.894,2026-03-06 15:59:59.999000+00:00,1011232142.5218,919942,257689.03,510809617.62576,0,ETHUSDT,1h
2026-03-06 16:00:00+00:00,1976.42,1983.92,1965.26,1970.2,299660.717,2026-03-06 16:59:59.999000+00:00,591186971.85112,619449,153935.653,303703301.85854,0,ETHUSDT,1h
2026-03-06 17:00:00+00:00,1970.19,1981.79,1954.25,1965.76,313698.542,2026-03-06 17:59:59.999000+00:00,616553451.68611,553894,153133.712,301047484.52266,0,ETHUSDT,1h
2026-03-06 18:00:00+00:00,1965.75,1982.43,1965.43,1973.44,176666.824,2026-03-06 18:59:59.999000+00:00,349083445.80418,390385,93413.655,184593773.60852,0,ETHUSDT,1h
2026-03-06 19:00:00+00:00,1973.44,1991.98,1973.44,1982.52,139374.815,2026-03-06 19:59:59.999000+00:00,276507414.77148,268604,76262.706,151317503.84742,0,ETHUSDT,1h
2026-03-06 20:00:00+00:00,1982.53,1987.82,1968.3,1977.84,152652.117,2026-03-06 20:59:59.999000+00:00,301750782.84965,318438,75027.492,148314991.42482,0,ETHUSDT,1h
2026-03-06 21:00:00+00:00,1977.83,1983.72,1970.58,1982.8,72360.797,2026-03-06 21:59:59.999000+00:00,143074764.09965,131842,36794.596,72755447.77417,0,ETHUSDT,1h
2026-03-06 22:00:00+00:00,1982.79,1988.9,1980.36,1986.36,51432.986,2026-03-06 22:59:59.999000+00:00,102051701.65446,100290,28720.785,56994672.29783,0,ETHUSDT,1h
2026-03-06 23:00:00+00:00,1986.37,1986.63,1975.77,1977.66,57502.342,2026-03-06 23:59:59.999000+00:00,113959099.98634,104859,25181.608,49905714.17847,0,ETHUSDT,1h
2026-03-07 00:00:00+00:00,1977.66,1982.43,1975.76,1980.07,41328.7,2026-03-07 00:59:59.999000+00:00,81809485.23847,85330,21619.445,42798664.67661,0,ETHUSDT,1h
2026-03-07 01:00:00+00:00,1980.07,1982.59,1975.14,1979.4,49488.212,2026-03-07 01:59:59.999000+00:00,97928897.80333,98419,23471.423,46449826.34588,0,ETHUSDT,1h
2026-03-07 02:00:00+00:00,1979.41,1983.78,1971.4,1982.45,87711.492,2026-03-07 02:59:59.999000+00:00,173428129.72571,125124,45388.003,89748564.50165,0,ETHUSDT,1h
2026-03-07 03:00:00+00:00,1982.46,1995.74,1978.7,1979.14,163432.856,2026-03-07 03:59:59.999000+00:00,324792039.92715,181795,96449.077,191713038.56667,0,ETHUSDT,1h
2026-03-07 04:00:00+00:00,1979.15,1979.36,1961.66,1974.39,166031.655,2026-03-07 04:59:59.999000+00:00,327151245.99339,185494,69102.323,136190931.21575,0,ETHUSDT,1h
2026-03-07 05:00:00+00:00,1974.39,1978.92,1971.02,1977.75,44071.234,2026-03-07 05:59:59.999000+00:00,87060432.86134,93747,23172.689,45783813.18836,0,ETHUSDT,1h
2026-03-07 06:00:00+00:00,1977.76,1977.76,1967.78,1970.97,67230.762,2026-03-07 06:59:59.999000+00:00,132666832.90712,118108,31481.647,62123133.68139,0,ETHUSDT,1h
2026-03-07 07:00:00+00:00,1970.96,1983.89,1966.01,1982.19,109555.233,2026-03-07 07:59:59.999000+00:00,216310432.49858,179141,62197.977,122830915.42619,0,ETHUSDT,1h
2026-03-07 08:00:00+00:00,1982.18,1986.83,1973.84,1976.68,122576.524,2026-03-07 08:59:59.999000+00:00,242962966.34538,154548,62123.749,123160266.09344,0,ETHUSDT,1h
2026-03-07 09:00:00+00:00,1976.67,1988.47,1974.01,1985.29,80951.097,2026-03-07 09:59:59.999000+00:00,160560538.42267,124784,45364.364,89976883.81553,0,ETHUSDT,1h
2026-03-07 10:00:00+00:00,1985.3,1987.99,1981.98,1983.01,50123.722,2026-03-07 10:59:59.999000+00:00,99486419.82776,88154,21018.97,41718253.17934,0,ETHUSDT,1h
2026-03-07 11:00:00+00:00,1983.01,1993.83,1981.02,1987.51,107468.87,2026-03-07 11:59:59.999000+00:00,213697518.67891,152841,61345.632,121981801.81028,0,ETHUSDT,1h
2026-03-07 12:00:00+00:00,1987.52,1989.85,1978.4,1981.4,73461.709,2026-03-07 12:59:59.999000+00:00,145719901.16999,104966,32956.783,65378663.73435,0,ETHUSDT,1h
2026-03-07 13:00:00+00:00,1981.4,1983.06,1976.63,1980.81,59595.925,2026-03-07 13:59:59.999000+00:00,118024392.23963,111213,32135.395,63648534.18541,0,ETHUSDT,1h
2026-03-07 14:00:00+00:00,1980.8,1989.38,1969.2,1985.91,161991.197,2026-03-07 14:59:59.999000+00:00,320480703.02533,241016,84523.058,167252050.90443,0,ETHUSDT,1h
2026-03-07 15:00:00+00:00,1985.91,1986.67,1975.0,1980.19,94050.45,2026-03-07 15:59:59.999000+00:00,186337843.78764,170468,45172.844,89499291.4358,0,ETHUSDT,1h
2026-03-07 16:00:00+00:00,1980.19,1980.19,1973.5,1976.27,57677.905,2026-03-07 16:59:59.999000+00:00,114000535.32638,115738,27023.743,53410903.44477,0,ETHUSDT,1h
2026-03-07 17:00:00+00:00,1976.26,1982.81,1974.88,1976.56,44386.212,2026-03-07 17:59:59.999000+00:00,87849436.14764,82574,24223.611,47947846.84724,0,ETHUSDT,1h
2026-03-07 18:00:00+00:00,1976.56,1976.56,1964.44,1970.28,111067.849,2026-03-07 18:59:59.999000+00:00,218783685.79372,158744,50567.067,99620932.92369,0,ETHUSDT,1h
2026-03-07 19:00:00+00:00,1970.29,1970.29,1946.87,1954.01,240199.487,2026-03-07 19:59:59.999000+00:00,470195263.78984,320773,106684.919,208827199.92627,0,ETHUSDT,1h
2026-03-07 20:00:00+00:00,1954.01,1967.7,1953.64,1965.26,85585.539,2026-03-07 20:59:59.999000+00:00,167923478.25479,152380,47719.33,93623626.98487,0,ETHUSDT,1h
2026-03-07 21:00:00+00:00,1965.26,1970.85,1962.6,1969.41,58445.762,2026-03-07 21:59:59.999000+00:00,114945410.17642,111793,30194.737,59385268.9314,0,ETHUSDT,1h
2026-03-07 22:00:00+00:00,1969.41,1970.0,1957.31,1965.48,51314.319,2026-03-07 22:59:59.999000+00:00,100853517.59396,105691,25603.392,50321289.61127,0,ETHUSDT,1h
2026-03-07 23:00:00+00:00,1965.48,1973.15,1964.25,1968.39,49916.372,2026-03-07 23:59:59.999000+00:00,98308054.50415,87195,24760.281,48768621.79186,0,ETHUSDT,1h
2026-03-08 00:00:00+00:00,1968.39,1976.33,1965.49,1967.93,68150.968,2026-03-08 00:59:59.999000+00:00,134297089.8364,107724,36053.736,71053800.57344,0,ETHUSDT,1h
2026-03-08 01:00:00+00:00,1967.93,1971.07,1962.1,1968.05,56240.674,2026-03-08 01:59:59.999000+00:00,110643214.35283,112072,30376.819,59766052.12509,0,ETHUSDT,1h
2026-03-08 02:00:00+00:00,1968.05,1969.27,1934.33,1941.19,317550.059,2026-03-08 02:59:59.999000+00:00,619343686.42655,348043,126286.305,246326881.20031,0,ETHUSDT,1h
2026-03-08 03:00:00+00:00,1941.19,1950.64,1940.1,1946.4,107418.916,2026-03-08 03:59:59.999000+00:00,209099231.91097,180732,56683.88,110336824.42176,0,ETHUSDT,1h
2026-03-08 04:00:00+00:00,1946.4,1952.05,1927.58,1937.09,168480.657,2026-03-08 04:59:59.999000+00:00,326913039.56388,242993,77378.416,150217244.71476,0,ETHUSDT,1h
2026-03-08 05:00:00+00:00,1937.09,1951.63,1936.79,1947.86,108116.937,2026-03-08 05:59:59.999000+00:00,210362466.01156,170852,56433.984,109804221.565,0,ETHUSDT,1h
2026-03-08 06:00:00+00:00,1947.86,1951.15,1941.68,1946.65,64351.56,2026-03-08 06:59:59.999000+00:00,125230209.39145,105987,32544.354,63343724.44644,0,ETHUSDT,1h
2026-03-08 07:00:00+00:00,1946.66,1959.04,1945.9,1953.97,101435.196,2026-03-08 07:59:59.999000+00:00,198213795.76672,152808,56690.529,110773106.12168,0,ETHUSDT,1h
2026-03-08 08:00:00+00:00,1953.97,1959.6,1947.85,1958.52,82882.736,2026-03-08 08:59:59.999000+00:00,161954529.95519,137718,44529.302,87034265.19366,0,ETHUSDT,1h
2026-03-08 09:00:00+00:00,1958.53,1969.8,1955.51,1962.55,132382.114,2026-03-08 09:59:59.999000+00:00,259972391.79684,193053,68848.153,135213220.09602,0,ETHUSDT,1h
2026-03-08 10:00:00+00:00,1962.55,1979.03,1962.1,1973.1,172554.578,2026-03-08 10:59:59.999000+00:00,340310104.19383,219290,103649.063,204388132.34113,0,ETHUSDT,1h
2026-03-08 11:00:00+00:00,1973.11,1973.36,1942.7,1950.29,216275.247,2026-03-08 11:59:59.999000+00:00,422841586.80536,316180,99350.598,194196023.20422,0,ETHUSDT,1h
2026-03-08 12:00:00+00:00,1950.28,1953.75,1923.37,1945.23,327097.566,2026-03-08 12:59:59.999000+00:00,634119325.78248,449508,149015.035,288881516.38063,0,ETHUSDT,1h
2026-03-08 13:00:00+00:00,1945.24,1947.19,1922.86,1943.13,249521.495,2026-03-08 13:59:59.999000+00:00,483092660.51719,445714,121620.872,235522781.27205,0,ETHUSDT,1h
2026-03-08 14:00:00+00:00,1943.13,1949.65,1936.24,1944.33,135950.263,2026-03-08 14:59:59.999000+00:00,264186356.76479,268753,69285.273,134653444.58468,0,ETHUSDT,1h
2026-03-08 15:00:00+00:00,1944.32,1946.85,1936.07,1942.0,87222.681,2026-03-08 15:59:59.999000+00:00,169303039.01561,191593,43186.57,83841954.54864,0,ETHUSDT,1h
2026-03-08 16:00:00+00:00,1942.01,1943.71,1933.0,1935.64,95326.642,2026-03-08 16:59:59.999000+00:00,184690563.76307,198012,43899.241,85060262.13753,0,ETHUSDT,1h
2026-03-08 17:00:00+00:00,1935.65,1946.0,1931.64,1934.54,98873.329,2026-03-08 17:59:59.999000+00:00,191628784.21664,208536,49028.942,95027624.48669,0,ETHUSDT,1h
2026-03-08 18:00:00+00:00,1934.54,1935.99,1926.73,1929.04,92688.193,2026-03-08 18:59:59.999000+00:00,178970808.43722,194006,39718.799,76697885.71126,0,ETHUSDT,1h
2026-03-08 19:00:00+00:00,1929.03,1969.19,1926.73,1963.2,297034.584,2026-03-08 19:59:59.999000+00:00,580246747.64094,443788,157700.818,307997366.67542,0,ETHUSDT,1h
2026-03-08 20:00:00+00:00,1963.21,1970.16,1952.16,1957.38,147230.08,2026-03-08 20:59:59.999000+00:00,288542756.07061,287718,70296.523,137771858.11806,0,ETHUSDT,1h
2026-03-08 21:00:00+00:00,1957.38,1960.98,1941.43,1952.29,106252.465,2026-03-08 21:59:59.999000+00:00,207230213.49089,201158,47925.465,93486692.70633,0,ETHUSDT,1h
2026-03-08 22:00:00+00:00,1952.29,1952.32,1906.63,1941.85,684065.76,2026-03-08 22:59:59.999000+00:00,1318614347.16565,929021,282332.682,544343000.61881,0,ETHUSDT,1h
2026-03-08 23:00:00+00:00,1941.86,1954.1,1934.22,1935.97,186418.755,2026-03-08 23:59:59.999000+00:00,362390320.06073,441304,91752.593,178427603.38634,0,ETHUSDT,1h
2026-03-09 00:00:00+00:00,1935.98,1966.23,1928.2,1949.88,277689.649,2026-03-09 00:59:59.999000+00:00,541030104.31198,641117,154501.151,301078970.42595,0,ETHUSDT,1h
2026-03-09 01:00:00+00:00,1949.88,1962.5,1941.4,1944.92,201059.136,2026-03-09 01:59:59.999000+00:00,392651818.63128,511954,102507.526,200186130.75675,0,ETHUSDT,1h
2026-03-09 02:00:00+00:00,1944.92,1962.44,1937.02,1958.88,201026.772,2026-03-09 02:59:59.999000+00:00,392078142.44387,514619,103823.557,202491564.87743,0,ETHUSDT,1h
2026-03-09 03:00:00+00:00,1958.88,2004.84,1958.21,1976.6,609506.362,2026-03-09 03:59:59.999000+00:00,1209896880.51908,845236,328096.618,651261229.86273,0,ETHUSDT,1h
2026-03-09 04:00:00+00:00,1976.6,1988.79,1972.21,1976.58,137531.874,2026-03-09 04:59:59.999000+00:00,272432243.797,309400,66256.154,131255026.71251,0,ETHUSDT,1h
2026-03-09 05:00:00+00:00,1976.58,2013.33,1975.0,2009.86,453804.347,2026-03-09 05:59:59.999000+00:00,906753217.21379,587421,258488.528,516443003.00406,0,ETHUSDT,1h
2026-03-09 06:00:00+00:00,2009.86,2012.3,1982.08,1984.01,212764.054,2026-03-09 06:59:59.999000+00:00,424987796.65182,385723,92473.271,184751129.09561,0,ETHUSDT,1h
2026-03-09 07:00:00+00:00,1984.01,1985.05,1962.27,1982.9,248495.365,2026-03-09 07:59:59.999000+00:00,490975335.31425,449249,122462.062,242004755.46616,0,ETHUSDT,1h
2026-03-09 08:00:00+00:00,1982.9,1998.8,1977.69,1995.73,210527.43,2026-03-09 08:59:59.999000+00:00,419000544.79232,454848,106018.69,211026762.95694,0,ETHUSDT,1h
2026-03-09 09:00:00+00:00,1995.74,2021.88,1985.51,2003.55,325788.578,2026-03-09 09:59:59.999000+00:00,653791362.343,529592,175510.294,352324138.42935,0,ETHUSDT,1h
2026-03-09 10:00:00+00:00,2003.55,2006.3,1991.49,1994.53,184534.284,2026-03-09 10:59:59.999000+00:00,369018122.21417,336399,91038.181,182075780.11698,0,ETHUSDT,1h
2026-03-09 11:00:00+00:00,1994.52,1999.2,1980.0,1991.49,169068.142,2026-03-09 11:59:59.999000+00:00,336327620.74114,297811,82753.492,164647934.52517,0,ETHUSDT,1h
2026-03-09 12:00:00+00:00,1991.49,2013.4,1991.42,2001.5,196469.205,2026-03-09 12:59:59.999000+00:00,393424117.50654,320840,102028.77,204327945.88158,0,ETHUSDT,1h
2026-03-09 13:00:00+00:00,2001.5,2029.99,2000.02,2017.24,488875.955,2026-03-09 13:59:59.999000+00:00,985753774.87832,848960,253248.919,510726047.39272,0,ETHUSDT,1h
2026-03-09 14:00:00+00:00,2017.24,2033.52,2006.97,2021.34,390464.504,2026-03-09 14:59:59.999000+00:00,789244655.64429,788131,188372.675,380742857.68183,0,ETHUSDT,1h
2026-03-09 15:00:00+00:00,2021.33,2028.57,2012.0,2021.44,207392.685,2026-03-09 15:59:59.999000+00:00,419233864.12985,397565,98884.024,199900978.31553,0,ETHUSDT,1h
2026-03-09 16:00:00+00:00,2021.45,2039.21,2017.56,2026.3,259101.653,2026-03-09 16:59:59.999000+00:00,525020026.56493,427405,133402.181,270378984.33632,0,ETHUSDT,1h
2026-03-09 17:00:00+00:00,2026.3,2031.81,2004.17,2015.89,277025.875,2026-03-09 17:59:59.999000+00:00,559006279.41804,403767,127583.825,257392286.94589,0,ETHUSDT,1h
2026-03-09 18:00:00+00:00,2015.88,2022.35,2004.85,2011.24,176779.59,2026-03-09 18:59:59.999000+00:00,356010808.35462,274502,83033.303,167267402.47987,0,ETHUSDT,1h
2026-03-09 19:00:00+00:00,2011.23,2052.83,2008.8,2032.67,437153.57,2026-03-09 19:59:59.999000+00:00,889523857.24539,682045,238609.702,485677986.69775,0,ETHUSDT,1h
2026-03-09 20:00:00+00:00,2032.66,2036.44,2017.44,2024.49,116804.393,2026-03-09 20:59:59.999000+00:00,236714357.49405,250772,53763.44,108962345.96152,0,ETHUSDT,1h
2026-03-09 21:00:00+00:00,2024.5,2034.58,2020.8,2027.23,87813.157,2026-03-09 21:59:59.999000+00:00,178177272.5342,148347,41254.668,83689548.38768,0,ETHUSDT,1h
2026-03-09 22:00:00+00:00,2027.23,2030.53,1998.0,2002.01,221482.698,2026-03-09 22:59:59.999000+00:00,445399171.18102,309143,108147.374,217529232.83859,0,ETHUSDT,1h
2026-03-09 23:00:00+00:00,2002.0,2006.97,1988.18,1992.28,176807.628,2026-03-09 23:59:59.999000+00:00,353305114.44518,281689,81221.785,162301183.65034,0,ETHUSDT,1h
2026-03-10 00:00:00+00:00,1992.28,2021.89,1990.23,2014.38,228435.816,2026-03-10 00:59:59.999000+00:00,458521119.50576,329286,128635.774,258180910.15544,0,ETHUSDT,1h
2026-03-10 01:00:00+00:00,2014.37,2025.81,2005.63,2018.13,149764.985,2026-03-10 01:59:59.999000+00:00,301747025.44264,285613,76196.214,153557922.66834,0,ETHUSDT,1h
2026-03-10 02:00:00+00:00,2018.12,2053.93,2012.79,2041.42,356924.133,2026-03-10 02:59:59.999000+00:00,727528172.91628,540721,197747.345,403149240.22192,0,ETHUSDT,1h
2026-03-10 03:00:00+00:00,2041.41,2047.2,2021.51,2025.61,202080.279,2026-03-10 03:59:59.999000+00:00,411100208.24921,347999,92269.537,187733777.56246,0,ETHUSDT,1h
2026-03-10 04:00:00+00:00,2025.61,2046.62,2025.32,2044.88,130461.735,2026-03-10 04:59:59.999000+00:00,265606107.19759,254033,72174.024,146992026.58961,0,ETHUSDT,1h
2026-03-10 05:00:00+00:00,2044.88,2053.77,2038.83,2043.28,170768.282,2026-03-10 05:59:59.999000+00:00,349309429.93442,290037,86029.795,176010178.35414,0,ETHUSDT,1h
2026-03-10 06:00:00+00:00,2043.28,2048.43,2035.33,2042.62,114824.427,2026-03-10 06:59:59.999000+00:00,234528736.40583,201152,50017.386,102179238.39061,0,ETHUSDT,1h
2026-03-10 07:00:00+00:00,2042.62,2059.24,2039.09,2050.0,154373.679,2026-03-10 07:59:59.999000+00:00,316435773.66452,280456,82263.963,168650803.97709,0,ETHUSDT,1h
2026-03-10 08:00:00+00:00,2050.0,2069.72,2050.0,2056.01,309532.306,2026-03-10 08:59:59.999000+00:00,637834909.18874,485521,165215.171,340474918.00386,0,ETHUSDT,1h
2026-03-10 09:00:00+00:00,2056.02,2074.0,2054.3,2066.92,167556.635,2026-03-10 09:59:59.999000+00:00,345971196.83441,284572,83690.948,172829208.48967,0,ETHUSDT,1h
2026-03-10 10:00:00+00:00,2066.92,2068.07,2054.49,2061.68,146015.482,2026-03-10 10:59:59.999000+00:00,300826136.76808,240305,69512.273,143219906.92947,0,ETHUSDT,1h
2026-03-10 11:00:00+00:00,2061.68,2067.39,2053.94,2060.77,128624.375,2026-03-10 11:59:59.999000+00:00,265107404.77001,209342,62000.704,127815932.2411,0,ETHUSDT,1h
2026-03-10 12:00:00+00:00,2060.77,2061.25,2046.07,2048.99,175888.326,2026-03-10 12:59:59.999000+00:00,361050230.46304,266073,79561.077,163328759.0162,0,ETHUSDT,1h
2026-03-10 13:00:00+00:00,2048.99,2059.58,2023.07,2032.59,482761.245,2026-03-10 13:59:59.999000+00:00,984214066.2477,727374,226919.569,462647221.78334,0,ETHUSDT,1h
2026-03-10 14:00:00+00:00,2032.6,2079.92,2007.77,2074.4,777777.246,2026-03-10 14:59:59.999000+00:00,1586601188.27385,1074368,413084.904,842745361.78879,0,ETHUSDT,1h
2026-03-10 15:00:00+00:00,2074.41,2085.0,2057.77,2078.42,541840.801,2026-03-10 15:59:59.999000+00:00,1122424209.28321,800061,263788.283,546607332.03478,0,ETHUSDT,1h
2026-03-10 16:00:00+00:00,2078.42,2088.0,2068.11,2079.56,255755.867,2026-03-10 16:59:59.999000+00:00,531740918.365,467145,119429.245,248341554.20886,0,ETHUSDT,1h
2026-03-10 17:00:00+00:00,2079.55,2084.28,2057.14,2070.69,299401.676,2026-03-10 17:59:59.999000+00:00,620039642.39933,483942,161640.384,334712596.84497,0,ETHUSDT,1h
2026-03-10 18:00:00+00:00,2070.7,2072.3,2034.52,2038.88,494290.43,2026-03-10 18:59:59.999000+00:00,1012135072.40221,795703,221939.426,454453757.52318,0,ETHUSDT,1h
2026-03-10 19:00:00+00:00,2038.88,2043.47,2025.55,2035.84,244921.883,2026-03-10 19:59:59.999000+00:00,498470742.11259,465109,122681.685,249694578.63418,0,ETHUSDT,1h
2026-03-10 20:00:00+00:00,2035.84,2046.71,2034.28,2041.57,103988.803,2026-03-10 20:59:59.999000+00:00,212260075.09623,173531,58466.828,119347424.81399,0,ETHUSDT,1h
2026-03-10 21:00:00+00:00,2041.58,2048.0,2015.78,2028.11,180396.826,2026-03-10 21:59:59.999000+00:00,366218509.29883,238252,71567.266,145350206.89976,0,ETHUSDT,1h
2026-03-10 22:00:00+00:00,2028.1,2031.85,2019.6,2026.3,108531.953,2026-03-10 22:59:59.999000+00:00,219866965.03301,207659,59263.839,120072111.5088,0,ETHUSDT,1h
2026-03-10 23:00:00+00:00,2026.29,2036.24,2026.19,2035.39,78996.581,2026-03-10 23:59:59.999000+00:00,160565451.54881,165978,45522.447,92530435.12459,0,ETHUSDT,1h
2026-03-11 00:00:00+00:00,2035.38,2041.0,2027.2,2036.97,112267.452,2026-03-11 00:59:59.999000+00:00,228425465.60897,224876,54355.522,110612688.70321,0,ETHUSDT,1h
2026-03-11 01:00:00+00:00,2036.96,2040.0,2027.41,2034.98,83915.003,2026-03-11 01:59:59.999000+00:00,170705121.67719,180825,43219.172,87927971.73275,0,ETHUSDT,1h
2026-03-11 02:00:00+00:00,2034.99,2038.29,2017.48,2026.0,175079.512,2026-03-11 02:59:59.999000+00:00,354658888.19818,240311,72518.306,146931210.52816,0,ETHUSDT,1h
2026-03-11 03:00:00+00:00,2026.01,2028.53,2017.04,2020.28,72367.996,2026-03-11 03:59:59.999000+00:00,146247265.02778,137731,38466.436,77735712.22744,0,ETHUSDT,1h
2026-03-11 04:00:00+00:00,2020.28,2041.0,2017.22,2037.96,167550.794,2026-03-11 04:59:59.999000+00:00,340403083.2386,218659,99036.781,201224074.45766,0,ETHUSDT,1h
2026-03-11 05:00:00+00:00,2037.96,2040.38,2010.0,2013.26,209660.317,2026-03-11 05:59:59.999000+00:00,424160620.70859,262582,94653.616,191521333.6409,0,ETHUSDT,1h
2026-03-11 06:00:00+00:00,2013.26,2024.87,2012.52,2023.26,104442.452,2026-03-11 06:59:59.999000+00:00,210782740.68993,178864,54237.382,109455502.36907,0,ETHUSDT,1h
2026-03-11 07:00:00+00:00,2023.27,2024.83,2005.9,2011.61,148291.716,2026-03-11 07:59:59.999000+00:00,298654806.51798,197932,64298.83,129476917.06402,0,ETHUSDT,1h
2026-03-11 08:00:00+00:00,2011.59,2024.91,2008.5,2022.72,153798.033,2026-03-11 08:59:59.999000+00:00,310223558.66787,261701,82961.103,167345189.72061,0,ETHUSDT,1h
2026-03-11 09:00:00+00:00,2022.73,2027.08,2013.0,2016.96,91691.443,2026-03-11 09:59:59.999000+00:00,185164776.67948,162182,47700.729,96353182.92223,0,ETHUSDT,1h
2026-03-11 10:00:00+00:00,2016.96,2030.92,2016.25,2027.81,83853.484,2026-03-11 10:59:59.999000+00:00,169702180.35381,150961,42033.832,85085957.28617,0,ETHUSDT,1h
2026-03-11 11:00:00+00:00,2027.81,2033.54,2015.0,2016.96,123173.128,2026-03-11 11:59:59.999000+00:00,249364935.52578,215399,57899.248,117235075.99238,0,ETHUSDT,1h
2026-03-11 12:00:00+00:00,2016.97,2035.0,2011.51,2022.06,203937.958,2026-03-11 12:59:59.999000+00:00,412382610.62964,327191,100125.754,202484455.2168,0,ETHUSDT,1h
2026-03-11 13:00:00+00:00,2022.06,2081.68,2020.69,2049.88,784168.827,2026-03-11 13:59:59.999000+00:00,1611546759.4308,960243,409975.109,842372190.02049,0,ETHUSDT,1h
2026-03-11 14:00:00+00:00,2049.87,2077.42,2042.1,2061.88,455460.231,2026-03-11 14:59:59.999000+00:00,937996905.89721,814320,231193.298,476158281.32957,0,ETHUSDT,1h
2026-03-11 15:00:00+00:00,2061.88,2064.67,2028.84,2048.84,392854.228,2026-03-11 15:59:59.999000+00:00,803687104.57421,658457,189022.748,386712858.51678,0,ETHUSDT,1h
2026-03-11 16:00:00+00:00,2048.85,2072.0,2045.14,2066.0,242938.053,2026-03-11 16:59:59.999000+00:00,500182329.27933,522940,126160.149,259790214.26777,0,ETHUSDT,1h
2026-03-11 17:00:00+00:00,2066.0,2084.98,2056.38,2067.11,344827.331,2026-03-11 17:59:59.999000+00:00,714482210.54841,564729,173530.769,359572117.94843,0,ETHUSDT,1h
2026-03-11 18:00:00+00:00,2067.11,2078.91,2063.13,2075.51,137827.48,2026-03-11 18:59:59.999000+00:00,285407862.00977,317095,64220.113,132999710.39764,0,ETHUSDT,1h
2026-03-11 19:00:00+00:00,2075.5,2077.0,2067.3,2075.13,92465.601,2026-03-11 19:59:59.999000+00:00,191635787.97266,206217,45236.135,93747801.91827,0,ETHUSDT,1h
2026-03-11 20:00:00+00:00,2075.13,2075.36,2064.61,2067.49,66469.865,2026-03-11 20:59:59.999000+00:00,137509648.29888,148732,33381.813,69047587.85134,0,ETHUSDT,1h
2026-03-11 21:00:00+00:00,2067.48,2073.96,2062.3,2072.07,57355.871,2026-03-11 21:59:59.999000+00:00,118590045.74798,106322,30546.777,63161892.81861,0,ETHUSDT,1h
2026-03-11 22:00:00+00:00,2072.07,2083.85,2057.75,2060.73,141074.115,2026-03-11 22:59:59.999000+00:00,292137204.67286,242517,75108.983,155620413.09402,0,ETHUSDT,1h
2026-03-11 23:00:00+00:00,2060.72,2064.0,2044.12,2050.99,144591.92,2026-03-11 23:59:59.999000+00:00,296952211.06331,215368,65262.219,134056057.79052,0,ETHUSDT,1h
2026-03-12 00:00:00+00:00,2050.98,2057.37,2046.94,2054.61,75038.178,2026-03-12 00:59:59.999000+00:00,154009284.84501,174559,42283.636,86784109.82017,0,ETHUSDT,1h
2026-03-12 01:00:00+00:00,2054.61,2055.19,2041.53,2045.41,107012.291,2026-03-12 01:59:59.999000+00:00,219015562.95274,227923,51643.076,105700975.0642,0,ETHUSDT,1h
2026-03-12 02:00:00+00:00,2045.41,2047.22,2020.51,2023.48,253574.927,2026-03-12 02:59:59.999000+00:00,515375529.04632,315919,119018.982,241898546.53948,0,ETHUSDT,1h
2026-03-12 03:00:00+00:00,2023.48,2033.9,2016.17,2022.07,235506.217,2026-03-12 03:59:59.999000+00:00,476745042.74337,219986,111379.844,225576975.82798,0,ETHUSDT,1h
2026-03-12 04:00:00+00:00,2022.07,2028.74,2020.0,2021.82,98895.314,2026-03-12 04:59:59.999000+00:00,200184802.87048,143413,50624.961,102483005.65675,0,ETHUSDT,1h
2026-03-12 05:00:00+00:00,2021.83,2026.89,2018.17,2025.79,96979.148,2026-03-12 05:59:59.999000+00:00,196201132.49603,144839,53178.788,107602262.82758,0,ETHUSDT,1h
2026-03-12 06:00:00+00:00,2025.8,2030.8,2023.5,2029.3,81784.098,2026-03-12 06:59:59.999000+00:00,165812835.9916,122436,42815.068,86810199.11949,0,ETHUSDT,1h
2026-03-12 07:00:00+00:00,2029.3,2041.92,2024.56,2039.71,158832.793,2026-03-12 07:59:59.999000+00:00,323246861.09788,179563,87954.858,179005489.02218,0,ETHUSDT,1h
2026-03-12 08:00:00+00:00,2039.72,2052.08,2037.26,2046.71,194883.773,2026-03-12 08:59:59.999000+00:00,398465665.53987,291570,103968.524,212595115.63658,0,ETHUSDT,1h
2026-03-12 09:00:00+00:00,2046.72,2064.92,2036.75,2054.57,253521.538,2026-03-12 09:59:59.999000+00:00,519531824.21839,283144,121216.392,248519633.7909,0,ETHUSDT,1h
2026-03-12 10:00:00+00:00,2054.58,2074.68,2051.49,2069.1,228137.912,2026-03-12 10:59:59.999000+00:00,470940138.40348,293493,114973.975,237314741.39093,0,ETHUSDT,1h
2026-03-12 11:00:00+00:00,2069.1,2075.65,2056.46,2061.77,232025.648,2026-03-12 11:59:59.999000+00:00,479515049.45557,265789,102378.224,211623909.11362,0,ETHUSDT,1h
2026-03-12 12:00:00+00:00,2061.77,2069.99,2056.49,2064.28,157005.172,2026-03-12 12:59:59.999000+00:00,323828651.07062,240595,79548.403,164081422.52056,0,ETHUSDT,1h
2026-03-12 13:00:00+00:00,2064.29,2080.7,2050.15,2064.54,451932.786,2026-03-12 13:59:59.999000+00:00,933102382.90025,624559,241815.412,499438462.43292,0,ETHUSDT,1h
2026-03-12 14:00:00+00:00,2064.54,2094.57,2036.18,2044.3,854560.161,2026-03-12 14:59:59.999000+00:00,1763850166.60983,982902,452167.66,933774500.56497,0,ETHUSDT,1h
2026-03-12 15:00:00+00:00,2044.29,2081.73,2037.69,2071.4,440371.625,2026-03-12 15:59:59.999000+00:00,908597760.16813,622152,232439.478,479580779.42908,0,ETHUSDT,1h
2026-03-12 16:00:00+00:00,2071.39,2077.47,2055.2,2068.77,305854.949,2026-03-12 16:59:59.999000+00:00,632264074.4622,515595,140648.307,290774310.1314,0,ETHUSDT,1h
2026-03-12 17:00:00+00:00,2068.76,2074.4,2054.0,2057.27,170936.531,2026-03-12 17:59:59.999000+00:00,352708329.66884,348401,75593.052,155982547.42448,0,ETHUSDT,1h
2026-03-12 18:00:00+00:00,2057.27,2060.8,2045.45,2047.78,173968.428,2026-03-12 18:59:59.999000+00:00,356998503.48993,303167,83506.714,171373733.70085,0,ETHUSDT,1h
2026-03-12 19:00:00+00:00,2047.77,2072.55,2044.0,2068.63,196469.285,2026-03-12 19:59:59.999000+00:00,404743111.37187,315488,106865.146,220112240.41385,0,ETHUSDT,1h
2026-03-12 20:00:00+00:00,2068.61,2072.74,2058.98,2061.44,88619.023,2026-03-12 20:59:59.999000+00:00,183009037.54957,142894,42877.204,88551453.63319,0,ETHUSDT,1h
2026-03-12 21:00:00+00:00,2061.44,2068.61,2056.42,2061.95,64487.584,2026-03-12 21:59:59.999000+00:00,132924798.92423,111574,31050.212,64009531.05206,0,ETHUSDT,1h
2026-03-12 22:00:00+00:00,2061.96,2066.75,2054.4,2064.46,101809.599,2026-03-12 22:59:59.999000+00:00,209834843.40468,155905,47989.528,98918531.44396,0,ETHUSDT,1h
2026-03-12 23:00:00+00:00,2064.46,2093.53,2063.81,2072.6,367022.469,2026-03-12 23:59:59.999000+00:00,763652981.51181,419727,217143.155,451857177.86399,0,ETHUSDT,1h
2026-03-13 00:00:00+00:00,2072.6,2148.0,2069.1,2118.16,836950.687,2026-03-13 00:59:59.999000+00:00,1774544721.28435,1111679,461650.044,978437147.59013,0,ETHUSDT,1h
2026-03-13 01:00:00+00:00,2118.16,2129.73,2109.71,2123.99,196864.746,2026-03-13 01:59:59.999000+00:00,417712651.06894,431769,95015.935,201662331.4659,0,ETHUSDT,1h
2026-03-13 02:00:00+00:00,2124.0,2126.57,2100.49,2104.78,216039.92,2026-03-13 02:59:59.999000+00:00,456245675.93399,340964,93882.487,198258522.0313,0,ETHUSDT,1h
2026-03-13 03:00:00+00:00,2104.78,2123.45,2100.73,2117.77,167694.899,2026-03-13 03:59:59.999000+00:00,354029755.44968,250172,96377.661,203535303.20425,0,ETHUSDT,1h
2026-03-13 04:00:00+00:00,2117.78,2119.2,2108.5,2110.65,78732.858,2026-03-13 04:59:59.999000+00:00,166400978.90516,149067,40179.501,84921251.53634,0,ETHUSDT,1h
2026-03-13 05:00:00+00:00,2110.65,2114.66,2102.38,2109.54,97706.092,2026-03-13 05:59:59.999000+00:00,206027052.59286,185296,53287.61,112375830.26218,0,ETHUSDT,1h
2026-03-13 06:00:00+00:00,2109.53,2112.2,2088.52,2094.99,237785.564,2026-03-13 06:59:59.999000+00:00,498500019.63006,308216,113011.121,236944823.901,0,ETHUSDT,1h
2026-03-13 07:00:00+00:00,2094.99,2104.62,2091.52,2098.45,159448.424,2026-03-13 07:59:59.999000+00:00,334588171.66318,247511,90334.975,189576905.21021,0,ETHUSDT,1h
2026-03-13 08:00:00+00:00,2098.44,2117.0,2090.09,2098.98,240068.797,2026-03-13 08:59:59.999000+00:00,504725556.39452,364879,126838.489,266695024.61194,0,ETHUSDT,1h
2026-03-13 09:00:00+00:00,2098.97,2117.0,2095.13,2112.6,157275.141,2026-03-13 09:59:59.999000+00:00,331360460.60653,281396,88819.056,187144081.09951,0,ETHUSDT,1h
2026-03-13 10:00:00+00:00,2112.59,2133.0,2111.65,2125.87,288808.458,2026-03-13 10:59:59.999000+00:00,613598973.03773,424812,149301.862,317218912.2624,0,ETHUSDT,1h
2026-03-13 11:00:00+00:00,2125.88,2129.4,2117.09,2120.02,132218.861,2026-03-13 11:59:59.999000+00:00,280715463.52404,241620,61017.734,129559113.38898,0,ETHUSDT,1h
2026-03-13 12:00:00+00:00,2120.01,2154.74,2119.3,2145.23,403505.46,2026-03-13 12:59:59.999000+00:00,862225158.83066,476704,228025.296,487379473.1012,0,ETHUSDT,1h
2026-03-13 13:00:00+00:00,2145.23,2205.58,2140.67,2184.54,1007307.728,2026-03-13 13:59:59.999000+00:00,2195115475.06344,1053652,579073.149,1261672393.99779,0,ETHUSDT,1h
2026-03-13 14:00:00+00:00,2184.54,2209.49,2144.55,2150.39,879387.375,2026-03-13 14:59:59.999000+00:00,1915104840.73622,1009418,442639.449,964637728.27882,0,ETHUSDT,1h
2026-03-13 15:00:00+00:00,2150.4,2165.36,2124.06,2127.0,660476.862,2026-03-13 15:59:59.999000+00:00,1416980851.31374,807504,337523.764,724288922.66667,0,ETHUSDT,1h
2026-03-13 16:00:00+00:00,2127.01,2142.83,2110.5,2132.9,516661.056,2026-03-13 16:59:59.999000+00:00,1098240262.18519,678679,277383.167,589604402.12175,0,ETHUSDT,1h
2026-03-13 17:00:00+00:00,2132.89,2140.22,2088.44,2102.02,589299.474,2026-03-13 17:59:59.999000+00:00,1244323775.21516,610164,286334.19,604734276.62845,0,ETHUSDT,1h
2026-03-13 18:00:00+00:00,2102.02,2107.89,2089.56,2099.87,266270.889,2026-03-13 18:59:59.999000+00:00,559568207.37902,372033,135957.59,285754254.30825,0,ETHUSDT,1h
2026-03-13 19:00:00+00:00,2099.88,2104.98,2095.0,2101.72,122719.714,2026-03-13 19:59:59.999000+00:00,257829077.83997,227313,67572.166,141977892.74923,0,ETHUSDT,1h
2026-03-13 20:00:00+00:00,2101.73,2113.25,2100.03,2110.5,99442.831,2026-03-13 20:59:59.999000+00:00,209654865.60535,138494,54771.513,115469527.63809,0,ETHUSDT,1h
2026-03-13 21:00:00+00:00,2110.51,2116.39,2099.05,2102.01,102516.599,2026-03-13 21:59:59.999000+00:00,216045446.87382,146469,43665.065,92037374.30253,0,ETHUSDT,1h
2026-03-13 22:00:00+00:00,2102.01,2103.94,2077.03,2088.0,242745.715,2026-03-13 22:59:59.999000+00:00,506445872.71969,347743,105419.661,219891386.15991,0,ETHUSDT,1h
2026-03-13 23:00:00+00:00,2088.01,2092.94,2084.33,2091.01,69184.7,2026-03-13 23:59:59.999000+00:00,144589699.16542,137734,38356.801,80165722.79272,0,ETHUSDT,1h
2026-03-14 00:00:00+00:00,2091.0,2094.2,2082.0,2084.36,94149.371,2026-03-14 00:59:59.999000+00:00,196568814.17305,166609,45873.859,95784110.79395,0,ETHUSDT,1h
2026-03-14 01:00:00+00:00,2084.36,2094.99,2080.06,2091.57,111732.796,2026-03-14 01:59:59.999000+00:00,233395823.18886,150670,49542.234,103499585.47341,0,ETHUSDT,1h
2026-03-14 02:00:00+00:00,2091.57,2094.8,2088.54,2091.44,63047.781,2026-03-14 02:59:59.999000+00:00,131891667.97904,103792,33334.494,69743958.77042,0,ETHUSDT,1h
2026-03-14 03:00:00+00:00,2091.44,2103.62,2091.3,2100.0,112836.019,2026-03-14 03:59:59.999000+00:00,236779660.95175,154675,67866.126,142420019.23096,0,ETHUSDT,1h
2026-03-14 04:00:00+00:00,2100.0,2105.75,2086.25,2089.31,165007.319,2026-03-14 04:59:59.999000+00:00,345955038.02714,167081,71737.823,150443120.98508,0,ETHUSDT,1h
2026-03-14 05:00:00+00:00,2089.3,2093.54,2084.34,2091.3,98981.563,2026-03-14 05:59:59.999000+00:00,206860108.33768,118737,42076.128,87938988.59157,0,ETHUSDT,1h
2026-03-14 06:00:00+00:00,2091.3,2091.3,2067.13,2077.16,216539.397,2026-03-14 06:59:59.999000+00:00,449964880.69505,251686,94012.067,195340269.69109,0,ETHUSDT,1h
2026-03-14 07:00:00+00:00,2077.16,2079.43,2074.11,2076.3,75277.145,2026-03-14 07:59:59.999000+00:00,156353605.12022,103653,34919.714,72536780.19757,0,ETHUSDT,1h
2026-03-14 08:00:00+00:00,2076.3,2080.22,2071.48,2073.2,86502.47,2026-03-14 08:59:59.999000+00:00,179558770.53929,102173,42884.617,89021939.69189,0,ETHUSDT,1h
2026-03-14 09:00:00+00:00,2073.19,2076.83,2062.47,2066.11,124344.554,2026-03-14 09:59:59.999000+00:00,257288160.36811,126753,54431.332,112636491.46087,0,ETHUSDT,1h
2026-03-14 10:00:00+00:00,2066.11,2067.88,2060.09,2065.01,103675.175,2026-03-14 10:59:59.999000+00:00,213997738.16224,122177,49004.981,101164848.22273,0,ETHUSDT,1h
2026-03-14 11:00:00+00:00,2065.01,2075.58,2064.48,2072.65,107288.956,2026-03-14 11:59:59.999000+00:00,222230739.75666,103086,60700.675,125724625.93891,0,ETHUSDT,1h
2026-03-14 12:00:00+00:00,2072.65,2077.3,2068.34,2074.33,92509.25,2026-03-14 12:59:59.999000+00:00,191790519.92235,104307,48508.48,100572200.07697,0,ETHUSDT,1h
2026-03-14 13:00:00+00:00,2074.33,2079.55,2071.66,2077.22,65611.396,2026-03-14 13:59:59.999000+00:00,136221198.39479,90353,33791.998,70160374.49419,0,ETHUSDT,1h
2026-03-14 14:00:00+00:00,2077.23,2079.49,2068.43,2069.82,71788.481,2026-03-14 14:59:59.999000+00:00,148828293.24319,102338,33232.986,68901571.11925,0,ETHUSDT,1h
2026-03-14 15:00:00+00:00,2069.83,2076.91,2068.74,2073.55,64808.476,2026-03-14 15:59:59.999000+00:00,134369178.21498,88920,34760.608,72067601.35754,0,ETHUSDT,1h
2026-03-14 16:00:00+00:00,2073.55,2077.58,2067.58,2076.35,67556.669,2026-03-14 16:59:59.999000+00:00,140004750.70583,85242,33509.842,69463477.09453,0,ETHUSDT,1h
2026-03-14 17:00:00+00:00,2076.36,2077.31,2072.01,2073.97,41347.396,2026-03-14 17:59:59.999000+00:00,85804204.27399,52462,20472.385,42487094.78239,0,ETHUSDT,1h
2026-03-14 18:00:00+00:00,2073.97,2076.97,2071.7,2075.73,23890.433,2026-03-14 18:59:59.999000+00:00,49555271.78239,39389,13146.409,27268426.14759,0,ETHUSDT,1h
2026-03-14 19:00:00+00:00,2075.74,2078.44,2073.64,2076.25,26284.607,2026-03-14 19:59:59.999000+00:00,54573722.40299,41424,13535.339,28104698.83965,0,ETHUSDT,1h
2026-03-14 20:00:00+00:00,2076.25,2087.4,2074.79,2084.59,81541.258,2026-03-14 20:59:59.999000+00:00,169758930.21369,76663,49573.386,103219304.43587,0,ETHUSDT,1h
2026-03-14 21:00:00+00:00,2084.6,2087.99,2080.18,2085.65,47599.054,2026-03-14 21:59:59.999000+00:00,99188107.7316,66751,23796.016,49590113.39626,0,ETHUSDT,1h
2026-03-14 22:00:00+00:00,2085.65,2087.21,2080.39,2083.48,35712.918,2026-03-14 22:59:59.999000+00:00,74437851.82447,57428,17827.158,37158588.43387,0,ETHUSDT,1h
2026-03-14 23:00:00+00:00,2083.49,2098.58,2082.9,2095.27,169793.24,2026-03-14 23:59:59.999000+00:00,355423582.03056,171411,93922.483,196590311.78738,0,ETHUSDT,1h
2026-03-15 00:00:00+00:00,2095.28,2095.76,2084.06,2086.83,85877.076,2026-03-15 00:59:59.999000+00:00,179468150.85656,118221,41457.017,86640678.91923,0,ETHUSDT,1h
2026-03-15 01:00:00+00:00,2086.82,2090.3,2081.59,2087.2,52554.164,2026-03-15 01:59:59.999000+00:00,109615798.02103,98267,26690.401,55671777.70908,0,ETHUSDT,1h
2026-03-15 02:00:00+00:00,2087.2,2107.0,2087.2,2100.82,184277.054,2026-03-15 02:59:59.999000+00:00,386569716.06062,237701,119204.369,250074019.64159,0,ETHUSDT,1h
2026-03-15 03:00:00+00:00,2100.81,2104.2,2092.33,2095.17,83145.025,2026-03-15 03:59:59.999000+00:00,174366591.23026,130138,34743.53,72859338.48232,0,ETHUSDT,1h
2026-03-15 04:00:00+00:00,2095.17,2103.58,2095.0,2103.58,63243.283,2026-03-15 04:59:59.999000+00:00,132803623.4723,118566,31898.87,66985598.244,0,ETHUSDT,1h
2026-03-15 05:00:00+00:00,2103.58,2116.35,2100.88,2106.89,193782.965,2026-03-15 05:59:59.999000+00:00,408757678.63048,217713,105766.168,223118737.62616,0,ETHUSDT,1h
2026-03-15 06:00:00+00:00,2106.89,2110.32,2102.01,2106.81,61200.117,2026-03-15 06:59:59.999000+00:00,128891712.96654,93879,28680.565,60402308.95537,0,ETHUSDT,1h
2026-03-15 07:00:00+00:00,2106.82,2112.97,2102.56,2104.97,68884.348,2026-03-15 07:59:59.999000+00:00,145174053.67152,99659,34102.101,71876453.48463,0,ETHUSDT,1h
2026-03-15 08:00:00+00:00,2104.97,2112.29,2104.97,2111.81,58333.147,2026-03-15 08:59:59.999000+00:00,123029241.8008,94763,31053.832,65496115.4078,0,ETHUSDT,1h
2026-03-15 09:00:00+00:00,2111.81,2123.25,2111.7,2116.2,176204.211,2026-03-15 09:59:59.999000+00:00,373147005.08146,201333,99261.543,210221892.91522,0,ETHUSDT,1h
2026-03-15 10:00:00+00:00,2116.21,2120.57,2113.13,2117.87,59527.264,2026-03-15 10:59:59.999000+00:00,126049279.16434,90745,27468.253,58166828.91969,0,ETHUSDT,1h
2026-03-15 11:00:00+00:00,2117.86,2120.46,2113.67,2118.6,55928.534,2026-03-15 11:59:59.999000+00:00,118408254.39073,82388,24218.55,51276937.5783,0,ETHUSDT,1h
2026-03-15 12:00:00+00:00,2118.61,2118.96,2106.65,2108.64,103204.6,2026-03-15 12:59:59.999000+00:00,217945930.9542,113382,43358.878,91561402.56157,0,ETHUSDT,1h
2026-03-15 13:00:00+00:00,2108.64,2112.16,2085.1,2096.36,351882.962,2026-03-15 13:59:59.999000+00:00,737160867.37595,381074,166202.798,348156907.46401,0,ETHUSDT,1h
2026-03-15 14:00:00+00:00,2096.35,2098.3,2085.52,2096.04,115495.023,2026-03-15 14:59:59.999000+00:00,241608754.02366,146580,56003.147,117158462.30228,0,ETHUSDT,1h
2026-03-15 15:00:00+00:00,2096.05,2096.25,2088.91,2092.93,57742.935,2026-03-15 15:59:59.999000+00:00,120852378.14706,90737,29865.073,62507235.66408,0,ETHUSDT,1h
2026-03-15 16:00:00+00:00,2092.93,2097.94,2087.65,2090.59,87846.932,2026-03-15 16:59:59.999000+00:00,183821320.38754,127929,44925.151,94019872.99464,0,ETHUSDT,1h
2026-03-15 17:00:00+00:00,2090.6,2117.62,2090.05,2109.65,144964.084,2026-03-15 17:59:59.999000+00:00,305184693.08941,167858,85508.691,180017821.48333,0,ETHUSDT,1h
2026-03-15 18:00:00+00:00,2109.65,2112.83,2092.65,2098.05,130721.276,2026-03-15 18:59:59.999000+00:00,275058218.82047,177294,58708.012,123543414.71374,0,ETHUSDT,1h
2026-03-15 19:00:00+00:00,2098.06,2113.35,2095.16,2112.33,112055.991,2026-03-15 19:59:59.999000+00:00,236049873.22735,146318,62053.753,130726715.46546,0,ETHUSDT,1h
2026-03-15 20:00:00+00:00,2112.32,2139.0,2108.91,2128.0,230006.544,2026-03-15 20:59:59.999000+00:00,488814175.69871,267184,137396.103,292040584.55132,0,ETHUSDT,1h
2026-03-15 21:00:00+00:00,2128.01,2144.0,2122.4,2138.41,140204.061,2026-03-15 21:59:59.999000+00:00,299168838.26104,216871,76132.921,162491092.39212,0,ETHUSDT,1h
2026-03-15 22:00:00+00:00,2138.42,2192.15,2124.1,2183.73,656377.575,2026-03-15 22:59:59.999000+00:00,1418740094.93545,767877,384815.525,831853546.3937,0,ETHUSDT,1h
2026-03-15 23:00:00+00:00,2183.74,2202.87,2165.24,2177.73,624195.138,2026-03-15 23:59:59.999000+00:00,1364071656.42751,791247,323983.829,708261520.4646,0,ETHUSDT,1h
2026-03-16 00:00:00+00:00,2177.73,2186.9,2163.32,2170.39,190948.976,2026-03-16 00:59:59.999000+00:00,415351433.1602,361992,88744.636,193089811.33928,0,ETHUSDT,1h
2026-03-16 01:00:00+00:00,2170.4,2189.98,2163.56,2184.99,181944.904,2026-03-16 01:59:59.999000+00:00,396169110.07419,357321,100600.469,219080484.22535,0,ETHUSDT,1h
2026-03-16 02:00:00+00:00,2184.99,2188.45,2169.0,2179.63,147967.942,2026-03-16 02:59:59.999000+00:00,322209712.36701,259008,73202.876,159432447.28465,0,ETHUSDT,1h
2026-03-16 03:00:00+00:00,2179.63,2253.6,2176.37,2235.13,991553.409,2026-03-16 03:59:59.999000+00:00,2205840957.28869,978454,584330.582,1299970532.25949,0,ETHUSDT,1h
2026-03-16 04:00:00+00:00,2235.14,2279.97,2235.13,2262.25,683730.533,2026-03-16 04:59:59.999000+00:00,1542914366.75872,784755,358700.805,809612983.07036,0,ETHUSDT,1h
2026-03-16 05:00:00+00:00,2262.25,2288.0,2255.61,2279.41,496273.464,2026-03-16 05:59:59.999000+00:00,1126673422.38243,564703,266679.561,605627573.75535,0,ETHUSDT,1h
2026-03-16 06:00:00+00:00,2279.42,2280.78,2260.0,2261.01,245093.014,2026-03-16 06:59:59.999000+00:00,555347776.51846,312060,114552.624,259578217.82036,0,ETHUSDT,1h
2026-03-16 07:00:00+00:00,2261.01,2268.43,2244.68,2248.43,269076.966,2026-03-16 07:59:59.999000+00:00,607187882.88986,282072,121644.771,274543861.86356,0,ETHUSDT,1h
2026-03-16 08:00:00+00:00,2248.44,2258.37,2233.0,2242.6,270287.574,2026-03-16 08:59:59.999000+00:00,607197091.56136,382083,132466.196,297691895.29476,0,ETHUSDT,1h
2026-03-16 09:00:00+00:00,2242.6,2265.0,2238.37,2259.24,206733.743,2026-03-16 09:59:59.999000+00:00,465803513.0194,274088,116178.163,261763911.91404,0,ETHUSDT,1h
2026-03-16 10:00:00+00:00,2259.23,2277.88,2255.17,2277.12,306714.955,2026-03-16 10:59:59.999000+00:00,695126148.50919,353006,168714.762,382432697.72837,0,ETHUSDT,1h
2026-03-16 11:00:00+00:00,2277.12,2279.68,2264.8,2268.81,200661.269,2026-03-16 11:59:59.999000+00:00,455986317.0284,258642,103264.269,234674831.39282,0,ETHUSDT,1h
2026-03-16 12:00:00+00:00,2268.82,2302.99,2268.67,2278.19,696406.964,2026-03-16 12:59:59.999000+00:00,1592731971.15868,677819,387101.945,885532561.26979,0,ETHUSDT,1h
2026-03-16 13:00:00+00:00,2278.19,2308.0,2270.52,2287.56,658784.034,2026-03-16 13:59:59.999000+00:00,1508272795.53468,723914,359789.268,823922710.1933,0,ETHUSDT,1h
2026-03-16 14:00:00+00:00,2287.56,2303.96,2253.51,2286.84,704233.039,2026-03-16 14:59:59.999000+00:00,1604070570.94992,921406,361041.457,822750020.38322,0,ETHUSDT,1h
2026-03-16 15:00:00+00:00,2286.83,2298.5,2268.62,2272.42,312491.326,2026-03-16 15:59:59.999000+00:00,713818461.13243,550888,157621.524,360104584.9225,0,ETHUSDT,1h
2026-03-16 16:00:00+00:00,2272.41,2299.79,2268.62,2296.07,282094.589,2026-03-16 16:59:59.999000+00:00,644798274.06375,480264,158155.947,361495826.61617,0,ETHUSDT,1h
2026-03-16 17:00:00+00:00,2296.08,2321.46,2292.19,2313.44,409639.038,2026-03-16 17:59:59.999000+00:00,945570506.72805,542608,236287.118,545660684.18389,0,ETHUSDT,1h
2026-03-16 18:00:00+00:00,2313.44,2345.0,2312.67,2320.66,570963.21,2026-03-16 18:59:59.999000+00:00,1331453063.84488,653567,314314.412,732980658.12911,0,ETHUSDT,1h
2026-03-16 19:00:00+00:00,2320.65,2347.99,2317.15,2329.98,267631.126,2026-03-16 19:59:59.999000+00:00,624167827.11345,445680,133640.66,311718588.56442,0,ETHUSDT,1h
2026-03-16 20:00:00+00:00,2329.98,2346.85,2322.37,2344.11,142260.738,2026-03-16 20:59:59.999000+00:00,332146559.99148,246080,80983.307,189119823.19506,0,ETHUSDT,1h
2026-03-16 21:00:00+00:00,2344.11,2376.05,2342.38,2359.63,393485.89,2026-03-16 21:59:59.999000+00:00,927213767.39406,508387,218637.858,515380912.59799,0,ETHUSDT,1h
2026-03-16 22:00:00+00:00,2359.63,2385.78,2353.97,2356.69,304849.153,2026-03-16 22:59:59.999000+00:00,722059247.45827,455365,150866.96,357507377.13943,0,ETHUSDT,1h
2026-03-16 23:00:00+00:00,2356.69,2361.01,2328.85,2351.66,296528.674,2026-03-16 23:59:59.999000+00:00,695299231.51417,419282,137796.31,323161396.34353,0,ETHUSDT,1h
2026-03-17 00:00:00+00:00,2351.66,2377.0,2339.0,2356.55,453717.525,2026-03-17 00:59:59.999000+00:00,1070042788.08418,747167,252601.325,596133355.30134,0,ETHUSDT,1h
2026-03-17 01:00:00+00:00,2356.54,2375.94,2345.57,2359.83,319160.202,2026-03-17 01:59:59.999000+00:00,753460865.26124,608372,154874.587,365704927.99112,0,ETHUSDT,1h
2026-03-17 02:00:00+00:00,2359.83,2360.67,2343.39,2349.96,175292.87,2026-03-17 02:59:59.999000+00:00,412176896.19508,307951,83788.595,197023616.35275,0,ETHUSDT,1h
2026-03-17 03:00:00+00:00,2349.96,2354.85,2306.87,2319.11,561598.169,2026-03-17 03:59:59.999000+00:00,1304520265.3619,582714,274199.089,636819434.59563,0,ETHUSDT,1h
2026-03-17 04:00:00+00:00,2319.12,2329.0,2292.57,2310.27,428905.121,2026-03-17 04:59:59.999000+00:00,991958444.24349,484833,208405.67,482233600.20784,0,ETHUSDT,1h
2026-03-17 05:00:00+00:00,2310.27,2317.69,2296.67,2306.3,179559.702,2026-03-17 05:59:59.999000+00:00,414379290.79578,346839,82056.972,189394192.40546,0,ETHUSDT,1h
2026-03-17 06:00:00+00:00,2306.29,2324.54,2297.21,2314.25,193162.132,2026-03-17 06:59:59.999000+00:00,446713941.23754,339560,98556.455,227999437.88863,0,ETHUSDT,1h
2026-03-17 07:00:00+00:00,2314.26,2337.5,2314.21,2326.75,181336.733,2026-03-17 07:59:59.999000+00:00,422353758.9931,285742,98045.571,228371013.81898,0,ETHUSDT,1h
2026-03-17 08:00:00+00:00,2326.74,2334.73,2314.1,2319.52,171350.764,2026-03-17 08:59:59.999000+00:00,398216939.01542,312514,79299.749,184334549.00133,0,ETHUSDT,1h
2026-03-17 09:00:00+00:00,2319.52,2328.87,2305.0,2314.67,261142.338,2026-03-17 09:59:59.999000+00:00,604855320.62929,363114,125293.166,290259884.55537,0,ETHUSDT,1h
2026-03-17 10:00:00+00:00,2314.67,2315.99,2301.04,2311.87,166088.999,2026-03-17 10:59:59.999000+00:00,383696607.07313,278342,89476.085,206741608.773,0,ETHUSDT,1h
2026-03-17 11:00:00+00:00,2311.87,2332.22,2310.56,2325.75,187098.981,2026-03-17 11:59:59.999000+00:00,435061767.75555,278450,101580.518,236218701.22884,0,ETHUSDT,1h
2026-03-17 12:00:00+00:00,2325.75,2334.43,2311.72,2314.63,185179.697,2026-03-17 12:59:59.999000+00:00,429925859.90065,334121,95367.41,221415532.4691,0,ETHUSDT,1h
2026-03-17 13:00:00+00:00,2314.62,2345.19,2312.31,2327.6,368883.221,2026-03-17 13:59:59.999000+00:00,859029254.26813,576269,184253.003,429073333.41025,0,ETHUSDT,1h
2026-03-17 14:00:00+00:00,2327.6,2347.82,2316.88,2342.33,271713.186,2026-03-17 14:59:59.999000+00:00,634687986.56247,579233,134167.628,313412226.7157,0,ETHUSDT,1h
2026-03-17 15:00:00+00:00,2342.34,2356.66,2303.0,2314.69,458417.061,2026-03-17 15:59:59.999000+00:00,1066083376.26562,700185,228154.343,530698606.96087,0,ETHUSDT,1h
2026-03-17 16:00:00+00:00,2314.68,2335.81,2311.07,2325.72,204472.356,2026-03-17 16:59:59.999000+00:00,475380974.02544,413459,101995.463,237125272.66933,0,ETHUSDT,1h
2026-03-17 17:00:00+00:00,2325.71,2341.83,2319.07,2338.93,143196.383,2026-03-17 17:59:59.999000+00:00,333959212.39271,290856,69885.297,162999356.59288,0,ETHUSDT,1h
2026-03-17 18:00:00+00:00,2338.93,2341.66,2327.01,2331.96,109652.947,2026-03-17 18:59:59.999000+00:00,256130407.60984,235201,49492.912,115607126.31371,0,ETHUSDT,1h
2026-03-17 19:00:00+00:00,2331.96,2338.99,2315.61,2319.1,122695.101,2026-03-17 19:59:59.999000+00:00,285508929.7439,219839,58885.711,137021799.20848,0,ETHUSDT,1h
2026-03-17 20:00:00+00:00,2319.09,2329.15,2316.26,2326.66,84197.153,2026-03-17 20:59:59.999000+00:00,195578187.32635,134098,44010.672,102236707.77015,0,ETHUSDT,1h
2026-03-17 21:00:00+00:00,2326.66,2345.0,2326.65,2337.16,97284.919,2026-03-17 21:59:59.999000+00:00,227384032.76335,142904,53200.847,124367220.85959,0,ETHUSDT,1h
2026-03-17 22:00:00+00:00,2337.16,2341.09,2317.2,2328.41,84841.134,2026-03-17 22:59:59.999000+00:00,197477206.07688,173069,43236.185,100642823.19052,0,ETHUSDT,1h
2026-03-17 23:00:00+00:00,2328.41,2332.15,2315.51,2316.45,86004.697,2026-03-17 23:59:59.999000+00:00,199841142.77026,146695,46499.631,108047426.37076,0,ETHUSDT,1h
2026-03-18 00:00:00+00:00,2316.45,2324.77,2305.6,2323.27,153864.583,2026-03-18 00:59:59.999000+00:00,356144030.83457,275298,75928.439,175790797.90669,0,ETHUSDT,1h
2026-03-18 01:00:00+00:00,2323.27,2334.15,2321.71,2323.81,110568.412,2026-03-18 01:59:59.999000+00:00,257335552.49055,208521,54668.173,127241749.03921,0,ETHUSDT,1h
2026-03-18 02:00:00+00:00,2323.82,2340.93,2323.3,2330.04,110257.13,2026-03-18 02:59:59.999000+00:00,257280318.57008,179935,58095.923,135563004.26117,0,ETHUSDT,1h
2026-03-18 03:00:00+00:00,2330.05,2349.99,2327.11,2339.6,190329.584,2026-03-18 03:59:59.999000+00:00,445289309.41795,239292,97854.334,228953286.23377,0,ETHUSDT,1h
2026-03-18 04:00:00+00:00,2339.61,2341.0,2325.12,2326.33,99591.689,2026-03-18 04:59:59.999000+00:00,232274459.70491,148243,43975.675,102554691.4874,0,ETHUSDT,1h
2026-03-18 05:00:00+00:00,2326.32,2329.99,2312.88,2317.52,174736.383,2026-03-18 05:59:59.999000+00:00,405726203.03339,191181,78689.431,182714132.73745,0,ETHUSDT,1h
2026-03-18 06:00:00+00:00,2317.53,2330.55,2317.13,2321.52,135748.766,2026-03-18 06:59:59.999000+00:00,315383592.5775,148147,74525.44,173139339.13444,0,ETHUSDT,1h
2026-03-18 07:00:00+00:00,2321.53,2322.45,2310.07,2316.6,113764.921,2026-03-18 07:59:59.999000+00:00,263490729.19856,149221,59481.144,137767210.23464,0,ETHUSDT,1h
2026-03-18 08:00:00+00:00,2316.6,2324.75,2316.09,2321.61,75006.225,2026-03-18 08:59:59.999000+00:00,174045162.53355,149670,40392.814,93725212.76907,0,ETHUSDT,1h
2026-03-18 09:00:00+00:00,2321.62,2332.98,2320.32,2328.12,98014.49,2026-03-18 09:59:59.999000+00:00,228163722.06609,143763,49699.634,115691490.42924,0,ETHUSDT,1h
2026-03-18 10:00:00+00:00,2328.12,2330.88,2305.08,2311.68,191917.993,2026-03-18 10:59:59.999000+00:00,444386739.42335,214824,89209.123,206584903.04684,0,ETHUSDT,1h
2026-03-18 11:00:00+00:00,2311.68,2318.43,2262.01,2268.1,871709.877,2026-03-18 11:59:59.999000+00:00,1989081676.2447,811736,385260.473,878859181.88046,0,ETHUSDT,1h
2026-03-18 12:00:00+00:00,2268.11,2269.74,2234.1,2236.48,676849.691,2026-03-18 12:59:59.999000+00:00,1522376026.13108,798403,331332.563,745234519.99637,0,ETHUSDT,1h
2026-03-18 13:00:00+00:00,2236.49,2243.87,2221.23,2234.66,505111.427,2026-03-18 13:59:59.999000+00:00,1128648509.88269,691066,251183.621,561316656.94138,0,ETHUSDT,1h
2026-03-18 14:00:00+00:00,2234.65,2236.19,2185.0,2189.1,772502.224,2026-03-18 14:59:59.999000+00:00,1706228920.59689,814817,357261.195,789344542.33959,0,ETHUSDT,1h
2026-03-18 15:00:00+00:00,2189.09,2194.98,2168.0,2186.25,726857.103,2026-03-18 15:59:59.999000+00:00,1586020258.27042,784307,353641.04,771770501.61185,0,ETHUSDT,1h
2026-03-18 16:00:00+00:00,2186.25,2190.0,2163.03,2180.0,373791.507,2026-03-18 16:59:59.999000+00:00,813742680.35097,500750,189620.763,412884141.6932,0,ETHUSDT,1h
2026-03-18 17:00:00+00:00,2180.01,2210.65,2175.83,2202.59,359420.871,2026-03-18 17:59:59.999000+00:00,789249485.04314,457735,203404.942,446769334.24504,0,ETHUSDT,1h
2026-03-18 18:00:00+00:00,2202.59,2219.0,2174.55,2180.26,479021.705,2026-03-18 18:59:59.999000+00:00,1053006989.1566,766695,231352.617,508823402.99068,0,ETHUSDT,1h
2026-03-18 19:00:00+00:00,2180.26,2196.15,2176.3,2184.91,173762.454,2026-03-18 19:59:59.999000+00:00,380107931.82921,347567,84780.236,185458676.38693,0,ETHUSDT,1h
2026-03-18 20:00:00+00:00,2184.9,2195.14,2150.7,2186.41,382310.938,2026-03-18 20:59:59.999000+00:00,830435209.08458,449180,192495.528,418287360.78506,0,ETHUSDT,1h
2026-03-18 21:00:00+00:00,2186.41,2205.9,2184.54,2201.55,127886.39,2026-03-18 21:59:59.999000+00:00,280881027.86679,192069,65354.601,143558561.87169,0,ETHUSDT,1h
2026-03-18 22:00:00+00:00,2201.55,2202.48,2185.59,2193.43,100605.204,2026-03-18 22:59:59.999000+00:00,220520700.80809,183340,47051.582,103115512.99719,0,ETHUSDT,1h
2026-03-18 23:00:00+00:00,2193.44,2205.9,2187.88,2201.95,121372.858,2026-03-18 23:59:59.999000+00:00,266734904.65191,217135,58136.202,127770452.93256,0,ETHUSDT,1h
2026-03-19 00:00:00+00:00,2201.96,2208.15,2189.41,2192.11,128020.583,2026-03-19 00:59:59.999000+00:00,281275927.37071,252889,61954.012,136129748.06466,0,ETHUSDT,1h
2026-03-19 01:00:00+00:00,2192.1,2200.89,2186.12,2195.69,96256.622,2026-03-19 01:59:59.999000+00:00,211162477.55597,214662,53202.04,116724052.57938,0,ETHUSDT,1h
2026-03-19 02:00:00+00:00,2195.7,2203.87,2187.58,2195.59,87466.988,2026-03-19 02:59:59.999000+00:00,192231862.4079,191428,47108.713,103537662.1272,0,ETHUSDT,1h
2026-03-19 03:00:00+00:00,2195.6,2232.64,2195.6,2210.87,361734.706,2026-03-19 03:59:59.999000+00:00,802130507.33176,411715,199844.888,443102441.83025,0,ETHUSDT,1h
2026-03-19 04:00:00+00:00,2210.86,2212.0,2188.59,2192.49,172452.755,2026-03-19 04:59:59.999000+00:00,379018700.46491,291476,80476.074,176884260.04519,0,ETHUSDT,1h
2026-03-19 05:00:00+00:00,2192.49,2197.56,2185.3,2188.01,100216.414,2026-03-19 05:59:59.999000+00:00,219505032.41454,199140,46905.438,102747221.29518,0,ETHUSDT,1h
2026-03-19 06:00:00+00:00,2188.01,2194.8,2176.61,2179.73,202254.388,2026-03-19 06:59:59.999000+00:00,441649047.08893,300270,89534.266,195559626.69451,0,ETHUSDT,1h
2026-03-19 07:00:00+00:00,2179.72,2181.51,2141.79,2165.27,655742.152,2026-03-19 07:59:59.999000+00:00,1417402529.43142,733775,287425.536,621301336.30621,0,ETHUSDT,1h
2026-03-19 08:00:00+00:00,2165.27,2169.96,2156.84,2159.64,182592.05,2026-03-19 08:59:59.999000+00:00,394762500.31826,358571,93040.311,201164000.20662,0,ETHUSDT,1h
2026-03-19 09:00:00+00:00,2159.63,2189.8,2159.43,2188.22,304665.209,2026-03-19 09:59:59.999000+00:00,663628340.46025,439363,174538.632,380200884.98956,0,ETHUSDT,1h
2026-03-19 10:00:00+00:00,2188.22,2191.99,2171.28,2171.72,142188.541,2026-03-19 10:59:59.999000+00:00,310054969.1312,222100,68563.53,149535391.23147,0,ETHUSDT,1h
2026-03-19 11:00:00+00:00,2171.73,2176.67,2164.55,2166.0,139041.585,2026-03-19 11:59:59.999000+00:00,301666682.40496,212283,70178.678,152262545.04846,0,ETHUSDT,1h
2026-03-19 12:00:00+00:00,2165.99,2166.58,2128.45,2131.34,482819.319,2026-03-19 12:59:59.999000+00:00,1036396483.64883,502309,213275.329,457826228.78243,0,ETHUSDT,1h
2026-03-19 13:00:00+00:00,2131.35,2142.47,2106.9,2136.67,756038.785,2026-03-19 13:59:59.999000+00:00,1607714361.77161,939835,366345.176,779337818.97476,0,ETHUSDT,1h
2026-03-19 14:00:00+00:00,2136.68,2146.5,2101.0,2120.6,524967.847,2026-03-19 14:59:59.999000+00:00,1112368946.26152,749397,265903.62,563506410.09787,0,ETHUSDT,1h
2026-03-19 15:00:00+00:00,2120.6,2135.89,2098.02,2117.62,449763.997,2026-03-19 15:59:59.999000+00:00,951875088.83968,687798,222523.259,471028469.35633,0,ETHUSDT,1h
2026-03-19 16:00:00+00:00,2117.63,2121.7,2105.28,2113.95,329547.826,2026-03-19 16:59:59.999000+00:00,696095511.83309,472902,161240.538,340593920.5807,0,ETHUSDT,1h
2026-03-19 17:00:00+00:00,2113.96,2130.98,2103.43,2126.09,231286.325,2026-03-19 17:59:59.999000+00:00,490045825.29796,380637,126501.561,268071434.92764,0,ETHUSDT,1h
2026-03-19 18:00:00+00:00,2126.09,2128.55,2113.01,2123.98,100790.734,2026-03-19 18:59:59.999000+00:00,213702412.91722,214050,51932.164,110098843.73887,0,ETHUSDT,1h
2026-03-19 19:00:00+00:00,2123.98,2155.9,2123.67,2139.99,376687.132,2026-03-19 19:59:59.999000+00:00,807274718.02451,597460,204975.321,439329834.30767,0,ETHUSDT,1h
2026-03-19 20:00:00+00:00,2139.99,2151.75,2138.18,2145.03,102671.384,2026-03-19 20:59:59.999000+00:00,220124564.60289,168521,45369.986,97274387.36359,0,ETHUSDT,1h
2026-03-19 21:00:00+00:00,2145.03,2154.43,2143.34,2148.68,91777.743,2026-03-19 21:59:59.999000+00:00,197193173.31657,149217,37719.662,81045834.04217,0,ETHUSDT,1h
2026-03-19 22:00:00+00:00,2148.68,2151.27,2131.13,2139.05,119076.124,2026-03-19 22:59:59.999000+00:00,254945123.10396,211301,46821.139,100237160.50033,0,ETHUSDT,1h
2026-03-19 23:00:00+00:00,2139.05,2146.36,2129.37,2136.56,94649.699,2026-03-19 23:59:59.999000+00:00,202355471.1325,203793,46219.521,98836809.95357,0,ETHUSDT,1h
2026-03-20 00:00:00+00:00,2136.56,2148.0,2133.35,2144.5,92451.144,2026-03-20 00:59:59.999000+00:00,198098970.76506,213110,47961.794,102784892.32717,0,ETHUSDT,1h
2026-03-20 01:00:00+00:00,2144.51,2159.67,2143.63,2149.76,133021.299,2026-03-20 01:59:59.999000+00:00,286344392.15256,253368,70524.449,151835912.00577,0,ETHUSDT,1h
2026-03-20 02:00:00+00:00,2149.76,2150.71,2131.07,2143.31,135866.488,2026-03-20 02:59:59.999000+00:00,290834414.33261,227511,61538.827,131744193.2032,0,ETHUSDT,1h
2026-03-20 03:00:00+00:00,2143.31,2156.0,2142.17,2150.2,94761.501,2026-03-20 03:59:59.999000+00:00,203742909.578,184031,49911.175,107309072.5426,0,ETHUSDT,1h
2026-03-20 04:00:00+00:00,2150.2,2158.53,2138.01,2147.27,127562.668,2026-03-20 04:59:59.999000+00:00,273937023.94133,197624,64529.097,138591574.9028,0,ETHUSDT,1h
2026-03-20 05:00:00+00:00,2147.27,2151.69,2136.15,2139.33,104940.981,2026-03-20 05:59:59.999000+00:00,224938042.21984,176331,48785.761,104585812.30366,0,ETHUSDT,1h
2026-03-20 06:00:00+00:00,2139.32,2140.8,2130.42,2135.65,108137.558,2026-03-20 06:59:59.999000+00:00,230986029.10275,184731,51308.926,109610595.67693,0,ETHUSDT,1h
2026-03-20 07:00:00+00:00,2135.65,2152.6,2120.04,2149.3,281373.948,2026-03-20 07:59:59.999000+00:00,601524988.2346,330277,146899.762,314214325.20412,0,ETHUSDT,1h
2026-03-20 08:00:00+00:00,2149.3,2175.64,2145.13,2162.74,331691.87,2026-03-20 08:59:59.999000+00:00,717760400.44189,442462,183618.034,397337618.07038,0,ETHUSDT,1h
2026-03-20 09:00:00+00:00,2162.74,2162.91,2133.65,2140.18,241111.398,2026-03-20 09:59:59.999000+00:00,517399827.54624,369624,106771.38,229135107.52736,0,ETHUSDT,1h
2026-03-20 10:00:00+00:00,2140.18,2150.29,2130.23,2147.09,171332.754,2026-03-20 10:59:59.999000+00:00,366580713.33707,260842,89039.31,190542102.57087,0,ETHUSDT,1h
2026-03-20 11:00:00+00:00,2147.09,2157.67,2133.23,2140.37,184080.741,2026-03-20 11:59:59.999000+00:00,394884428.00184,243353,88201.252,189272181.33687,0,ETHUSDT,1h
2026-03-20 12:00:00+00:00,2140.36,2151.99,2133.92,2139.96,142561.527,2026-03-20 12:59:59.999000+00:00,305470660.7956,245267,75862.701,162578548.67959,0,ETHUSDT,1h
2026-03-20 13:00:00+00:00,2139.96,2152.0,2121.93,2126.27,356678.968,2026-03-20 13:59:59.999000+00:00,761343646.04129,574859,173355.368,370149970.32956,0,ETHUSDT,1h
2026-03-20 14:00:00+00:00,2126.26,2148.0,2114.2,2128.15,537858.479,2026-03-20 14:59:59.999000+00:00,1146114366.1462,735965,288430.418,614742413.83564,0,ETHUSDT,1h
2026-03-20 15:00:00+00:00,2128.15,2137.88,2119.11,2133.09,224351.734,2026-03-20 15:59:59.999000+00:00,477450308.00966,438575,109573.951,233277133.89621,0,ETHUSDT,1h
2026-03-20 16:00:00+00:00,2133.09,2144.0,2129.48,2136.32,147566.028,2026-03-20 16:59:59.999000+00:00,315315238.38676,299843,74069.169,158276302.08935,0,ETHUSDT,1h
2026-03-20 17:00:00+00:00,2136.33,2140.25,2118.31,2135.91,202766.731,2026-03-20 17:59:59.999000+00:00,431869887.51972,325938,102666.047,218736767.75634,0,ETHUSDT,1h
2026-03-20 18:00:00+00:00,2135.92,2136.71,2116.36,2122.39,181326.101,2026-03-20 18:59:59.999000+00:00,385479601.75622,338456,88262.757,187628080.59948,0,ETHUSDT,1h
2026-03-20 19:00:00+00:00,2122.4,2133.93,2116.28,2132.1,150155.849,2026-03-20 19:59:59.999000+00:00,319114084.58871,311267,74979.314,159365639.85006,0,ETHUSDT,1h
2026-03-20 20:00:00+00:00,2132.1,2135.99,2122.9,2132.1,106954.324,2026-03-20 20:59:59.999000+00:00,227802253.76906,157153,53218.525,113356430.1187,0,ETHUSDT,1h
2026-03-20 21:00:00+00:00,2132.09,2157.61,2129.59,2146.7,190853.808,2026-03-20 21:59:59.999000+00:00,409479376.20352,212713,104746.355,224694467.2425,0,ETHUSDT,1h
2026-03-20 22:00:00+00:00,2146.69,2167.53,2146.69,2153.52,144083.681,2026-03-20 22:59:59.999000+00:00,311051995.38468,208036,81304.695,175556001.89338,0,ETHUSDT,1h
2026-03-20 23:00:00+00:00,2153.52,2154.68,2141.89,2145.08,73684.071,2026-03-20 23:59:59.999000+00:00,158173326.52654,130021,33306.429,71490302.52723,0,ETHUSDT,1h
2026-03-21 00:00:00+00:00,2145.08,2155.78,2142.88,2152.46,75087.142,2026-03-21 00:59:59.999000+00:00,161430177.35665,128209,41624.036,89492504.93944,0,ETHUSDT,1h
2026-03-21 01:00:00+00:00,2152.46,2159.0,2146.0,2146.62,66852.349,2026-03-21 01:59:59.999000+00:00,143876625.99366,113743,30433.044,65508953.98281,0,ETHUSDT,1h
2026-03-21 02:00:00+00:00,2146.62,2155.54,2145.13,2154.08,43125.017,2026-03-21 02:59:59.999000+00:00,92736046.58783,85765,22983.149,49428505.34883,0,ETHUSDT,1h
2026-03-21 03:00:00+00:00,2154.08,2155.0,2149.77,2152.41,29634.75,2026-03-21 03:59:59.999000+00:00,63779215.26847,57025,14358.72,30903631.3176,0,ETHUSDT,1h
2026-03-21 04:00:00+00:00,2152.4,2157.41,2149.06,2150.82,61018.458,2026-03-21 04:59:59.999000+00:00,131378916.29257,82820,30174.62,64973251.43279,0,ETHUSDT,1h
2026-03-21 05:00:00+00:00,2150.82,2156.94,2150.81,2152.14,41392.494,2026-03-21 05:59:59.999000+00:00,89146108.58764,62961,20508.962,44170153.40884,0,ETHUSDT,1h
2026-03-21 06:00:00+00:00,2152.14,2155.25,2151.03,2154.6,31563.026,2026-03-21 06:59:59.999000+00:00,67963395.80536,49682,17088.535,36798389.39198,0,ETHUSDT,1h
2026-03-21 07:00:00+00:00,2154.59,2160.71,2152.42,2154.4,56779.44,2026-03-21 07:59:59.999000+00:00,122459970.88793,73760,27950.915,60287844.80712,0,ETHUSDT,1h
2026-03-21 08:00:00+00:00,2154.4,2156.17,2148.45,2153.0,61019.009,2026-03-21 08:59:59.999000+00:00,131314047.70422,71380,28042.192,60355199.11764,0,ETHUSDT,1h
2026-03-21 09:00:00+00:00,2153.0,2158.0,2152.73,2157.5,53850.331,2026-03-21 09:59:59.999000+00:00,116090623.39166,63737,27099.608,58421127.41476,0,ETHUSDT,1h
2026-03-21 10:00:00+00:00,2157.49,2158.16,2151.89,2153.19,47419.656,2026-03-21 10:59:59.999000+00:00,102157593.75987,58198,22924.794,49387935.87718,0,ETHUSDT,1h
2026-03-21 11:00:00+00:00,2153.19,2156.92,2151.78,2156.53,37734.952,2026-03-21 11:59:59.999000+00:00,81300110.67016,50059,23096.104,49761069.10754,0,ETHUSDT,1h
2026-03-21 12:00:00+00:00,2156.54,2159.86,2155.75,2156.97,51309.439,2026-03-21 12:59:59.999000+00:00,110708456.94081,63321,29234.637,63079980.48884,0,ETHUSDT,1h
2026-03-21 13:00:00+00:00,2156.96,2159.0,2153.83,2154.89,36546.352,2026-03-21 13:59:59.999000+00:00,78784495.5695,52807,17731.34,38225496.41225,0,ETHUSDT,1h
2026-03-21 14:00:00+00:00,2154.9,2168.0,2149.09,2151.08,162658.546,2026-03-21 14:59:59.999000+00:00,351191631.14095,181551,85412.974,184447471.87553,0,ETHUSDT,1h
2026-03-21 15:00:00+00:00,2151.08,2156.87,2145.0,2154.25,127940.903,2026-03-21 15:59:59.999000+00:00,275189630.14399,138567,60328.432,129770302.01355,0,ETHUSDT,1h
2026-03-21 16:00:00+00:00,2154.25,2154.61,2143.27,2145.61,83258.363,2026-03-21 16:59:59.999000+00:00,178920764.85399,107646,33705.222,72429992.57508,0,ETHUSDT,1h
2026-03-21 17:00:00+00:00,2145.6,2149.68,2140.15,2147.22,54925.151,2026-03-21 17:59:59.999000+00:00,117848954.03221,79641,27660.669,59361066.47853,0,ETHUSDT,1h
2026-03-21 18:00:00+00:00,2147.22,2154.66,2146.47,2150.1,50956.164,2026-03-21 18:59:59.999000+00:00,109619728.4666,64527,28789.737,61936291.11536,0,ETHUSDT,1h
2026-03-21 19:00:00+00:00,2150.11,2152.25,2148.07,2151.19,18769.311,2026-03-21 19:59:59.999000+00:00,40359157.67853,38521,9517.99,20467223.54964,0,ETHUSDT,1h
2026-03-21 20:00:00+00:00,2151.19,2155.75,2149.4,2154.57,51397.235,2026-03-21 20:59:59.999000+00:00,110679496.16171,59312,26765.999,57644055.71116,0,ETHUSDT,1h
2026-03-21 21:00:00+00:00,2154.57,2156.12,2151.1,2152.67,28353.91,2026-03-21 21:59:59.999000+00:00,61068810.32848,46370,14331.952,30868809.98065,0,ETHUSDT,1h
2026-03-21 22:00:00+00:00,2152.66,2152.69,2148.24,2148.77,30030.645,2026-03-21 22:59:59.999000+00:00,64573350.07318,50335,13206.135,28397772.10083,0,ETHUSDT,1h
2026-03-21 23:00:00+00:00,2148.78,2148.99,2068.78,2083.37,586445.903,2026-03-21 23:59:59.999000+00:00,1234655820.35288,631534,235152.219,494699492.77107,0,ETHUSDT,1h
2026-03-22 00:00:00+00:00,2083.37,2094.0,2045.57,2086.25,598103.935,2026-03-22 00:59:59.999000+00:00,1238827821.34252,899770,291868.875,604968053.95992,0,ETHUSDT,1h
2026-03-22 01:00:00+00:00,2086.25,2093.1,2080.55,2089.99,147864.534,2026-03-22 01:59:59.999000+00:00,308640181.98907,265019,73297.455,153016409.30074,0,ETHUSDT,1h
2026-03-22 02:00:00+00:00,2089.99,2108.68,2086.6,2101.15,171769.69,2026-03-22 02:59:59.999000+00:00,360505960.11919,261884,89805.015,188495663.67176,0,ETHUSDT,1h
2026-03-22 03:00:00+00:00,2101.16,2126.38,2096.98,2112.84,208578.162,2026-03-22 03:59:59.999000+00:00,441029991.62482,312938,116340.898,245999324.04152,0,ETHUSDT,1h
2026-03-22 04:00:00+00:00,2112.83,2122.16,2105.22,2118.39,179646.951,2026-03-22 04:59:59.999000+00:00,379991463.15808,259461,100899.128,213447673.49223,0,ETHUSDT,1h
2026-03-22 05:00:00+00:00,2118.39,2120.0,2111.36,2112.01,97740.764,2026-03-22 05:59:59.999000+00:00,206788665.3327,150051,52046.736,110124547.26843,0,ETHUSDT,1h
2026-03-22 06:00:00+00:00,2112.02,2112.59,2106.5,2107.58,76199.774,2026-03-22 06:59:59.999000+00:00,160724756.90785,126055,37059.987,78172037.66358,0,ETHUSDT,1h
2026-03-22 07:00:00+00:00,2107.57,2111.28,2091.39,2092.82,164555.287,2026-03-22 07:59:59.999000+00:00,345708299.00857,200583,64554.106,135664905.22994,0,ETHUSDT,1h
2026-03-22 08:00:00+00:00,2092.82,2095.0,2072.78,2085.29,319960.994,2026-03-22 08:59:59.999000+00:00,666731112.98963,421362,140818.849,293461626.3184,0,ETHUSDT,1h
2026-03-22 09:00:00+00:00,2085.28,2096.73,2078.03,2083.82,139591.788,2026-03-22 09:59:59.999000+00:00,291137099.95962,197825,71064.514,148231503.72657,0,ETHUSDT,1h
2026-03-22 10:00:00+00:00,2083.82,2085.9,2075.78,2080.13,72169.219,2026-03-22 10:59:59.999000+00:00,150141506.03284,124733,33363.869,69422521.06044,0,ETHUSDT,1h
2026-03-22 11:00:00+00:00,2080.12,2082.84,2065.21,2068.97,172972.332,2026-03-22 11:59:59.999000+00:00,358598083.41447,247637,82536.364,171126535.12271,0,ETHUSDT,1h
2026-03-22 12:00:00+00:00,2068.96,2087.3,2066.87,2081.38,178681.394,2026-03-22 12:59:59.999000+00:00,371313610.40543,241136,101607.92,211169908.24658,0,ETHUSDT,1h
2026-03-22 13:00:00+00:00,2081.38,2092.6,2070.83,2077.58,167062.81,2026-03-22 13:59:59.999000+00:00,347905084.07081,226037,87904.621,183107137.36857,0,ETHUSDT,1h
2026-03-22 14:00:00+00:00,2077.58,2084.31,2070.47,2076.98,109558.74,2026-03-22 14:59:59.999000+00:00,227680263.5033,168766,55546.85,115452928.74715,0,ETHUSDT,1h
2026-03-22 15:00:00+00:00,2076.97,2083.5,2074.58,2081.96,90044.67,2026-03-22 15:59:59.999000+00:00,187222738.1894,143229,48428.815,100694980.90692,0,ETHUSDT,1h
2026-03-22 16:00:00+00:00,2081.97,2083.56,2076.6,2080.96,58679.586,2026-03-22 16:59:59.999000+00:00,122062473.51005,105792,29553.81,61477304.0904,0,ETHUSDT,1h
2026-03-22 17:00:00+00:00,2080.96,2083.48,2076.18,2078.46,48369.673,2026-03-22 17:59:59.999000+00:00,100623975.43604,97505,24221.466,50387271.4074,0,ETHUSDT,1h
2026-03-22 18:00:00+00:00,2078.46,2079.54,2054.29,2070.94,171307.229,2026-03-22 18:59:59.999000+00:00,354042449.10916,232447,78671.288,162602764.33586,0,ETHUSDT,1h
2026-03-22 19:00:00+00:00,2070.93,2071.88,2053.01,2062.0,134263.178,2026-03-22 19:59:59.999000+00:00,276702807.43142,227182,62954.696,129758781.91674,0,ETHUSDT,1h
2026-03-22 20:00:00+00:00,2062.0,2071.31,2054.73,2057.56,95643.006,2026-03-22 20:59:59.999000+00:00,197290461.59956,166736,49556.143,102251232.48113,0,ETHUSDT,1h
2026-03-22 21:00:00+00:00,2057.55,2059.55,2024.11,2044.83,407089.49,2026-03-22 21:59:59.999000+00:00,829966236.93083,529255,196305.475,400325886.90372,0,ETHUSDT,1h
2026-03-22 22:00:00+00:00,2044.83,2064.84,2031.14,2061.73,233540.645,2026-03-22 22:59:59.999000+00:00,478890911.97132,431465,126384.28,259187455.8728,0,ETHUSDT,1h
2026-03-22 23:00:00+00:00,2061.74,2074.71,2050.01,2052.85,170972.447,2026-03-22 23:59:59.999000+00:00,352543642.89672,286762,86511.122,178462776.53434,0,ETHUSDT,1h
2026-03-23 00:00:00+00:00,2052.86,2062.22,2034.38,2042.51,237689.047,2026-03-23 00:59:59.999000+00:00,486743445.50535,459865,120265.027,246371348.41782,0,ETHUSDT,1h
2026-03-23 01:00:00+00:00,2042.51,2061.75,2038.4,2046.62,150855.009,2026-03-23 01:59:59.999000+00:00,309704206.36441,337198,80579.331,165421063.52749,0,ETHUSDT,1h
2026-03-23 02:00:00+00:00,2046.63,2070.83,2045.55,2062.35,189359.86,2026-03-23 02:59:59.999000+00:00,389789577.80507,321657,115656.529,238072350.67736,0,ETHUSDT,1h
2026-03-23 03:00:00+00:00,2062.35,2071.92,2050.64,2051.55,105153.818,2026-03-23 03:59:59.999000+00:00,216570199.89769,229276,52488.193,108130737.05028,0,ETHUSDT,1h
2026-03-23 04:00:00+00:00,2051.55,2066.0,2049.54,2064.72,95688.605,2026-03-23 04:59:59.999000+00:00,196765387.36297,198502,47748.483,98230570.26171,0,ETHUSDT,1h
2026-03-23 05:00:00+00:00,2064.71,2071.3,2059.62,2068.28,135910.505,2026-03-23 05:59:59.999000+00:00,280798321.30239,246468,72640.549,150103632.29532,0,ETHUSDT,1h
2026-03-23 06:00:00+00:00,2068.27,2068.27,2026.59,2036.2,335242.567,2026-03-23 06:59:59.999000+00:00,684538733.63595,453804,153116.294,312621398.17273,0,ETHUSDT,1h
2026-03-23 07:00:00+00:00,2036.2,2049.34,2021.58,2043.65,269882.237,2026-03-23 07:59:59.999000+00:00,549515808.93615,485446,133097.9,271097048.29716,0,ETHUSDT,1h
2026-03-23 08:00:00+00:00,2043.65,2058.45,2042.3,2046.85,161903.927,2026-03-23 08:59:59.999000+00:00,332128215.30427,333452,85799.757,176016237.63588,0,ETHUSDT,1h
2026-03-23 09:00:00+00:00,2046.85,2048.08,2027.57,2042.63,201602.83,2026-03-23 09:59:59.999000+00:00,410773507.8846,297527,92815.264,189156355.37257,0,ETHUSDT,1h
2026-03-23 10:00:00+00:00,2042.63,2053.3,2039.13,2047.83,144610.331,2026-03-23 10:59:59.999000+00:00,295832420.36114,235221,84884.533,173650648.96866,0,ETHUSDT,1h
2026-03-23 11:00:00+00:00,2047.84,2199.0,2047.84,2133.89,2331140.717,2026-03-23 11:59:59.999000+00:00,5010257488.05219,2510206,1265195.998,2716432975.52915,0,ETHUSDT,1h
2026-03-23 12:00:00+00:00,2133.9,2147.38,2105.39,2143.0,785428.735,2026-03-23 12:59:59.999000+00:00,1669131683.22156,1057594,362159.952,769917772.14422,0,ETHUSDT,1h
2026-03-23 13:00:00+00:00,2143.0,2188.77,2139.06,2184.74,636024.952,2026-03-23 13:59:59.999000+00:00,1376866227.7717,1049779,365262.195,791221609.39404,0,ETHUSDT,1h
2026-03-23 14:00:00+00:00,2184.74,2192.54,2168.0,2180.37,447210.211,2026-03-23 14:59:59.999000+00:00,975133800.26136,791134,232525.708,507136910.30148,0,ETHUSDT,1h
2026-03-23 15:00:00+00:00,2180.37,2187.7,2123.04,2127.55,562456.193,2026-03-23 15:59:59.999000+00:00,1210569196.00709,738286,248135.113,534108331.60292,0,ETHUSDT,1h
2026-03-23 16:00:00+00:00,2127.54,2141.55,2116.0,2134.82,525471.479,2026-03-23 16:59:59.999000+00:00,1118809796.83605,782352,241449.545,514201621.06439,0,ETHUSDT,1h
2026-03-23 17:00:00+00:00,2134.82,2157.98,2123.13,2151.45,253333.554,2026-03-23 17:59:59.999000+00:00,542864199.6104,488225,129758.347,278165551.67934,0,ETHUSDT,1h
2026-03-23 18:00:00+00:00,2151.45,2171.3,2144.13,2167.68,250995.64,2026-03-23 18:59:59.999000+00:00,541498349.177,413803,135043.907,291500577.87185,0,ETHUSDT,1h
2026-03-23 19:00:00+00:00,2167.68,2179.0,2148.66,2153.37,190016.091,2026-03-23 19:59:59.999000+00:00,411195355.63418,320201,96229.613,208320987.09928,0,ETHUSDT,1h
2026-03-23 20:00:00+00:00,2153.36,2165.87,2149.49,2160.51,75906.311,2026-03-23 20:59:59.999000+00:00,163847352.6603,133979,40117.594,86596152.14499,0,ETHUSDT,1h
2026-03-23 21:00:00+00:00,2160.52,2162.75,2153.52,2156.96,48597.2,2026-03-23 21:59:59.999000+00:00,104883121.68393,85926,26097.53,56323103.07689,0,ETHUSDT,1h
2026-03-23 22:00:00+00:00,2156.96,2158.74,2142.51,2151.61,78680.826,2026-03-23 22:59:59.999000+00:00,169102376.7828,173327,36677.485,78835820.41536,0,ETHUSDT,1h
2026-03-23 23:00:00+00:00,2151.6,2154.58,2139.06,2151.01,80348.653,2026-03-23 23:59:59.999000+00:00,172482974.2766,190718,41020.881,88078097.43634,0,ETHUSDT,1h
2026-03-24 00:00:00+00:00,2151.0,2155.36,2127.62,2142.0,187200.506,2026-03-24 00:59:59.999000+00:00,400873137.93335,349866,89358.723,191426888.93338,0,ETHUSDT,1h
2026-03-24 01:00:00+00:00,2142.0,2148.87,2122.78,2136.58,167419.431,2026-03-24 01:59:59.999000+00:00,357578155.50372,335066,78420.766,167528088.98788,0,ETHUSDT,1h
2026-03-24 02:00:00+00:00,2136.58,2144.96,2131.11,2134.87,88593.388,2026-03-24 02:59:59.999000+00:00,189340190.30532,238407,45223.963,96659474.3427,0,ETHUSDT,1h
2026-03-24 03:00:00+00:00,2134.87,2142.56,2129.41,2140.4,92262.474,2026-03-24 03:59:59.999000+00:00,197077146.28067,182570,47157.871,100744429.46556,0,ETHUSDT,1h
2026-03-24 04:00:00+00:00,2140.41,2152.49,2130.7,2135.22,117002.719,2026-03-24 04:59:59.999000+00:00,250423598.22611,213800,59659.229,127705486.97265,0,ETHUSDT,1h
2026-03-24 05:00:00+00:00,2135.23,2137.73,2127.82,2132.81,112204.333,2026-03-24 05:59:59.999000+00:00,239197627.01099,209429,56755.828,121002885.78169,0,ETHUSDT,1h
2026-03-24 06:00:00+00:00,2132.81,2145.41,2130.67,2144.21,105347.056,2026-03-24 06:59:59.999000+00:00,225384648.35111,173611,60643.464,129746101.59445,0,ETHUSDT,1h
2026-03-24 07:00:00+00:00,2144.2,2169.9,2143.0,2164.33,331928.725,2026-03-24 07:59:59.999000+00:00,716240306.32238,416505,184124.181,397321920.14749,0,ETHUSDT,1h
2026-03-24 08:00:00+00:00,2164.34,2166.5,2151.05,2153.88,158419.034,2026-03-24 08:59:59.999000+00:00,341974382.82349,277019,80889.433,174616199.06609,0,ETHUSDT,1h
2026-03-24 09:00:00+00:00,2153.87,2166.2,2146.01,2163.68,154258.937,2026-03-24 09:59:59.999000+00:00,332531283.40387,219725,75554.797,162897706.08831,0,ETHUSDT,1h
2026-03-24 10:00:00+00:00,2163.68,2163.77,2154.0,2160.26,86071.361,2026-03-24 10:59:59.999000+00:00,185829238.55286,165602,41767.138,90180041.97798,0,ETHUSDT,1h
2026-03-24 11:00:00+00:00,2160.26,2174.71,2150.63,2164.75,231796.155,2026-03-24 11:59:59.999000+00:00,501574376.41924,322545,118040.756,255472132.55295,0,ETHUSDT,1h
2026-03-24 12:00:00+00:00,2164.74,2169.37,2157.5,2161.39,128078.69,2026-03-24 12:59:59.999000+00:00,276950921.96107,219201,64305.045,139056231.6601,0,ETHUSDT,1h
2026-03-24 13:00:00+00:00,2161.39,2164.75,2129.0,2137.34,443396.549,2026-03-24 13:59:59.999000+00:00,950657769.67474,682241,206763.746,443334966.00938,0,ETHUSDT,1h
2026-03-24 14:00:00+00:00,2137.34,2147.48,2117.71,2133.15,451874.732,2026-03-24 14:59:59.999000+00:00,963388000.13429,779228,227356.531,484854180.28288,0,ETHUSDT,1h
2026-03-24 15:00:00+00:00,2133.15,2146.55,2130.06,2134.13,220225.294,2026-03-24 15:59:59.999000+00:00,470792270.48309,434924,107489.351,229807792.94467,0,ETHUSDT,1h
2026-03-24 16:00:00+00:00,2134.13,2139.88,2120.0,2126.6,221317.523,2026-03-24 16:59:59.999000+00:00,471264014.87881,365070,114150.918,243093305.67766,0,ETHUSDT,1h
2026-03-24 17:00:00+00:00,2126.59,2128.09,2102.0,2108.38,399023.422,2026-03-24 17:59:59.999000+00:00,842670650.7099,533206,183075.909,386633156.91175,0,ETHUSDT,1h
2026-03-24 18:00:00+00:00,2108.38,2127.62,2103.52,2118.05,219472.769,2026-03-24 18:59:59.999000+00:00,464325092.79984,327498,118657.765,251054302.40607,0,ETHUSDT,1h
2026-03-24 19:00:00+00:00,2118.05,2127.19,2113.23,2115.96,99074.916,2026-03-24 19:59:59.999000+00:00,210022395.49593,190650,46335.092,98237917.49351,0,ETHUSDT,1h
2026-03-24 20:00:00+00:00,2115.96,2154.36,2114.7,2147.63,345529.417,2026-03-24 20:59:59.999000+00:00,740114116.34396,484301,186296.985,398988687.03799,0,ETHUSDT,1h
2026-03-24 21:00:00+00:00,2147.63,2150.96,2139.01,2147.84,100745.395,2026-03-24 21:59:59.999000+00:00,216091388.26963,167012,49505.178,106204932.27958,0,ETHUSDT,1h
2026-03-24 22:00:00+00:00,2147.84,2154.99,2139.11,2144.25,111538.38,2026-03-24 22:59:59.999000+00:00,239462086.30466,206379,53695.196,115299417.71954,0,ETHUSDT,1h
2026-03-24 23:00:00+00:00,2144.25,2162.9,2141.66,2155.29,138612.89,2026-03-24 23:59:59.999000+00:00,298897989.79452,208741,74552.398,160744064.76905,0,ETHUSDT,1h
2026-03-25 00:00:00+00:00,2155.3,2168.0,2142.66,2160.64,184969.582,2026-03-25 00:59:59.999000+00:00,399114159.25328,266811,89231.951,192660444.89814,0,ETHUSDT,1h
2026-03-25 01:00:00+00:00,2160.64,2166.08,2155.5,2155.5,98373.07,2026-03-25 01:59:59.999000+00:00,212494744.62186,192002,45672.46,98661175.77623,0,ETHUSDT,1h
2026-03-25 02:00:00+00:00,2155.51,2160.6,2152.34,2154.58,89765.608,2026-03-25 02:59:59.999000+00:00,193514846.93472,160882,46576.649,100410349.06311,0,ETHUSDT,1h
2026-03-25 03:00:00+00:00,2154.58,2159.88,2145.12,2157.5,128597.518,2026-03-25 03:59:59.999000+00:00,276822489.59617,163445,62340.307,134234908.68466,0,ETHUSDT,1h
2026-03-25 04:00:00+00:00,2157.49,2167.09,2155.57,2165.22,93910.378,2026-03-25 04:59:59.999000+00:00,202959066.87168,130765,52263.615,112967007.23555,0,ETHUSDT,1h
2026-03-25 05:00:00+00:00,2165.23,2179.72,2163.32,2167.78,216750.681,2026-03-25 05:59:59.999000+00:00,470740880.23623,241992,112044.747,243354329.93855,0,ETHUSDT,1h
2026-03-25 06:00:00+00:00,2167.78,2172.0,2161.58,2162.46,119123.834,2026-03-25 06:59:59.999000+00:00,258144662.19931,154043,55635.593,120579024.00551,0,ETHUSDT,1h
2026-03-25 07:00:00+00:00,2162.46,2176.66,2158.15,2163.7,141570.341,2026-03-25 07:59:59.999000+00:00,306700960.62503,169037,76333.427,165354897.01676,0,ETHUSDT,1h
2026-03-25 08:00:00+00:00,2163.71,2189.99,2163.03,2175.31,288745.255,2026-03-25 08:59:59.999000+00:00,629165824.27856,337820,157884.525,344067843.86974,0,ETHUSDT,1h
2026-03-25 09:00:00+00:00,2175.31,2188.0,2173.78,2185.25,152129.864,2026-03-25 09:59:59.999000+00:00,331732627.9231,188785,76668.403,167217465.9199,0,ETHUSDT,1h
2026-03-25 10:00:00+00:00,2185.25,2187.51,2180.0,2184.02,116122.339,2026-03-25 10:59:59.999000+00:00,253610294.29124,164319,52265.51,114150290.71244,0,ETHUSDT,1h
2026-03-25 11:00:00+00:00,2184.02,2200.11,2177.07,2185.01,348336.077,2026-03-25 11:59:59.999000+00:00,762866994.34733,351191,171454.132,375529263.95032,0,ETHUSDT,1h
2026-03-25 12:00:00+00:00,2185.01,2194.29,2163.33,2182.26,475493.426,2026-03-25 12:59:59.999000+00:00,1035311434.5661,536467,224437.213,488715834.85178,0,ETHUSDT,1h
2026-03-25 13:00:00+00:00,2182.27,2197.3,2178.2,2183.3,264735.634,2026-03-25 13:59:59.999000+00:00,579210654.18664,466162,132967.476,290952452.10017,0,ETHUSDT,1h
2026-03-25 14:00:00+00:00,2183.31,2187.17,2172.06,2173.13,207866.811,2026-03-25 14:59:59.999000+00:00,452916846.96866,427972,98670.902,215002128.70869,0,ETHUSDT,1h
2026-03-25 15:00:00+00:00,2173.14,2176.0,2145.59,2161.67,397346.478,2026-03-25 15:59:59.999000+00:00,858085135.55155,540012,185675.275,401001619.84119,0,ETHUSDT,1h
2026-03-25 16:00:00+00:00,2161.68,2187.63,2155.08,2173.0,315478.203,2026-03-25 16:59:59.999000+00:00,685128365.98783,432808,170955.728,371314537.74275,0,ETHUSDT,1h
2026-03-25 17:00:00+00:00,2173.01,2175.55,2159.19,2163.09,125917.447,2026-03-25 17:59:59.999000+00:00,272809094.28272,269723,63460.829,137499206.4795,0,ETHUSDT,1h
2026-03-25 18:00:00+00:00,2163.08,2172.72,2156.46,2161.5,99480.089,2026-03-25 18:59:59.999000+00:00,215460912.29319,195915,51587.987,111742727.75019,0,ETHUSDT,1h
2026-03-25 19:00:00+00:00,2161.5,2176.33,2158.57,2171.73,107353.814,2026-03-25 19:59:59.999000+00:00,232709511.4445,201784,61745.23,133823810.66922,0,ETHUSDT,1h
2026-03-25 20:00:00+00:00,2171.73,2172.1,2158.01,2165.77,61984.272,2026-03-25 20:59:59.999000+00:00,134095976.60915,96865,28989.496,62723784.32949,0,ETHUSDT,1h
2026-03-25 21:00:00+00:00,2165.78,2168.75,2160.04,2163.01,44867.337,2026-03-25 21:59:59.999000+00:00,97099032.51331,71919,22132.762,47905424.09457,0,ETHUSDT,1h
2026-03-25 22:00:00+00:00,2163.0,2184.99,2160.63,2173.29,116225.144,2026-03-25 22:59:59.999000+00:00,252504839.06644,181835,66411.863,144297015.28147,0,ETHUSDT,1h
2026-03-25 23:00:00+00:00,2173.29,2176.36,2163.63,2168.0,72350.852,2026-03-25 23:59:59.999000+00:00,156983414.60068,123400,34638.877,75154854.71309,0,ETHUSDT,1h
2026-03-26 00:00:00+00:00,2168.0,2171.32,2161.21,2165.23,82764.894,2026-03-26 00:59:59.999000+00:00,179313368.52028,147293,46098.656,99879737.56656,0,ETHUSDT,1h
2026-03-26 01:00:00+00:00,2165.23,2168.4,2158.89,2163.7,80463.969,2026-03-26 01:59:59.999000+00:00,174089565.08047,143803,39375.747,85194291.05556,0,ETHUSDT,1h
2026-03-26 02:00:00+00:00,2163.7,2164.8,2142.15,2149.06,203806.127,2026-03-26 02:59:59.999000+00:00,438417760.55586,245068,96593.536,207742347.37132,0,ETHUSDT,1h
2026-03-26 03:00:00+00:00,2149.05,2154.9,2143.73,2152.15,104283.217,2026-03-26 03:59:59.999000+00:00,224094158.55343,154360,51599.085,110893330.89077,0,ETHUSDT,1h
2026-03-26 04:00:00+00:00,2152.15,2153.52,2146.55,2148.45,64312.573,2026-03-26 04:59:59.999000+00:00,138305627.794,92493,29559.11,63566159.76815,0,ETHUSDT,1h
2026-03-26 05:00:00+00:00,2148.44,2149.91,2111.67,2118.63,486293.386,2026-03-26 05:59:59.999000+00:00,1035331776.22631,432733,199624.862,424976672.72764,0,ETHUSDT,1h
2026-03-26 06:00:00+00:00,2118.63,2123.88,2110.72,2120.7,190829.22,2026-03-26 06:59:59.999000+00:00,404283519.69125,227412,99299.498,210384025.16224,0,ETHUSDT,1h
2026-03-26 07:00:00+00:00,2120.71,2123.66,2112.0,2122.37,135744.753,2026-03-26 07:59:59.999000+00:00,287599923.49359,185398,67864.42,143805645.83813,0,ETHUSDT,1h
2026-03-26 08:00:00+00:00,2122.36,2126.24,2113.0,2118.61,136320.341,2026-03-26 08:59:59.999000+00:00,288666266.68153,202191,66667.201,141195220.01457,0,ETHUSDT,1h
2026-03-26 09:00:00+00:00,2118.61,2120.89,2073.0,2081.29,612128.371,2026-03-26 09:59:59.999000+00:00,1278853014.30314,512005,256457.75,535491374.97925,0,ETHUSDT,1h
2026-03-26 10:00:00+00:00,2081.29,2082.39,2070.6,2077.38,212962.88,2026-03-26 10:59:59.999000+00:00,442373739.64543,258687,108150.403,224661858.81613,0,ETHUSDT,1h
2026-03-26 11:00:00+00:00,2077.38,2080.32,2061.0,2067.33,266141.239,2026-03-26 11:59:59.999000+00:00,550667436.50039,286213,125458.175,259618869.51275,0,ETHUSDT,1h
2026-03-26 12:00:00+00:00,2067.34,2074.3,2064.57,2072.13,148024.681,2026-03-26 12:59:59.999000+00:00,306367585.78317,202465,73296.002,151724748.90596,0,ETHUSDT,1h
2026-03-26 13:00:00+00:00,2072.13,2093.64,2068.13,2080.07,428217.385,2026-03-26 13:59:59.999000+00:00,891497563.14752,502286,233684.553,486615650.09849,0,ETHUSDT,1h
2026-03-26 14:00:00+00:00,2080.08,2084.85,2066.0,2075.05,245028.962,2026-03-26 14:59:59.999000+00:00,508676608.88537,437588,128937.99,267741442.56817,0,ETHUSDT,1h
2026-03-26 15:00:00+00:00,2075.04,2077.12,2050.54,2069.43,392503.857,2026-03-26 15:59:59.999000+00:00,810236974.42389,499742,196775.747,406305296.18389,0,ETHUSDT,1h
2026-03-26 16:00:00+00:00,2069.43,2070.0,2058.61,2060.12,127490.223,2026-03-26 16:59:59.999000+00:00,263244747.27954,241205,65248.849,134737332.53703,0,ETHUSDT,1h
2026-03-26 17:00:00+00:00,2060.11,2070.0,2042.43,2048.22,228079.875,2026-03-26 17:59:59.999000+00:00,468921162.81879,273919,105604.703,217230331.59896,0,ETHUSDT,1h
2026-03-26 18:00:00+00:00,2048.22,2054.91,2033.22,2045.82,319219.306,2026-03-26 18:59:59.999000+00:00,652142435.29643,417173,152969.375,312562602.53852,0,ETHUSDT,1h
2026-03-26 19:00:00+00:00,2045.82,2053.0,2038.19,2047.86,163518.578,2026-03-26 19:59:59.999000+00:00,334586142.2127,210457,84746.456,173426461.5022,0,ETHUSDT,1h
2026-03-26 20:00:00+00:00,2047.85,2080.25,2045.17,2063.83,465012.76,2026-03-26 20:59:59.999000+00:00,962636762.7998,445916,263864.417,546254419.89357,0,ETHUSDT,1h
2026-03-26 21:00:00+00:00,2063.83,2077.99,2058.81,2067.08,136165.748,2026-03-26 21:59:59.999000+00:00,281641752.69317,158036,68914.474,142575010.61493,0,ETHUSDT,1h
2026-03-26 22:00:00+00:00,2067.08,2072.06,2053.4,2064.67,120740.271,2026-03-26 22:59:59.999000+00:00,249064270.62483,207131,52576.998,108457874.88083,0,ETHUSDT,1h
2026-03-26 23:00:00+00:00,2064.66,2068.63,2054.54,2059.17,95861.835,2026-03-26 23:59:59.999000+00:00,197495310.73499,154540,41182.331,84863769.90995,0,ETHUSDT,1h
2026-03-27 00:00:00+00:00,2059.18,2066.73,2055.5,2064.11,98699.583,2026-03-27 00:59:59.999000+00:00,203464029.72451,204009,51193.754,105526135.96516,0,ETHUSDT,1h
2026-03-27 01:00:00+00:00,2064.1,2073.84,2062.03,2073.18,89821.727,2026-03-27 01:59:59.999000+00:00,185851044.83645,179891,45369.764,93881897.35364,0,ETHUSDT,1h
2026-03-27 02:00:00+00:00,2073.19,2076.43,2065.77,2067.12,81434.003,2026-03-27 02:59:59.999000+00:00,168710278.26811,144694,40242.812,83384226.08546,0,ETHUSDT,1h
2026-03-27 03:00:00+00:00,2067.11,2068.0,2058.06,2060.45,84974.442,2026-03-27 03:59:59.999000+00:00,175186045.79794,137894,40124.012,82720280.38871,0,ETHUSDT,1h
2026-03-27 04:00:00+00:00,2060.44,2060.99,2041.32,2052.13,261249.067,2026-03-27 04:59:59.999000+00:00,535290285.691,245807,124160.42,254404182.5943,0,ETHUSDT,1h
2026-03-27 05:00:00+00:00,2052.12,2065.58,2050.91,2060.18,102683.384,2026-03-27 05:59:59.999000+00:00,211396061.40218,178407,55911.592,115103940.5238,0,ETHUSDT,1h
2026-03-27 06:00:00+00:00,2060.18,2067.11,2057.32,2061.4,83849.646,2026-03-27 06:59:59.999000+00:00,172972970.47016,135824,37824.646,78036583.40857,0,ETHUSDT,1h
2026-03-27 07:00:00+00:00,2061.4,2071.59,2058.77,2064.95,165318.422,2026-03-27 07:59:59.999000+00:00,341635305.65842,205695,90105.09,186195753.43237,0,ETHUSDT,1h
2026-03-27 08:00:00+00:00,2064.94,2068.6,2032.1,2046.5,395149.178,2026-03-27 08:59:59.999000+00:00,808930915.14424,439771,193263.207,395610220.83429,0,ETHUSDT,1h
2026-03-27 09:00:00+00:00,2046.51,2051.11,2033.04,2039.89,178501.161,2026-03-27 09:59:59.999000+00:00,364720768.41841,237856,81664.509,166905131.67376,0,ETHUSDT,1h
2026-03-27 10:00:00+00:00,2039.9,2043.72,1981.35,1989.7,771981.863,2026-03-27 10:59:59.999000+00:00,1550412828.75521,698392,311868.526,626221579.62283,0,ETHUSDT,1h
2026-03-27 11:00:00+00:00,1989.69,1997.04,1980.28,1990.24,309886.841,2026-03-27 11:59:59.999000+00:00,617079860.3085,397556,158710.58,316065142.91569,0,ETHUSDT,1h
2026-03-27 12:00:00+00:00,1990.24,1992.13,1980.23,1987.71,221427.624,2026-03-27 12:59:59.999000+00:00,439903540.60024,274532,112843.861,224195300.77554,0,ETHUSDT,1h
2026-03-27 13:00:00+00:00,1987.71,1995.9,1966.2,1977.94,423533.93,2026-03-27 13:59:59.999000+00:00,839639596.25335,558602,203315.028,403173696.74177,0,ETHUSDT,1h
2026-03-27 14:00:00+00:00,1977.94,1988.71,1970.4,1988.15,345069.888,2026-03-27 14:59:59.999000+00:00,683266415.25407,507720,171258.696,339092603.46817,0,ETHUSDT,1h
2026-03-27 15:00:00+00:00,1988.15,2009.46,1982.11,1990.12,448212.997,2026-03-27 15:59:59.999000+00:00,894266091.51124,487705,226333.405,451682640.57498,0,ETHUSDT,1h
2026-03-27 16:00:00+00:00,1990.11,1991.66,1979.0,1985.89,234040.337,2026-03-27 16:59:59.999000+00:00,464515844.58503,365331,119871.046,237940988.08347,0,ETHUSDT,1h
2026-03-27 17:00:00+00:00,1985.89,1996.88,1974.0,1976.49,198299.252,2026-03-27 17:59:59.999000+00:00,393346459.6011,309910,99123.977,196649027.88901,0,ETHUSDT,1h
2026-03-27 18:00:00+00:00,1976.5,1985.8,1973.37,1983.23,121189.061,2026-03-27 18:59:59.999000+00:00,239990356.03356,254530,64569.24,127870548.54641,0,ETHUSDT,1h
2026-03-27 19:00:00+00:00,1983.23,1996.55,1977.6,1990.28,143426.492,2026-03-27 19:59:59.999000+00:00,285277555.57643,245260,74580.257,148348350.17646,0,ETHUSDT,1h
2026-03-27 20:00:00+00:00,1990.28,1995.37,1978.09,1985.06,110672.721,2026-03-27 20:59:59.999000+00:00,219674832.12521,152927,49438.896,98143488.74924,0,ETHUSDT,1h
2026-03-27 21:00:00+00:00,1985.07,1990.43,1983.32,1984.7,39369.022,2026-03-27 21:59:59.999000+00:00,78224424.74758,80206,18894.771,37543483.38135,0,ETHUSDT,1h
2026-03-27 22:00:00+00:00,1984.71,1986.3,1980.64,1984.4,33430.662,2026-03-27 22:59:59.999000+00:00,66319931.94936,74678,18453.46,36608636.24088,0,ETHUSDT,1h
2026-03-27 23:00:00+00:00,1984.39,1992.92,1977.9,1991.58,81101.014,2026-03-27 23:59:59.999000+00:00,161088365.019,108816,39108.095,77703677.92515,0,ETHUSDT,1h
2026-03-28 00:00:00+00:00,1991.57,1994.3,1988.39,1991.51,50658.896,2026-03-28 00:59:59.999000+00:00,100878988.5886,100050,23568.913,46938234.25667,0,ETHUSDT,1h
2026-03-28 01:00:00+00:00,1991.51,1991.75,1983.48,1989.22,59701.215,2026-03-28 01:59:59.999000+00:00,118642249.23914,114797,27919.606,55481904.79133,0,ETHUSDT,1h
2026-03-28 02:00:00+00:00,1989.21,1992.8,1981.52,1986.22,68204.219,2026-03-28 02:59:59.999000+00:00,135471809.1008,104682,32078.94,63719803.10712,0,ETHUSDT,1h
2026-03-28 03:00:00+00:00,1986.21,1990.2,1985.66,1987.95,37557.964,2026-03-28 03:59:59.999000+00:00,74668760.00661,64799,19029.788,37833225.76217,0,ETHUSDT,1h
2026-03-28 04:00:00+00:00,1987.95,1991.37,1986.0,1989.59,37154.678,2026-03-28 04:59:59.999000+00:00,73906285.39805,61741,18320.084,36441077.29551,0,ETHUSDT,1h
2026-03-28 05:00:00+00:00,1989.6,1993.95,1986.87,1993.04,60330.096,2026-03-28 05:59:59.999000+00:00,120126431.10048,80308,32225.224,64169148.89238,0,ETHUSDT,1h
2026-03-28 06:00:00+00:00,1993.04,2006.09,1992.09,1999.86,155559.951,2026-03-28 06:59:59.999000+00:00,311230675.56035,146971,79799.864,159647189.46521,0,ETHUSDT,1h
2026-03-28 07:00:00+00:00,1999.86,2007.63,1999.43,2005.94,70484.21,2026-03-28 07:59:59.999000+00:00,141241575.76444,85252,38928.936,78014601.48958,0,ETHUSDT,1h
2026-03-28 08:00:00+00:00,2005.95,2007.46,1997.05,1998.19,80931.269,2026-03-28 08:59:59.999000+00:00,162035746.86338,92670,36413.817,72914882.47146,0,ETHUSDT,1h
2026-03-28 09:00:00+00:00,1998.2,1999.0,1994.48,1998.47,68497.819,2026-03-28 09:59:59.999000+00:00,136746186.33824,80763,27886.715,55677450.49081,0,ETHUSDT,1h
2026-03-28 10:00:00+00:00,1998.48,2003.72,1991.2,1995.68,100744.629,2026-03-28 10:59:59.999000+00:00,201119704.27588,107247,48840.173,97515168.0815,0,ETHUSDT,1h
2026-03-28 11:00:00+00:00,1995.68,1999.63,1994.53,1996.41,45018.313,2026-03-28 11:59:59.999000+00:00,89884955.37061,53449,22719.367,45361693.62208,0,ETHUSDT,1h
2026-03-28 12:00:00+00:00,1996.41,2003.48,1991.23,1998.75,118127.025,2026-03-28 12:59:59.999000+00:00,235962916.837,121800,59772.548,119408803.37672,0,ETHUSDT,1h
2026-03-28 13:00:00+00:00,1998.75,2049.36,1998.47,2025.5,496070.992,2026-03-28 13:59:59.999000+00:00,1003324256.15821,383085,281709.54,569651856.24007,0,ETHUSDT,1h
2026-03-28 14:00:00+00:00,2025.49,2028.34,2015.2,2019.75,173856.213,2026-03-28 14:59:59.999000+00:00,351496522.22346,224320,81075.414,163942315.57911,0,ETHUSDT,1h
2026-03-28 15:00:00+00:00,2019.75,2038.81,2017.43,2025.79,234435.081,2026-03-28 15:59:59.999000+00:00,475608839.53624,261778,118523.483,240497871.95529,0,ETHUSDT,1h
2026-03-28 16:00:00+00:00,2025.8,2028.97,2020.01,2023.48,82709.044,2026-03-28 16:59:59.999000+00:00,167501744.66987,116300,40699.893,82429288.89994,0,ETHUSDT,1h
2026-03-28 17:00:00+00:00,2023.48,2026.15,2014.57,2019.85,85580.824,2026-03-28 17:59:59.999000+00:00,172885634.36186,109483,39161.279,79122786.72286,0,ETHUSDT,1h
2026-03-28 18:00:00+00:00,2019.85,2023.99,2019.27,2020.55,33569.231,2026-03-28 18:59:59.999000+00:00,67865533.8128,52527,16853.094,34073204.87562,0,ETHUSDT,1h
2026-03-28 19:00:00+00:00,2020.56,2021.63,2016.09,2019.52,27229.069,2026-03-28 19:59:59.999000+00:00,54969734.85742,47710,12842.471,25926525.15506,0,ETHUSDT,1h
2026-03-28 20:00:00+00:00,2019.52,2025.42,2019.52,2023.49,42176.014,2026-03-28 20:59:59.999000+00:00,85338563.92033,61915,21294.917,43088136.6787,0,ETHUSDT,1h
2026-03-28 21:00:00+00:00,2023.48,2024.58,2005.81,2008.63,80688.887,2026-03-28 21:59:59.999000+00:00,162475704.36917,104847,26815.583,54009505.19582,0,ETHUSDT,1h
2026-03-28 22:00:00+00:00,2008.62,2012.77,2004.01,2010.92,59256.871,2026-03-28 22:59:59.999000+00:00,119049736.16926,97057,31540.5,63372035.88272,0,ETHUSDT,1h
2026-03-28 23:00:00+00:00,2010.93,2010.93,1988.16,1993.48,208513.418,2026-03-28 23:59:59.999000+00:00,416222593.79545,211105,97256.012,194192134.47499,0,ETHUSDT,1h
2026-03-29 00:00:00+00:00,1993.48,1999.46,1990.53,1998.01,83013.676,2026-03-29 00:59:59.999000+00:00,165594527.16539,119544,45029.439,89836630.92056,0,ETHUSDT,1h
2026-03-29 01:00:00+00:00,1998.01,2006.86,1996.5,2003.97,90871.862,2026-03-29 01:59:59.999000+00:00,181933733.97632,129627,49054.829,98220004.81872,0,ETHUSDT,1h
2026-03-29 02:00:00+00:00,2003.98,2009.82,2001.33,2008.19,75034.093,2026-03-29 02:59:59.999000+00:00,150495276.75434,88945,34821.0,69842243.54799,0,ETHUSDT,1h
2026-03-29 03:00:00+00:00,2008.19,2019.0,2005.94,2010.14,111018.78,2026-03-29 03:59:59.999000+00:00,223432868.63418,126268,55521.02,111765066.86499,0,ETHUSDT,1h
2026-03-29 04:00:00+00:00,2010.14,2011.89,2002.8,2004.96,50781.077,2026-03-29 04:59:59.999000+00:00,101902365.60292,79490,20964.051,42071461.22576,0,ETHUSDT,1h
2026-03-29 05:00:00+00:00,2004.96,2006.31,1996.26,2004.13,85005.365,2026-03-29 05:59:59.999000+00:00,170106027.66397,117066,41475.111,83003009.85846,0,ETHUSDT,1h
2026-03-29 06:00:00+00:00,2004.13,2007.45,1998.76,2003.59,48855.732,2026-03-29 06:59:59.999000+00:00,97858132.96546,78761,21631.307,43328213.17673,0,ETHUSDT,1h
2026-03-29 07:00:00+00:00,2003.6,2009.48,1999.0,2005.0,46118.036,2026-03-29 07:59:59.999000+00:00,92376895.47376,74782,23029.399,46135387.93453,0,ETHUSDT,1h
2026-03-29 08:00:00+00:00,2005.0,2006.5,2001.49,2003.2,29350.144,2026-03-29 08:59:59.999000+00:00,58807825.16876,53696,13682.071,27415487.53183,0,ETHUSDT,1h
2026-03-29 09:00:00+00:00,2003.2,2004.5,1993.59,1998.06,88473.225,2026-03-29 09:59:59.999000+00:00,176844790.54323,101239,33997.772,67962901.32192,0,ETHUSDT,1h
2026-03-29 10:00:00+00:00,1998.06,1998.06,1990.4,1994.89,87776.751,2026-03-29 10:59:59.999000+00:00,175055227.57183,111833,38373.226,76529929.02623,0,ETHUSDT,1h
2026-03-29 11:00:00+00:00,1994.88,2007.29,1993.86,2002.65,95157.716,2026-03-29 11:59:59.999000+00:00,190547469.25955,130303,52743.745,105610247.97961,0,ETHUSDT,1h
2026-03-29 12:00:00+00:00,2002.65,2003.98,1996.23,2000.64,47882.911,2026-03-29 12:59:59.999000+00:00,95790889.51044,77289,21750.98,43515135.36179,0,ETHUSDT,1h
2026-03-29 13:00:00+00:00,2000.64,2001.09,1982.21,1986.12,222816.285,2026-03-29 13:59:59.999000+00:00,443015765.38714,227008,92627.064,184173786.22173,0,ETHUSDT,1h
2026-03-29 14:00:00+00:00,1986.12,2001.53,1982.83,1993.13,148842.636,2026-03-29 14:59:59.999000+00:00,296514342.58369,176567,83387.762,166134344.51225,0,ETHUSDT,1h
2026-03-29 15:00:00+00:00,1993.12,1998.85,1985.47,1991.8,114479.802,2026-03-29 15:59:59.999000+00:00,228014809.38053,172534,56968.895,113490754.16962,0,ETHUSDT,1h
2026-03-29 16:00:00+00:00,1991.8,2003.2,1990.88,1996.74,97835.844,2026-03-29 16:59:59.999000+00:00,195484615.40173,138211,51679.986,103264152.43464,0,ETHUSDT,1h
2026-03-29 17:00:00+00:00,1996.73,1999.33,1986.5,1994.29,85982.807,2026-03-29 17:59:59.999000+00:00,171306436.59162,134060,39691.967,79071680.2798,0,ETHUSDT,1h
2026-03-29 18:00:00+00:00,1994.3,2001.0,1990.39,1996.48,64693.471,2026-03-29 18:59:59.999000+00:00,129115092.98962,92299,30329.83,60532706.14041,0,ETHUSDT,1h
2026-03-29 19:00:00+00:00,1996.47,1999.5,1993.34,1995.04,31371.877,2026-03-29 19:59:59.999000+00:00,62625309.59981,56571,16169.703,32277938.60295,0,ETHUSDT,1h
2026-03-29 20:00:00+00:00,1995.05,2008.99,1994.79,2001.57,78460.275,2026-03-29 20:59:59.999000+00:00,157127346.99997,100931,44611.043,89341286.03204,0,ETHUSDT,1h
2026-03-29 21:00:00+00:00,2001.57,2006.85,2000.4,2005.31,47287.978,2026-03-29 21:59:59.999000+00:00,94759729.32713,68912,23553.681,47198709.16457,0,ETHUSDT,1h
2026-03-29 22:00:00+00:00,2005.32,2005.42,1936.54,1972.83,671644.1,2026-03-29 22:59:59.999000+00:00,1319958592.97105,691084,285958.439,561659942.48136,0,ETHUSDT,1h
2026-03-29 23:00:00+00:00,1972.83,1993.8,1972.27,1983.44,329758.772,2026-03-29 23:59:59.999000+00:00,654121907.42237,527169,167893.871,333049984.14398,0,ETHUSDT,1h
2026-03-30 00:00:00+00:00,1983.45,2023.28,1978.7,1996.43,417147.91,2026-03-30 00:59:59.999000+00:00,835916998.05287,638427,226953.917,454887583.15708,0,ETHUSDT,1h
2026-03-30 01:00:00+00:00,1996.43,2015.6,1996.09,2009.62,158282.853,2026-03-30 01:59:59.999000+00:00,317625523.25022,332382,87741.522,176046206.56453,0,ETHUSDT,1h
2026-03-30 02:00:00+00:00,2009.63,2043.26,2006.5,2028.88,402913.288,2026-03-30 02:59:59.999000+00:00,816426977.60268,452055,236984.245,480316065.15369,0,ETHUSDT,1h
2026-03-30 03:00:00+00:00,2028.88,2041.0,2026.24,2034.97,152978.29,2026-03-30 03:59:59.999000+00:00,311039804.76317,252450,80873.714,164430858.58671,0,ETHUSDT,1h
2026-03-30 04:00:00+00:00,2034.97,2051.84,2034.97,2047.26,218669.606,2026-03-30 04:59:59.999000+00:00,447161050.50942,299205,123784.554,253161216.23184,0,ETHUSDT,1h
2026-03-30 05:00:00+00:00,2047.25,2058.27,2043.16,2046.82,208221.665,2026-03-30 05:59:59.999000+00:00,427188254.91531,278299,99992.515,205197107.64932,0,ETHUSDT,1h
2026-03-30 06:00:00+00:00,2046.83,2051.17,2040.08,2041.5,129797.094,2026-03-30 06:59:59.999000+00:00,265486743.37585,180408,60305.681,123362224.04659,0,ETHUSDT,1h
2026-03-30 07:00:00+00:00,2041.5,2067.78,2040.5,2058.7,236228.617,2026-03-30 07:59:59.999000+00:00,485212662.89209,256621,139537.362,286685722.62066,0,ETHUSDT,1h
2026-03-30 08:00:00+00:00,2058.69,2075.0,2057.29,2061.41,226879.849,2026-03-30 08:59:59.999000+00:00,468337133.24197,296482,125966.158,260096930.67213,0,ETHUSDT,1h
2026-03-30 09:00:00+00:00,2061.42,2062.3,2052.92,2054.26,114646.433,2026-03-30 09:59:59.999000+00:00,235872419.35758,148320,55174.108,113509753.02116,0,ETHUSDT,1h
2026-03-30 10:00:00+00:00,2054.26,2057.81,2046.4,2057.1,106014.829,2026-03-30 10:59:59.999000+00:00,217643892.54449,137985,52304.243,107385376.23208,0,ETHUSDT,1h
2026-03-30 11:00:00+00:00,2057.1,2086.99,2056.83,2070.4,321781.501,2026-03-30 11:59:59.999000+00:00,665617963.49331,345359,176017.342,364261533.16275,0,ETHUSDT,1h
2026-03-30 12:00:00+00:00,2070.4,2078.01,2068.04,2073.72,134138.138,2026-03-30 12:59:59.999000+00:00,278032379.86903,165846,63284.922,131181422.93577,0,ETHUSDT,1h
2026-03-30 13:00:00+00:00,2073.72,2084.82,2056.77,2059.96,347321.158,2026-03-30 13:59:59.999000+00:00,719106618.04548,373282,158660.29,328658543.69741,0,ETHUSDT,1h
2026-03-30 14:00:00+00:00,2059.95,2075.48,2042.88,2070.52,415877.667,2026-03-30 14:59:59.999000+00:00,855566413.32867,575047,217559.929,447801343.98755,0,ETHUSDT,1h
2026-03-30 15:00:00+00:00,2070.53,2078.78,2060.68,2073.4,226449.899,2026-03-30 15:59:59.999000+00:00,468967830.20126,386555,110481.934,228824104.0156,0,ETHUSDT,1h
2026-03-30 16:00:00+00:00,2073.39,2074.0,2057.24,2065.07,141257.344,2026-03-30 16:59:59.999000+00:00,291633089.24137,239390,63862.056,131843859.26881,0,ETHUSDT,1h
2026-03-30 17:00:00+00:00,2065.07,2071.47,2030.3,2040.67,378942.546,2026-03-30 17:59:59.999000+00:00,774798001.12778,402966,179132.107,366193008.72567,0,ETHUSDT,1h
2026-03-30 18:00:00+00:00,2040.66,2043.18,2026.53,2031.55,219081.887,2026-03-30 18:59:59.999000+00:00,445823639.16287,268667,103485.738,210644436.03995,0,ETHUSDT,1h
2026-03-30 19:00:00+00:00,2031.54,2031.76,2012.14,2022.69,279102.44,2026-03-30 19:59:59.999000+00:00,563642902.03544,320620,145213.371,293240307.05483,0,ETHUSDT,1h
2026-03-30 20:00:00+00:00,2022.69,2026.8,2019.84,2022.27,94807.558,2026-03-30 20:59:59.999000+00:00,191834836.8859,118426,49085.678,99329213.01353,0,ETHUSDT,1h
2026-03-30 21:00:00+00:00,2022.27,2049.21,2020.0,2034.82,252606.848,2026-03-30 21:59:59.999000+00:00,514929419.35251,218667,141131.661,287586090.20981,0,ETHUSDT,1h
2026-03-30 22:00:00+00:00,2034.82,2043.55,2028.45,2032.22,92208.663,2026-03-30 22:59:59.999000+00:00,187638605.30892,128732,47487.167,96632226.23358,0,ETHUSDT,1h
2026-03-30 23:00:00+00:00,2032.22,2032.25,2012.59,2025.69,182618.885,2026-03-30 23:59:59.999000+00:00,368923588.75705,205547,89666.44,181149558.15251,0,ETHUSDT,1h
2026-03-31 00:00:00+00:00,2025.69,2040.71,2015.25,2035.78,226176.897,2026-03-31 00:59:59.999000+00:00,458489723.09528,357506,120262.086,243819394.27267,0,ETHUSDT,1h
2026-03-31 01:00:00+00:00,2035.78,2093.0,2031.08,2072.2,562352.817,2026-03-31 01:59:59.999000+00:00,1162753548.53449,653016,307229.342,635442672.84477,0,ETHUSDT,1h
2026-03-31 02:00:00+00:00,2072.2,2082.5,2066.47,2072.08,136195.911,2026-03-31 02:59:59.999000+00:00,282584003.80092,235224,63794.337,132365041.38096,0,ETHUSDT,1h
2026-03-31 03:00:00+00:00,2072.08,2075.89,2061.0,2065.92,114451.16,2026-03-31 03:59:59.999000+00:00,236553900.10597,183226,56310.939,116385588.26246,0,ETHUSDT,1h
2026-03-31 04:00:00+00:00,2065.91,2071.42,2056.0,2059.91,129123.245,2026-03-31 04:59:59.999000+00:00,266328607.84755,201601,61074.221,126003130.3529,0,ETHUSDT,1h
2026-03-31 05:00:00+00:00,2059.9,2068.38,2053.74,2063.39,107401.904,2026-03-31 05:59:59.999000+00:00,221431162.6682,193460,56585.931,116685556.72851,0,ETHUSDT,1h
2026-03-31 06:00:00+00:00,2063.39,2064.0,2053.88,2061.29,98256.86,2026-03-31 06:59:59.999000+00:00,202229892.1724,160068,45572.102,93799422.77816,0,ETHUSDT,1h
2026-03-31 07:00:00+00:00,2061.29,2062.0,2040.88,2055.0,193885.346,2026-03-31 07:59:59.999000+00:00,397409463.90855,250113,94300.569,193299013.36953,0,ETHUSDT,1h
2026-03-31 08:00:00+00:00,2054.99,2058.66,2034.42,2038.89,182127.237,2026-03-31 08:59:59.999000+00:00,372529529.62804,275911,88335.781,180698537.82006,0,ETHUSDT,1h
2026-03-31 09:00:00+00:00,2038.88,2043.62,2011.25,2017.28,363231.511,2026-03-31 09:59:59.999000+00:00,735972080.20119,460249,170921.157,346373885.29338,0,ETHUSDT,1h
2026-03-31 10:00:00+00:00,2017.27,2029.3,2015.85,2025.26,153091.646,2026-03-31 10:59:59.999000+00:00,309721532.2076,215455,78971.813,159756100.05517,0,ETHUSDT,1h
2026-03-31 11:00:00+00:00,2025.26,2043.57,2021.68,2040.23,268405.017,2026-03-31 11:59:59.999000+00:00,546211924.45685,346349,147738.62,300646977.14917,0,ETHUSDT,1h
2026-03-31 12:00:00+00:00,2040.23,2057.19,2033.89,2046.78,288288.775,2026-03-31 12:59:59.999000+00:00,589991303.43557,391494,138152.517,282774935.03458,0,ETHUSDT,1h
2026-03-31 13:00:00+00:00,2046.78,2079.36,2046.78,2074.36,313868.104,2026-03-31 13:59:59.999000+00:00,648098335.54034,520645,167180.944,345199710.96581,0,ETHUSDT,1h
2026-03-31 14:00:00+00:00,2074.35,2091.49,2036.3,2045.2,762770.76,2026-03-31 14:59:59.999000+00:00,1576988177.77641,847814,375165.526,776053631.93386,0,ETHUSDT,1h
2026-03-31 15:00:00+00:00,2045.2,2077.38,2044.58,2053.66,473120.183,2026-03-31 15:59:59.999000+00:00,975817726.12736,647542,253183.503,522170733.39248,0,ETHUSDT,1h
2026-03-31 16:00:00+00:00,2053.66,2108.07,2053.31,2090.41,639259.388,2026-03-31 16:59:59.999000+00:00,1334882818.54518,845086,338843.841,707555089.24934,0,ETHUSDT,1h
2026-03-31 17:00:00+00:00,2090.4,2124.51,2087.56,2092.52,660029.276,2026-03-31 17:59:59.999000+00:00,1388825507.58975,876447,348720.102,733816364.14053,0,ETHUSDT,1h
2026-03-31 18:00:00+00:00,2092.51,2114.71,2092.45,2098.86,217756.178,2026-03-31 18:59:59.999000+00:00,457761506.7904,362393,122144.265,256747296.4587,0,ETHUSDT,1h
2026-03-31 19:00:00+00:00,2098.85,2103.42,2090.87,2095.68,128520.724,2026-03-31 19:59:59.999000+00:00,269541370.87467,231241,64897.197,136115648.57179,0,ETHUSDT,1h
2026-03-31 20:00:00+00:00,2095.68,2109.48,2095.09,2106.6,99069.806,2026-03-31 20:59:59.999000+00:00,208317316.52035,171565,46186.326,97119768.92705,0,ETHUSDT,1h
2026-03-31 21:00:00+00:00,2106.59,2108.88,2091.8,2101.5,93450.106,2026-03-31 21:59:59.999000+00:00,196258579.03818,151492,43945.855,92306040.33438,0,ETHUSDT,1h
2026-03-31 22:00:00+00:00,2101.49,2103.44,2087.0,2095.7,111988.349,2026-03-31 22:59:59.999000+00:00,234508777.10064,163513,48813.602,102252856.24446,0,ETHUSDT,1h
2026-03-31 23:00:00+00:00,2095.71,2107.93,2091.92,2104.49,107965.119,2026-03-31 23:59:59.999000+00:00,226863381.2602,181075,58527.991,122987054.01052,0,ETHUSDT,1h
2026-04-01 00:00:00+00:00,2104.48,2117.44,2095.6,2113.91,153874.151,2026-04-01 00:59:59.999000+00:00,324087402.19438,269352,85301.504,179726230.43996,0,ETHUSDT,1h
2026-04-01 01:00:00+00:00,2113.92,2115.0,2090.0,2092.01,124528.327,2026-04-01 01:59:59.999000+00:00,261465254.32987,242555,53880.784,113103702.0075,0,ETHUSDT,1h
2026-04-01 02:00:00+00:00,2092.0,2095.48,2081.19,2087.58,134461.873,2026-04-01 02:59:59.999000+00:00,280764842.19588,230971,66379.322,138650033.14733,0,ETHUSDT,1h
2026-04-01 03:00:00+00:00,2087.57,2106.73,2087.57,2101.87,132636.136,2026-04-01 03:59:59.999000+00:00,278419599.28157,220568,76138.358,159806048.84952,0,ETHUSDT,1h
2026-04-01 04:00:00+00:00,2101.87,2115.71,2099.18,2110.39,128311.648,2026-04-01 04:59:59.999000+00:00,270469462.33276,195507,72425.174,152684109.55811,0,ETHUSDT,1h
2026-04-01 05:00:00+00:00,2110.38,2135.6,2105.27,2121.65,281392.904,2026-04-01 05:59:59.999000+00:00,597537232.73952,341214,159199.599,338078240.54326,0,ETHUSDT,1h
2026-04-01 06:00:00+00:00,2121.65,2156.47,2121.61,2150.27,429722.522,2026-04-01 06:59:59.999000+00:00,920510219.96627,491706,255000.892,546152114.2036,0,ETHUSDT,1h
2026-04-01 07:00:00+00:00,2150.27,2157.99,2129.11,2130.13,281799.028,2026-04-01 07:59:59.999000+00:00,603658482.86214,320656,124738.706,267191389.82956,0,ETHUSDT,1h
2026-04-01 08:00:00+00:00,2130.13,2142.76,2124.43,2136.02,233415.099,2026-04-01 08:59:59.999000+00:00,497952823.36703,276660,121579.562,259391149.11326,0,ETHUSDT,1h
2026-04-01 09:00:00+00:00,2136.03,2139.5,2127.06,2135.49,131765.141,2026-04-01 09:59:59.999000+00:00,281013494.46729,203401,65515.994,139743900.28218,0,ETHUSDT,1h
2026-04-01 10:00:00+00:00,2135.5,2136.94,2125.17,2131.58,85696.141,2026-04-01 10:59:59.999000+00:00,182612219.32725,150666,40898.086,87153285.54392,0,ETHUSDT,1h
2026-04-01 11:00:00+00:00,2131.58,2139.0,2129.58,2134.18,95413.439,2026-04-01 11:59:59.999000+00:00,203658897.06396,133870,49683.87,106061090.81582,0,ETHUSDT,1h
2026-04-01 12:00:00+00:00,2134.18,2149.37,2120.84,2129.89,278942.971,2026-04-01 12:59:59.999000+00:00,594762357.40989,302212,141155.577,301065200.87255,0,ETHUSDT,1h
2026-04-01 13:00:00+00:00,2129.89,2134.22,2107.53,2118.58,452244.598,2026-04-01 13:59:59.999000+00:00,958977908.75067,519895,215328.408,456597423.85073,0,ETHUSDT,1h
2026-04-01 14:00:00+00:00,2118.57,2129.84,2112.83,2125.97,202264.277,2026-04-01 14:59:59.999000+00:00,429150244.06617,357749,101097.393,214535288.312,0,ETHUSDT,1h
2026-04-01 15:00:00+00:00,2125.98,2137.67,2121.0,2133.93,167713.203,2026-04-01 15:59:59.999000+00:00,357253562.24289,261065,84236.695,179452293.93022,0,ETHUSDT,1h
2026-04-01 16:00:00+00:00,2133.93,2152.15,2123.65,2144.99,244868.652,2026-04-01 16:59:59.999000+00:00,523610622.59915,314601,121846.836,260592691.46907,0,ETHUSDT,1h
2026-04-01 17:00:00+00:00,2145.0,2167.2,2132.3,2135.86,354345.495,2026-04-01 17:59:59.999000+00:00,761972786.64523,426356,181987.447,391487008.3622,0,ETHUSDT,1h
2026-04-01 18:00:00+00:00,2135.86,2136.84,2122.23,2128.12,165725.716,2026-04-01 18:59:59.999000+00:00,352809550.08447,326967,86323.016,183779388.45494,0,ETHUSDT,1h
2026-04-01 19:00:00+00:00,2128.13,2144.0,2126.83,2140.24,117558.032,2026-04-01 19:59:59.999000+00:00,251231750.14728,213421,60306.883,128874388.91523,0,ETHUSDT,1h
2026-04-01 20:00:00+00:00,2140.25,2146.78,2129.2,2142.46,103059.41,2026-04-01 20:59:59.999000+00:00,220229546.58913,154996,51546.518,110162816.96471,0,ETHUSDT,1h
2026-04-01 21:00:00+00:00,2142.46,2164.47,2141.81,2155.57,167811.627,2026-04-01 21:59:59.999000+00:00,361458041.91418,231365,89205.048,192155446.41373,0,ETHUSDT,1h
2026-04-01 22:00:00+00:00,2155.56,2157.57,2136.43,2138.74,177213.657,2026-04-01 22:59:59.999000+00:00,380237632.48902,248938,83337.35,178794955.52533,0,ETHUSDT,1h
2026-04-01 23:00:00+00:00,2138.75,2144.84,2133.92,2138.8,81349.759,2026-04-01 23:59:59.999000+00:00,174067898.38504,148792,38340.252,82038143.06368,0,ETHUSDT,1h
2026-04-02 00:00:00+00:00,2138.8,2158.42,2134.58,2154.58,170787.537,2026-04-02 00:59:59.999000+00:00,366640915.83753,289687,92063.527,197666625.41615,0,ETHUSDT,1h
2026-04-02 01:00:00+00:00,2154.58,2154.84,2088.0,2098.56,888468.612,2026-04-02 01:59:59.999000+00:00,1879482076.9495,1232956,418730.278,885670424.77891,0,ETHUSDT,1h
2026-04-02 02:00:00+00:00,2098.56,2098.56,2062.37,2072.78,512737.807,2026-04-02 02:59:59.999000+00:00,1065914859.98503,579654,236454.739,491627072.36078,0,ETHUSDT,1h
2026-04-02 03:00:00+00:00,2072.78,2075.49,2044.0,2054.73,379274.366,2026-04-02 03:59:59.999000+00:00,780689364.33316,386435,176447.951,363186568.12425,0,ETHUSDT,1h
2026-04-02 04:00:00+00:00,2054.73,2057.42,2040.28,2043.49,208664.936,2026-04-02 04:59:59.999000+00:00,427421352.4181,289433,99790.588,204430306.44295,0,ETHUSDT,1h
2026-04-02 05:00:00+00:00,2043.49,2050.42,2037.23,2049.01,219097.339,2026-04-02 05:59:59.999000+00:00,448094057.84338,247469,95717.248,195770988.07008,0,ETHUSDT,1h
2026-04-02 06:00:00+00:00,2049.01,2052.68,2044.09,2048.7,133780.964,2026-04-02 06:59:59.999000+00:00,274017089.27436,198260,64187.263,131481771.28796,0,ETHUSDT,1h
2026-04-02 07:00:00+00:00,2048.69,2055.74,2042.89,2054.8,134215.854,2026-04-02 07:59:59.999000+00:00,275185719.76054,182587,68360.587,140186210.64066,0,ETHUSDT,1h
2026-04-02 08:00:00+00:00,2054.79,2054.79,2044.11,2045.08,92330.732,2026-04-02 08:59:59.999000+00:00,189099626.67686,134048,40585.582,83118759.35344,0,ETHUSDT,1h
2026-04-02 09:00:00+00:00,2045.08,2046.91,2038.19,2042.82,122792.715,2026-04-02 09:59:59.999000+00:00,250848170.7067,152531,58745.091,120020924.08176,0,ETHUSDT,1h
2026-04-02 10:00:00+00:00,2042.82,2043.82,2030.63,2037.68,139424.752,2026-04-02 10:59:59.999000+00:00,283873329.7631,175555,67745.187,137935594.81494,0,ETHUSDT,1h
2026-04-02 11:00:00+00:00,2037.68,2039.3,2022.0,2032.04,181082.252,2026-04-02 11:59:59.999000+00:00,367914989.65042,200497,83680.913,170074192.64222,0,ETHUSDT,1h
2026-04-02 12:00:00+00:00,2032.03,2032.39,2023.08,2025.89,159132.508,2026-04-02 12:59:59.999000+00:00,322756829.59244,222974,83812.366,169998238.09838,0,ETHUSDT,1h
2026-04-02 13:00:00+00:00,2025.9,2041.7,2015.55,2037.69,403349.713,2026-04-02 13:59:59.999000+00:00,817040174.0333,464878,209606.497,424708233.93063,0,ETHUSDT,1h
2026-04-02 14:00:00+00:00,2037.69,2072.0,2031.55,2062.6,641759.488,2026-04-02 14:59:59.999000+00:00,1317936538.50484,748033,330941.549,679817577.03225,0,ETHUSDT,1h
2026-04-02 15:00:00+00:00,2062.6,2066.86,2047.17,2058.46,300763.513,2026-04-02 15:59:59.999000+00:00,618687219.35587,418926,136899.014,281627845.25193,0,ETHUSDT,1h
2026-04-02 16:00:00+00:00,2058.45,2076.0,2051.01,2061.94,185961.106,2026-04-02 16:59:59.999000+00:00,383603940.01938,312277,98528.771,203270513.46083,0,ETHUSDT,1h
2026-04-02 17:00:00+00:00,2061.93,2070.97,2042.39,2046.0,231326.733,2026-04-02 17:59:59.999000+00:00,475748840.82207,283421,118151.728,242982262.24893,0,ETHUSDT,1h
2026-04-02 18:00:00+00:00,2046.01,2063.0,2042.18,2057.41,148192.653,2026-04-02 18:59:59.999000+00:00,303759728.57881,201659,82642.874,169407423.02683,0,ETHUSDT,1h
2026-04-02 19:00:00+00:00,2057.42,2065.88,2053.64,2064.39,83003.184,2026-04-02 19:59:59.999000+00:00,170918245.88624,154975,40449.236,83305242.22831,0,ETHUSDT,1h
2026-04-02 20:00:00+00:00,2064.4,2073.41,2059.63,2067.29,136958.848,2026-04-02 20:59:59.999000+00:00,283234278.10247,138885,74299.325,153662325.82392,0,ETHUSDT,1h
2026-04-02 21:00:00+00:00,2067.29,2069.86,2054.85,2062.23,105359.502,2026-04-02 21:59:59.999000+00:00,217096202.03202,112513,45487.798,93740590.98839,0,ETHUSDT,1h
2026-04-02 22:00:00+00:00,2062.23,2063.8,2052.26,2059.08,85078.877,2026-04-02 22:59:59.999000+00:00,175215126.67223,107690,47261.925,97349147.33167,0,ETHUSDT,1h
2026-04-02 23:00:00+00:00,2059.07,2061.0,2052.59,2055.96,101416.402,2026-04-02 23:59:59.999000+00:00,208532412.84981,109385,44870.608,92230856.49957,0,ETHUSDT,1h
2026-04-03 00:00:00+00:00,2055.97,2058.71,2048.52,2052.06,64518.336,2026-04-03 00:59:59.999000+00:00,132495503.19651,132910,33894.417,69611409.31509,0,ETHUSDT,1h
2026-04-03 01:00:00+00:00,2052.06,2061.88,2044.0,2049.43,147551.677,2026-04-03 01:59:59.999000+00:00,302696682.11883,185500,76162.856,156198617.45193,0,ETHUSDT,1h
2026-04-03 02:00:00+00:00,2049.44,2059.17,2038.35,2051.43,183280.975,2026-04-03 02:59:59.999000+00:00,375426708.55568,254961,87281.372,178858437.99575,0,ETHUSDT,1h
2026-04-03 03:00:00+00:00,2051.42,2056.4,2049.0,2053.0,83170.477,2026-04-03 03:59:59.999000+00:00,170755244.42323,125297,39276.373,80629957.15749,0,ETHUSDT,1h
2026-04-03 04:00:00+00:00,2053.01,2057.0,2047.57,2053.64,53603.495,2026-04-03 04:59:59.999000+00:00,110031171.31249,107855,29546.356,60658422.14981,0,ETHUSDT,1h
2026-04-03 05:00:00+00:00,2053.64,2063.99,2046.16,2056.16,100920.9,2026-04-03 05:59:59.999000+00:00,207646076.32283,146886,56368.307,115993875.90838,0,ETHUSDT,1h
2026-04-03 06:00:00+00:00,2056.16,2066.0,2053.78,2062.66,78388.302,2026-04-03 06:59:59.999000+00:00,161544297.20445,141293,43979.493,90639392.50091,0,ETHUSDT,1h
2026-04-03 07:00:00+00:00,2062.67,2074.6,2061.11,2064.98,125236.688,2026-04-03 07:59:59.999000+00:00,258848764.25514,171466,67915.357,140391964.86166,0,ETHUSDT,1h
2026-04-03 08:00:00+00:00,2064.98,2071.14,2057.16,2059.85,96548.669,2026-04-03 08:59:59.999000+00:00,199255520.81589,142198,46413.46,95791644.64808,0,ETHUSDT,1h
2026-04-03 09:00:00+00:00,2059.85,2063.15,2055.68,2060.07,52943.531,2026-04-03 09:59:59.999000+00:00,109037147.10871,87188,24933.735,51359914.30866,0,ETHUSDT,1h
2026-04-03 10:00:00+00:00,2060.06,2060.07,2052.02,2058.68,67414.227,2026-04-03 10:59:59.999000+00:00,138639698.60401,93060,33875.031,69668451.72832,0,ETHUSDT,1h
2026-04-03 11:00:00+00:00,2058.69,2064.05,2056.74,2061.87,58113.659,2026-04-03 11:59:59.999000+00:00,119763599.35678,79907,28558.451,58854014.40402,0,ETHUSDT,1h
2026-04-03 12:00:00+00:00,2061.88,2084.02,2043.6,2049.05,296346.96,2026-04-03 12:59:59.999000+00:00,610735313.22922,294071,152312.948,314105457.95531,0,ETHUSDT,1h
2026-04-03 13:00:00+00:00,2049.04,2050.21,2040.26,2047.21,174635.401,2026-04-03 13:59:59.999000+00:00,357249201.43142,192939,89591.617,183267477.95488,0,ETHUSDT,1h
2026-04-03 14:00:00+00:00,2047.21,2056.6,2044.25,2053.35,114951.665,2026-04-03 14:59:59.999000+00:00,235755289.29097,158406,62124.402,127428303.82487,0,ETHUSDT,1h
2026-04-03 15:00:00+00:00,2053.35,2056.85,2048.09,2050.31,64887.757,2026-04-03 15:59:59.999000+00:00,133142685.34422,104150,33874.476,69508725.28474,0,ETHUSDT,1h
2026-04-03 16:00:00+00:00,2050.31,2055.9,2048.58,2053.7,60569.833,2026-04-03 16:59:59.999000+00:00,124313263.64477,98305,32163.851,66013721.40834,0,ETHUSDT,1h
2026-04-03 17:00:00+00:00,2053.7,2054.5,2042.4,2049.21,72234.171,2026-04-03 17:59:59.999000+00:00,147921657.26128,116761,34995.827,71666932.73014,0,ETHUSDT,1h
2026-04-03 18:00:00+00:00,2049.2,2052.5,2046.85,2048.2,44888.027,2026-04-03 18:59:59.999000+00:00,91997163.0835,71070,20704.666,42435626.34021,0,ETHUSDT,1h
2026-04-03 19:00:00+00:00,2048.2,2053.28,2044.2,2051.43,37560.728,2026-04-03 19:59:59.999000+00:00,76954999.98239,61529,18327.729,37551739.46505,0,ETHUSDT,1h
2026-04-03 20:00:00+00:00,2051.42,2054.1,2050.83,2051.7,29165.979,2026-04-03 20:59:59.999000+00:00,59854921.33133,45588,13982.371,28696040.9404,0,ETHUSDT,1h
2026-04-03 21:00:00+00:00,2051.71,2060.99,2051.63,2057.25,59104.131,2026-04-03 21:59:59.999000+00:00,121568976.32696,76039,36914.471,75924436.11969,0,ETHUSDT,1h
2026-04-03 22:00:00+00:00,2057.26,2058.72,2048.54,2051.09,38447.258,2026-04-03 22:59:59.999000+00:00,78942512.02295,71707,16786.65,34469988.78991,0,ETHUSDT,1h
2026-04-03 23:00:00+00:00,2051.09,2053.36,2048.37,2052.92,33226.951,2026-04-03 23:59:59.999000+00:00,68139263.40657,51978,19302.131,39585968.01781,0,ETHUSDT,1h
2026-04-04 00:00:00+00:00,2052.93,2053.0,2050.47,2051.25,21777.976,2026-04-04 00:59:59.999000+00:00,44682656.8717,41127,11835.432,24282879.73511,0,ETHUSDT,1h
2026-04-04 01:00:00+00:00,2051.25,2052.93,2048.62,2050.52,22801.701,2026-04-04 01:59:59.999000+00:00,46751205.06472,37210,10186.601,20885429.12372,0,ETHUSDT,1h
2026-04-04 02:00:00+00:00,2050.53,2052.7,2046.87,2049.32,33138.435,2026-04-04 02:59:59.999000+00:00,67895289.49478,43618,16936.8,34702118.59136,0,ETHUSDT,1h
2026-04-04 03:00:00+00:00,2049.32,2051.39,2048.7,2049.21,19474.531,2026-04-04 03:59:59.999000+00:00,39921292.7598,28990,9501.418,19478063.29149,0,ETHUSDT,1h
2026-04-04 04:00:00+00:00,2049.21,2050.76,2047.51,2050.14,21001.286,2026-04-04 04:59:59.999000+00:00,43037759.1265,29189,10019.728,20534589.99656,0,ETHUSDT,1h
2026-04-04 05:00:00+00:00,2050.13,2054.22,2049.53,2052.77,39852.391,2026-04-04 05:59:59.999000+00:00,81771863.33498,47347,22912.257,47015490.91154,0,ETHUSDT,1h
2026-04-04 06:00:00+00:00,2052.78,2057.5,2051.96,2055.51,45203.075,2026-04-04 06:59:59.999000+00:00,92866073.51387,47222,24989.355,51344459.99924,0,ETHUSDT,1h
2026-04-04 07:00:00+00:00,2055.51,2056.13,2050.52,2052.72,38445.655,2026-04-04 07:59:59.999000+00:00,78925578.38962,43055,15116.569,31029862.4375,0,ETHUSDT,1h
2026-04-04 08:00:00+00:00,2052.73,2054.5,2048.36,2049.45,35102.459,2026-04-04 08:59:59.999000+00:00,72007107.08527,41606,16535.0,33925103.96447,0,ETHUSDT,1h
2026-04-04 09:00:00+00:00,2049.45,2050.88,2048.1,2049.26,35822.189,2026-04-04 09:59:59.999000+00:00,73408070.40787,35610,19449.998,39857696.9236,0,ETHUSDT,1h
2026-04-04 10:00:00+00:00,2049.27,2053.96,2046.45,2053.27,64744.842,2026-04-04 10:59:59.999000+00:00,132732394.43802,68996,36301.38,74428208.43313,0,ETHUSDT,1h
2026-04-04 11:00:00+00:00,2053.27,2054.24,2050.25,2051.06,31775.327,2026-04-04 11:59:59.999000+00:00,65191002.42025,43872,14545.877,29843166.22095,0,ETHUSDT,1h
2026-04-04 12:00:00+00:00,2051.06,2052.5,2047.0,2048.89,43287.816,2026-04-04 12:59:59.999000+00:00,88706147.51577,49214,19621.468,40208071.74019,0,ETHUSDT,1h
2026-04-04 13:00:00+00:00,2048.9,2053.99,2048.55,2052.31,47507.628,2026-04-04 13:59:59.999000+00:00,97440521.698,49266,25434.169,52164226.13566,0,ETHUSDT,1h
2026-04-04 14:00:00+00:00,2052.31,2053.62,2043.0,2052.14,83076.177,2026-04-04 14:59:59.999000+00:00,170234358.50566,81049,39172.329,80276635.97952,0,ETHUSDT,1h
2026-04-04 15:00:00+00:00,2052.13,2060.99,2051.39,2055.16,117989.106,2026-04-04 15:59:59.999000+00:00,242510137.58974,129061,66012.088,135689139.38845,0,ETHUSDT,1h
2026-04-04 16:00:00+00:00,2055.16,2061.65,2052.3,2054.65,95783.505,2026-04-04 16:59:59.999000+00:00,197076902.64334,97717,47264.561,97262958.2712,0,ETHUSDT,1h
2026-04-04 17:00:00+00:00,2054.66,2057.22,2051.74,2055.85,43639.891,2026-04-04 17:59:59.999000+00:00,89659348.69867,55637,21421.524,44013213.94658,0,ETHUSDT,1h
2026-04-04 18:00:00+00:00,2055.85,2057.33,2053.75,2054.18,22714.733,2026-04-04 18:59:59.999000+00:00,46693583.531,37070,10484.508,21551881.62777,0,ETHUSDT,1h
2026-04-04 19:00:00+00:00,2054.17,2083.36,2054.15,2063.77,278409.936,2026-04-04 19:59:59.999000+00:00,576160824.48668,251683,152086.334,314787821.40846,0,ETHUSDT,1h
2026-04-04 20:00:00+00:00,2063.77,2064.03,2058.63,2061.87,47742.563,2026-04-04 20:59:59.999000+00:00,98410966.54158,59927,21848.942,45035196.8439,0,ETHUSDT,1h
2026-04-04 21:00:00+00:00,2061.87,2071.06,2061.66,2067.73,40525.118,2026-04-04 21:59:59.999000+00:00,83735430.51804,61464,24841.914,51331649.70607,0,ETHUSDT,1h
2026-04-04 22:00:00+00:00,2067.73,2071.46,2067.3,2068.04,34621.469,2026-04-04 22:59:59.999000+00:00,71631978.55364,62630,16313.943,33752475.05365,0,ETHUSDT,1h
2026-04-04 23:00:00+00:00,2068.04,2068.24,2061.61,2064.43,41754.651,2026-04-04 23:59:59.999000+00:00,86196217.87417,54646,20516.909,42354157.16475,0,ETHUSDT,1h
2026-04-05 00:00:00+00:00,2064.43,2064.6,2059.2,2061.27,32563.054,2026-04-05 00:59:59.999000+00:00,67161743.4875,46281,14556.857,30026148.07558,0,ETHUSDT,1h
2026-04-05 01:00:00+00:00,2061.28,2061.6,2056.01,2056.4,47393.019,2026-04-05 01:59:59.999000+00:00,97539632.21572,58705,21037.332,43296502.7211,0,ETHUSDT,1h
2026-04-05 02:00:00+00:00,2056.39,2059.2,2052.65,2058.98,52260.899,2026-04-05 02:59:59.999000+00:00,107458410.36763,65640,28720.238,59060391.27234,0,ETHUSDT,1h
2026-04-05 03:00:00+00:00,2058.98,2059.99,2054.25,2055.69,23686.71,2026-04-05 03:59:59.999000+00:00,48717335.2644,34270,11958.598,24596735.9012,0,ETHUSDT,1h
2026-04-05 04:00:00+00:00,2055.69,2057.19,2053.01,2054.25,28251.548,2026-04-05 04:59:59.999000+00:00,58050158.3001,37862,15135.123,31098619.23353,0,ETHUSDT,1h
2026-04-05 05:00:00+00:00,2054.25,2055.88,2046.0,2047.74,70293.915,2026-04-05 05:59:59.999000+00:00,144129499.97284,80133,29741.275,60988205.18606,0,ETHUSDT,1h
2026-04-05 06:00:00+00:00,2047.74,2048.11,2026.32,2037.25,317875.914,2026-04-05 06:59:59.999000+00:00,646872372.43288,280345,141715.242,288382158.73735,0,ETHUSDT,1h
2026-04-05 07:00:00+00:00,2037.24,2041.58,2033.01,2036.0,97584.917,2026-04-05 07:59:59.999000+00:00,198874486.54992,97882,45820.521,93372553.8644,0,ETHUSDT,1h
2026-04-05 08:00:00+00:00,2036.0,2039.04,2034.57,2038.06,34906.922,2026-04-05 08:59:59.999000+00:00,71109519.83331,50057,19600.753,39931087.46642,0,ETHUSDT,1h
2026-04-05 09:00:00+00:00,2038.06,2044.93,2037.72,2043.22,63277.507,2026-04-05 09:59:59.999000+00:00,129208159.6058,70359,35050.374,71569477.23919,0,ETHUSDT,1h
2026-04-05 10:00:00+00:00,2043.23,2051.83,2041.09,2043.65,76394.855,2026-04-05 10:59:59.999000+00:00,156292951.38109,81621,40233.873,82328121.4291,0,ETHUSDT,1h
2026-04-05 11:00:00+00:00,2043.64,2044.88,2039.35,2040.88,41060.478,2026-04-05 11:59:59.999000+00:00,83848038.03452,54059,17869.363,36492173.54189,0,ETHUSDT,1h
2026-04-05 12:00:00+00:00,2040.88,2040.89,2020.61,2026.96,271537.324,2026-04-05 12:59:59.999000+00:00,550604114.8843,219675,114686.789,232523310.81079,0,ETHUSDT,1h
2026-04-05 13:00:00+00:00,2026.95,2036.99,2024.3,2035.44,142006.445,2026-04-05 13:59:59.999000+00:00,288307044.98368,138331,71925.734,146033302.83647,0,ETHUSDT,1h
2026-04-05 14:00:00+00:00,2035.44,2042.3,2033.65,2037.36,116369.376,2026-04-05 14:59:59.999000+00:00,237209268.81109,122697,59061.684,120402539.99659,0,ETHUSDT,1h
2026-04-05 15:00:00+00:00,2037.37,2069.25,2033.07,2053.13,380743.413,2026-04-05 15:59:59.999000+00:00,782275650.89731,378399,190278.647,390930109.87922,0,ETHUSDT,1h
2026-04-05 16:00:00+00:00,2053.12,2058.5,2048.76,2051.24,91914.209,2026-04-05 16:59:59.999000+00:00,188791600.86915,134311,40694.439,83601628.13866,0,ETHUSDT,1h
2026-04-05 17:00:00+00:00,2051.25,2061.45,2047.04,2061.31,115817.577,2026-04-05 17:59:59.999000+00:00,238209407.09237,127184,72188.179,148502729.64096,0,ETHUSDT,1h
2026-04-05 18:00:00+00:00,2061.31,2065.96,2055.84,2061.92,85919.173,2026-04-05 18:59:59.999000+00:00,177056202.71354,99154,44363.045,91432889.29583,0,ETHUSDT,1h
2026-04-05 19:00:00+00:00,2061.92,2068.88,2056.88,2060.99,74283.401,2026-04-05 19:59:59.999000+00:00,153225421.02667,92455,36704.323,75720336.27971,0,ETHUSDT,1h
2026-04-05 20:00:00+00:00,2061.0,2074.58,2060.52,2067.89,91495.197,2026-04-05 20:59:59.999000+00:00,189233457.40401,112450,50511.946,104476546.86202,0,ETHUSDT,1h
2026-04-05 21:00:00+00:00,2067.9,2068.0,2055.81,2059.14,80094.919,2026-04-05 21:59:59.999000+00:00,165085830.12643,103378,35345.414,72854856.03611,0,ETHUSDT,1h
2026-04-05 22:00:00+00:00,2059.15,2087.92,2048.66,2084.99,310664.281,2026-04-05 22:59:59.999000+00:00,642812776.34375,440943,181551.196,375851320.35219,0,ETHUSDT,1h
2026-04-05 23:00:00+00:00,2084.99,2123.23,2081.0,2109.35,486682.415,2026-04-05 23:59:59.999000+00:00,1024789443.87405,637730,260901.234,549330627.95937,0,ETHUSDT,1h
2026-04-06 00:00:00+00:00,2109.36,2135.0,2109.36,2121.14,343516.67,2026-04-06 00:59:59.999000+00:00,729333596.71982,478920,174352.443,370205075.90393,0,ETHUSDT,1h
2026-04-06 01:00:00+00:00,2121.15,2123.85,2111.49,2114.3,157781.65,2026-04-06 01:59:59.999000+00:00,333993094.83213,243235,75351.587,159498374.08989,0,ETHUSDT,1h
2026-04-06 02:00:00+00:00,2114.3,2147.73,2113.64,2132.65,278977.643,2026-04-06 02:59:59.999000+00:00,595420904.01434,396627,156538.144,334098760.20517,0,ETHUSDT,1h
2026-04-06 03:00:00+00:00,2132.64,2136.45,2125.6,2128.38,117307.08,2026-04-06 03:59:59.999000+00:00,250049156.75286,189695,51025.216,108764714.65889,0,ETHUSDT,1h
2026-04-06 04:00:00+00:00,2128.38,2133.9,2124.0,2130.12,100218.817,2026-04-06 04:59:59.999000+00:00,213367754.70739,145073,54192.825,115392606.19085,0,ETHUSDT,1h
2026-04-06 05:00:00+00:00,2130.11,2133.73,2127.24,2130.4,48087.103,2026-04-06 05:59:59.999000+00:00,102429646.88207,96318,22070.606,47013507.33272,0,ETHUSDT,1h
2026-04-06 06:00:00+00:00,2130.39,2138.4,2119.04,2126.34,191264.325,2026-04-06 06:59:59.999000+00:00,406783510.57322,248743,98168.319,208825943.86844,0,ETHUSDT,1h
2026-04-06 07:00:00+00:00,2126.35,2140.5,2121.76,2134.05,138993.256,2026-04-06 07:59:59.999000+00:00,296309711.49611,175014,74332.084,158472841.95735,0,ETHUSDT,1h
2026-04-06 08:00:00+00:00,2134.05,2147.54,2132.52,2137.54,140714.204,2026-04-06 08:59:59.999000+00:00,301048446.76804,172818,75741.523,162073403.82604,0,ETHUSDT,1h
2026-04-06 09:00:00+00:00,2137.55,2174.41,2137.34,2149.9,545896.7,2026-04-06 09:59:59.999000+00:00,1177324785.34769,501912,304561.321,656880955.27962,0,ETHUSDT,1h
2026-04-06 10:00:00+00:00,2149.91,2156.74,2148.11,2152.28,127350.433,2026-04-06 10:59:59.999000+00:00,274118753.74397,176860,54746.384,117849314.2401,0,ETHUSDT,1h
2026-04-06 11:00:00+00:00,2152.28,2153.0,2145.43,2150.55,96913.165,2026-04-06 11:59:59.999000+00:00,208289010.4424,131882,47382.032,101837074.69324,0,ETHUSDT,1h
2026-04-06 12:00:00+00:00,2150.54,2153.8,2141.0,2142.51,130911.342,2026-04-06 12:59:59.999000+00:00,281141038.93797,164951,63609.275,136613629.55286,0,ETHUSDT,1h
2026-04-06 13:00:00+00:00,2142.51,2148.47,2136.42,2145.0,197251.286,2026-04-06 13:59:59.999000+00:00,422588456.42639,334839,98436.169,210922413.18476,0,ETHUSDT,1h
2026-04-06 14:00:00+00:00,2145.0,2164.91,2136.71,2155.35,520575.246,2026-04-06 14:59:59.999000+00:00,1119528156.14201,616290,266273.606,572830465.01458,0,ETHUSDT,1h
2026-04-06 15:00:00+00:00,2155.35,2169.11,2154.0,2163.43,273545.566,2026-04-06 15:59:59.999000+00:00,591433969.96419,392166,152564.487,329906159.78258,0,ETHUSDT,1h
2026-04-06 16:00:00+00:00,2163.43,2167.52,2139.11,2139.26,210564.571,2026-04-06 16:59:59.999000+00:00,453788162.04527,311836,100173.024,215879105.61792,0,ETHUSDT,1h
2026-04-06 17:00:00+00:00,2139.25,2139.86,2122.0,2134.0,347548.638,2026-04-06 17:59:59.999000+00:00,740936476.23082,427551,172877.374,368538479.50997,0,ETHUSDT,1h
2026-04-06 18:00:00+00:00,2134.0,2147.52,2130.55,2143.7,148489.975,2026-04-06 18:59:59.999000+00:00,317952367.82604,226400,75074.506,160761963.74522,0,ETHUSDT,1h
2026-04-06 19:00:00+00:00,2143.71,2145.01,2134.34,2143.29,96893.294,2026-04-06 19:59:59.999000+00:00,207426494.31383,149575,51577.039,110426770.42069,0,ETHUSDT,1h
2026-04-06 20:00:00+00:00,2143.3,2154.42,2139.2,2147.59,90656.987,2026-04-06 20:59:59.999000+00:00,194760403.53224,116357,50175.367,107806330.45365,0,ETHUSDT,1h
2026-04-06 21:00:00+00:00,2147.58,2147.58,2136.46,2138.52,64443.775,2026-04-06 21:59:59.999000+00:00,138061238.0142,103220,33546.36,71870050.01768,0,ETHUSDT,1h
2026-04-06 22:00:00+00:00,2138.52,2140.38,2103.87,2103.9,278902.468,2026-04-06 22:59:59.999000+00:00,592109616.35697,302945,130523.488,277235532.01314,0,ETHUSDT,1h
2026-04-06 23:00:00+00:00,2103.9,2109.42,2086.29,2106.14,494194.065,2026-04-06 23:59:59.999000+00:00,1036243071.28127,496769,255658.816,536161807.32154,0,ETHUSDT,1h
2026-04-07 00:00:00+00:00,2106.14,2119.34,2104.54,2111.5,230936.725,2026-04-07 00:59:59.999000+00:00,487748494.92139,296404,131266.153,277213474.94138,0,ETHUSDT,1h
2026-04-07 01:00:00+00:00,2111.5,2119.78,2096.29,2098.28,213646.657,2026-04-07 01:59:59.999000+00:00,450404026.00341,290032,97112.565,204684992.31109,0,ETHUSDT,1h
2026-04-07 02:00:00+00:00,2098.28,2110.75,2091.93,2105.7,150762.142,2026-04-07 02:59:59.999000+00:00,316981559.6911,204870,71235.663,149777217.83913,0,ETHUSDT,1h
2026-04-07 03:00:00+00:00,2105.69,2109.0,2102.57,2107.19,61146.761,2026-04-07 03:59:59.999000+00:00,128814763.54201,102509,30202.558,63627835.11943,0,ETHUSDT,1h
2026-04-07 04:00:00+00:00,2107.2,2118.25,2102.16,2113.08,102382.228,2026-04-07 04:59:59.999000+00:00,216054938.67355,144288,54161.244,114320435.98574,0,ETHUSDT,1h
2026-04-07 05:00:00+00:00,2113.08,2113.66,2102.46,2104.45,75512.26,2026-04-07 05:59:59.999000+00:00,159087977.25279,113265,33846.204,71315792.73617,0,ETHUSDT,1h
2026-04-07 06:00:00+00:00,2104.45,2106.07,2095.35,2103.01,113028.36,2026-04-07 06:59:59.999000+00:00,237389169.16708,157831,55993.592,117611795.87015,0,ETHUSDT,1h
2026-04-07 07:00:00+00:00,2103.01,2105.31,2097.5,2103.0,65215.119,2026-04-07 07:59:59.999000+00:00,137046374.97453,112708,35498.554,74608076.35579,0,ETHUSDT,1h
2026-04-07 08:00:00+00:00,2102.99,2116.43,2102.35,2113.99,135890.743,2026-04-07 08:59:59.999000+00:00,286756177.87484,212955,75635.393,159614199.06938,0,ETHUSDT,1h
2026-04-07 09:00:00+00:00,2113.99,2132.96,2113.32,2127.26,239504.188,2026-04-07 09:59:59.999000+00:00,509038260.7457,258589,135897.35,288807370.63632,0,ETHUSDT,1h
2026-04-07 10:00:00+00:00,2127.26,2130.78,2085.1,2088.29,419506.668,2026-04-07 10:59:59.999000+00:00,882805796.24979,462166,181144.565,381169634.94178,0,ETHUSDT,1h
2026-04-07 11:00:00+00:00,2088.29,2093.23,2080.57,2088.47,238995.278,2026-04-07 11:59:59.999000+00:00,498868409.26851,282200,126628.835,264373367.75095,0,ETHUSDT,1h
2026-04-07 12:00:00+00:00,2088.48,2092.26,2073.1,2085.77,378939.087,2026-04-07 12:59:59.999000+00:00,788648498.15642,411338,181692.964,378230167.74598,0,ETHUSDT,1h
2026-04-07 13:00:00+00:00,2085.76,2092.61,2073.42,2073.98,225855.451,2026-04-07 13:59:59.999000+00:00,470241411.03278,380097,113169.173,235663016.51526,0,ETHUSDT,1h
2026-04-07 14:00:00+00:00,2073.97,2080.61,2058.01,2068.48,415350.304,2026-04-07 14:59:59.999000+00:00,859433497.25618,545151,202609.918,419319494.40014,0,ETHUSDT,1h
2026-04-07 15:00:00+00:00,2068.49,2082.39,2063.64,2079.26,216787.603,2026-04-07 15:59:59.999000+00:00,449801146.67807,316407,111162.19,230650827.62709,0,ETHUSDT,1h
2026-04-07 16:00:00+00:00,2079.26,2089.36,2076.41,2082.61,195885.892,2026-04-07 16:59:59.999000+00:00,408063502.02581,270083,101573.107,211604704.1491,0,ETHUSDT,1h
2026-04-07 17:00:00+00:00,2082.62,2115.81,2078.6,2098.29,287521.252,2026-04-07 17:59:59.999000+00:00,602957361.17994,324348,155823.295,326829029.99251,0,ETHUSDT,1h
2026-04-07 18:00:00+00:00,2098.29,2100.49,2081.41,2085.32,149893.403,2026-04-07 18:59:59.999000+00:00,313397307.95613,185175,60949.648,127480223.49933,0,ETHUSDT,1h
2026-04-07 19:00:00+00:00,2085.31,2117.0,2083.17,2112.52,318945.138,2026-04-07 19:59:59.999000+00:00,670304523.50818,464464,173592.744,364746399.98929,0,ETHUSDT,1h
2026-04-07 20:00:00+00:00,2112.52,2124.8,2109.43,2114.57,227191.435,2026-04-07 20:59:59.999000+00:00,481044977.80224,298773,113740.168,240837030.41408,0,ETHUSDT,1h
2026-04-07 21:00:00+00:00,2114.56,2152.86,2114.47,2144.25,443345.624,2026-04-07 21:59:59.999000+00:00,948607132.62672,479925,263920.208,564772817.54454,0,ETHUSDT,1h
2026-04-07 22:00:00+00:00,2144.26,2219.69,2144.26,2219.2,975854.175,2026-04-07 22:59:59.999000+00:00,2128072746.29007,1162210,539031.282,1176184546.87715,0,ETHUSDT,1h
2026-04-07 23:00:00+00:00,2219.2,2273.0,2214.23,2239.14,999049.642,2026-04-07 23:59:59.999000+00:00,2240232347.2273,1398054,497861.398,1116859289.54407,0,ETHUSDT,1h
2026-04-08 00:00:00+00:00,2239.14,2250.71,2226.28,2235.33,355862.267,2026-04-08 00:59:59.999000+00:00,796411748.36434,525550,170416.095,381474574.26465,0,ETHUSDT,1h
2026-04-08 01:00:00+00:00,2235.32,2242.59,2229.56,2233.38,141734.388,2026-04-08 01:59:59.999000+00:00,316872081.42324,261399,72140.857,161288115.09428,0,ETHUSDT,1h
2026-04-08 02:00:00+00:00,2233.38,2246.81,2229.37,2236.33,177358.722,2026-04-08 02:59:59.999000+00:00,396596839.4469,262328,82719.198,185018173.44027,0,ETHUSDT,1h
2026-04-08 03:00:00+00:00,2236.34,2238.93,2231.17,2233.89,68780.759,2026-04-08 03:59:59.999000+00:00,153710642.20032,127641,35979.781,80405011.50478,0,ETHUSDT,1h
2026-04-08 04:00:00+00:00,2233.89,2251.98,2233.88,2239.71,181611.372,2026-04-08 04:59:59.999000+00:00,407617853.95177,242082,86376.933,193869209.38817,0,ETHUSDT,1h
2026-04-08 05:00:00+00:00,2239.71,2244.28,2237.18,2239.73,109458.003,2026-04-08 05:59:59.999000+00:00,245316182.15877,162654,53061.545,118928751.73943,0,ETHUSDT,1h
2026-04-08 06:00:00+00:00,2239.73,2253.15,2234.13,2244.71,173457.441,2026-04-08 06:59:59.999000+00:00,389624976.39718,211235,87649.099,196892360.53156,0,ETHUSDT,1h
2026-04-08 07:00:00+00:00,2244.7,2259.72,2243.28,2252.75,174781.462,2026-04-08 07:59:59.999000+00:00,393670519.02372,210518,95674.543,215527129.43025,0,ETHUSDT,1h
2026-04-08 08:00:00+00:00,2252.74,2258.44,2249.0,2255.36,120468.199,2026-04-08 08:59:59.999000+00:00,271587821.63774,201841,64886.07,146283916.63016,0,ETHUSDT,1h
2026-04-08 09:00:00+00:00,2255.37,2262.75,2245.23,2248.64,149005.522,2026-04-08 09:59:59.999000+00:00,335745774.76154,188492,72099.052,162503597.02107,0,ETHUSDT,1h
2026-04-08 10:00:00+00:00,2248.64,2252.89,2240.59,2241.69,97750.465,2026-04-08 10:59:59.999000+00:00,219532175.40271,154653,43451.989,97601291.1881,0,ETHUSDT,1h
2026-04-08 11:00:00+00:00,2241.69,2254.11,2235.83,2246.53,188961.057,2026-04-08 11:59:59.999000+00:00,424165203.70962,211091,107913.349,242305535.27267,0,ETHUSDT,1h
2026-04-08 12:00:00+00:00,2246.53,2258.39,2241.28,2254.64,150775.778,2026-04-08 12:59:59.999000+00:00,339398543.62314,263065,76652.545,172566796.72679,0,ETHUSDT,1h
2026-04-08 13:00:00+00:00,2254.64,2269.65,2230.38,2234.84,560934.643,2026-04-08 13:59:59.999000+00:00,1261167818.95229,703465,291641.17,655924040.18573,0,ETHUSDT,1h
2026-04-08 14:00:00+00:00,2234.83,2240.1,2186.03,2194.73,714975.889,2026-04-08 14:59:59.999000+00:00,1580320077.48956,858238,338138.914,747523629.95254,0,ETHUSDT,1h
2026-04-08 15:00:00+00:00,2194.72,2217.42,2192.87,2214.56,354632.636,2026-04-08 15:59:59.999000+00:00,782068309.62699,424492,186764.462,411935228.69889,0,ETHUSDT,1h
2026-04-08 16:00:00+00:00,2214.56,2224.67,2210.12,2219.74,185669.193,2026-04-08 16:59:59.999000+00:00,411584581.45798,297699,92158.96,204336601.32958,0,ETHUSDT,1h
2026-04-08 17:00:00+00:00,2219.73,2238.66,2212.0,2230.7,227536.84,2026-04-08 17:59:59.999000+00:00,506645185.88977,326997,124271.834,276747339.5412,0,ETHUSDT,1h
2026-04-08 18:00:00+00:00,2230.7,2231.66,2197.65,2200.66,246898.664,2026-04-08 18:59:59.999000+00:00,546431289.04959,372044,111779.743,247309681.79031,0,ETHUSDT,1h
2026-04-08 19:00:00+00:00,2200.65,2211.11,2196.26,2210.01,161450.921,2026-04-08 19:59:59.999000+00:00,355723191.91773,251374,84158.885,185452932.25853,0,ETHUSDT,1h
2026-04-08 20:00:00+00:00,2210.0,2215.97,2204.51,2208.86,77777.85,2026-04-08 20:59:59.999000+00:00,171965742.06363,127103,36692.097,81136642.35966,0,ETHUSDT,1h
2026-04-08 21:00:00+00:00,2208.86,2221.64,2206.77,2213.74,72824.948,2026-04-08 21:59:59.999000+00:00,161362578.39577,107405,37580.929,83274727.93079,0,ETHUSDT,1h
2026-04-08 22:00:00+00:00,2213.73,2214.17,2183.55,2188.71,212231.808,2026-04-08 22:59:59.999000+00:00,466204014.29058,249189,94420.927,207401711.63938,0,ETHUSDT,1h
2026-04-08 23:00:00+00:00,2188.7,2193.16,2177.77,2188.87,161574.093,2026-04-08 23:59:59.999000+00:00,353141289.09636,269328,80877.802,176802229.01925,0,ETHUSDT,1h
2026-04-09 00:00:00+00:00,2188.87,2193.23,2177.58,2182.01,131260.282,2026-04-09 00:59:59.999000+00:00,286732232.55558,252739,63029.329,137699375.96571,0,ETHUSDT,1h
2026-04-09 01:00:00+00:00,2182.02,2184.31,2160.0,2177.75,261139.408,2026-04-09 01:59:59.999000+00:00,566965723.83917,342356,125067.811,271583594.86531,0,ETHUSDT,1h
2026-04-09 02:00:00+00:00,2177.75,2184.71,2172.72,2180.69,119515.682,2026-04-09 02:59:59.999000+00:00,260525753.07003,192848,63905.748,139317487.05595,0,ETHUSDT,1h
2026-04-09 03:00:00+00:00,2180.69,2182.9,2174.29,2181.31,61639.669,2026-04-09 03:59:59.999000+00:00,134319979.4612,118862,28001.988,61025551.16111,0,ETHUSDT,1h
2026-04-09 04:00:00+00:00,2181.31,2181.59,2175.0,2176.66,47492.705,2026-04-09 04:59:59.999000+00:00,103442675.73076,86004,21509.79,46851073.13897,0,ETHUSDT,1h
2026-04-09 05:00:00+00:00,2176.66,2188.57,2174.39,2181.13,122355.351,2026-04-09 05:59:59.999000+00:00,267009706.70906,149837,70205.968,153245375.38787,0,ETHUSDT,1h
2026-04-09 06:00:00+00:00,2181.14,2185.23,2174.48,2180.53,66922.331,2026-04-09 06:59:59.999000+00:00,145833530.85342,110448,35856.471,78141100.46708,0,ETHUSDT,1h
2026-04-09 07:00:00+00:00,2180.53,2184.77,2178.66,2179.96,60250.289,2026-04-09 07:59:59.999000+00:00,131457429.11372,101167,29838.704,65107213.60074,0,ETHUSDT,1h
2026-04-09 08:00:00+00:00,2179.97,2190.27,2175.0,2184.99,116052.687,2026-04-09 08:59:59.999000+00:00,253338803.26774,162801,61349.659,133946316.74275,0,ETHUSDT,1h
2026-04-09 09:00:00+00:00,2184.99,2196.53,2178.13,2192.78,118442.922,2026-04-09 09:59:59.999000+00:00,259027704.07989,178480,67694.425,148069840.62427,0,ETHUSDT,1h
2026-04-09 10:00:00+00:00,2192.77,2196.07,2186.83,2189.5,89055.285,2026-04-09 10:59:59.999000+00:00,195121038.23594,128457,43725.433,95814627.63461,0,ETHUSDT,1h
2026-04-09 11:00:00+00:00,2189.51,2191.91,2177.0,2179.02,117429.079,2026-04-09 11:59:59.999000+00:00,256247105.63225,164670,50939.146,111134068.33095,0,ETHUSDT,1h
2026-04-09 12:00:00+00:00,2179.02,2186.45,2172.42,2182.27,143522.966,2026-04-09 12:59:59.999000+00:00,312948909.57399,187935,66734.978,145533624.50933,0,ETHUSDT,1h
2026-04-09 13:00:00+00:00,2182.27,2185.3,2157.4,2164.21,297504.033,2026-04-09 13:59:59.999000+00:00,645157713.94047,395921,135358.492,293555583.94042,0,ETHUSDT,1h
2026-04-09 14:00:00+00:00,2164.21,2181.42,2156.0,2176.9,264823.135,2026-04-09 14:59:59.999000+00:00,574542131.42537,412972,141331.441,306713041.5605,0,ETHUSDT,1h
2026-04-09 15:00:00+00:00,2176.9,2224.99,2168.2,2217.0,646022.671,2026-04-09 15:59:59.999000+00:00,1422789072.91529,748303,344777.036,759480286.41497,0,ETHUSDT,1h
2026-04-09 16:00:00+00:00,2216.99,2230.0,2192.0,2207.25,401369.368,2026-04-09 16:59:59.999000+00:00,886799964.20541,466896,195121.517,431187329.86031,0,ETHUSDT,1h
2026-04-09 17:00:00+00:00,2207.24,2224.88,2205.13,2221.96,302832.225,2026-04-09 17:59:59.999000+00:00,671467919.75925,402410,163487.488,362502613.8464,0,ETHUSDT,1h
2026-04-09 18:00:00+00:00,2221.97,2222.71,2199.5,2206.02,192285.901,2026-04-09 18:59:59.999000+00:00,424368555.61468,319126,89593.163,197715971.94497,0,ETHUSDT,1h
2026-04-09 19:00:00+00:00,2206.01,2224.0,2203.2,2215.36,187846.019,2026-04-09 19:59:59.999000+00:00,415916308.83803,249055,96416.256,213488772.23444,0,ETHUSDT,1h
2026-04-09 20:00:00+00:00,2215.36,2221.0,2209.21,2212.07,71492.562,2026-04-09 20:59:59.999000+00:00,158400393.83061,124522,33551.707,74345217.75862,0,ETHUSDT,1h
2026-04-09 21:00:00+00:00,2212.08,2226.25,2206.58,2209.63,108119.246,2026-04-09 21:59:59.999000+00:00,239335035.48016,162754,51719.649,114510900.46996,0,ETHUSDT,1h
2026-04-09 22:00:00+00:00,2209.64,2246.15,2196.26,2196.57,335714.842,2026-04-09 22:59:59.999000+00:00,745328941.59934,365592,180984.356,402056246.51106,0,ETHUSDT,1h
2026-04-09 23:00:00+00:00,2196.57,2200.29,2181.7,2188.92,202422.699,2026-04-09 23:59:59.999000+00:00,443350623.04843,293367,92943.485,203591067.16784,0,ETHUSDT,1h
2026-04-10 00:00:00+00:00,2188.92,2196.38,2180.34,2193.96,129828.811,2026-04-10 00:59:59.999000+00:00,284114102.13345,233989,64460.06,141083084.33477,0,ETHUSDT,1h
2026-04-10 01:00:00+00:00,2193.96,2203.19,2173.81,2193.49,214222.249,2026-04-10 01:59:59.999000+00:00,469533668.92341,296292,102080.288,223831299.71762,0,ETHUSDT,1h
2026-04-10 02:00:00+00:00,2193.49,2197.78,2185.64,2187.94,71478.327,2026-04-10 02:59:59.999000+00:00,156646145.23654,130173,34500.668,75614101.28967,0,ETHUSDT,1h
2026-04-10 03:00:00+00:00,2187.94,2191.39,2181.42,2185.16,66724.914,2026-04-10 03:59:59.999000+00:00,145849508.03511,109911,32408.345,70840731.46959,0,ETHUSDT,1h
2026-04-10 04:00:00+00:00,2185.16,2198.32,2184.79,2194.62,72171.175,2026-04-10 04:59:59.999000+00:00,158075354.66918,105545,38536.887,84405990.65197,0,ETHUSDT,1h
2026-04-10 05:00:00+00:00,2194.62,2202.67,2191.44,2196.05,83946.255,2026-04-10 05:59:59.999000+00:00,184501664.50995,112549,43548.155,95725199.17873,0,ETHUSDT,1h
2026-04-10 06:00:00+00:00,2196.04,2197.67,2182.91,2185.26,95348.443,2026-04-10 06:59:59.999000+00:00,208690252.08081,125217,46907.417,102660417.27234,0,ETHUSDT,1h
2026-04-10 07:00:00+00:00,2185.25,2187.5,2175.25,2178.63,126805.079,2026-04-10 07:59:59.999000+00:00,276756184.21544,138048,58133.408,126875900.29575,0,ETHUSDT,1h
2026-04-10 08:00:00+00:00,2178.62,2189.4,2176.04,2184.68,119289.301,2026-04-10 08:59:59.999000+00:00,260354659.51203,132041,65187.909,142266650.77574,0,ETHUSDT,1h
2026-04-10 09:00:00+00:00,2184.68,2197.0,2184.68,2195.19,120859.565,2026-04-10 09:59:59.999000+00:00,264925092.46735,153368,65103.455,142716492.36412,0,ETHUSDT,1h
2026-04-10 10:00:00+00:00,2195.19,2197.26,2189.3,2196.0,74357.62,2026-04-10 10:59:59.999000+00:00,163070160.96018,95830,40729.718,89320474.54085,0,ETHUSDT,1h
2026-04-10 11:00:00+00:00,2195.99,2223.0,2195.83,2214.72,297585.86,2026-04-10 11:59:59.999000+00:00,658390510.51675,289605,151571.865,335300008.58934,0,ETHUSDT,1h
2026-04-10 12:00:00+00:00,2214.71,2227.85,2206.77,2217.86,316106.687,2026-04-10 12:59:59.999000+00:00,701178037.44422,350111,156081.269,346262436.05694,0,ETHUSDT,1h
2026-04-10 13:00:00+00:00,2217.86,2224.23,2207.2,2221.65,178308.846,2026-04-10 13:59:59.999000+00:00,395039870.74541,307839,87745.613,194427885.8274,0,ETHUSDT,1h
2026-04-10 14:00:00+00:00,2221.64,2252.99,2218.69,2241.17,537846.025,2026-04-10 14:59:59.999000+00:00,1204800970.70476,623037,281802.378,631254912.0754,0,ETHUSDT,1h
2026-04-10 15:00:00+00:00,2241.17,2257.55,2219.1,2223.23,363012.847,2026-04-10 15:59:59.999000+00:00,811891754.57326,432523,172702.079,386444566.64709,0,ETHUSDT,1h
2026-04-10 16:00:00+00:00,2223.23,2246.0,2220.03,2244.0,224797.552,2026-04-10 16:59:59.999000+00:00,502403932.81933,346143,120531.651,269375177.7576,0,ETHUSDT,1h
2026-04-10 17:00:00+00:00,2243.99,2248.0,2237.65,2247.18,114317.897,2026-04-10 17:59:59.999000+00:00,256386029.00538,186838,59637.602,133773346.41104,0,ETHUSDT,1h
2026-04-10 18:00:00+00:00,2247.17,2250.62,2237.51,2248.01,90930.905,2026-04-10 18:59:59.999000+00:00,204141745.9843,151937,46606.626,104646373.83498,0,ETHUSDT,1h
2026-04-10 19:00:00+00:00,2248.0,2254.67,2242.0,2251.8,97396.971,2026-04-10 19:59:59.999000+00:00,219009558.97775,139051,49376.995,111052629.01813,0,ETHUSDT,1h
2026-04-10 20:00:00+00:00,2251.8,2255.89,2241.48,2254.04,129834.964,2026-04-10 20:59:59.999000+00:00,292195911.88529,170911,71555.006,161076507.14846,0,ETHUSDT,1h
2026-04-10 21:00:00+00:00,2254.03,2254.55,2240.31,2253.72,84589.717,2026-04-10 21:59:59.999000+00:00,190163452.8703,118444,38779.235,87168048.8579,0,ETHUSDT,1h
2026-04-10 22:00:00+00:00,2253.72,2254.14,2233.74,2241.2,109250.856,2026-04-10 22:59:59.999000+00:00,244949639.8888,125295,45835.271,102750624.69863,0,ETHUSDT,1h
2026-04-10 23:00:00+00:00,2241.21,2244.42,2238.08,2243.9,45295.612,2026-04-10 23:59:59.999000+00:00,101536108.85998,69393,24127.563,54086164.70831,0,ETHUSDT,1h
2026-04-11 00:00:00+00:00,2243.91,2243.91,2234.44,2237.61,53527.764,2026-04-11 00:59:59.999000+00:00,119814524.16593,78162,22735.956,50884945.51215,0,ETHUSDT,1h
2026-04-11 01:00:00+00:00,2237.61,2245.44,2233.33,2243.24,55776.912,2026-04-11 01:59:59.999000+00:00,124919893.36975,88544,31417.199,70373083.0329,0,ETHUSDT,1h
2026-04-11 02:00:00+00:00,2243.24,2251.33,2240.7,2247.0,59749.277,2026-04-11 02:59:59.999000+00:00,134208105.50251,90958,31981.604,71840530.10124,0,ETHUSDT,1h
2026-04-11 03:00:00+00:00,2247.0,2249.47,2233.65,2235.94,94787.246,2026-04-11 03:59:59.999000+00:00,212396834.90826,93172,44883.722,100586731.0384,0,ETHUSDT,1h
2026-04-11 04:00:00+00:00,2235.94,2241.68,2233.92,2239.72,62615.963,2026-04-11 04:59:59.999000+00:00,140126847.04942,83087,35365.574,79134028.54866,0,ETHUSDT,1h
2026-04-11 05:00:00+00:00,2239.73,2240.62,2227.03,2231.43,109417.992,2026-04-11 05:59:59.999000+00:00,244281541.26332,112714,49272.138,109994332.47714,0,ETHUSDT,1h
2026-04-11 06:00:00+00:00,2231.43,2235.45,2228.26,2234.72,85167.183,2026-04-11 06:59:59.999000+00:00,190059351.56076,87009,46073.337,102816564.28064,0,ETHUSDT,1h
2026-04-11 07:00:00+00:00,2234.72,2235.48,2229.71,2231.68,42258.913,2026-04-11 07:59:59.999000+00:00,94345524.67929,53116,20168.35,45030392.32928,0,ETHUSDT,1h
2026-04-11 08:00:00+00:00,2231.68,2234.21,2230.79,2231.51,36793.78,2026-04-11 08:59:59.999000+00:00,82144199.95348,48550,20108.304,44892366.55649,0,ETHUSDT,1h
2026-04-11 09:00:00+00:00,2231.51,2248.28,2230.69,2242.5,163354.858,2026-04-11 09:59:59.999000+00:00,366256347.71766,148877,101350.957,227215855.70258,0,ETHUSDT,1h
2026-04-11 10:00:00+00:00,2242.5,2243.97,2236.19,2239.11,53567.168,2026-04-11 10:59:59.999000+00:00,119948304.29535,71291,24691.565,55288956.77991,0,ETHUSDT,1h
2026-04-11 11:00:00+00:00,2239.11,2246.0,2237.31,2245.0,52905.789,2026-04-11 11:59:59.999000+00:00,118597216.78418,70665,26965.647,60451987.96565,0,ETHUSDT,1h
2026-04-11 12:00:00+00:00,2245.0,2245.74,2239.65,2244.25,42448.718,2026-04-11 12:59:59.999000+00:00,95228802.46962,61429,21590.829,48437666.03727,0,ETHUSDT,1h
2026-04-11 13:00:00+00:00,2244.25,2244.31,2232.2,2238.58,95949.762,2026-04-11 13:59:59.999000+00:00,214661410.49013,141230,41032.299,91804108.37902,0,ETHUSDT,1h
2026-04-11 14:00:00+00:00,2238.58,2243.39,2236.99,2240.85,44847.654,2026-04-11 14:59:59.999000+00:00,100460430.2574,71205,21847.29,48939543.76506,0,ETHUSDT,1h
2026-04-11 15:00:00+00:00,2240.85,2255.85,2239.97,2248.39,111479.283,2026-04-11 15:59:59.999000+00:00,250574490.52832,146084,62287.082,140020164.87175,0,ETHUSDT,1h
2026-04-11 16:00:00+00:00,2248.39,2277.0,2245.22,2257.62,242509.776,2026-04-11 16:59:59.999000+00:00,548278582.89527,263689,148454.991,335718184.14349,0,ETHUSDT,1h
2026-04-11 17:00:00+00:00,2257.61,2264.33,2252.14,2258.5,102307.937,2026-04-11 17:59:59.999000+00:00,231063282.00841,141558,54482.131,123047999.00808,0,ETHUSDT,1h
2026-04-11 18:00:00+00:00,2258.5,2312.99,2255.72,2304.38,502631.385,2026-04-11 18:59:59.999000+00:00,1150996649.17127,586103,296987.513,679996333.95013,0,ETHUSDT,1h
2026-04-11 19:00:00+00:00,2304.38,2329.99,2304.27,2315.24,332160.533,2026-04-11 19:59:59.999000+00:00,769614433.30018,515432,171381.99,397133177.22228,0,ETHUSDT,1h
2026-04-11 20:00:00+00:00,2315.25,2316.48,2287.0,2297.47,180937.478,2026-04-11 20:59:59.999000+00:00,416239057.60203,308644,85107.346,195813499.07167,0,ETHUSDT,1h
2026-04-11 21:00:00+00:00,2297.46,2304.0,2291.2,2298.45,82032.99,2026-04-11 21:59:59.999000+00:00,188607465.21734,158561,39805.161,91531765.33813,0,ETHUSDT,1h
2026-04-11 22:00:00+00:00,2298.45,2307.27,2287.77,2295.84,129317.865,2026-04-11 22:59:59.999000+00:00,297063946.77122,171718,62777.688,144225368.31793,0,ETHUSDT,1h
2026-04-11 23:00:00+00:00,2295.84,2295.84,2275.2,2283.85,138611.88,2026-04-11 23:59:59.999000+00:00,316501508.86597,171280,61288.22,139949467.24543,0,ETHUSDT,1h
2026-04-12 00:00:00+00:00,2283.86,2288.12,2276.06,2284.56,114651.922,2026-04-12 00:59:59.999000+00:00,261739138.60353,156824,64239.537,146672240.23971,0,ETHUSDT,1h
2026-04-12 01:00:00+00:00,2284.56,2287.5,2208.0,2217.93,675305.32,2026-04-12 01:59:59.999000+00:00,1511680100.24224,757710,301763.606,674613777.86882,0,ETHUSDT,1h
2026-04-12 02:00:00+00:00,2217.92,2232.9,2205.52,2222.26,292046.409,2026-04-12 02:59:59.999000+00:00,648661563.96596,421187,154024.616,342133031.04731,0,ETHUSDT,1h
2026-04-12 03:00:00+00:00,2222.26,2226.01,2211.3,2212.71,135610.522,2026-04-12 03:59:59.999000+00:00,300726649.75982,202760,65439.554,145134552.98261,0,ETHUSDT,1h
2026-04-12 04:00:00+00:00,2212.71,2215.39,2208.49,2211.04,94511.699,2026-04-12 04:59:59.999000+00:00,209061464.77547,137327,44001.994,97340228.29961,0,ETHUSDT,1h
2026-04-12 05:00:00+00:00,2211.04,2218.81,2207.0,2216.0,106623.504,2026-04-12 05:59:59.999000+00:00,236025187.35324,140606,57182.025,126596989.65372,0,ETHUSDT,1h
2026-04-12 06:00:00+00:00,2216.0,2219.88,2213.6,2214.92,57486.031,2026-04-12 06:59:59.999000+00:00,127424812.95705,85493,29368.626,65106653.83453,0,ETHUSDT,1h
2026-04-12 07:00:00+00:00,2214.92,2219.44,2211.35,2217.01,56148.014,2026-04-12 07:59:59.999000+00:00,124395721.88496,83603,29249.215,64807972.58064,0,ETHUSDT,1h
2026-04-12 08:00:00+00:00,2217.01,2217.98,2210.42,2212.93,46772.065,2026-04-12 08:59:59.999000+00:00,103589595.05551,62852,23712.096,52519024.85529,0,ETHUSDT,1h
2026-04-12 09:00:00+00:00,2212.94,2215.0,2210.1,2213.0,41855.257,2026-04-12 09:59:59.999000+00:00,92607777.76866,58503,21494.748,47557988.04309,0,ETHUSDT,1h
2026-04-12 10:00:00+00:00,2213.01,2216.54,2192.42,2200.47,218147.709,2026-04-12 10:59:59.999000+00:00,480400777.41261,186845,96882.861,213328139.28178,0,ETHUSDT,1h
2026-04-12 11:00:00+00:00,2200.47,2206.36,2196.01,2203.11,96243.432,2026-04-12 11:59:59.999000+00:00,211900713.09348,117015,48432.036,106639648.85642,0,ETHUSDT,1h
2026-04-12 12:00:00+00:00,2203.11,2207.35,2185.26,2193.39,193560.435,2026-04-12 12:59:59.999000+00:00,425351996.11369,208038,86643.806,190439196.11808,0,ETHUSDT,1h
2026-04-12 13:00:00+00:00,2193.4,2198.15,2183.01,2185.88,246346.55,2026-04-12 13:59:59.999000+00:00,539696407.53119,315434,115575.184,253212519.51457,0,ETHUSDT,1h
2026-04-12 14:00:00+00:00,2185.88,2192.8,2177.0,2179.79,204006.157,2026-04-12 14:59:59.999000+00:00,445605971.15408,245231,104490.013,228259504.94549,0,ETHUSDT,1h
2026-04-12 15:00:00+00:00,2179.8,2188.34,2173.0,2185.27,140378.322,2026-04-12 15:59:59.999000+00:00,306162404.69338,168550,80469.918,175526132.72563,0,ETHUSDT,1h
2026-04-12 16:00:00+00:00,2185.27,2189.56,2181.66,2186.16,88431.153,2026-04-12 16:59:59.999000+00:00,193252609.52567,115064,44795.856,97895473.75781,0,ETHUSDT,1h
2026-04-12 17:00:00+00:00,2186.16,2204.0,2186.16,2201.99,165194.301,2026-04-12 17:59:59.999000+00:00,362765933.2284,174621,91193.64,200206000.89786,0,ETHUSDT,1h
2026-04-12 18:00:00+00:00,2202.0,2206.0,2198.18,2199.24,87195.131,2026-04-12 18:59:59.999000+00:00,191992981.0498,111650,42804.332,94268070.32112,0,ETHUSDT,1h
2026-04-12 19:00:00+00:00,2199.24,2204.12,2196.01,2197.24,42302.317,2026-04-12 19:59:59.999000+00:00,93072807.11202,61030,16247.811,35756527.50499,0,ETHUSDT,1h
2026-04-12 20:00:00+00:00,2197.23,2217.7,2192.08,2212.26,162490.681,2026-04-12 20:59:59.999000+00:00,358171817.37075,179366,92267.862,203473651.70854,0,ETHUSDT,1h
2026-04-12 21:00:00+00:00,2212.25,2216.71,2204.0,2210.07,70729.268,2026-04-12 21:59:59.999000+00:00,156241216.49045,120710,35297.429,77975288.56282,0,ETHUSDT,1h
2026-04-12 22:00:00+00:00,2210.06,2210.36,2182.65,2198.36,292439.748,2026-04-12 22:59:59.999000+00:00,641119612.1231,462490,146939.942,322175475.12709,0,ETHUSDT,1h
2026-04-12 23:00:00+00:00,2198.35,2198.36,2184.95,2190.62,76667.367,2026-04-12 23:59:59.999000+00:00,167857483.15309,189346,36832.109,80636722.37511,0,ETHUSDT,1h
2026-04-13 00:00:00+00:00,2190.61,2207.46,2186.12,2204.09,112764.594,2026-04-13 00:59:59.999000+00:00,247888709.10126,231254,62360.355,137067330.63191,0,ETHUSDT,1h
2026-04-13 01:00:00+00:00,2204.09,2207.9,2199.04,2202.42,69441.368,2026-04-13 01:59:59.999000+00:00,152998566.81544,144202,33273.664,73313674.65046,0,ETHUSDT,1h
2026-04-13 02:00:00+00:00,2202.43,2204.75,2191.38,2193.19,85338.522,2026-04-13 02:59:59.999000+00:00,187413946.6384,139399,42370.206,93052771.35738,0,ETHUSDT,1h
2026-04-13 03:00:00+00:00,2193.19,2195.14,2189.26,2193.27,47673.902,2026-04-13 03:59:59.999000+00:00,104505751.6171,98610,24656.893,54053633.81168,0,ETHUSDT,1h
2026-04-13 04:00:00+00:00,2193.27,2198.31,2186.27,2189.21,73256.276,2026-04-13 04:59:59.999000+00:00,160609806.06419,103217,37670.965,82612496.7739,0,ETHUSDT,1h
2026-04-13 05:00:00+00:00,2189.21,2190.92,2181.02,2190.36,98544.505,2026-04-13 05:59:59.999000+00:00,215446833.92401,131630,44877.227,98135545.68889,0,ETHUSDT,1h
2026-04-13 06:00:00+00:00,2190.36,2201.47,2189.7,2197.54,119709.792,2026-04-13 06:59:59.999000+00:00,262855879.01518,145444,69174.127,151893853.67437,0,ETHUSDT,1h
2026-04-13 07:00:00+00:00,2197.54,2199.0,2181.9,2185.5,126222.849,2026-04-13 07:59:59.999000+00:00,276070111.50243,146142,62912.825,137595980.22254,0,ETHUSDT,1h
2026-04-13 08:00:00+00:00,2185.5,2188.64,2178.64,2184.34,123961.539,2026-04-13 08:59:59.999000+00:00,270579067.04001,155216,50606.362,110486767.15791,0,ETHUSDT,1h
2026-04-13 09:00:00+00:00,2184.33,2194.62,2184.33,2187.08,80700.034,2026-04-13 09:59:59.999000+00:00,176696069.42506,116141,42890.928,93913860.50911,0,ETHUSDT,1h
2026-04-13 10:00:00+00:00,2187.07,2188.0,2178.18,2182.74,89694.766,2026-04-13 10:59:59.999000+00:00,195816450.02805,119620,42332.295,92417143.87077,0,ETHUSDT,1h
2026-04-13 11:00:00+00:00,2182.75,2190.12,2181.49,2186.3,76520.453,2026-04-13 11:59:59.999000+00:00,167282981.32382,112722,35410.189,77415055.5182,0,ETHUSDT,1h
2026-04-13 12:00:00+00:00,2186.29,2198.0,2174.48,2191.48,244120.536,2026-04-13 12:59:59.999000+00:00,533412174.91255,250939,113689.356,248538991.76294,0,ETHUSDT,1h
2026-04-13 13:00:00+00:00,2191.48,2214.78,2180.0,2214.0,441587.217,2026-04-13 13:59:59.999000+00:00,970469615.74866,580509,232176.055,510356121.88799,0,ETHUSDT,1h
2026-04-13 14:00:00+00:00,2214.0,2234.88,2201.66,2232.89,455657.899,2026-04-13 14:59:59.999000+00:00,1010021831.29363,669616,220826.253,489759788.55549,0,ETHUSDT,1h
2026-04-13 15:00:00+00:00,2232.88,2235.41,2198.05,2208.08,337421.854,2026-04-13 15:59:59.999000+00:00,746702375.05279,481735,148663.946,328889024.61745,0,ETHUSDT,1h
2026-04-13 16:00:00+00:00,2208.08,2233.99,2198.57,2224.75,344180.929,2026-04-13 16:59:59.999000+00:00,764509777.56398,521958,179124.528,397851774.86668,0,ETHUSDT,1h
2026-04-13 17:00:00+00:00,2224.74,2243.0,2221.22,2224.11,203247.597,2026-04-13 17:59:59.999000+00:00,453423492.54357,320436,97716.767,218096322.65207,0,ETHUSDT,1h
2026-04-13 18:00:00+00:00,2224.12,2233.0,2217.42,2231.25,155040.783,2026-04-13 18:59:59.999000+00:00,345148981.79673,208545,86902.023,193486026.48287,0,ETHUSDT,1h
2026-04-13 19:00:00+00:00,2231.26,2268.7,2226.84,2261.2,470360.517,2026-04-13 19:59:59.999000+00:00,1058363371.72604,526505,251667.063,566246077.82028,0,ETHUSDT,1h
2026-04-13 20:00:00+00:00,2261.2,2262.53,2246.39,2251.49,224505.933,2026-04-13 20:59:59.999000+00:00,506138078.6324,245343,110890.542,249960559.46057,0,ETHUSDT,1h
2026-04-13 21:00:00+00:00,2251.49,2268.0,2248.76,2259.0,122911.496,2026-04-13 21:59:59.999000+00:00,277362441.74355,156254,70327.628,158717201.98236,0,ETHUSDT,1h
2026-04-13 22:00:00+00:00,2259.01,2363.0,2258.78,2351.96,959949.152,2026-04-13 22:59:59.999000+00:00,2229365429.2433,1229391,526833.783,1222682804.68881,0,ETHUSDT,1h
2026-04-13 23:00:00+00:00,2351.97,2395.85,2340.5,2368.8,737787.353,2026-04-13 23:59:59.999000+00:00,1748951153.39194,947142,373372.427,885034537.32982,0,ETHUSDT,1h
2026-04-14 00:00:00+00:00,2368.8,2374.76,2359.38,2360.38,214324.982,2026-04-14 00:59:59.999000+00:00,507279381.21201,373202,95968.227,227197601.92392,0,ETHUSDT,1h
2026-04-14 01:00:00+00:00,2360.37,2372.65,2353.87,2367.82,169187.234,2026-04-14 01:59:59.999000+00:00,399862494.27938,276600,90704.621,214436222.46798,0,ETHUSDT,1h
2026-04-14 02:00:00+00:00,2367.82,2378.0,2365.56,2366.51,118596.755,2026-04-14 02:59:59.999000+00:00,281195846.33733,214964,58608.408,138983063.80451,0,ETHUSDT,1h
2026-04-14 03:00:00+00:00,2366.51,2369.94,2361.0,2364.68,73588.458,2026-04-14 03:59:59.999000+00:00,174094008.5673,141089,34020.192,80488071.75031,0,ETHUSDT,1h
2026-04-14 04:00:00+00:00,2364.69,2367.51,2361.07,2363.48,62928.287,2026-04-14 04:59:59.999000+00:00,148772455.37359,131216,30246.646,71513897.866,0,ETHUSDT,1h
2026-04-14 05:00:00+00:00,2363.49,2368.72,2353.87,2354.96,91270.152,2026-04-14 05:59:59.999000+00:00,215487277.14614,144379,44699.037,105551637.25304,0,ETHUSDT,1h
2026-04-14 06:00:00+00:00,2354.97,2376.09,2354.96,2372.14,130884.574,2026-04-14 06:59:59.999000+00:00,309714419.93213,166000,80434.182,190325736.30606,0,ETHUSDT,1h
2026-04-14 07:00:00+00:00,2372.15,2389.0,2369.33,2376.85,241594.82,2026-04-14 07:59:59.999000+00:00,574592912.75433,327776,132226.361,314512878.59429,0,ETHUSDT,1h
2026-04-14 08:00:00+00:00,2376.85,2395.3,2372.92,2386.8,267632.173,2026-04-14 08:59:59.999000+00:00,638506204.58254,319203,143317.479,341940108.79021,0,ETHUSDT,1h
2026-04-14 09:00:00+00:00,2386.8,2393.8,2381.26,2386.39,162320.675,2026-04-14 09:59:59.999000+00:00,387667974.02403,221544,79525.804,189962535.25777,0,ETHUSDT,1h
2026-04-14 10:00:00+00:00,2386.4,2386.97,2372.16,2374.03,122341.19,2026-04-14 10:59:59.999000+00:00,291068712.44634,160377,59712.419,142032454.2427,0,ETHUSDT,1h
2026-04-14 11:00:00+00:00,2374.02,2377.0,2366.62,2373.12,137044.762,2026-04-14 11:59:59.999000+00:00,325113053.65764,181204,71661.054,170005630.92505,0,ETHUSDT,1h
2026-04-14 12:00:00+00:00,2373.13,2377.0,2367.76,2372.85,128201.001,2026-04-14 12:59:59.999000+00:00,304110940.48501,199656,66838.892,158570980.24293,0,ETHUSDT,1h
2026-04-14 13:00:00+00:00,2372.85,2394.99,2371.34,2390.33,413146.273,2026-04-14 13:59:59.999000+00:00,985229365.17052,585063,219943.4,524430254.10937,0,ETHUSDT,1h
2026-04-14 14:00:00+00:00,2390.32,2416.4,2352.0,2352.08,824821.553,2026-04-14 14:59:59.999000+00:00,1965467620.5545,963598,431416.684,1029045916.31161,0,ETHUSDT,1h
2026-04-14 15:00:00+00:00,2352.08,2370.89,2331.46,2363.24,779469.56,2026-04-14 15:59:59.999000+00:00,1831031393.12833,773228,422699.18,992997408.95663,0,ETHUSDT,1h
2026-04-14 16:00:00+00:00,2363.25,2370.29,2328.88,2332.77,337611.302,2026-04-14 16:59:59.999000+00:00,792843595.15074,429900,143866.888,338138217.68631,0,ETHUSDT,1h
2026-04-14 17:00:00+00:00,2332.78,2344.8,2322.61,2337.54,238371.814,2026-04-14 17:59:59.999000+00:00,555932242.9486,379156,126330.72,294681806.36926,0,ETHUSDT,1h
2026-04-14 18:00:00+00:00,2337.53,2343.42,2307.55,2312.79,286003.816,2026-04-14 18:59:59.999000+00:00,664466308.2335,421739,140013.553,325390094.37549,0,ETHUSDT,1h
2026-04-14 19:00:00+00:00,2312.78,2321.98,2301.6,2312.54,196716.921,2026-04-14 19:59:59.999000+00:00,454854266.03302,322625,105545.119,244126005.79058,0,ETHUSDT,1h
2026-04-14 20:00:00+00:00,2312.56,2322.95,2307.42,2313.93,104017.119,2026-04-14 20:59:59.999000+00:00,240756572.86031,185119,55577.54,128662384.795,0,ETHUSDT,1h
2026-04-14 21:00:00+00:00,2313.93,2325.27,2313.56,2322.51,93601.526,2026-04-14 21:59:59.999000+00:00,217108462.46991,147818,55569.03,128893886.85107,0,ETHUSDT,1h
2026-04-14 22:00:00+00:00,2322.51,2331.66,2310.2,2314.08,151067.656,2026-04-14 22:59:59.999000+00:00,350536668.26977,241732,78687.652,182628036.60344,0,ETHUSDT,1h
2026-04-14 23:00:00+00:00,2314.07,2325.6,2313.08,2321.17,86875.088,2026-04-14 23:59:59.999000+00:00,201593154.02363,163452,45641.134,105914646.6615,0,ETHUSDT,1h
2026-04-15 00:00:00+00:00,2321.16,2342.07,2320.6,2332.51,161145.563,2026-04-15 00:59:59.999000+00:00,376061193.2448,277355,86234.465,201241044.75913,0,ETHUSDT,1h
2026-04-15 01:00:00+00:00,2332.51,2341.53,2330.08,2334.68,89930.034,2026-04-15 01:59:59.999000+00:00,210042059.04897,197191,48189.316,112559464.25886,0,ETHUSDT,1h
2026-04-15 02:00:00+00:00,2334.67,2337.16,2316.43,2323.71,108731.598,2026-04-15 02:59:59.999000+00:00,252618256.31317,180413,47907.48,111288178.61885,0,ETHUSDT,1h
2026-04-15 03:00:00+00:00,2323.71,2328.59,2319.23,2327.6,54693.211,2026-04-15 03:59:59.999000+00:00,127099449.5805,117137,26452.366,61476838.95725,0,ETHUSDT,1h
2026-04-15 04:00:00+00:00,2327.59,2333.33,2326.48,2332.09,66238.201,2026-04-15 04:59:59.999000+00:00,154359610.39063,120677,32491.357,75722469.30967,0,ETHUSDT,1h
2026-04-15 05:00:00+00:00,2332.1,2337.19,2312.79,2318.29,155799.549,2026-04-15 05:59:59.999000+00:00,361784016.87098,222667,66658.191,154835590.23342,0,ETHUSDT,1h
2026-04-15 06:00:00+00:00,2318.3,2320.0,2314.18,2316.32,65793.03,2026-04-15 06:59:59.999000+00:00,152445229.45833,103562,30226.817,70042736.90945,0,ETHUSDT,1h
2026-04-15 07:00:00+00:00,2316.32,2322.95,2306.8,2315.53,148334.103,2026-04-15 07:59:59.999000+00:00,343164279.73518,190819,72455.979,167645859.57042,0,ETHUSDT,1h
2026-04-15 08:00:00+00:00,2315.52,2332.76,2312.78,2326.5,132032.271,2026-04-15 08:59:59.999000+00:00,306797651.18159,157967,72440.335,168324471.75134,0,ETHUSDT,1h
2026-04-15 09:00:00+00:00,2326.49,2328.72,2317.37,2319.01,61708.464,2026-04-15 09:59:59.999000+00:00,143266481.23553,115635,28546.911,66277269.82162,0,ETHUSDT,1h
2026-04-15 10:00:00+00:00,2319.0,2327.78,2310.93,2315.72,127129.261,2026-04-15 10:59:59.999000+00:00,294777391.47332,192405,61272.963,142082853.62582,0,ETHUSDT,1h
2026-04-15 11:00:00+00:00,2315.72,2340.0,2315.41,2336.2,180479.004,2026-04-15 11:59:59.999000+00:00,420591311.16385,194390,91957.047,214257720.31442,0,ETHUSDT,1h
2026-04-15 12:00:00+00:00,2336.21,2339.02,2328.23,2331.64,115779.94,2026-04-15 12:59:59.999000+00:00,270225171.86229,186730,57678.745,134643480.81666,0,ETHUSDT,1h
2026-04-15 13:00:00+00:00,2331.65,2334.05,2316.17,2325.73,195397.174,2026-04-15 13:59:59.999000+00:00,454302936.91977,356260,97678.084,227119898.13709,0,ETHUSDT,1h
2026-04-15 14:00:00+00:00,2325.72,2343.74,2320.74,2337.24,259481.704,2026-04-15 14:59:59.999000+00:00,605862081.48226,408781,130654.208,305182075.90003,0,ETHUSDT,1h
2026-04-15 15:00:00+00:00,2337.24,2348.88,2319.23,2330.6,308292.639,2026-04-15 15:59:59.999000+00:00,719287901.13132,420586,167330.65,390512873.14483,0,ETHUSDT,1h
2026-04-15 16:00:00+00:00,2330.6,2348.99,2327.4,2340.42,200663.626,2026-04-15 16:59:59.999000+00:00,469694765.29403,355994,96277.779,225390345.12742,0,ETHUSDT,1h
2026-04-15 17:00:00+00:00,2340.42,2358.84,2337.83,2347.57,206170.429,2026-04-15 17:59:59.999000+00:00,483998412.44779,338012,103816.764,243787875.70814,0,ETHUSDT,1h
2026-04-15 18:00:00+00:00,2347.57,2358.68,2344.87,2357.12,110711.174,2026-04-15 18:59:59.999000+00:00,260439249.96534,242950,56157.765,132118793.6059,0,ETHUSDT,1h
2026-04-15 19:00:00+00:00,2357.12,2384.67,2356.0,2373.7,338699.955,2026-04-15 19:59:59.999000+00:00,802573913.36052,403722,191850.796,454526560.24992,0,ETHUSDT,1h
2026-04-15 20:00:00+00:00,2373.69,2374.87,2352.52,2361.61,148433.532,2026-04-15 20:59:59.999000+00:00,350594474.40302,239948,62278.812,147051332.01913,0,ETHUSDT,1h
2026-04-15 21:00:00+00:00,2361.62,2362.62,2347.18,2360.09,90194.909,2026-04-15 21:59:59.999000+00:00,212335763.38195,155029,42466.781,100007498.85938,0,ETHUSDT,1h
2026-04-15 22:00:00+00:00,2360.09,2379.9,2358.85,2362.59,187774.389,2026-04-15 22:59:59.999000+00:00,445045840.08247,287740,103579.406,245566630.17632,0,ETHUSDT,1h
2026-04-15 23:00:00+00:00,2362.58,2362.59,2348.28,2358.87,142090.611,2026-04-15 23:59:59.999000+00:00,334511890.15164,196899,72292.446,170188391.53342,0,ETHUSDT,1h
2026-04-16 00:00:00+00:00,2358.86,2362.88,2348.21,2359.21,72567.912,2026-04-16 00:59:59.999000+00:00,170979553.26368,176035,35411.513,83441345.23852,0,ETHUSDT,1h
2026-04-16 01:00:00+00:00,2359.21,2359.22,2343.27,2350.86,86893.401,2026-04-16 01:59:59.999000+00:00,204202775.02625,190970,39276.254,92308350.78394,0,ETHUSDT,1h
2026-04-16 02:00:00+00:00,2350.86,2368.45,2348.53,2355.49,122109.018,2026-04-16 02:59:59.999000+00:00,288014339.3705,246329,62558.901,147562207.88558,0,ETHUSDT,1h
2026-04-16 03:00:00+00:00,2355.49,2364.75,2354.66,2356.52,63601.346,2026-04-16 03:59:59.999000+00:00,150034845.05429,151756,35090.355,82781087.09073,0,ETHUSDT,1h
2026-04-16 04:00:00+00:00,2356.51,2362.91,2346.59,2352.72,93453.625,2026-04-16 04:59:59.999000+00:00,220017292.40243,172291,40792.893,96044207.50632,0,ETHUSDT,1h
2026-04-16 05:00:00+00:00,2352.72,2360.6,2348.7,2355.72,74290.953,2026-04-16 05:59:59.999000+00:00,174913774.21384,122355,37441.376,88155255.66979,0,ETHUSDT,1h
2026-04-16 06:00:00+00:00,2355.72,2359.47,2348.26,2354.57,60535.494,2026-04-16 06:59:59.999000+00:00,142486505.82402,112234,27852.09,65549195.07331,0,ETHUSDT,1h
2026-04-16 07:00:00+00:00,2354.56,2356.0,2334.0,2340.4,160794.13,2026-04-16 07:59:59.999000+00:00,376740389.22067,168623,70199.756,164486790.20073,0,ETHUSDT,1h
2026-04-16 08:00:00+00:00,2340.39,2344.86,2333.29,2337.84,169020.172,2026-04-16 08:59:59.999000+00:00,395270029.88869,203859,86504.173,202307368.17755,0,ETHUSDT,1h
2026-04-16 09:00:00+00:00,2337.84,2347.06,2336.16,2337.02,101391.939,2026-04-16 09:59:59.999000+00:00,237366248.22126,139728,50788.257,118899379.38892,0,ETHUSDT,1h
2026-04-16 10:00:00+00:00,2337.02,2339.06,2327.11,2331.07,180528.342,2026-04-16 10:59:59.999000+00:00,420927079.95885,225947,86429.738,201534296.56174,0,ETHUSDT,1h
2026-04-16 11:00:00+00:00,2331.07,2335.06,2328.5,2334.42,77887.349,2026-04-16 11:59:59.999000+00:00,181614575.40606,126721,39860.999,92951114.27482,0,ETHUSDT,1h
2026-04-16 12:00:00+00:00,2334.43,2347.4,2333.48,2339.28,169067.321,2026-04-16 12:59:59.999000+00:00,395656748.60479,175734,85714.813,200611533.70585,0,ETHUSDT,1h
2026-04-16 13:00:00+00:00,2339.27,2352.0,2288.0,2307.14,603546.91,2026-04-16 13:59:59.999000+00:00,1398792586.47682,638161,259062.668,600486021.36957,0,ETHUSDT,1h
2026-04-16 14:00:00+00:00,2307.14,2314.9,2282.7,2308.49,620218.045,2026-04-16 14:59:59.999000+00:00,1425685101.81466,708416,301245.523,692708623.2958,0,ETHUSDT,1h
2026-04-16 15:00:00+00:00,2308.48,2348.73,2307.0,2337.6,426220.07,2026-04-16 15:59:59.999000+00:00,992838762.45362,585090,231243.795,538693157.24268,0,ETHUSDT,1h
2026-04-16 16:00:00+00:00,2337.59,2347.68,2307.94,2315.33,370900.266,2026-04-16 16:59:59.999000+00:00,863295220.00011,477266,177096.446,412469856.99736,0,ETHUSDT,1h
2026-04-16 17:00:00+00:00,2315.34,2328.36,2309.0,2324.52,200422.135,2026-04-16 17:59:59.999000+00:00,464814740.23505,338962,101979.883,236574556.6537,0,ETHUSDT,1h
2026-04-16 18:00:00+00:00,2324.52,2345.81,2319.0,2342.14,186476.383,2026-04-16 18:59:59.999000+00:00,434940369.67801,340026,114022.227,265978078.20986,0,ETHUSDT,1h
2026-04-16 19:00:00+00:00,2342.15,2361.0,2333.63,2358.39,248939.266,2026-04-16 19:59:59.999000+00:00,585132368.64344,351344,146266.691,343868238.00943,0,ETHUSDT,1h
2026-04-16 20:00:00+00:00,2358.39,2363.67,2340.12,2348.75,151786.93,2026-04-16 20:59:59.999000+00:00,356874619.29466,264983,69046.518,162321626.95275,0,ETHUSDT,1h
2026-04-16 21:00:00+00:00,2348.76,2355.29,2333.45,2340.0,98871.472,2026-04-16 21:59:59.999000+00:00,231661734.88118,166353,44846.938,105069850.48308,0,ETHUSDT,1h
2026-04-16 22:00:00+00:00,2340.0,2349.55,2337.86,2341.44,108661.891,2026-04-16 22:59:59.999000+00:00,254553071.68184,169535,50840.363,119101744.88696,0,ETHUSDT,1h
2026-04-16 23:00:00+00:00,2341.44,2354.03,2340.79,2346.92,79250.967,2026-04-16 23:59:59.999000+00:00,186032602.24436,141921,41288.977,96939651.12311,0,ETHUSDT,1h
2026-04-17 00:00:00+00:00,2346.93,2349.85,2340.0,2343.3,60765.627,2026-04-17 00:59:59.999000+00:00,142457383.89613,150317,29602.959,69402143.04756,0,ETHUSDT,1h
2026-04-17 01:00:00+00:00,2343.29,2348.0,2325.3,2334.0,159136.983,2026-04-17 01:59:59.999000+00:00,371395349.32549,232325,77945.739,181929778.02887,0,ETHUSDT,1h
2026-04-17 02:00:00+00:00,2334.0,2337.73,2323.24,2330.94,74817.261,2026-04-17 02:59:59.999000+00:00,174273033.99364,134216,36175.818,84268324.9914,0,ETHUSDT,1h
2026-04-17 03:00:00+00:00,2330.94,2330.94,2322.35,2324.46,67144.35,2026-04-17 03:59:59.999000+00:00,156256233.66874,104712,36138.997,84106308.00575,0,ETHUSDT,1h
2026-04-17 04:00:00+00:00,2324.45,2333.12,2322.76,2327.81,52399.216,2026-04-17 04:59:59.999000+00:00,122036784.14907,91203,30197.448,70333596.0009,0,ETHUSDT,1h
2026-04-17 05:00:00+00:00,2327.8,2328.12,2314.08,2318.27,91368.414,2026-04-17 05:59:59.999000+00:00,212002571.06227,146385,40853.939,94800395.68295,0,ETHUSDT,1h
2026-04-17 06:00:00+00:00,2318.26,2331.27,2316.52,2329.96,74257.499,2026-04-17 06:59:59.999000+00:00,172643505.66861,117348,38999.856,90682372.67085,0,ETHUSDT,1h
2026-04-17 07:00:00+00:00,2329.96,2340.88,2328.84,2333.24,124492.009,2026-04-17 07:59:59.999000+00:00,290738914.70953,160051,68796.072,160685947.03878,0,ETHUSDT,1h
2026-04-17 08:00:00+00:00,2333.23,2358.46,2331.91,2353.8,244807.592,2026-04-17 08:59:59.999000+00:00,574594379.51356,284248,141770.6,332748123.1999,0,ETHUSDT,1h
2026-04-17 09:00:00+00:00,2353.8,2376.96,2346.45,2357.75,333575.643,2026-04-17 09:59:59.999000+00:00,786734406.84594,417790,173857.244,410239158.01828,0,ETHUSDT,1h
2026-04-17 10:00:00+00:00,2357.75,2359.8,2334.74,2342.53,209868.677,2026-04-17 10:59:59.999000+00:00,492027480.98314,295553,96994.65,227381685.66826,0,ETHUSDT,1h
2026-04-17 11:00:00+00:00,2342.53,2355.69,2341.76,2353.63,105599.0,2026-04-17 11:59:59.999000+00:00,248128918.96635,149913,56344.132,132388914.07921,0,ETHUSDT,1h
2026-04-17 12:00:00+00:00,2353.64,2381.52,2348.0,2370.72,334056.588,2026-04-17 12:59:59.999000+00:00,790147958.50937,464139,183138.46,433272644.61451,0,ETHUSDT,1h
2026-04-17 13:00:00+00:00,2370.73,2439.99,2365.34,2435.86,1377940.96,2026-04-17 13:59:59.999000+00:00,3319378013.59859,1459652,720381.19,1735600037.24029,0,ETHUSDT,1h
2026-04-17 14:00:00+00:00,2435.85,2456.32,2424.45,2445.82,660778.024,2026-04-17 14:59:59.999000+00:00,1612959318.68563,837448,337460.611,823912429.81159,0,ETHUSDT,1h
2026-04-17 15:00:00+00:00,2445.82,2448.73,2431.08,2440.71,301563.006,2026-04-17 15:59:59.999000+00:00,736113687.1733,532680,140064.001,341955959.516,0,ETHUSDT,1h
2026-04-17 16:00:00+00:00,2440.71,2463.86,2440.0,2450.0,316198.361,2026-04-17 16:59:59.999000+00:00,775353975.53111,439102,160758.501,394266861.39269,0,ETHUSDT,1h
2026-04-17 17:00:00+00:00,2449.99,2451.15,2418.77,2439.02,327288.526,2026-04-17 17:59:59.999000+00:00,796637103.22874,501205,163956.02,399184930.56242,0,ETHUSDT,1h
2026-04-17 18:00:00+00:00,2439.02,2441.32,2414.12,2419.01,225653.505,2026-04-17 18:59:59.999000+00:00,546824850.59004,385160,119225.302,288937395.73192,0,ETHUSDT,1h
2026-04-17 19:00:00+00:00,2419.01,2432.28,2416.24,2426.48,120304.253,2026-04-17 19:59:59.999000+00:00,291782841.68179,251075,61666.982,149570387.26987,0,ETHUSDT,1h
2026-04-17 20:00:00+00:00,2426.48,2434.0,2415.42,2425.31,103251.817,2026-04-17 20:59:59.999000+00:00,250397880.0456,169354,51561.236,125051642.77494,0,ETHUSDT,1h
2026-04-17 21:00:00+00:00,2425.3,2432.37,2417.61,2428.26,70761.586,2026-04-17 21:59:59.999000+00:00,171675425.09906,112360,36052.634,87470267.00374,0,ETHUSDT,1h
2026-04-17 22:00:00+00:00,2428.25,2441.65,2421.59,2431.97,126080.648,2026-04-17 22:59:59.999000+00:00,306656324.26322,205873,67177.292,163411089.62213,0,ETHUSDT,1h
2026-04-17 23:00:00+00:00,2431.98,2432.24,2414.14,2417.66,115516.682,2026-04-17 23:59:59.999000+00:00,279617318.92276,175062,61850.479,149710463.05444,0,ETHUSDT,1h
2026-04-18 00:00:00+00:00,2417.65,2422.49,2408.01,2419.81,96228.759,2026-04-18 00:59:59.999000+00:00,232506111.56492,177147,54424.095,131517493.76434,0,ETHUSDT,1h
2026-04-18 01:00:00+00:00,2419.82,2426.62,2415.48,2420.01,53163.656,2026-04-18 01:59:59.999000+00:00,128742397.8739,125288,27790.084,67305889.05092,0,ETHUSDT,1h
2026-04-18 02:00:00+00:00,2420.01,2423.73,2415.8,2418.29,39259.484,2026-04-18 02:59:59.999000+00:00,94986141.76127,84979,19243.918,46563364.52331,0,ETHUSDT,1h
2026-04-18 03:00:00+00:00,2418.29,2419.18,2397.0,2404.0,159679.159,2026-04-18 03:59:59.999000+00:00,384525795.28576,166899,62465.114,150444959.5533,0,ETHUSDT,1h
2026-04-18 04:00:00+00:00,2404.0,2409.29,2398.0,2406.27,120941.439,2026-04-18 04:59:59.999000+00:00,290722024.78159,154778,58783.556,141310895.5799,0,ETHUSDT,1h
2026-04-18 05:00:00+00:00,2406.27,2412.38,2404.5,2407.6,49734.331,2026-04-18 05:59:59.999000+00:00,119771479.18546,77403,27420.513,66038095.64896,0,ETHUSDT,1h
2026-04-18 06:00:00+00:00,2407.61,2410.74,2403.79,2408.35,37209.869,2026-04-18 06:59:59.999000+00:00,89605919.14455,66171,20444.914,49236880.43743,0,ETHUSDT,1h
2026-04-18 07:00:00+00:00,2408.36,2409.78,2400.41,2402.38,50341.212,2026-04-18 07:59:59.999000+00:00,121044283.92279,81301,24603.859,59160960.54632,0,ETHUSDT,1h
2026-04-18 08:00:00+00:00,2402.38,2403.84,2365.0,2379.29,528853.754,2026-04-18 08:59:59.999000+00:00,1259594132.84311,471715,229191.394,545788268.41834,0,ETHUSDT,1h
2026-04-18 09:00:00+00:00,2379.29,2379.3,2367.16,2374.58,153527.915,2026-04-18 09:59:59.999000+00:00,364527622.22881,183881,81760.506,194115507.60219,0,ETHUSDT,1h
2026-04-18 10:00:00+00:00,2374.59,2374.66,2352.6,2357.97,278199.687,2026-04-18 10:59:59.999000+00:00,656378397.47779,290764,136753.853,322618615.99655,0,ETHUSDT,1h
2026-04-18 11:00:00+00:00,2357.97,2359.18,2341.52,2351.45,236469.782,2026-04-18 11:59:59.999000+00:00,555975341.42791,311815,111783.853,262842740.81374,0,ETHUSDT,1h
2026-04-18 12:00:00+00:00,2351.46,2362.8,2350.1,2356.49,142604.05,2026-04-18 12:59:59.999000+00:00,335971210.08446,210188,68624.34,161687425.96831,0,ETHUSDT,1h
2026-04-18 13:00:00+00:00,2356.49,2358.82,2343.56,2353.94,129500.542,2026-04-18 13:59:59.999000+00:00,304521235.98915,197861,63881.634,150207302.80224,0,ETHUSDT,1h
2026-04-18 14:00:00+00:00,2353.94,2364.98,2347.55,2363.38,124786.692,2026-04-18 14:59:59.999000+00:00,294176876.9313,164716,63681.838,150144989.88816,0,ETHUSDT,1h
2026-04-18 15:00:00+00:00,2363.38,2368.97,2356.8,2361.99,90461.298,2026-04-18 15:59:59.999000+00:00,213690505.28957,129808,41393.761,97803536.42645,0,ETHUSDT,1h
2026-04-18 16:00:00+00:00,2361.98,2374.15,2352.81,2359.17,171011.615,2026-04-18 16:59:59.999000+00:00,404129038.46387,212127,88991.934,210404212.56102,0,ETHUSDT,1h
2026-04-18 17:00:00+00:00,2359.17,2363.4,2351.27,2360.0,73231.04,2026-04-18 17:59:59.999000+00:00,172742481.88468,115195,35594.359,83969869.85565,0,ETHUSDT,1h
2026-04-18 18:00:00+00:00,2359.99,2362.32,2337.0,2346.01,230049.315,2026-04-18 18:59:59.999000+00:00,539953806.96433,257180,99437.493,233468103.23611,0,ETHUSDT,1h
2026-04-18 19:00:00+00:00,2346.01,2354.49,2345.1,2347.04,66577.736,2026-04-18 19:59:59.999000+00:00,156414853.90134,111156,34059.783,80022302.65905,0,ETHUSDT,1h
2026-04-18 20:00:00+00:00,2347.04,2353.45,2343.42,2351.0,52786.114,2026-04-18 20:59:59.999000+00:00,123972072.38242,101692,30094.069,70678223.33475,0,ETHUSDT,1h
2026-04-18 21:00:00+00:00,2350.99,2353.96,2345.84,2353.85,44681.987,2026-04-18 21:59:59.999000+00:00,105024391.48059,76702,25785.421,60613646.9115,0,ETHUSDT,1h
2026-04-18 22:00:00+00:00,2353.84,2358.0,2347.23,2355.0,49307.48,2026-04-18 22:59:59.999000+00:00,116042275.67461,89367,25994.868,61178544.41496,0,ETHUSDT,1h
2026-04-18 23:00:00+00:00,2354.99,2358.57,2348.01,2348.99,35830.133,2026-04-18 23:59:59.999000+00:00,84322242.45203,58882,14670.814,34531934.64452,0,ETHUSDT,1h
2026-04-19 00:00:00+00:00,2348.99,2353.99,2343.0,2347.58,61429.074,2026-04-19 00:59:59.999000+00:00,144183606.2809,97201,29660.024,69619931.68534,0,ETHUSDT,1h
2026-04-19 01:00:00+00:00,2347.59,2351.71,2340.18,2346.29,58376.665,2026-04-19 01:59:59.999000+00:00,136894223.38553,91839,27784.972,65167991.29397,0,ETHUSDT,1h
2026-04-19 02:00:00+00:00,2346.29,2347.92,2332.04,2336.91,116909.611,2026-04-19 02:59:59.999000+00:00,273435572.73714,173020,57240.188,133898757.19325,0,ETHUSDT,1h
2026-04-19 03:00:00+00:00,2336.92,2342.91,2330.15,2338.6,71520.94,2026-04-19 03:59:59.999000+00:00,167178255.68473,112705,31472.705,73597458.6804,0,ETHUSDT,1h
2026-04-19 04:00:00+00:00,2338.61,2344.88,2319.5,2331.99,182715.022,2026-04-19 04:59:59.999000+00:00,425677316.61422,181919,80457.675,187522317.64354,0,ETHUSDT,1h
2026-04-19 05:00:00+00:00,2331.99,2337.36,2327.42,2331.24,62118.388,2026-04-19 05:59:59.999000+00:00,144872570.2296,92400,31510.594,73496868.80145,0,ETHUSDT,1h
2026-04-19 06:00:00+00:00,2331.23,2331.84,2320.0,2326.09,131545.778,2026-04-19 06:59:59.999000+00:00,306029425.07495,166330,62528.935,145474272.48503,0,ETHUSDT,1h
2026-04-19 07:00:00+00:00,2326.08,2326.09,2291.29,2314.27,385669.888,2026-04-19 07:59:59.999000+00:00,890412176.45576,419278,168038.107,387984202.29183,0,ETHUSDT,1h
2026-04-19 08:00:00+00:00,2314.27,2319.5,2309.32,2317.09,88623.642,2026-04-19 08:59:59.999000+00:00,205144960.45247,146835,45734.392,105872162.32688,0,ETHUSDT,1h
2026-04-19 09:00:00+00:00,2317.09,2317.81,2304.23,2308.72,84663.08,2026-04-19 09:59:59.999000+00:00,195701679.38105,140813,39261.697,90762061.90697,0,ETHUSDT,1h
2026-04-19 10:00:00+00:00,2308.72,2318.93,2305.07,2316.38,75927.697,2026-04-19 10:59:59.999000+00:00,175562106.10006,123892,41636.063,96271683.91809,0,ETHUSDT,1h
2026-04-19 11:00:00+00:00,2316.38,2329.99,2315.76,2327.66,143994.314,2026-04-19 11:59:59.999000+00:00,334735736.93279,196413,78572.236,182640226.05176,0,ETHUSDT,1h
2026-04-19 12:00:00+00:00,2327.66,2335.71,2322.44,2329.4,162722.797,2026-04-19 12:59:59.999000+00:00,378991435.29313,215042,88248.075,205570155.34972,0,ETHUSDT,1h
2026-04-19 13:00:00+00:00,2329.39,2348.92,2328.57,2336.84,232818.37,2026-04-19 13:59:59.999000+00:00,544657967.66255,299504,125745.268,294199032.30676,0,ETHUSDT,1h
2026-04-19 14:00:00+00:00,2336.83,2341.66,2325.27,2336.44,141901.706,2026-04-19 14:59:59.999000+00:00,331129864.49457,227311,70175.935,163788319.50993,0,ETHUSDT,1h
2026-04-19 15:00:00+00:00,2336.44,2340.25,2313.39,2329.47,156097.276,2026-04-19 15:59:59.999000+00:00,363008243.84868,253325,69970.696,162767268.73054,0,ETHUSDT,1h
2026-04-19 16:00:00+00:00,2329.46,2330.05,2302.0,2310.36,206141.865,2026-04-19 16:59:59.999000+00:00,477203896.34498,302491,93989.529,217612739.4796,0,ETHUSDT,1h
2026-04-19 17:00:00+00:00,2310.36,2316.27,2292.0,2295.0,287677.313,2026-04-19 17:59:59.999000+00:00,662439697.9546,390358,123898.362,285407986.46015,0,ETHUSDT,1h
2026-04-19 18:00:00+00:00,2294.99,2300.48,2286.3,2294.8,181795.915,2026-04-19 18:59:59.999000+00:00,416912694.82614,310173,88426.397,202814905.03712,0,ETHUSDT,1h
2026-04-19 19:00:00+00:00,2294.8,2304.0,2292.88,2298.63,83554.891,2026-04-19 19:59:59.999000+00:00,192037465.83397,162134,43482.965,99945786.77781,0,ETHUSDT,1h
2026-04-19 20:00:00+00:00,2298.63,2299.04,2271.52,2279.38,200044.159,2026-04-19 20:59:59.999000+00:00,456891079.11917,291713,85194.478,194625195.58482,0,ETHUSDT,1h
2026-04-19 21:00:00+00:00,2279.38,2289.13,2273.3,2274.6,97354.023,2026-04-19 21:59:59.999000+00:00,222175812.48953,175087,47272.006,107882979.47198,0,ETHUSDT,1h
2026-04-19 22:00:00+00:00,2274.58,2274.88,2250.91,2268.76,387875.106,2026-04-19 22:59:59.999000+00:00,877547588.89756,600225,190013.621,429892938.80945,0,ETHUSDT,1h
2026-04-19 23:00:00+00:00,2268.75,2269.72,2255.0,2262.2,132994.379,2026-04-19 23:59:59.999000+00:00,300948430.82764,256374,65148.661,147433107.20325,0,ETHUSDT,1h
2026-04-20 00:00:00+00:00,2262.21,2281.99,2258.3,2278.49,172610.162,2026-04-20 00:59:59.999000+00:00,392395175.91097,261671,85023.469,193282393.11666,0,ETHUSDT,1h
2026-04-20 01:00:00+00:00,2278.49,2292.91,2276.64,2284.73,139416.992,2026-04-20 01:59:59.999000+00:00,318649084.68871,201576,72071.577,164725731.9666,0,ETHUSDT,1h
2026-04-20 02:00:00+00:00,2284.72,2286.79,2270.4,2276.31,120491.209,2026-04-20 02:59:59.999000+00:00,274437812.92223,159640,64260.899,146367352.40906,0,ETHUSDT,1h
2026-04-20 03:00:00+00:00,2276.3,2287.66,2274.65,2285.07,74298.95,2026-04-20 03:59:59.999000+00:00,169481905.17634,114992,42586.816,97136482.95711,0,ETHUSDT,1h
2026-04-20 04:00:00+00:00,2285.08,2285.08,2277.63,2282.19,58835.887,2026-04-20 04:59:59.999000+00:00,134219320.12969,91346,28958.814,66060390.20606,0,ETHUSDT,1h
2026-04-20 05:00:00+00:00,2282.19,2282.19,2262.06,2269.01,127503.388,2026-04-20 05:59:59.999000+00:00,289336819.39149,165809,55592.555,126126678.77977,0,ETHUSDT,1h
2026-04-20 06:00:00+00:00,2269.01,2288.36,2267.6,2284.96,120148.438,2026-04-20 06:59:59.999000+00:00,273845323.09635,187009,65098.812,148393840.63842,0,ETHUSDT,1h
2026-04-20 07:00:00+00:00,2284.96,2331.88,2281.55,2296.82,548302.816,2026-04-20 07:59:59.999000+00:00,1264172212.03856,599783,282731.222,651968606.63623,0,ETHUSDT,1h
2026-04-20 08:00:00+00:00,2296.83,2307.0,2288.13,2292.69,159308.912,2026-04-20 08:59:59.999000+00:00,365819748.10287,254994,78826.207,181042684.85007,0,ETHUSDT,1h
2026-04-20 09:00:00+00:00,2292.68,2312.88,2291.99,2307.78,152057.24,2026-04-20 09:59:59.999000+00:00,350479763.88339,249755,82560.748,190271328.29995,0,ETHUSDT,1h
2026-04-20 10:00:00+00:00,2307.78,2319.19,2301.66,2302.12,123716.295,2026-04-20 10:59:59.999000+00:00,285876708.20958,202932,60220.2,139185893.99831,0,ETHUSDT,1h
2026-04-20 11:00:00+00:00,2302.12,2311.27,2298.22,2306.94,104630.857,2026-04-20 11:59:59.999000+00:00,241257623.46,186373,50987.144,117562247.19744,0,ETHUSDT,1h
2026-04-20 12:00:00+00:00,2306.95,2322.6,2303.0,2317.63,161915.879,2026-04-20 12:59:59.999000+00:00,374482451.78864,270320,76076.84,175976291.84843,0,ETHUSDT,1h
2026-04-20 13:00:00+00:00,2317.63,2326.0,2300.0,2309.46,285987.178,2026-04-20 13:59:59.999000+00:00,661301229.89574,458232,139559.484,322836592.93448,0,ETHUSDT,1h
2026-04-20 14:00:00+00:00,2309.46,2321.0,2281.28,2289.55,415481.453,2026-04-20 14:59:59.999000+00:00,955768583.78297,626607,200187.225,460584535.6724,0,ETHUSDT,1h
2026-04-20 15:00:00+00:00,2289.56,2318.34,2276.71,2312.71,363041.127,2026-04-20 15:59:59.999000+00:00,835148985.73828,555483,183771.403,422881069.77685,0,ETHUSDT,1h
2026-04-20 16:00:00+00:00,2312.72,2313.59,2297.12,2298.99,125231.601,2026-04-20 16:59:59.999000+00:00,288515454.36181,256863,59063.483,136074519.44478,0,ETHUSDT,1h
2026-04-20 17:00:00+00:00,2298.99,2321.69,2296.51,2316.04,168991.687,2026-04-20 17:59:59.999000+00:00,390916221.75863,313698,92188.194,213274229.35825,0,ETHUSDT,1h
2026-04-20 18:00:00+00:00,2316.04,2343.27,2316.04,2332.89,416589.427,2026-04-20 18:59:59.999000+00:00,971015523.56139,438044,221213.841,515635660.95936,0,ETHUSDT,1h
2026-04-20 19:00:00+00:00,2332.9,2334.84,2325.42,2330.39,117314.177,2026-04-20 19:59:59.999000+00:00,273303548.94497,177165,52789.854,122979431.95159,0,ETHUSDT,1h
2026-04-20 20:00:00+00:00,2330.39,2338.93,2323.58,2336.29,149886.338,2026-04-20 20:59:59.999000+00:00,349556053.03943,180114,72272.63,168538807.06863,0,ETHUSDT,1h
2026-04-20 21:00:00+00:00,2336.29,2346.84,2312.07,2320.09,196116.928,2026-04-20 21:59:59.999000+00:00,456614028.62121,238177,97787.549,227758366.14048,0,ETHUSDT,1h
2026-04-20 22:00:00+00:00,2320.1,2327.44,2315.04,2318.15,63617.056,2026-04-20 22:59:59.999000+00:00,147630675.66346,140403,31981.059,74223512.96294,0,ETHUSDT,1h
2026-04-20 23:00:00+00:00,2318.14,2318.15,2306.01,2312.59,79649.21,2026-04-20 23:59:59.999000+00:00,184055413.59565,135129,38403.503,88739026.88777,0,ETHUSDT,1h
2026-04-21 00:00:00+00:00,2312.59,2323.48,2310.23,2320.67,78045.598,2026-04-21 00:59:59.999000+00:00,180767568.1431,165120,41963.382,97202194.57616,0,ETHUSDT,1h
2026-04-21 01:00:00+00:00,2320.66,2325.42,2311.11,2313.78,72079.488,2026-04-21 01:59:59.999000+00:00,167163082.6527,135072,35014.095,81215125.58181,0,ETHUSDT,1h
2026-04-21 02:00:00+00:00,2313.78,2314.38,2304.47,2307.06,84165.303,2026-04-21 02:59:59.999000+00:00,194308734.92825,129810,40306.838,93059483.05829,0,ETHUSDT,1h
2026-04-21 03:00:00+00:00,2307.05,2311.66,2297.51,2310.14,101094.798,2026-04-21 03:59:59.999000+00:00,232916705.72285,146359,51558.646,118810324.81016,0,ETHUSDT,1h
2026-04-21 04:00:00+00:00,2310.13,2315.0,2302.9,2313.08,77962.667,2026-04-21 04:59:59.999000+00:00,179991818.4819,108693,40314.354,93086718.52745,0,ETHUSDT,1h
2026-04-21 05:00:00+00:00,2313.09,2319.7,2311.38,2312.9,64644.727,2026-04-21 05:59:59.999000+00:00,149652644.8292,109240,29923.11,69277075.88451,0,ETHUSDT,1h
2026-04-21 06:00:00+00:00,2312.89,2327.11,2306.41,2316.12,99754.315,2026-04-21 06:59:59.999000+00:00,231142014.88007,150515,54669.307,126714077.63663,0,ETHUSDT,1h
2026-04-21 07:00:00+00:00,2316.12,2323.47,2310.17,2316.96,92043.709,2026-04-21 07:59:59.999000+00:00,213280054.26715,166377,51942.802,120361725.95904,0,ETHUSDT,1h
2026-04-21 08:00:00+00:00,2316.95,2337.99,2312.61,2322.09,174563.893,2026-04-21 08:59:59.999000+00:00,405754109.87856,237072,95643.032,222351792.34607,0,ETHUSDT,1h
2026-04-21 09:00:00+00:00,2322.09,2326.53,2317.0,2324.32,90114.819,2026-04-21 09:59:59.999000+00:00,209224980.43689,151325,44268.588,102784901.04732,0,ETHUSDT,1h
2026-04-21 10:00:00+00:00,2324.33,2336.0,2323.66,2329.69,114033.026,2026-04-21 10:59:59.999000+00:00,265715018.78606,171584,60099.61,140051060.51806,0,ETHUSDT,1h
2026-04-21 11:00:00+00:00,2329.68,2330.15,2314.07,2318.91,174315.043,2026-04-21 11:59:59.999000+00:00,404569194.93862,231066,75987.04,176366198.78395,0,ETHUSDT,1h
2026-04-21 12:00:00+00:00,2318.91,2323.57,2292.54,2307.01,315607.947,2026-04-21 12:59:59.999000+00:00,728013244.13964,382460,151715.563,350034572.39102,0,ETHUSDT,1h
2026-04-21 13:00:00+00:00,2307.01,2316.18,2299.2,2311.65,177940.511,2026-04-21 13:59:59.999000+00:00,410530481.64663,359066,84489.69,194958614.10422,0,ETHUSDT,1h
2026-04-21 14:00:00+00:00,2311.65,2326.54,2293.31,2297.93,291659.139,2026-04-21 14:59:59.999000+00:00,674163555.85522,500221,139026.303,321465975.72226,0,ETHUSDT,1h
2026-04-21 15:00:00+00:00,2297.92,2310.0,2288.79,2309.31,248110.686,2026-04-21 15:59:59.999000+00:00,570766522.96389,449317,119148.348,274183787.45089,0,ETHUSDT,1h
2026-04-21 16:00:00+00:00,2309.3,2323.83,2305.02,2306.15,206039.179,2026-04-21 16:59:59.999000+00:00,476759168.3891,331313,110055.768,254702694.12214,0,ETHUSDT,1h
2026-04-21 17:00:00+00:00,2306.15,2318.54,2280.82,2305.13,363372.063,2026-04-21 17:59:59.999000+00:00,836335086.02454,529181,179773.023,413878586.07632,0,ETHUSDT,1h
2026-04-21 18:00:00+00:00,2305.13,2312.45,2299.15,2311.47,111955.663,2026-04-21 18:59:59.999000+00:00,258072329.29784,269267,55488.441,127918993.57332,0,ETHUSDT,1h
2026-04-21 19:00:00+00:00,2311.47,2330.0,2285.58,2297.04,415212.564,2026-04-21 19:59:59.999000+00:00,957675844.11502,540352,199228.043,459773044.54098,0,ETHUSDT,1h
2026-04-21 20:00:00+00:00,2297.04,2324.99,2293.5,2313.31,336128.837,2026-04-21 20:59:59.999000+00:00,778107853.78931,389945,192652.131,446063354.07979,0,ETHUSDT,1h
2026-04-21 21:00:00+00:00,2313.3,2317.1,2308.47,2311.25,45466.217,2026-04-21 21:59:59.999000+00:00,105124779.09317,91559,21175.0,48961628.12398,0,ETHUSDT,1h
2026-04-21 22:00:00+00:00,2311.25,2315.88,2299.53,2310.06,87264.685,2026-04-21 22:59:59.999000+00:00,201289557.80514,159382,34986.874,80726855.23879,0,ETHUSDT,1h
2026-04-21 23:00:00+00:00,2310.06,2328.69,2309.61,2326.13,97415.583,2026-04-21 23:59:59.999000+00:00,226135795.05128,178731,51731.358,120087433.61366,0,ETHUSDT,1h
2026-04-22 00:00:00+00:00,2326.12,2329.55,2321.27,2324.23,83052.903,2026-04-22 00:59:59.999000+00:00,193103202.59617,167860,40423.448,93987262.94546,0,ETHUSDT,1h
2026-04-22 01:00:00+00:00,2324.23,2327.67,2311.41,2321.42,108729.954,2026-04-22 01:59:59.999000+00:00,252172988.01881,175123,55769.987,129361564.2491,0,ETHUSDT,1h
2026-04-22 02:00:00+00:00,2321.42,2375.22,2318.93,2369.68,575961.768,2026-04-22 02:59:59.999000+00:00,1354289027.97111,686663,328138.683,771486987.72485,0,ETHUSDT,1h
2026-04-22 03:00:00+00:00,2369.68,2379.19,2357.24,2362.69,267201.69,2026-04-22 03:59:59.999000+00:00,632779448.65857,390614,126542.584,299703399.29098,0,ETHUSDT,1h
2026-04-22 04:00:00+00:00,2362.69,2368.6,2357.26,2362.79,89099.031,2026-04-22 04:59:59.999000+00:00,210507263.42703,164631,45463.439,107429003.09806,0,ETHUSDT,1h
2026-04-22 05:00:00+00:00,2362.8,2414.35,2360.73,2395.84,820209.73,2026-04-22 05:59:59.999000+00:00,1964200899.37906,818221,448448.481,1073509885.33306,0,ETHUSDT,1h
2026-04-22 06:00:00+00:00,2395.84,2396.38,2388.56,2392.4,150577.121,2026-04-22 06:59:59.999000+00:00,360102140.69913,205905,84018.636,200921558.30529,0,ETHUSDT,1h
2026-04-22 07:00:00+00:00,2392.4,2396.75,2382.14,2389.24,152919.747,2026-04-22 07:59:59.999000+00:00,365403573.90628,197550,69378.981,165829747.27984,0,ETHUSDT,1h
2026-04-22 08:00:00+00:00,2389.25,2392.97,2382.15,2387.23,105617.197,2026-04-22 08:59:59.999000+00:00,252083049.44116,172753,54192.946,129348982.46635,0,ETHUSDT,1h
2026-04-22 09:00:00+00:00,2387.22,2393.28,2383.51,2386.64,78897.633,2026-04-22 09:59:59.999000+00:00,188483361.17986,146677,42054.942,100479512.86382,0,ETHUSDT,1h
2026-04-22 10:00:00+00:00,2386.64,2392.84,2384.01,2389.18,49463.132,2026-04-22 10:59:59.999000+00:00,118174855.2824,107674,24510.599,58561530.21017,0,ETHUSDT,1h
2026-04-22 11:00:00+00:00,2389.18,2399.84,2385.5,2397.59,115653.19,2026-04-22 11:59:59.999000+00:00,276738960.71002,182712,58577.102,140182550.7473,0,ETHUSDT,1h
2026-04-22 12:00:00+00:00,2397.59,2406.27,2395.01,2403.85,187643.324,2026-04-22 12:59:59.999000+00:00,450360150.78647,281476,106451.015,255516889.83568,0,ETHUSDT,1h
2026-04-22 13:00:00+00:00,2403.85,2423.0,2400.02,2416.31,360331.004,2026-04-22 13:59:59.999000+00:00,868680901.80189,560084,195369.279,471049696.49805,0,ETHUSDT,1h
2026-04-22 14:00:00+00:00,2416.32,2422.55,2390.69,2402.03,362159.344,2026-04-22 14:59:59.999000+00:00,871340232.04535,538242,172985.612,416205831.41977,0,ETHUSDT,1h
2026-04-22 15:00:00+00:00,2402.03,2412.88,2388.76,2402.69,306803.133,2026-04-22 15:59:59.999000+00:00,737347444.51937,394045,168963.43,406135613.09145,0,ETHUSDT,1h
2026-04-22 16:00:00+00:00,2402.69,2412.82,2383.29,2385.36,220111.273,2026-04-22 16:59:59.999000+00:00,527312578.01906,351900,106448.972,255081315.75826,0,ETHUSDT,1h
2026-04-22 17:00:00+00:00,2385.37,2401.82,2385.36,2398.33,146793.558,2026-04-22 17:59:59.999000+00:00,351424032.68047,272823,76871.247,184022026.74724,0,ETHUSDT,1h
2026-04-22 18:00:00+00:00,2398.32,2403.76,2393.86,2396.1,107223.848,2026-04-22 18:59:59.999000+00:00,257285214.96446,180312,56009.803,134397571.50188,0,ETHUSDT,1h
2026-04-22 19:00:00+00:00,2396.1,2406.57,2388.0,2396.75,161118.423,2026-04-22 19:59:59.999000+00:00,386199238.53509,257014,86285.567,206813268.2573,0,ETHUSDT,1h
2026-04-22 20:00:00+00:00,2396.76,2401.49,2389.8,2390.97,95702.044,2026-04-22 20:59:59.999000+00:00,229253473.30579,148848,43390.264,103944772.37603,0,ETHUSDT,1h
2026-04-22 21:00:00+00:00,2390.97,2405.2,2390.69,2401.71,50823.741,2026-04-22 21:59:59.999000+00:00,121934954.25988,88210,29485.137,70725100.57617,0,ETHUSDT,1h
2026-04-22 22:00:00+00:00,2401.72,2404.6,2393.09,2398.95,55444.01,2026-04-22 22:59:59.999000+00:00,132996506.32453,128130,30742.318,73740029.20658,0,ETHUSDT,1h
2026-04-22 23:00:00+00:00,2398.96,2399.63,2372.6,2373.04,207936.87,2026-04-22 23:59:59.999000+00:00,495289789.2453,240263,102350.686,243796211.95246,0,ETHUSDT,1h
2026-04-23 00:00:00+00:00,2373.05,2381.85,2340.26,2371.89,412972.697,2026-04-23 00:59:59.999000+00:00,976305337.9076,643609,208944.507,494202968.28031,0,ETHUSDT,1h
2026-04-23 01:00:00+00:00,2371.9,2372.0,2359.48,2365.94,103520.854,2026-04-23 01:59:59.999000+00:00,244836907.24669,230123,52317.469,123743071.51886,0,ETHUSDT,1h
2026-04-23 02:00:00+00:00,2365.95,2366.23,2342.08,2350.78,242091.61,2026-04-23 02:59:59.999000+00:00,569461448.18486,343899,106882.435,251408134.86842,0,ETHUSDT,1h
2026-04-23 03:00:00+00:00,2350.78,2352.4,2330.0,2339.62,260236.659,2026-04-23 03:59:59.999000+00:00,608568221.39832,325827,136881.494,320065747.10285,0,ETHUSDT,1h
2026-04-23 04:00:00+00:00,2339.62,2347.5,2336.0,2346.38,106582.43,2026-04-23 04:59:59.999000+00:00,249663255.24859,157077,57108.807,133788742.89129,0,ETHUSDT,1h
2026-04-23 05:00:00+00:00,2346.38,2351.27,2338.96,2347.52,132762.737,2026-04-23 05:59:59.999000+00:00,311470008.72848,179902,64300.454,150895311.92227,0,ETHUSDT,1h
2026-04-23 06:00:00+00:00,2347.52,2357.72,2347.52,2353.24,125930.384,2026-04-23 06:59:59.999000+00:00,296365618.91395,169234,66460.434,156410047.96756,0,ETHUSDT,1h
2026-04-23 07:00:00+00:00,2353.24,2355.69,2338.91,2342.81,152332.023,2026-04-23 07:59:59.999000+00:00,357515767.89506,193821,62821.309,147451591.77713,0,ETHUSDT,1h
2026-04-23 08:00:00+00:00,2342.81,2343.72,2333.33,2338.55,189658.197,2026-04-23 08:59:59.999000+00:00,443502880.37818,236183,81989.23,191723354.35301,0,ETHUSDT,1h
2026-04-23 09:00:00+00:00,2338.55,2338.55,2310.0,2314.77,458078.463,2026-04-23 09:59:59.999000+00:00,1063080525.89241,362237,213503.831,495372623.10994,0,ETHUSDT,1h
2026-04-23 10:00:00+00:00,2314.77,2317.91,2303.9,2312.89,247929.404,2026-04-23 10:59:59.999000+00:00,572743075.54646,273385,113430.92,262071954.46993,0,ETHUSDT,1h
2026-04-23 11:00:00+00:00,2312.89,2331.39,2312.89,2327.93,204651.132,2026-04-23 11:59:59.999000+00:00,475225406.48757,212025,106303.229,246823895.19518,0,ETHUSDT,1h
2026-04-23 12:00:00+00:00,2327.92,2334.27,2318.77,2327.88,217542.547,2026-04-23 12:59:59.999000+00:00,506107949.52028,230722,96779.638,225202841.64564,0,ETHUSDT,1h
2026-04-23 13:00:00+00:00,2327.87,2331.56,2314.08,2318.51,158321.232,2026-04-23 13:59:59.999000+00:00,367563911.83553,270080,78296.56,181774650.92379,0,ETHUSDT,1h
2026-04-23 14:00:00+00:00,2318.5,2333.83,2315.0,2332.87,171718.276,2026-04-23 14:59:59.999000+00:00,399507316.30197,306532,94081.388,218878522.65867,0,ETHUSDT,1h
2026-04-23 15:00:00+00:00,2332.87,2343.36,2322.28,2332.17,229958.202,2026-04-23 15:59:59.999000+00:00,536585850.39834,307225,110571.057,258043448.10785,0,ETHUSDT,1h
2026-04-23 16:00:00+00:00,2332.17,2334.88,2322.03,2325.07,100615.144,2026-04-23 16:59:59.999000+00:00,234361331.15687,183620,51151.741,119153523.17584,0,ETHUSDT,1h
2026-04-23 17:00:00+00:00,2325.06,2328.24,2283.31,2308.87,547414.435,2026-04-23 17:59:59.999000+00:00,1260894176.34194,699514,256425.033,590583487.87685,0,ETHUSDT,1h
2026-04-23 18:00:00+00:00,2308.87,2318.0,2302.95,2303.92,215939.433,2026-04-23 18:59:59.999000+00:00,499093563.9234,307853,99575.913,230177208.88465,0,ETHUSDT,1h
2026-04-23 19:00:00+00:00,2303.93,2317.82,2299.0,2311.78,136422.3,2026-04-23 19:59:59.999000+00:00,315026408.0883,193741,67442.583,155739770.75272,0,ETHUSDT,1h
2026-04-23 20:00:00+00:00,2311.77,2328.7,2311.42,2324.07,122815.412,2026-04-23 20:59:59.999000+00:00,285200503.79742,144007,61499.657,142800514.06306,0,ETHUSDT,1h
2026-04-23 21:00:00+00:00,2324.08,2328.0,2319.45,2320.12,68296.62,2026-04-23 21:59:59.999000+00:00,158705169.01034,80888,32859.821,76357202.44243,0,ETHUSDT,1h
2026-04-23 22:00:00+00:00,2320.12,2337.76,2320.08,2330.53,109046.351,2026-04-23 22:59:59.999000+00:00,254251726.51947,162442,57297.739,133592697.35516,0,ETHUSDT,1h
2026-04-23 23:00:00+00:00,2330.53,2332.21,2322.24,2328.94,62451.074,2026-04-23 23:59:59.999000+00:00,145367917.05633,91019,26780.287,62336957.1437,0,ETHUSDT,1h
2026-04-24 00:00:00+00:00,2328.94,2336.46,2325.5,2331.34,67904.885,2026-04-24 00:59:59.999000+00:00,158337080.81268,126272,36142.439,84281239.81176,0,ETHUSDT,1h
2026-04-24 01:00:00+00:00,2331.35,2333.29,2317.28,2331.76,112935.117,2026-04-24 01:59:59.999000+00:00,262551243.92228,158211,49955.086,116153026.15228,0,ETHUSDT,1h
2026-04-24 02:00:00+00:00,2331.76,2334.36,2312.95,2318.48,117097.321,2026-04-24 02:59:59.999000+00:00,272086799.26885,147928,46572.533,108255517.38452,0,ETHUSDT,1h
2026-04-24 03:00:00+00:00,2318.47,2321.81,2298.54,2307.14,173595.989,2026-04-24 03:59:59.999000+00:00,400576033.85882,214609,80455.326,185662813.17432,0,ETHUSDT,1h
2026-04-24 04:00:00+00:00,2307.15,2310.33,2298.44,2304.89,92868.869,2026-04-24 04:59:59.999000+00:00,214099913.55364,127632,47786.814,110186619.81603,0,ETHUSDT,1h
2026-04-24 05:00:00+00:00,2304.9,2316.19,2298.51,2313.8,98374.901,2026-04-24 05:59:59.999000+00:00,226954068.22449,144912,55144.292,127249776.57998,0,ETHUSDT,1h
2026-04-24 06:00:00+00:00,2313.8,2316.13,2306.99,2307.91,71145.36,2026-04-24 06:59:59.999000+00:00,164439378.78065,108562,32618.209,75404816.62935,0,ETHUSDT,1h
2026-04-24 07:00:00+00:00,2307.9,2315.32,2307.18,2310.49,93346.51,2026-04-24 07:59:59.999000+00:00,215773091.85582,99717,41361.344,95606419.89834,0,ETHUSDT,1h
2026-04-24 08:00:00+00:00,2310.49,2321.94,2305.92,2313.81,121891.939,2026-04-24 08:59:59.999000+00:00,282073126.51627,150227,70164.492,162396909.83338,0,ETHUSDT,1h
2026-04-24 09:00:00+00:00,2313.82,2314.54,2301.66,2308.69,101203.755,2026-04-24 09:59:59.999000+00:00,233463321.33624,143620,47409.228,109371846.44186,0,ETHUSDT,1h
2026-04-24 10:00:00+00:00,2308.69,2318.07,2304.47,2314.55,74781.148,2026-04-24 10:59:59.999000+00:00,172898457.50464,122499,39023.238,90234314.07585,0,ETHUSDT,1h
2026-04-24 11:00:00+00:00,2314.54,2331.0,2314.54,2326.7,270818.116,2026-04-24 11:59:59.999000+00:00,629998398.80841,303148,156839.259,364840471.26806,0,ETHUSDT,1h
2026-04-24 12:00:00+00:00,2326.71,2330.36,2316.59,2323.82,168518.45,2026-04-24 12:59:59.999000+00:00,391820152.1478,192496,86466.621,201095634.80748,0,ETHUSDT,1h
2026-04-24 13:00:00+00:00,2323.83,2330.03,2309.1,2315.7,209490.591,2026-04-24 13:59:59.999000+00:00,486024589.78588,311892,96338.298,223587047.52317,0,ETHUSDT,1h
2026-04-24 14:00:00+00:00,2315.7,2317.17,2302.21,2312.17,254681.612,2026-04-24 14:59:59.999000+00:00,588286056.54247,340924,122240.23,282405120.42229,0,ETHUSDT,1h
2026-04-24 15:00:00+00:00,2312.17,2328.79,2300.0,2322.72,241130.239,2026-04-24 15:59:59.999000+00:00,558146276.18337,295148,125642.852,290925793.13418,0,ETHUSDT,1h
2026-04-24 16:00:00+00:00,2322.73,2323.39,2308.33,2315.47,124779.08,2026-04-24 16:59:59.999000+00:00,288898375.39152,179604,62377.646,144411002.53677,0,ETHUSDT,1h
2026-04-24 17:00:00+00:00,2315.48,2321.11,2307.27,2318.53,98261.139,2026-04-24 17:59:59.999000+00:00,227473475.34644,162366,53603.837,124096839.49258,0,ETHUSDT,1h
2026-04-24 18:00:00+00:00,2318.53,2320.33,2308.0,2318.73,74208.375,2026-04-24 18:59:59.999000+00:00,171758581.76547,133854,33993.704,78688015.20238,0,ETHUSDT,1h
2026-04-24 19:00:00+00:00,2318.73,2324.0,2317.85,2320.37,53236.544,2026-04-24 19:59:59.999000+00:00,123542439.86356,99334,27617.727,64091936.35253,0,ETHUSDT,1h
2026-04-24 20:00:00+00:00,2320.36,2327.11,2313.47,2325.27,77242.083,2026-04-24 20:59:59.999000+00:00,179320995.23378,95402,40014.72,92903877.44667,0,ETHUSDT,1h
2026-04-24 21:00:00+00:00,2325.27,2326.62,2309.0,2313.69,129318.722,2026-04-24 21:59:59.999000+00:00,299644932.37318,97864,64287.445,148918739.95294,0,ETHUSDT,1h
2026-04-24 22:00:00+00:00,2313.69,2314.86,2305.2,2310.73,52289.91,2026-04-24 22:59:59.999000+00:00,120819018.08985,80851,20742.534,47927332.74025,0,ETHUSDT,1h
2026-04-24 23:00:00+00:00,2310.74,2315.37,2310.74,2313.88,24466.276,2026-04-24 23:59:59.999000+00:00,56596422.22626,38586,11859.294,27431639.48467,0,ETHUSDT,1h
2026-04-25 00:00:00+00:00,2313.87,2314.94,2310.0,2314.86,26114.136,2026-04-25 00:59:59.999000+00:00,60385248.18132,42247,12692.87,29352933.12612,0,ETHUSDT,1h
2026-04-25 01:00:00+00:00,2314.87,2320.0,2314.29,2316.78,35811.288,2026-04-25 01:59:59.999000+00:00,82995002.3143,48513,20038.158,46439809.62042,0,ETHUSDT,1h
2026-04-25 02:00:00+00:00,2316.79,2318.23,2313.07,2316.42,29568.014,2026-04-25 02:59:59.999000+00:00,68467907.70447,42557,14571.647,33740515.21014,0,ETHUSDT,1h
2026-04-25 03:00:00+00:00,2316.42,2319.46,2314.32,2317.51,19313.903,2026-04-25 03:59:59.999000+00:00,44745175.54421,39268,8896.984,20612891.42307,0,ETHUSDT,1h
2026-04-25 04:00:00+00:00,2317.52,2318.17,2315.0,2315.52,17894.414,2026-04-25 04:59:59.999000+00:00,41453145.38154,29533,8567.998,19849083.29132,0,ETHUSDT,1h
2026-04-25 05:00:00+00:00,2315.52,2315.53,2312.05,2314.93,23869.936,2026-04-25 05:59:59.999000+00:00,55224431.82771,35653,11254.686,26038510.13088,0,ETHUSDT,1h
2026-04-25 06:00:00+00:00,2314.93,2316.5,2313.52,2314.99,19742.006,2026-04-25 06:59:59.999000+00:00,45705400.30283,29685,10330.254,23915331.71112,0,ETHUSDT,1h
2026-04-25 07:00:00+00:00,2314.99,2317.99,2313.0,2315.14,25871.519,2026-04-25 07:59:59.999000+00:00,59887664.98371,33242,14100.036,32642022.05375,0,ETHUSDT,1h
2026-04-25 08:00:00+00:00,2315.13,2319.83,2314.71,2318.23,31765.739,2026-04-25 08:59:59.999000+00:00,73628436.79835,39045,17354.471,40224942.18801,0,ETHUSDT,1h
2026-04-25 09:00:00+00:00,2318.24,2322.22,2315.52,2317.8,57137.566,2026-04-25 09:59:59.999000+00:00,132508065.86002,59184,29420.455,68239256.80279,0,ETHUSDT,1h
2026-04-25 10:00:00+00:00,2317.8,2321.5,2317.12,2319.22,35584.025,2026-04-25 10:59:59.999000+00:00,82522041.05751,44066,18060.426,41884617.78782,0,ETHUSDT,1h
2026-04-25 11:00:00+00:00,2319.23,2319.23,2309.51,2312.47,69231.219,2026-04-25 11:59:59.999000+00:00,160161023.9999,71633,28816.661,66667472.89706,0,ETHUSDT,1h
2026-04-25 12:00:00+00:00,2312.47,2315.9,2310.1,2312.06,49494.102,2026-04-25 12:59:59.999000+00:00,114484996.17337,51218,23378.45,54079754.63421,0,ETHUSDT,1h
2026-04-25 13:00:00+00:00,2312.07,2316.77,2312.07,2315.01,24738.176,2026-04-25 13:59:59.999000+00:00,57274941.38569,36764,13927.44,32244550.81298,0,ETHUSDT,1h
2026-04-25 14:00:00+00:00,2315.01,2317.94,2313.78,2314.8,34368.458,2026-04-25 14:59:59.999000+00:00,79587957.58978,47456,16076.548,37230488.28274,0,ETHUSDT,1h
2026-04-25 15:00:00+00:00,2314.8,2317.33,2298.98,2306.65,128160.627,2026-04-25 15:59:59.999000+00:00,295778639.52649,111623,49727.335,114762282.33522,0,ETHUSDT,1h
2026-04-25 16:00:00+00:00,2306.64,2310.0,2298.98,2308.64,121107.598,2026-04-25 16:59:59.999000+00:00,279318334.53431,120734,57002.019,131481282.77478,0,ETHUSDT,1h
2026-04-25 17:00:00+00:00,2308.63,2312.85,2306.0,2307.86,74478.659,2026-04-25 17:59:59.999000+00:00,171993970.86793,64645,48478.865,111963789.64259,0,ETHUSDT,1h
2026-04-25 18:00:00+00:00,2307.85,2312.95,2307.2,2310.49,32633.053,2026-04-25 18:59:59.999000+00:00,75389266.19285,46305,14432.109,33344154.20705,0,ETHUSDT,1h
2026-04-25 19:00:00+00:00,2310.48,2311.26,2306.0,2308.88,29824.632,2026-04-25 19:59:59.999000+00:00,68860696.19225,41527,13061.015,30156128.63025,0,ETHUSDT,1h
2026-04-25 20:00:00+00:00,2308.89,2312.07,2307.8,2311.93,25721.981,2026-04-25 20:59:59.999000+00:00,59417834.83828,33641,11625.521,26854903.11163,0,ETHUSDT,1h
2026-04-25 21:00:00+00:00,2311.92,2316.48,2311.31,2314.6,35115.627,2026-04-25 21:59:59.999000+00:00,81271482.11376,48131,19204.425,44448732.14023,0,ETHUSDT,1h
2026-04-25 22:00:00+00:00,2314.6,2319.59,2313.89,2316.57,31709.677,2026-04-25 22:59:59.999000+00:00,73472560.23215,50653,16466.315,38154906.2528,0,ETHUSDT,1h
2026-04-25 23:00:00+00:00,2316.57,2318.55,2315.65,2318.21,25102.863,2026-04-25 23:59:59.999000+00:00,58177800.37666,36498,14052.565,32567999.35927,0,ETHUSDT,1h
2026-04-26 00:00:00+00:00,2318.21,2318.58,2310.0,2314.0,40770.893,2026-04-26 00:59:59.999000+00:00,94362750.18458,48437,15927.84,36866972.72083,0,ETHUSDT,1h
2026-04-26 01:00:00+00:00,2314.0,2316.86,2312.0,2312.69,29009.652,2026-04-26 01:59:59.999000+00:00,67136398.01491,41743,12473.813,28868537.96218,0,ETHUSDT,1h
2026-04-26 02:00:00+00:00,2312.7,2317.51,2312.19,2313.98,23980.952,2026-04-26 02:59:59.999000+00:00,55523453.13737,35535,11447.602,26506559.49461,0,ETHUSDT,1h
2026-04-26 03:00:00+00:00,2313.98,2315.37,2305.07,2308.64,58771.598,2026-04-26 03:59:59.999000+00:00,135699760.14716,58281,24999.58,57721567.31897,0,ETHUSDT,1h
2026-04-26 04:00:00+00:00,2308.64,2318.63,2307.38,2316.22,66498.586,2026-04-26 04:59:59.999000+00:00,153894497.55554,70378,36872.832,85340396.03467,0,ETHUSDT,1h
2026-04-26 05:00:00+00:00,2316.23,2336.63,2316.13,2326.78,259205.286,2026-04-26 05:59:59.999000+00:00,603398651.03993,231188,132781.316,309088239.28122,0,ETHUSDT,1h
2026-04-26 06:00:00+00:00,2326.78,2332.8,2325.85,2328.89,67025.687,2026-04-26 06:59:59.999000+00:00,156106933.9166,73025,33223.335,77389136.53919,0,ETHUSDT,1h
2026-04-26 07:00:00+00:00,2328.9,2331.25,2327.04,2330.23,34940.429,2026-04-26 07:59:59.999000+00:00,81369771.99012,45406,17617.923,41031315.36386,0,ETHUSDT,1h
2026-04-26 08:00:00+00:00,2330.23,2336.99,2329.25,2331.29,84689.06,2026-04-26 08:59:59.999000+00:00,197535106.0257,80954,46028.736,107366800.32221,0,ETHUSDT,1h
2026-04-26 09:00:00+00:00,2331.3,2334.38,2328.05,2333.35,44578.179,2026-04-26 09:59:59.999000+00:00,103913683.72293,53148,21180.223,49374776.13896,0,ETHUSDT,1h
2026-04-26 10:00:00+00:00,2333.34,2335.5,2330.35,2331.66,33149.651,2026-04-26 10:59:59.999000+00:00,77329332.86417,42696,16113.021,37589878.59282,0,ETHUSDT,1h
2026-04-26 11:00:00+00:00,2331.66,2336.56,2331.3,2334.78,48234.233,2026-04-26 11:59:59.999000+00:00,112593455.75558,54983,25461.983,59440856.96064,0,ETHUSDT,1h
2026-04-26 12:00:00+00:00,2334.78,2335.0,2321.97,2327.88,84096.892,2026-04-26 12:59:59.999000+00:00,195837245.93866,84532,33035.912,76941573.48916,0,ETHUSDT,1h
2026-04-26 13:00:00+00:00,2327.87,2334.94,2326.71,2333.9,67345.55,2026-04-26 13:59:59.999000+00:00,157001511.92074,72896,38944.791,90792518.92337,0,ETHUSDT,1h
2026-04-26 14:00:00+00:00,2333.89,2351.6,2332.08,2345.02,262328.413,2026-04-26 14:59:59.999000+00:00,615342573.2314,232631,151549.006,355483948.05087,0,ETHUSDT,1h
2026-04-26 15:00:00+00:00,2345.01,2347.88,2342.67,2347.0,65853.088,2026-04-26 15:59:59.999000+00:00,154441931.80336,76896,32233.956,75597827.69562,0,ETHUSDT,1h
2026-04-26 16:00:00+00:00,2347.0,2348.5,2341.59,2341.6,80715.694,2026-04-26 16:59:59.999000+00:00,189272992.62545,72123,40411.391,94765716.97354,0,ETHUSDT,1h
2026-04-26 17:00:00+00:00,2341.59,2348.7,2339.11,2348.14,48773.846,2026-04-26 17:59:59.999000+00:00,114335604.44546,67661,22752.325,53347145.82483,0,ETHUSDT,1h
2026-04-26 18:00:00+00:00,2348.15,2367.85,2346.0,2360.41,237632.272,2026-04-26 18:59:59.999000+00:00,560815626.10865,223271,140845.867,332370942.32544,0,ETHUSDT,1h
2026-04-26 19:00:00+00:00,2360.41,2376.51,2357.86,2366.18,158930.191,2026-04-26 19:59:59.999000+00:00,376306775.62827,181441,89436.554,211784718.32999,0,ETHUSDT,1h
2026-04-26 20:00:00+00:00,2366.19,2371.8,2360.69,2360.89,83444.086,2026-04-26 20:59:59.999000+00:00,197499862.6255,81931,44364.018,105033924.33269,0,ETHUSDT,1h
2026-04-26 21:00:00+00:00,2360.89,2369.93,2347.0,2363.11,169164.705,2026-04-26 21:59:59.999000+00:00,398926090.9751,205860,77341.868,182435942.77502,0,ETHUSDT,1h
2026-04-26 22:00:00+00:00,2363.11,2379.99,2351.81,2360.31,181489.856,2026-04-26 22:59:59.999000+00:00,429368519.4988,271858,92033.813,217794763.14549,0,ETHUSDT,1h
2026-04-26 23:00:00+00:00,2360.31,2377.67,2355.4,2368.32,153325.323,2026-04-26 23:59:59.999000+00:00,362940163.67762,210271,86271.344,204211467.53206,0,ETHUSDT,1h
2026-04-27 00:00:00+00:00,2368.32,2392.0,2356.12,2389.82,236512.125,2026-04-27 00:59:59.999000+00:00,562027930.59503,271673,134673.306,320297902.27275,0,ETHUSDT,1h
2026-04-27 01:00:00+00:00,2389.87,2403.99,2376.19,2393.56,285311.074,2026-04-27 01:59:59.999000+00:00,681979677.77739,389186,142783.882,341397506.83945,0,ETHUSDT,1h
2026-04-27 02:00:00+00:00,2393.56,2396.0,2386.01,2391.01,86025.82,2026-04-27 02:59:59.999000+00:00,205678811.96198,154806,41771.865,99875479.60669,0,ETHUSDT,1h
2026-04-27 03:00:00+00:00,2391.0,2399.87,2389.34,2393.68,94283.164,2026-04-27 03:59:59.999000+00:00,225851418.1476,146670,50606.341,121231814.91727,0,ETHUSDT,1h
2026-04-27 04:00:00+00:00,2393.68,2394.92,2379.46,2381.92,107191.044,2026-04-27 04:59:59.999000+00:00,255879628.01703,146546,45513.3,108642994.09205,0,ETHUSDT,1h
2026-04-27 05:00:00+00:00,2381.92,2382.73,2317.0,2321.55,835771.078,2026-04-27 05:59:59.999000+00:00,1955483759.62499,765561,401275.29,938033977.94344,0,ETHUSDT,1h
2026-04-27 06:00:00+00:00,2321.54,2327.58,2310.09,2319.41,261132.931,2026-04-27 06:59:59.999000+00:00,605716673.35298,277959,128740.437,298721515.50269,0,ETHUSDT,1h
2026-04-27 07:00:00+00:00,2319.4,2322.58,2313.47,2314.5,110191.406,2026-04-27 07:59:59.999000+00:00,255388207.85943,152400,59433.825,137754321.80963,0,ETHUSDT,1h
2026-04-27 08:00:00+00:00,2314.5,2318.54,2307.42,2318.29,179870.753,2026-04-27 08:59:59.999000+00:00,416045564.38184,218716,88554.715,204854560.04456,0,ETHUSDT,1h
2026-04-27 09:00:00+00:00,2318.29,2324.29,2314.0,2320.61,103726.633,2026-04-27 09:59:59.999000+00:00,240642740.18746,129525,56249.289,130505415.01619,0,ETHUSDT,1h
2026-04-27 10:00:00+00:00,2320.6,2322.5,2317.17,2318.58,47993.613,2026-04-27 10:59:59.999000+00:00,111322158.3603,77848,22072.964,51200705.32025,0,ETHUSDT,1h
2026-04-27 11:00:00+00:00,2318.58,2321.52,2315.38,2318.77,43289.624,2026-04-27 11:59:59.999000+00:00,100363648.42461,75705,21083.502,48883154.29281,0,ETHUSDT,1h
2026-04-27 12:00:00+00:00,2318.76,2319.66,2311.16,2312.88,77486.743,2026-04-27 12:59:59.999000+00:00,179381518.93958,111724,34256.897,79313695.40251,0,ETHUSDT,1h
2026-04-27 13:00:00+00:00,2312.87,2319.67,2301.11,2311.01,218081.565,2026-04-27 13:59:59.999000+00:00,503650653.12789,273088,101040.572,233408543.61322,0,ETHUSDT,1h
2026-04-27 14:00:00+00:00,2311.01,2328.72,2307.31,2313.82,244700.827,2026-04-27 14:59:59.999000+00:00,567461472.31487,322541,122029.207,283030638.13162,0,ETHUSDT,1h
2026-04-27 15:00:00+00:00,2313.82,2314.12,2263.88,2273.52,787891.783,2026-04-27 15:59:59.999000+00:00,1800239162.91075,657345,350197.605,799976592.21542,0,ETHUSDT,1h
2026-04-27 16:00:00+00:00,2273.52,2279.52,2268.48,2276.49,149193.299,2026-04-27 16:59:59.999000+00:00,339355266.46685,197798,74242.2,168897420.55597,0,ETHUSDT,1h
2026-04-27 17:00:00+00:00,2276.5,2291.0,2276.49,2285.2,163402.348,2026-04-27 17:59:59.999000+00:00,373435073.12214,186069,89152.055,203727756.09734,0,ETHUSDT,1h
2026-04-27 18:00:00+00:00,2285.19,2290.39,2282.76,2287.1,68199.2,2026-04-27 18:59:59.999000+00:00,155943580.23238,104486,31562.524,72178397.97617,0,ETHUSDT,1h
2026-04-27 19:00:00+00:00,2287.09,2289.8,2273.23,2287.76,111037.295,2026-04-27 19:59:59.999000+00:00,253371624.29363,131561,51063.796,116531134.14691,0,ETHUSDT,1h
2026-04-27 20:00:00+00:00,2287.77,2295.0,2287.55,2290.0,75099.545,2026-04-27 20:59:59.999000+00:00,172062410.52545,91831,38633.498,88516069.32977,0,ETHUSDT,1h
2026-04-27 21:00:00+00:00,2289.99,2291.04,2285.29,2285.9,36325.847,2026-04-27 21:59:59.999000+00:00,83108325.87998,58888,16102.284,36840156.14988,0,ETHUSDT,1h
2026-04-27 22:00:00+00:00,2285.89,2294.44,2283.05,2293.15,56280.398,2026-04-27 22:59:59.999000+00:00,128871522.7131,88688,30794.763,70520386.41842,0,ETHUSDT,1h
2026-04-27 23:00:00+00:00,2293.16,2307.26,2289.79,2302.28,97439.664,2026-04-27 23:59:59.999000+00:00,224007766.2017,109736,54984.169,126423504.19733,0,ETHUSDT,1h
2026-04-28 00:00:00+00:00,2302.28,2309.73,2297.88,2305.08,97852.953,2026-04-28 00:59:59.999000+00:00,225367463.57905,146758,45818.845,105540164.02658,0,ETHUSDT,1h
2026-04-28 01:00:00+00:00,2305.08,2307.22,2296.0,2297.35,73986.202,2026-04-28 01:59:59.999000+00:00,170286840.67813,119203,33322.46,76697757.2945,0,ETHUSDT,1h
2026-04-28 02:00:00+00:00,2297.34,2299.56,2278.52,2287.6,141742.923,2026-04-28 02:59:59.999000+00:00,324350195.87474,174313,58356.39,133543064.63994,0,ETHUSDT,1h
2026-04-28 03:00:00+00:00,2287.6,2289.75,2280.26,2289.47,67745.154,2026-04-28 03:59:59.999000+00:00,154787688.54724,97256,34075.585,77872631.09202,0,ETHUSDT,1h
2026-04-28 04:00:00+00:00,2289.47,2293.67,2281.68,2287.25,108626.377,2026-04-28 04:59:59.999000+00:00,248471207.66455,106622,66856.896,152939742.71253,0,ETHUSDT,1h
2026-04-28 05:00:00+00:00,2287.25,2295.77,2285.02,2286.64,97981.78,2026-04-28 05:59:59.999000+00:00,224399422.66173,112632,63087.121,144498482.15504,0,ETHUSDT,1h
2026-04-28 06:00:00+00:00,2286.65,2289.6,2266.54,2276.29,159570.752,2026-04-28 06:59:59.999000+00:00,363270859.10706,175360,69178.645,157520172.61905,0,ETHUSDT,1h
2026-04-28 07:00:00+00:00,2276.29,2287.38,2268.86,2286.49,117962.304,2026-04-28 07:59:59.999000+00:00,268739690.56369,158202,67022.08,152703427.28813,0,ETHUSDT,1h
2026-04-28 08:00:00+00:00,2286.5,2290.32,2282.04,2285.9,81803.774,2026-04-28 08:59:59.999000+00:00,186965348.49274,120782,34946.699,79883954.71596,0,ETHUSDT,1h
2026-04-28 09:00:00+00:00,2285.91,2287.51,2275.45,2281.4,89662.855,2026-04-28 09:59:59.999000+00:00,204638335.78402,95507,34273.775,78214537.76059,0,ETHUSDT,1h
2026-04-28 10:00:00+00:00,2281.4,2286.57,2279.55,2283.44,83680.813,2026-04-28 10:59:59.999000+00:00,191065622.94177,82360,36510.545,83365525.73827,0,ETHUSDT,1h
2026-04-28 11:00:00+00:00,2283.45,2284.46,2269.3,2274.39,137308.902,2026-04-28 11:59:59.999000+00:00,312255204.4277,188787,66090.378,150294771.84064,0,ETHUSDT,1h
2026-04-28 12:00:00+00:00,2274.39,2279.93,2270.5,2277.15,102577.936,2026-04-28 12:59:59.999000+00:00,233420499.24575,173137,56197.606,127878451.62258,0,ETHUSDT,1h
2026-04-28 13:00:00+00:00,2277.16,2284.97,2256.03,2275.34,356202.334,2026-04-28 13:59:59.999000+00:00,808614882.55851,422097,168667.527,383004294.92399,0,ETHUSDT,1h
2026-04-28 14:00:00+00:00,2275.34,2275.6,2259.11,2272.46,204594.564,2026-04-28 14:59:59.999000+00:00,463772064.15222,339270,104276.276,236407275.00534,0,ETHUSDT,1h
2026-04-28 15:00:00+00:00,2272.45,2279.77,2268.0,2278.52,123259.201,2026-04-28 15:59:59.999000+00:00,280320713.35633,207901,63594.691,144654765.87456,0,ETHUSDT,1h
2026-04-28 16:00:00+00:00,2278.53,2287.99,2273.0,2284.81,105034.46,2026-04-28 16:59:59.999000+00:00,239481743.03188,167433,58143.283,132587214.54119,0,ETHUSDT,1h
2026-04-28 17:00:00+00:00,2284.81,2292.24,2277.6,2289.3,123821.995,2026-04-28 17:59:59.999000+00:00,283053088.5803,158970,62669.044,143276805.12077,0,ETHUSDT,1h
2026-04-28 18:00:00+00:00,2289.3,2297.4,2286.4,2295.91,110931.483,2026-04-28 18:59:59.999000+00:00,254255662.36035,141307,67853.253,155543352.66528,0,ETHUSDT,1h
2026-04-28 19:00:00+00:00,2295.91,2304.93,2289.21,2300.87,130388.293,2026-04-28 19:59:59.999000+00:00,299621328.60844,141418,74234.137,170582050.38336,0,ETHUSDT,1h
2026-04-28 20:00:00+00:00,2300.86,2304.83,2294.04,2294.29,59131.229,2026-04-28 20:59:59.999000+00:00,135902933.1515,89010,24868.738,57170636.01739,0,ETHUSDT,1h
2026-04-28 21:00:00+00:00,2294.3,2296.62,2284.22,2289.22,67354.114,2026-04-28 21:59:59.999000+00:00,154188194.18472,93558,29876.387,68396960.525,0,ETHUSDT,1h
2026-04-28 22:00:00+00:00,2289.22,2293.82,2284.28,2285.18,38325.179,2026-04-28 22:59:59.999000+00:00,87720134.96041,65603,18091.325,41414516.51115,0,ETHUSDT,1h
2026-04-28 23:00:00+00:00,2285.17,2289.21,2282.76,2288.37,36625.365,2026-04-28 23:59:59.999000+00:00,83727781.1899,56134,20539.908,46958017.86277,0,ETHUSDT,1h
2026-04-29 00:00:00+00:00,2288.36,2293.6,2284.5,2291.61,52164.374,2026-04-29 00:59:59.999000+00:00,119378845.53045,83446,30489.223,69779373.59869,0,ETHUSDT,1h
2026-04-29 01:00:00+00:00,2291.61,2296.86,2278.02,2291.6,119919.088,2026-04-29 01:59:59.999000+00:00,274172885.4231,163417,62179.101,142208620.38457,0,ETHUSDT,1h
2026-04-29 02:00:00+00:00,2291.61,2294.65,2283.13,2288.03,80045.983,2026-04-29 02:59:59.999000+00:00,183189020.59492,96733,37852.131,86620816.95764,0,ETHUSDT,1h
2026-04-29 03:00:00+00:00,2288.04,2315.72,2286.68,2310.55,248533.845,2026-04-29 03:59:59.999000+00:00,572979822.85336,284898,140737.064,324458131.63348,0,ETHUSDT,1h
2026-04-29 04:00:00+00:00,2310.54,2342.15,2308.04,2325.86,413398.863,2026-04-29 04:59:59.999000+00:00,962061948.92463,398822,207608.246,483108833.93628,0,ETHUSDT,1h
2026-04-29 05:00:00+00:00,2325.86,2331.36,2321.2,2327.84,138006.683,2026-04-29 05:59:59.999000+00:00,320998731.42353,161356,68539.317,159437800.98143,0,ETHUSDT,1h
2026-04-29 06:00:00+00:00,2327.84,2336.19,2318.61,2323.81,225551.315,2026-04-29 06:59:59.999000+00:00,525134756.09271,190548,97730.055,227665646.09347,0,ETHUSDT,1h
2026-04-29 07:00:00+00:00,2323.81,2329.74,2320.62,2322.82,83248.817,2026-04-29 07:59:59.999000+00:00,193492464.03116,111854,43397.013,100870355.21032,0,ETHUSDT,1h
2026-04-29 08:00:00+00:00,2322.83,2328.16,2319.67,2324.32,82414.461,2026-04-29 08:59:59.999000+00:00,191486408.94612,119991,42059.032,97721235.1059,0,ETHUSDT,1h
2026-04-29 09:00:00+00:00,2324.32,2346.48,2321.69,2338.8,215915.0,2026-04-29 09:59:59.999000+00:00,504480221.41572,262971,123431.191,288410137.77059,0,ETHUSDT,1h
2026-04-29 10:00:00+00:00,2338.81,2346.0,2327.53,2332.37,186191.813,2026-04-29 10:59:59.999000+00:00,435325392.29901,230972,87309.363,204183625.42988,0,ETHUSDT,1h
2026-04-29 11:00:00+00:00,2332.37,2335.0,2327.61,2330.57,95199.983,2026-04-29 11:59:59.999000+00:00,221904092.93078,134762,46267.531,107853559.37289,0,ETHUSDT,1h
2026-04-29 12:00:00+00:00,2330.56,2331.0,2306.06,2315.14,293540.187,2026-04-29 12:59:59.999000+00:00,679788927.90365,291493,137681.274,318821584.65589,0,ETHUSDT,1h
2026-04-29 13:00:00+00:00,2315.14,2317.48,2288.07,2301.91,336447.076,2026-04-29 13:59:59.999000+00:00,774166971.70012,397959,166074.228,382122139.25864,0,ETHUSDT,1h
2026-04-29 14:00:00+00:00,2301.91,2307.04,2292.88,2298.23,160180.315,2026-04-29 14:59:59.999000+00:00,368375624.60154,248557,80921.501,186111799.01992,0,ETHUSDT,1h
2026-04-29 15:00:00+00:00,2298.24,2300.08,2261.88,2271.57,475752.848,2026-04-29 15:59:59.999000+00:00,1084093217.83056,499757,221520.119,504865734.52932,0,ETHUSDT,1h
2026-04-29 16:00:00+00:00,2271.57,2278.19,2260.66,2266.21,241055.115,2026-04-29 16:59:59.999000+00:00,547254818.32654,269029,112930.648,256435473.93315,0,ETHUSDT,1h
2026-04-29 17:00:00+00:00,2266.22,2282.61,2265.01,2282.0,146449.179,2026-04-29 17:59:59.999000+00:00,332737318.0146,203975,83190.606,189032953.47942,0,ETHUSDT,1h
2026-04-29 18:00:00+00:00,2281.97,2284.86,2218.83,2237.85,996933.455,2026-04-29 18:59:59.999000+00:00,2230696276.59482,939297,474568.599,1061543510.71126,0,ETHUSDT,1h
2026-04-29 19:00:00+00:00,2237.86,2241.49,2223.88,2232.35,205590.374,2026-04-29 19:59:59.999000+00:00,458844572.46979,265761,88695.266,197928565.99488,0,ETHUSDT,1h
2026-04-29 20:00:00+00:00,2232.34,2247.74,2229.06,2239.39,199339.88,2026-04-29 20:59:59.999000+00:00,446367686.05498,253999,92097.371,206226326.57755,0,ETHUSDT,1h
2026-04-29 21:00:00+00:00,2239.39,2263.75,2237.34,2251.58,160450.451,2026-04-29 21:59:59.999000+00:00,360806339.26568,179400,86001.192,193430399.66182,0,ETHUSDT,1h
2026-04-29 22:00:00+00:00,2251.57,2257.88,2248.33,2256.38,79162.954,2026-04-29 22:59:59.999000+00:00,178404710.77155,114576,36573.518,82425889.75762,0,ETHUSDT,1h
2026-04-29 23:00:00+00:00,2256.38,2259.33,2248.75,2251.52,74049.825,2026-04-29 23:59:59.999000+00:00,166908079.74334,131153,30335.39,68379759.78407,0,ETHUSDT,1h
2026-04-30 00:00:00+00:00,2251.53,2274.14,2247.65,2271.01,179563.109,2026-04-30 00:59:59.999000+00:00,406410252.91529,246529,99413.259,225028801.64172,0,ETHUSDT,1h
2026-04-30 01:00:00+00:00,2271.0,2277.92,2265.45,2268.09,124776.514,2026-04-30 01:59:59.999000+00:00,283445957.77875,194625,55312.454,125663621.35249,0,ETHUSDT,1h
2026-04-30 02:00:00+00:00,2268.08,2272.27,2234.16,2244.17,237181.513,2026-04-30 02:59:59.999000+00:00,533358208.1529,338377,111170.996,249954609.66371,0,ETHUSDT,1h
2026-04-30 03:00:00+00:00,2244.17,2255.74,2242.7,2251.81,89673.55,2026-04-30 03:59:59.999000+00:00,201659295.97797,150561,45720.78,102829037.94666,0,ETHUSDT,1h
2026-04-30 04:00:00+00:00,2251.82,2252.99,2235.42,2237.89,128795.253,2026-04-30 04:59:59.999000+00:00,288843009.42736,174536,63580.717,142577860.69544,0,ETHUSDT,1h
2026-04-30 05:00:00+00:00,2237.88,2247.4,2230.1,2241.77,116133.568,2026-04-30 05:59:59.999000+00:00,260189377.26002,152967,62728.581,140584430.01627,0,ETHUSDT,1h
2026-04-30 06:00:00+00:00,2241.78,2251.51,2240.85,2246.81,81251.543,2026-04-30 06:59:59.999000+00:00,182489249.47504,124747,38197.25,85801590.48065,0,ETHUSDT,1h
2026-04-30 07:00:00+00:00,2246.81,2261.41,2241.3,2258.99,180728.319,2026-04-30 07:59:59.999000+00:00,407195300.07195,175862,96068.156,216485325.89193,0,ETHUSDT,1h
2026-04-30 08:00:00+00:00,2259.0,2261.0,2253.44,2255.26,95060.228,2026-04-30 08:59:59.999000+00:00,214566420.28517,134987,41395.86,93443216.89791,0,ETHUSDT,1h
2026-04-30 09:00:00+00:00,2255.26,2270.0,2254.54,2260.6,118664.878,2026-04-30 09:59:59.999000+00:00,268569327.29105,154407,63108.3,142871328.44938,0,ETHUSDT,1h
2026-04-30 10:00:00+00:00,2260.59,2264.55,2255.32,2260.52,71465.843,2026-04-30 10:59:59.999000+00:00,161496726.92383,114020,32825.865,74178536.69153,0,ETHUSDT,1h
2026-04-30 11:00:00+00:00,2260.53,2273.0,2250.87,2257.05,170124.853,2026-04-30 11:59:59.999000+00:00,384633295.49969,179806,80041.706,180969514.55188,0,ETHUSDT,1h
2026-04-30 12:00:00+00:00,2257.05,2269.83,2256.47,2264.12,107741.012,2026-04-30 12:59:59.999000+00:00,243905582.79186,151772,52766.058,119450536.42736,0,ETHUSDT,1h
2026-04-30 13:00:00+00:00,2264.11,2271.36,2253.33,2262.47,147597.259,2026-04-30 13:59:59.999000+00:00,334022001.38615,272014,67125.211,151916711.73145,0,ETHUSDT,1h
2026-04-30 14:00:00+00:00,2262.48,2269.69,2244.96,2260.83,229082.039,2026-04-30 14:59:59.999000+00:00,516942748.46464,349864,108912.381,245777024.03586,0,ETHUSDT,1h
2026-04-30 15:00:00+00:00,2260.83,2274.8,2256.21,2264.61,121432.481,2026-04-30 15:59:59.999000+00:00,275144528.68674,196589,63738.99,144444535.98745,0,ETHUSDT,1h
2026-04-30 16:00:00+00:00,2264.6,2266.09,2254.01,2255.8,59625.11,2026-04-30 16:59:59.999000+00:00,134744618.79387,121241,25948.104,58643993.9535,0,ETHUSDT,1h
2026-04-30 17:00:00+00:00,2255.81,2259.5,2250.05,2256.88,82845.179,2026-04-30 17:59:59.999000+00:00,186803167.70071,138286,40511.168,91351708.85806,0,ETHUSDT,1h
2026-04-30 18:00:00+00:00,2256.88,2264.7,2253.4,2258.57,61458.363,2026-04-30 18:59:59.999000+00:00,138820300.90396,109625,38444.189,86841927.07719,0,ETHUSDT,1h
2026-04-30 19:00:00+00:00,2258.58,2265.91,2256.8,2260.7,50829.4,2026-04-30 19:59:59.999000+00:00,114987377.72858,101831,26043.473,58916579.44218,0,ETHUSDT,1h
2026-04-30 20:00:00+00:00,2260.71,2266.35,2259.2,2262.83,33570.374,2026-04-30 20:59:59.999000+00:00,75962841.79901,67883,15059.578,34078225.58261,0,ETHUSDT,1h
2026-04-30 21:00:00+00:00,2262.83,2263.5,2252.45,2255.09,43573.036,2026-04-30 21:59:59.999000+00:00,98357558.29587,68014,15081.716,34049403.79841,0,ETHUSDT,1h
2026-04-30 22:00:00+00:00,2255.1,2260.32,2250.98,2253.1,32176.47,2026-04-30 22:59:59.999000+00:00,72572289.66547,60946,14769.564,33320163.07327,0,ETHUSDT,1h
2026-04-30 23:00:00+00:00,2253.09,2258.0,2252.61,2256.49,27132.284,2026-04-30 23:59:59.999000+00:00,61195507.44225,52582,14049.228,31686909.23682,0,ETHUSDT,1h
2026-05-01 00:00:00+00:00,2256.5,2264.97,2256.03,2258.84,53395.836,2026-05-01 00:59:59.999000+00:00,120745053.9852,83724,29762.192,67300141.19231,0,ETHUSDT,1h
2026-05-01 01:00:00+00:00,2258.84,2269.57,2258.55,2266.54,64623.659,2026-05-01 01:59:59.999000+00:00,146387959.80438,88302,30197.696,68401179.18798,0,ETHUSDT,1h
2026-05-01 02:00:00+00:00,2266.54,2268.91,2262.99,2265.7,47198.776,2026-05-01 02:59:59.999000+00:00,106926303.46389,66297,21215.583,48068187.05296,0,ETHUSDT,1h
2026-05-01 03:00:00+00:00,2265.69,2294.99,2264.79,2281.6,325167.503,2026-05-01 03:59:59.999000+00:00,742401734.05058,302752,182674.224,416978873.3964,0,ETHUSDT,1h
2026-05-01 04:00:00+00:00,2281.6,2284.69,2276.25,2278.75,87987.622,2026-05-01 04:59:59.999000+00:00,200635135.2604,106160,39541.959,90172139.7257,0,ETHUSDT,1h
2026-05-01 05:00:00+00:00,2278.75,2285.8,2277.04,2282.21,50883.213,2026-05-01 05:59:59.999000+00:00,116143808.56727,70433,29158.281,66558937.55365,0,ETHUSDT,1h
2026-05-01 06:00:00+00:00,2282.22,2285.86,2270.62,2276.14,109870.258,2026-05-01 06:59:59.999000+00:00,250365376.34179,117281,55086.908,125546477.09254,0,ETHUSDT,1h
2026-05-01 07:00:00+00:00,2276.14,2280.18,2272.0,2278.54,65697.135,2026-05-01 07:59:59.999000+00:00,149537619.87968,81017,32468.685,73908514.55599,0,ETHUSDT,1h
2026-05-01 08:00:00+00:00,2278.55,2287.49,2276.16,2285.69,99353.706,2026-05-01 08:59:59.999000+00:00,226920549.10075,116051,50946.253,116354711.30349,0,ETHUSDT,1h
2026-05-01 09:00:00+00:00,2285.69,2285.91,2278.6,2280.75,57322.434,2026-05-01 09:59:59.999000+00:00,130817473.41404,69184,27087.457,61818907.99213,0,ETHUSDT,1h
2026-05-01 10:00:00+00:00,2280.76,2284.98,2275.68,2281.31,54040.027,2026-05-01 10:59:59.999000+00:00,123216663.8595,69936,28584.581,65181036.12427,0,ETHUSDT,1h
2026-05-01 11:00:00+00:00,2281.31,2292.33,2280.5,2285.32,78666.108,2026-05-01 11:59:59.999000+00:00,179804086.92145,96816,43454.301,99331216.24094,0,ETHUSDT,1h
2026-05-01 12:00:00+00:00,2285.32,2311.5,2282.68,2300.05,450630.067,2026-05-01 12:59:59.999000+00:00,1036929552.24854,365238,234810.039,540283456.48029,0,ETHUSDT,1h
2026-05-01 13:00:00+00:00,2300.06,2323.25,2300.05,2317.06,363493.654,2026-05-01 13:59:59.999000+00:00,840380006.45805,367431,198276.422,458471824.5616,0,ETHUSDT,1h
2026-05-01 14:00:00+00:00,2317.05,2324.64,2300.1,2306.8,276377.663,2026-05-01 14:59:59.999000+00:00,639016445.73005,304821,128252.413,296587560.48481,0,ETHUSDT,1h
2026-05-01 15:00:00+00:00,2306.8,2315.94,2297.0,2306.86,178466.574,2026-05-01 15:59:59.999000+00:00,411567858.8844,241629,87849.796,202650917.94719,0,ETHUSDT,1h
2026-05-01 16:00:00+00:00,2306.86,2313.33,2297.04,2300.82,163102.502,2026-05-01 16:59:59.999000+00:00,375710593.79408,219949,82376.013,189799395.78509,0,ETHUSDT,1h
2026-05-01 17:00:00+00:00,2300.81,2312.78,2297.58,2310.69,98383.902,2026-05-01 17:59:59.999000+00:00,226774713.01018,135109,57998.392,133680416.86598,0,ETHUSDT,1h
2026-05-01 18:00:00+00:00,2310.7,2311.49,2302.41,2303.48,62356.705,2026-05-01 18:59:59.999000+00:00,143860967.00056,108353,33520.752,77335712.86242,0,ETHUSDT,1h
2026-05-01 19:00:00+00:00,2303.47,2306.79,2301.11,2303.88,40874.827,2026-05-01 19:59:59.999000+00:00,94188450.52929,75965,22414.945,51649805.18558,0,ETHUSDT,1h
2026-05-01 20:00:00+00:00,2303.89,2305.1,2278.0,2283.87,206711.796,2026-05-01 20:59:59.999000+00:00,473462691.12926,174536,86463.497,198024977.96446,0,ETHUSDT,1h
2026-05-01 21:00:00+00:00,2283.87,2293.2,2282.4,2291.43,97238.02,2026-05-01 21:59:59.999000+00:00,222451308.33814,102896,53375.881,122120720.1546,0,ETHUSDT,1h
2026-05-01 22:00:00+00:00,2291.42,2298.27,2289.41,2292.17,49785.833,2026-05-01 22:59:59.999000+00:00,114233112.04198,69522,25391.015,58257917.94618,0,ETHUSDT,1h
2026-05-01 23:00:00+00:00,2292.16,2295.38,2287.79,2294.34,36543.572,2026-05-01 23:59:59.999000+00:00,83738091.45212,54225,19440.346,44546742.65819,0,ETHUSDT,1h
2026-05-02 00:00:00+00:00,2294.34,2298.42,2291.41,2296.4,45702.884,2026-05-02 00:59:59.999000+00:00,104898799.44115,64640,24224.297,55601319.99197,0,ETHUSDT,1h
2026-05-02 01:00:00+00:00,2296.4,2299.41,2294.35,2297.52,41372.968,2026-05-02 01:59:59.999000+00:00,95036602.96588,62814,19799.742,45482619.21557,0,ETHUSDT,1h
2026-05-02 02:00:00+00:00,2297.51,2308.09,2294.04,2302.2,67397.581,2026-05-02 02:59:59.999000+00:00,155050134.06025,82611,40010.349,92066613.94871,0,ETHUSDT,1h
2026-05-02 03:00:00+00:00,2302.2,2307.0,2299.59,2303.06,45690.817,2026-05-02 03:59:59.999000+00:00,105242218.23054,68624,22316.613,51409061.67095,0,ETHUSDT,1h
2026-05-02 04:00:00+00:00,2303.06,2303.91,2298.3,2300.06,39671.952,2026-05-02 04:59:59.999000+00:00,91271452.19756,53807,12738.279,29308393.5856,0,ETHUSDT,1h
2026-05-02 05:00:00+00:00,2300.07,2300.57,2295.13,2298.18,37170.474,2026-05-02 05:59:59.999000+00:00,85428938.55671,53599,16487.214,37894011.2292,0,ETHUSDT,1h
2026-05-02 06:00:00+00:00,2298.19,2305.35,2295.96,2304.24,43679.796,2026-05-02 06:59:59.999000+00:00,100480719.87888,52126,23918.945,55029559.00012,0,ETHUSDT,1h
2026-05-02 07:00:00+00:00,2304.25,2305.12,2299.66,2299.77,31014.006,2026-05-02 07:59:59.999000+00:00,71415084.7683,40026,14312.096,32957162.17364,0,ETHUSDT,1h
2026-05-02 08:00:00+00:00,2299.78,2303.4,2297.51,2302.19,26272.829,2026-05-02 08:59:59.999000+00:00,60453700.25974,36725,14284.984,32871400.32982,0,ETHUSDT,1h
2026-05-02 09:00:00+00:00,2302.19,2306.9,2302.17,2304.13,27811.747,2026-05-02 09:59:59.999000+00:00,64091803.69963,37754,15398.075,35485453.8608,0,ETHUSDT,1h
2026-05-02 10:00:00+00:00,2304.13,2305.0,2301.0,2302.36,25972.019,2026-05-02 10:59:59.999000+00:00,59808014.20867,36205,10433.935,24027250.31435,0,ETHUSDT,1h
2026-05-02 11:00:00+00:00,2302.35,2304.08,2299.04,2301.0,32488.697,2026-05-02 11:59:59.999000+00:00,74759215.81318,43031,15332.065,35280131.0888,0,ETHUSDT,1h
2026-05-02 12:00:00+00:00,2300.99,2304.54,2299.84,2302.38,23059.825,2026-05-02 12:59:59.999000+00:00,53095628.06763,33925,12432.642,28626517.03891,0,ETHUSDT,1h
2026-05-02 13:00:00+00:00,2302.39,2311.09,2302.39,2307.14,77125.341,2026-05-02 13:59:59.999000+00:00,177972468.47597,77715,49096.638,113291715.18349,0,ETHUSDT,1h
2026-05-02 14:00:00+00:00,2307.13,2307.82,2304.0,2305.28,30111.318,2026-05-02 14:59:59.999000+00:00,69424112.03202,47426,17222.447,39708186.87478,0,ETHUSDT,1h
2026-05-02 15:00:00+00:00,2305.28,2308.84,2304.12,2307.86,24212.536,2026-05-02 15:59:59.999000+00:00,55846472.52254,36941,14529.398,33513967.82787,0,ETHUSDT,1h
2026-05-02 16:00:00+00:00,2307.86,2312.94,2306.61,2308.18,51711.439,2026-05-02 16:59:59.999000+00:00,119426527.35997,71730,30503.682,70453977.00143,0,ETHUSDT,1h
2026-05-02 17:00:00+00:00,2308.17,2309.61,2304.16,2304.74,30937.778,2026-05-02 17:59:59.999000+00:00,71353586.85312,39600,11126.137,25662340.52874,0,ETHUSDT,1h
2026-05-02 18:00:00+00:00,2304.74,2310.73,2302.32,2308.88,43477.727,2026-05-02 18:59:59.999000+00:00,100281799.63149,53786,23407.81,53994455.71408,0,ETHUSDT,1h
2026-05-02 19:00:00+00:00,2308.87,2311.64,2307.75,2310.15,20976.337,2026-05-02 19:59:59.999000+00:00,48456940.0286,32905,12118.301,27995369.12722,0,ETHUSDT,1h
2026-05-02 20:00:00+00:00,2310.15,2310.72,2308.41,2310.33,17688.586,2026-05-02 20:59:59.999000+00:00,40853193.11221,26805,8397.694,19395473.06089,0,ETHUSDT,1h
2026-05-02 21:00:00+00:00,2310.32,2342.0,2309.53,2324.56,240905.268,2026-05-02 21:59:59.999000+00:00,560840862.68073,210604,155869.73,362873263.36893,0,ETHUSDT,1h
2026-05-02 22:00:00+00:00,2324.57,2327.43,2316.49,2325.98,83468.712,2026-05-02 22:59:59.999000+00:00,193850804.37329,120318,43030.305,99938554.84936,0,ETHUSDT,1h
2026-05-02 23:00:00+00:00,2325.99,2325.99,2313.12,2315.9,70776.401,2026-05-02 23:59:59.999000+00:00,164096589.93535,76264,28849.02,66886005.62511,0,ETHUSDT,1h
2026-05-03 00:00:00+00:00,2315.91,2316.62,2307.46,2313.01,91497.223,2026-05-03 00:59:59.999000+00:00,211596839.49604,101212,46826.08,108289279.12135,0,ETHUSDT,1h
2026-05-03 01:00:00+00:00,2313.01,2313.39,2301.87,2302.67,95706.212,2026-05-03 01:59:59.999000+00:00,220658237.73531,110602,45602.464,105140256.76193,0,ETHUSDT,1h
2026-05-03 02:00:00+00:00,2302.68,2305.66,2298.02,2302.22,85826.076,2026-05-03 02:59:59.999000+00:00,197488899.54554,91529,38534.534,88675119.4899,0,ETHUSDT,1h
2026-05-03 03:00:00+00:00,2302.23,2303.0,2298.42,2300.65,47392.771,2026-05-03 03:59:59.999000+00:00,109027899.83856,50131,22947.534,52792497.42178,0,ETHUSDT,1h
2026-05-03 04:00:00+00:00,2300.65,2303.42,2296.01,2300.43,51305.195,2026-05-03 04:59:59.999000+00:00,118004326.5416,61701,27206.02,62581948.83023,0,ETHUSDT,1h
2026-05-03 05:00:00+00:00,2300.43,2304.19,2300.2,2302.88,25222.407,2026-05-03 05:59:59.999000+00:00,58067884.82951,37186,13664.419,31459413.88125,0,ETHUSDT,1h
2026-05-03 06:00:00+00:00,2302.89,2305.8,2298.34,2303.4,38184.863,2026-05-03 06:59:59.999000+00:00,87881739.72968,42909,17508.572,40303962.02955,0,ETHUSDT,1h
2026-05-03 07:00:00+00:00,2303.4,2312.98,2303.27,2308.2,74390.28,2026-05-03 07:59:59.999000+00:00,171771162.72024,87740,40363.368,93201289.82473,0,ETHUSDT,1h
2026-05-03 08:00:00+00:00,2308.2,2311.53,2306.37,2307.13,26313.94,2026-05-03 08:59:59.999000+00:00,60753395.4378,38542,11951.924,27597644.84222,0,ETHUSDT,1h
2026-05-03 09:00:00+00:00,2307.13,2321.94,2306.25,2315.56,112242.902,2026-05-03 09:59:59.999000+00:00,259779968.82459,101779,69340.018,160497851.25325,0,ETHUSDT,1h
2026-05-03 10:00:00+00:00,2315.57,2315.78,2310.18,2310.53,39077.042,2026-05-03 10:59:59.999000+00:00,90359967.6433,50002,15824.797,36590058.87267,0,ETHUSDT,1h
2026-05-03 11:00:00+00:00,2310.53,2327.29,2309.25,2318.87,143320.649,2026-05-03 11:59:59.999000+00:00,332550187.02761,146930,82270.164,190909768.99492,0,ETHUSDT,1h
2026-05-03 12:00:00+00:00,2318.88,2332.17,2318.88,2324.58,119894.328,2026-05-03 12:59:59.999000+00:00,278837225.87161,133930,69240.409,161044514.19236,0,ETHUSDT,1h
2026-05-03 13:00:00+00:00,2324.57,2327.93,2319.34,2320.99,61463.853,2026-05-03 13:59:59.999000+00:00,142808144.96925,77907,26117.319,60687792.5584,0,ETHUSDT,1h
2026-05-03 14:00:00+00:00,2320.99,2328.9,2320.0,2327.27,52130.667,2026-05-03 14:59:59.999000+00:00,121163822.56562,76021,26811.696,62318757.35204,0,ETHUSDT,1h
2026-05-03 15:00:00+00:00,2327.26,2333.0,2323.67,2327.23,70857.136,2026-05-03 15:59:59.999000+00:00,164963586.25012,93740,35260.343,82101969.89111,0,ETHUSDT,1h
2026-05-03 16:00:00+00:00,2327.23,2334.27,2321.24,2327.26,69621.402,2026-05-03 16:59:59.999000+00:00,162048646.71355,92194,34781.606,80965884.40679,0,ETHUSDT,1h
2026-05-03 17:00:00+00:00,2327.26,2334.42,2322.72,2330.63,66451.477,2026-05-03 17:59:59.999000+00:00,154833045.56226,85305,31483.574,73354123.96627,0,ETHUSDT,1h
2026-05-03 18:00:00+00:00,2330.63,2332.7,2326.94,2329.79,32388.549,2026-05-03 18:59:59.999000+00:00,75457662.61636,45771,14647.456,34127429.20182,0,ETHUSDT,1h
2026-05-03 19:00:00+00:00,2329.79,2337.16,2327.15,2334.6,43003.923,2026-05-03 19:59:59.999000+00:00,100318430.01549,61305,22305.469,52038633.68977,0,ETHUSDT,1h
2026-05-03 20:00:00+00:00,2334.6,2344.25,2326.8,2328.39,123711.769,2026-05-03 20:59:59.999000+00:00,289000311.16417,159280,67131.038,156870501.9177,0,ETHUSDT,1h
2026-05-03 21:00:00+00:00,2328.39,2333.22,2313.11,2323.22,105309.483,2026-05-03 21:59:59.999000+00:00,244678335.91889,141619,48981.801,113846057.09659,0,ETHUSDT,1h
2026-05-03 22:00:00+00:00,2323.23,2356.75,2323.16,2342.88,351490.21,2026-05-03 22:59:59.999000+00:00,823429302.88575,400859,205282.894,480939688.79412,0,ETHUSDT,1h
2026-05-03 23:00:00+00:00,2342.89,2346.66,2318.14,2321.67,157159.307,2026-05-03 23:59:59.999000+00:00,365998888.79136,233293,67005.973,156041412.10525,0,ETHUSDT,1h
2026-05-04 00:00:00+00:00,2321.67,2321.67,2308.1,2318.01,177404.423,2026-05-04 00:59:59.999000+00:00,410573213.80087,241786,83460.207,193156027.99851,0,ETHUSDT,1h
2026-05-04 01:00:00+00:00,2318.02,2353.63,2311.55,2350.48,285706.588,2026-05-04 01:59:59.999000+00:00,666710192.37768,365022,153949.719,359335461.37977,0,ETHUSDT,1h
2026-05-04 02:00:00+00:00,2350.48,2387.0,2343.87,2373.81,611284.367,2026-05-04 02:59:59.999000+00:00,1447053786.70735,687794,332430.632,786893201.96134,0,ETHUSDT,1h
2026-05-04 03:00:00+00:00,2373.81,2391.62,2370.66,2384.08,225147.367,2026-05-04 03:59:59.999000+00:00,536149790.92752,297036,119582.509,284848309.9303,0,ETHUSDT,1h
2026-05-04 04:00:00+00:00,2384.07,2398.88,2383.39,2389.23,252665.444,2026-05-04 04:59:59.999000+00:00,604146781.54753,287818,140797.467,336771095.6359,0,ETHUSDT,1h
2026-05-04 05:00:00+00:00,2389.22,2390.42,2374.21,2375.23,160612.055,2026-05-04 05:59:59.999000+00:00,382373435.71501,175884,74608.013,177595455.75584,0,ETHUSDT,1h
2026-05-04 06:00:00+00:00,2375.23,2377.63,2353.0,2367.31,246157.369,2026-05-04 06:59:59.999000+00:00,582083259.39247,270668,120616.54,285211606.10012,0,ETHUSDT,1h
2026-05-04 07:00:00+00:00,2367.32,2372.74,2361.42,2361.79,91513.442,2026-05-04 07:59:59.999000+00:00,216623771.99052,130131,45428.64,107548126.5968,0,ETHUSDT,1h
2026-05-04 08:00:00+00:00,2361.79,2364.2,2356.5,2359.05,118524.599,2026-05-04 08:59:59.999000+00:00,279706245.34229,135762,65971.55,155684860.54611,0,ETHUSDT,1h
2026-05-04 09:00:00+00:00,2359.05,2369.82,2357.0,2367.43,89544.928,2026-05-04 09:59:59.999000+00:00,211709448.81604,124178,51280.607,121251128.03294,0,ETHUSDT,1h
2026-05-04 10:00:00+00:00,2367.43,2368.99,2313.05,2337.17,932864.217,2026-05-04 10:59:59.999000+00:00,2175968110.91157,828945,450066.032,1049502843.54538,0,ETHUSDT,1h
2026-05-04 11:00:00+00:00,2337.16,2342.55,2331.2,2336.2,129105.086,2026-05-04 11:59:59.999000+00:00,301671502.36257,200401,63661.847,148750209.4077,0,ETHUSDT,1h
2026-05-04 12:00:00+00:00,2336.2,2342.8,2331.99,2334.15,87654.642,2026-05-04 12:59:59.999000+00:00,204916437.49409,146253,39462.92,92262216.65628,0,ETHUSDT,1h
2026-05-04 13:00:00+00:00,2334.16,2343.71,2324.2,2335.49,198099.647,2026-05-04 13:59:59.999000+00:00,462499447.8327,298409,97789.57,228334023.48793,0,ETHUSDT,1h
2026-05-04 14:00:00+00:00,2335.48,2382.0,2326.05,2370.1,523610.915,2026-05-04 14:59:59.999000+00:00,1233826043.19886,559159,266686.744,628396614.90374,0,ETHUSDT,1h
2026-05-04 15:00:00+00:00,2370.11,2373.07,2334.42,2348.62,541063.058,2026-05-04 15:59:59.999000+00:00,1273322992.10715,641201,249276.836,586547422.6634,0,ETHUSDT,1h
2026-05-04 16:00:00+00:00,2348.63,2364.1,2334.99,2354.02,321072.736,2026-05-04 16:59:59.999000+00:00,754910902.15445,425816,136939.57,322018438.20996,0,ETHUSDT,1h
2026-05-04 17:00:00+00:00,2354.01,2378.85,2352.66,2368.91,258286.095,2026-05-04 17:59:59.999000+00:00,611173430.68705,322028,124031.28,293576496.99646,0,ETHUSDT,1h
2026-05-04 18:00:00+00:00,2368.91,2374.15,2355.66,2360.26,222898.378,2026-05-04 18:59:59.999000+00:00,527192146.91664,210431,112706.455,266700739.60416,0,ETHUSDT,1h
2026-05-04 19:00:00+00:00,2360.26,2363.26,2352.49,2355.36,94392.884,2026-05-04 19:59:59.999000+00:00,222439737.16234,148606,50810.611,119739524.45659,0,ETHUSDT,1h
2026-05-04 20:00:00+00:00,2355.36,2358.52,2346.24,2348.73,59220.67,2026-05-04 20:59:59.999000+00:00,139236523.83563,94714,30272.194,71184642.8202,0,ETHUSDT,1h
2026-05-04 21:00:00+00:00,2348.74,2363.69,2348.57,2359.44,47724.497,2026-05-04 21:59:59.999000+00:00,112532531.44796,73790,25989.779,61281864.03911,0,ETHUSDT,1h
2026-05-04 22:00:00+00:00,2359.43,2364.97,2352.68,2353.34,60703.964,2026-05-04 22:59:59.999000+00:00,143188438.77841,95878,33633.605,79332476.59858,0,ETHUSDT,1h
2026-05-04 23:00:00+00:00,2353.33,2353.34,2343.61,2346.11,65477.433,2026-05-04 23:59:59.999000+00:00,153734398.28282,95895,33299.317,78179373.925,0,ETHUSDT,1h
2026-05-05 00:00:00+00:00,2346.12,2358.0,2344.0,2357.64,65567.123,2026-05-05 00:59:59.999000+00:00,154193787.28855,106218,32209.803,75747417.38369,0,ETHUSDT,1h
2026-05-05 01:00:00+00:00,2357.64,2363.38,2353.75,2360.68,59185.844,2026-05-05 01:59:59.999000+00:00,139619992.45199,98049,26925.702,63529516.1871,0,ETHUSDT,1h
2026-05-05 02:00:00+00:00,2360.68,2376.62,2357.77,2366.59,170506.898,2026-05-05 02:59:59.999000+00:00,403836435.05773,200446,88494.13,209601458.05557,0,ETHUSDT,1h
2026-05-05 03:00:00+00:00,2366.59,2388.42,2363.34,2380.96,176481.763,2026-05-05 03:59:59.999000+00:00,419846683.98687,209862,96111.234,228649950.93435,0,ETHUSDT,1h
2026-05-05 04:00:00+00:00,2380.96,2384.5,2374.07,2379.75,105866.145,2026-05-05 04:59:59.999000+00:00,251926906.00333,130257,45372.409,107980247.67173,0,ETHUSDT,1h
2026-05-05 05:00:00+00:00,2379.75,2389.97,2375.93,2378.94,141260.774,2026-05-05 05:59:59.999000+00:00,336503320.36188,173027,74124.203,176600436.45028,0,ETHUSDT,1h
2026-05-05 06:00:00+00:00,2378.93,2380.21,2365.77,2377.77,133445.898,2026-05-05 06:59:59.999000+00:00,316600620.18237,145165,63235.78,150043338.58269,0,ETHUSDT,1h
2026-05-05 07:00:00+00:00,2377.77,2387.5,2374.75,2379.17,132244.726,2026-05-05 07:59:59.999000+00:00,314991139.87894,154759,62085.062,147889078.14134,0,ETHUSDT,1h
2026-05-05 08:00:00+00:00,2379.16,2383.25,2371.36,2375.5,88431.923,2026-05-05 08:59:59.999000+00:00,210147743.00791,100084,45026.453,106992457.3597,0,ETHUSDT,1h
2026-05-05 09:00:00+00:00,2375.51,2375.57,2365.14,2368.61,106395.367,2026-05-05 09:59:59.999000+00:00,252058097.87111,124996,46939.154,111199729.3516,0,ETHUSDT,1h
2026-05-05 10:00:00+00:00,2368.62,2378.34,2366.11,2377.17,107950.318,2026-05-05 10:59:59.999000+00:00,256183477.21057,118292,60887.647,144497401.67234,0,ETHUSDT,1h
2026-05-05 11:00:00+00:00,2377.16,2383.57,2371.35,2378.65,88471.274,2026-05-05 11:59:59.999000+00:00,210341094.59102,119634,46077.586,109565526.66542,0,ETHUSDT,1h
2026-05-05 12:00:00+00:00,2378.65,2389.44,2374.95,2387.13,138925.86,2026-05-05 12:59:59.999000+00:00,331327216.17082,169576,73641.858,175643968.5007,0,ETHUSDT,1h
2026-05-05 13:00:00+00:00,2387.13,2398.88,2381.64,2387.09,336019.678,2026-05-05 13:59:59.999000+00:00,803540482.31977,372055,174462.045,417302307.27215,0,ETHUSDT,1h
2026-05-05 14:00:00+00:00,2387.09,2391.48,2366.96,2377.28,424037.183,2026-05-05 14:59:59.999000+00:00,1008023416.84875,410610,196444.486,467038680.21066,0,ETHUSDT,1h
2026-05-05 15:00:00+00:00,2377.28,2386.71,2374.0,2379.84,156413.901,2026-05-05 15:59:59.999000+00:00,372518289.73146,187594,73798.474,175772648.97909,0,ETHUSDT,1h
2026-05-05 16:00:00+00:00,2379.84,2381.98,2358.7,2364.49,268302.154,2026-05-05 16:59:59.999000+00:00,635303700.14843,249308,123972.327,293569785.97798,0,ETHUSDT,1h
2026-05-05 17:00:00+00:00,2364.48,2369.15,2358.16,2361.74,155366.752,2026-05-05 17:59:59.999000+00:00,367178785.29209,148246,79138.77,187077956.55314,0,ETHUSDT,1h
2026-05-05 18:00:00+00:00,2361.74,2373.59,2361.74,2370.88,111669.524,2026-05-05 18:59:59.999000+00:00,264561392.63741,122976,61433.512,145527652.85408,0,ETHUSDT,1h
2026-05-05 19:00:00+00:00,2370.88,2375.0,2368.0,2370.58,73345.08,2026-05-05 19:59:59.999000+00:00,173900738.17371,92957,36816.151,87299693.42183,0,ETHUSDT,1h
2026-05-05 20:00:00+00:00,2370.58,2386.36,2370.01,2381.37,182181.734,2026-05-05 20:59:59.999000+00:00,433660156.396,168245,97912.972,233058881.63242,0,ETHUSDT,1h
2026-05-05 21:00:00+00:00,2381.38,2387.88,2367.5,2374.27,89581.342,2026-05-05 21:59:59.999000+00:00,212875682.37899,127264,49049.58,116578183.04468,0,ETHUSDT,1h
2026-05-05 22:00:00+00:00,2374.27,2381.18,2352.79,2366.19,241128.775,2026-05-05 22:59:59.999000+00:00,570430459.85966,267461,108982.855,257896310.53356,0,ETHUSDT,1h
2026-05-05 23:00:00+00:00,2366.2,2368.62,2353.04,2359.47,131442.121,2026-05-05 23:59:59.999000+00:00,310209827.3228,163113,59090.759,139469864.54822,0,ETHUSDT,1h
2026-05-06 00:00:00+00:00,2359.47,2366.99,2352.42,2362.99,112860.308,2026-05-06 00:59:59.999000+00:00,266348209.90401,177678,61709.735,145654268.61481,0,ETHUSDT,1h
2026-05-06 01:00:00+00:00,2362.99,2375.63,2361.14,2371.84,98294.885,2026-05-06 01:59:59.999000+00:00,232945644.24539,148638,50061.229,118642728.05064,0,ETHUSDT,1h
2026-05-06 02:00:00+00:00,2371.84,2372.29,2358.15,2368.15,83895.814,2026-05-06 02:59:59.999000+00:00,198415495.18777,120701,39424.781,93233819.97845,0,ETHUSDT,1h
2026-05-06 03:00:00+00:00,2368.15,2379.88,2366.31,2375.32,98538.226,2026-05-06 03:59:59.999000+00:00,233884263.60108,139323,49739.451,118051517.87109,0,ETHUSDT,1h
2026-05-06 04:00:00+00:00,2375.33,2378.11,2359.19,2364.56,114928.701,2026-05-06 04:59:59.999000+00:00,272181719.94263,133058,45063.983,106732194.7115,0,ETHUSDT,1h
2026-05-06 05:00:00+00:00,2364.56,2365.66,2352.5,2363.69,153358.172,2026-05-06 05:59:59.999000+00:00,361838688.63952,158913,67856.127,160096991.19778,0,ETHUSDT,1h
2026-05-06 06:00:00+00:00,2363.69,2370.26,2359.41,2369.31,72397.521,2026-05-06 06:59:59.999000+00:00,171232593.20012,109041,36914.461,87313276.60843,0,ETHUSDT,1h
2026-05-06 07:00:00+00:00,2369.31,2374.0,2367.31,2370.54,83593.805,2026-05-06 07:59:59.999000+00:00,198187257.96007,110671,44680.969,105935861.29702,0,ETHUSDT,1h
2026-05-06 08:00:00+00:00,2370.54,2395.99,2368.06,2393.55,269252.616,2026-05-06 08:59:59.999000+00:00,641846901.66589,297181,145153.048,346014368.20833,0,ETHUSDT,1h
2026-05-06 09:00:00+00:00,2393.54,2417.9,2383.28,2411.55,739244.75,2026-05-06 09:59:59.999000+00:00,1775035473.17953,528463,432442.203,1038371535.90536,0,ETHUSDT,1h
2026-05-06 10:00:00+00:00,2411.56,2413.01,2404.44,2408.55,308883.379,2026-05-06 10:59:59.999000+00:00,744446558.28726,277817,157829.073,380405595.50257,0,ETHUSDT,1h
2026-05-06 11:00:00+00:00,2408.56,2422.52,2405.22,2408.99,370521.272,2026-05-06 11:59:59.999000+00:00,894195562.89358,358405,184042.54,444231751.80368,0,ETHUSDT,1h
2026-05-06 12:00:00+00:00,2408.99,2412.55,2397.22,2404.01,238975.987,2026-05-06 12:59:59.999000+00:00,574960866.17655,256811,122953.596,295862365.25962,0,ETHUSDT,1h
2026-05-06 13:00:00+00:00,2404.01,2404.01,2363.56,2367.36,643100.191,2026-05-06 13:59:59.999000+00:00,1530916110.0915,599404,301100.198,716827272.62752,0,ETHUSDT,1h
2026-05-06 14:00:00+00:00,2367.36,2371.84,2343.27,2358.19,654460.773,2026-05-06 14:59:59.999000+00:00,1544052118.71506,559203,312992.478,738583602.5738,0,ETHUSDT,1h
2026-05-06 15:00:00+00:00,2358.19,2365.0,2353.0,2357.72,198435.434,2026-05-06 15:59:59.999000+00:00,468002781.78679,234025,105148.56,247981340.82703,0,ETHUSDT,1h
2026-05-06 16:00:00+00:00,2357.71,2368.58,2349.23,2356.7,231284.706,2026-05-06 16:59:59.999000+00:00,545260359.93191,225382,117361.83,276752393.91402,0,ETHUSDT,1h
2026-05-06 17:00:00+00:00,2356.71,2359.82,2346.05,2348.35,161698.955,2026-05-06 17:59:59.999000+00:00,380259726.96323,161952,80971.534,190427076.24536,0,ETHUSDT,1h
2026-05-06 18:00:00+00:00,2348.36,2351.59,2335.17,2343.84,250921.915,2026-05-06 18:59:59.999000+00:00,588270773.3721,223470,106771.016,250334928.6243,0,ETHUSDT,1h
2026-05-06 19:00:00+00:00,2343.83,2348.72,2341.0,2347.14,76737.403,2026-05-06 19:59:59.999000+00:00,179910607.08075,112324,45365.52,106364998.82432,0,ETHUSDT,1h
2026-05-06 20:00:00+00:00,2347.15,2356.0,2343.66,2349.67,123914.117,2026-05-06 20:59:59.999000+00:00,291253360.83241,128929,55984.75,131567198.76281,0,ETHUSDT,1h
2026-05-06 21:00:00+00:00,2349.67,2356.03,2344.3,2353.08,60651.473,2026-05-06 21:59:59.999000+00:00,142608704.98653,83686,22017.132,51778604.94292,0,ETHUSDT,1h
2026-05-06 22:00:00+00:00,2353.07,2353.94,2343.5,2346.0,65067.899,2026-05-06 22:59:59.999000+00:00,152802371.29588,99841,33283.837,78173388.90966,0,ETHUSDT,1h
2026-05-06 23:00:00+00:00,2346.01,2350.34,2337.0,2349.7,119767.79,2026-05-06 23:59:59.999000+00:00,280563759.36203,120008,43480.222,101904261.19876,0,ETHUSDT,1h
2026-05-07 00:00:00+00:00,2349.69,2351.29,2327.25,2327.89,213677.641,2026-05-07 00:59:59.999000+00:00,499272479.79617,224906,80231.663,187569496.08064,0,ETHUSDT,1h
2026-05-07 01:00:00+00:00,2327.88,2333.5,2311.48,2325.48,295576.594,2026-05-07 01:59:59.999000+00:00,686974162.60206,339320,137176.275,318894545.97697,0,ETHUSDT,1h
2026-05-07 02:00:00+00:00,2325.49,2325.95,2311.86,2320.49,225779.879,2026-05-07 02:59:59.999000+00:00,523187806.06776,246686,110232.183,255464391.20835,0,ETHUSDT,1h
2026-05-07 03:00:00+00:00,2320.49,2324.54,2313.66,2320.86,89730.256,2026-05-07 03:59:59.999000+00:00,208143501.49779,137484,41462.252,96183436.78158,0,ETHUSDT,1h
2026-05-07 04:00:00+00:00,2320.86,2326.64,2316.0,2326.32,87462.252,2026-05-07 04:59:59.999000+00:00,203185547.61462,110130,44762.451,104000172.12793,0,ETHUSDT,1h
2026-05-07 05:00:00+00:00,2326.31,2332.81,2325.81,2330.19,85434.537,2026-05-07 05:59:59.999000+00:00,199037271.05838,96712,45269.109,105464140.85089,0,ETHUSDT,1h
2026-05-07 06:00:00+00:00,2330.2,2337.34,2318.22,2335.92,179983.592,2026-05-07 06:59:59.999000+00:00,418809907.36216,198968,82361.008,191736310.84708,0,ETHUSDT,1h
2026-05-07 07:00:00+00:00,2335.93,2345.83,2335.2,2343.33,173042.655,2026-05-07 07:59:59.999000+00:00,405105763.69426,171432,82455.409,193034070.95542,0,ETHUSDT,1h
2026-05-07 08:00:00+00:00,2343.32,2345.6,2330.51,2332.75,146396.893,2026-05-07 08:59:59.999000+00:00,342108149.76508,162854,75064.916,175403778.69748,0,ETHUSDT,1h
2026-05-07 09:00:00+00:00,2332.75,2336.29,2325.83,2327.86,123859.859,2026-05-07 09:59:59.999000+00:00,288645663.78771,138322,55382.105,129077041.13653,0,ETHUSDT,1h
2026-05-07 10:00:00+00:00,2327.87,2330.7,2316.11,2325.68,149995.685,2026-05-07 10:59:59.999000+00:00,348492799.19495,155383,73732.199,171306089.54366,0,ETHUSDT,1h
2026-05-07 11:00:00+00:00,2325.68,2330.85,2324.36,2329.02,73902.192,2026-05-07 11:59:59.999000+00:00,172067181.84889,103944,37658.596,87686575.67959,0,ETHUSDT,1h
2026-05-07 12:00:00+00:00,2329.01,2335.88,2328.0,2331.95,118152.5,2026-05-07 12:59:59.999000+00:00,275594004.12105,127790,60585.01,141315841.11132,0,ETHUSDT,1h
2026-05-07 13:00:00+00:00,2331.94,2331.95,2303.0,2313.27,355802.44,2026-05-07 13:59:59.999000+00:00,823870881.76771,378887,159849.256,370218805.13326,0,ETHUSDT,1h
2026-05-07 14:00:00+00:00,2313.27,2317.82,2287.0,2297.87,603127.265,2026-05-07 14:59:59.999000+00:00,1387185255.87178,509397,271237.762,624021069.02124,0,ETHUSDT,1h
2026-05-07 15:00:00+00:00,2297.86,2303.8,2284.06,2293.46,258239.138,2026-05-07 15:59:59.999000+00:00,592233167.02536,326167,124744.159,286147831.01257,0,ETHUSDT,1h
2026-05-07 16:00:00+00:00,2293.47,2297.43,2284.31,2290.87,166723.905,2026-05-07 16:59:59.999000+00:00,381938996.59318,254272,88037.747,201695053.18298,0,ETHUSDT,1h
2026-05-07 17:00:00+00:00,2290.87,2300.33,2278.0,2298.56,205491.03,2026-05-07 17:59:59.999000+00:00,470339793.76399,298178,102907.275,235643180.55087,0,ETHUSDT,1h
2026-05-07 18:00:00+00:00,2298.56,2303.2,2289.0,2294.69,150407.816,2026-05-07 18:59:59.999000+00:00,345638809.04646,220994,69713.193,160225545.99205,0,ETHUSDT,1h
2026-05-07 19:00:00+00:00,2294.69,2295.92,2286.67,2294.93,123174.114,2026-05-07 19:59:59.999000+00:00,282268112.31523,181012,56749.32,130037278.6248,0,ETHUSDT,1h
2026-05-07 20:00:00+00:00,2294.94,2301.55,2286.6,2288.11,153939.681,2026-05-07 20:59:59.999000+00:00,352822374.51454,170294,82526.683,189115366.09406,0,ETHUSDT,1h
2026-05-07 21:00:00+00:00,2288.11,2293.55,2280.11,2286.67,102419.935,2026-05-07 21:59:59.999000+00:00,234296338.96473,117900,45339.922,103695173.67937,0,ETHUSDT,1h
2026-05-07 22:00:00+00:00,2286.67,2289.29,2278.74,2285.94,208753.39,2026-05-07 22:59:59.999000+00:00,476775027.50858,198605,80865.756,184680003.2776,0,ETHUSDT,1h
2026-05-07 23:00:00+00:00,2285.95,2292.34,2285.01,2289.91,41608.733,2026-05-07 23:59:59.999000+00:00,95242175.92658,73566,22548.833,51615124.42475,0,ETHUSDT,1h
2026-05-08 00:00:00+00:00,2289.92,2293.28,2282.28,2285.98,65952.384,2026-05-08 00:59:59.999000+00:00,150929913.40577,103676,33598.981,76891716.9828,0,ETHUSDT,1h
2026-05-08 01:00:00+00:00,2285.98,2288.28,2278.64,2284.0,78855.539,2026-05-08 01:59:59.999000+00:00,180044377.99077,102446,36130.759,82502611.86526,0,ETHUSDT,1h
2026-05-08 02:00:00+00:00,2284.0,2284.6,2266.01,2278.03,224714.482,2026-05-08 02:59:59.999000+00:00,511141096.09982,260180,104516.264,237811009.22123,0,ETHUSDT,1h
2026-05-08 03:00:00+00:00,2278.03,2280.64,2263.43,2277.71,187104.919,2026-05-08 03:59:59.999000+00:00,425161524.08751,208499,79922.874,181651533.24466,0,ETHUSDT,1h
2026-05-08 04:00:00+00:00,2277.71,2283.6,2275.03,2280.5,62068.004,2026-05-08 04:59:59.999000+00:00,141488225.63307,85422,33857.709,77184932.63109,0,ETHUSDT,1h
2026-05-08 05:00:00+00:00,2280.5,2282.99,2275.05,2275.06,51245.218,2026-05-08 05:59:59.999000+00:00,116812262.1428,73942,26104.44,59503953.74662,0,ETHUSDT,1h
2026-05-08 06:00:00+00:00,2275.05,2277.54,2267.21,2274.29,125370.976,2026-05-08 06:59:59.999000+00:00,284923427.05556,151975,62624.265,142339766.52651,0,ETHUSDT,1h
2026-05-08 07:00:00+00:00,2274.3,2281.2,2266.0,2279.88,126843.059,2026-05-08 07:59:59.999000+00:00,288375908.84197,145938,69755.869,158610868.46681,0,ETHUSDT,1h
2026-05-08 08:00:00+00:00,2279.88,2288.84,2278.45,2282.41,107183.41,2026-05-08 08:59:59.999000+00:00,244676539.86388,112010,61566.993,140558054.50366,0,ETHUSDT,1h
2026-05-08 09:00:00+00:00,2282.42,2291.18,2279.09,2283.13,149016.011,2026-05-08 09:59:59.999000+00:00,340593556.51188,120240,68023.982,155464369.11645,0,ETHUSDT,1h
2026-05-08 10:00:00+00:00,2283.14,2289.83,2279.81,2286.68,97574.711,2026-05-08 10:59:59.999000+00:00,223020059.0331,109352,44969.94,102786718.74175,0,ETHUSDT,1h
2026-05-08 11:00:00+00:00,2286.68,2297.14,2286.68,2293.85,130692.573,2026-05-08 11:59:59.999000+00:00,299474636.56562,140546,70111.061,160644386.87192,0,ETHUSDT,1h
2026-05-08 12:00:00+00:00,2293.85,2301.85,2281.23,2283.62,195750.768,2026-05-08 12:59:59.999000+00:00,448386470.22274,207589,93538.6,214328291.08208,0,ETHUSDT,1h
2026-05-08 13:00:00+00:00,2283.62,2286.05,2268.32,2275.27,230272.492,2026-05-08 13:59:59.999000+00:00,524026269.25967,313183,113231.025,257677741.2299,0,ETHUSDT,1h
2026-05-08 14:00:00+00:00,2275.26,2291.66,2272.0,2284.72,199371.02,2026-05-08 14:59:59.999000+00:00,455145852.22414,309352,101446.943,231603455.97948,0,ETHUSDT,1h
2026-05-08 15:00:00+00:00,2284.72,2293.69,2273.7,2292.39,174300.46,2026-05-08 15:59:59.999000+00:00,397975287.25112,251721,92325.706,210850839.09543,0,ETHUSDT,1h
2026-05-08 16:00:00+00:00,2292.4,2293.48,2285.17,2288.89,108661.114,2026-05-08 16:59:59.999000+00:00,248780670.06822,156015,56536.192,129442198.99462,0,ETHUSDT,1h
2026-05-08 17:00:00+00:00,2288.88,2314.76,2288.31,2303.8,311683.566,2026-05-08 17:59:59.999000+00:00,718130751.54844,340678,149047.09,343437817.96318,0,ETHUSDT,1h
2026-05-08 18:00:00+00:00,2303.8,2320.66,2303.79,2312.62,244583.43,2026-05-08 18:59:59.999000+00:00,566050951.43346,256928,133084.466,308021856.89946,0,ETHUSDT,1h
2026-05-08 19:00:00+00:00,2312.62,2319.59,2311.24,2315.2,107581.703,2026-05-08 19:59:59.999000+00:00,249068977.67283,129418,51003.201,118078420.18293,0,ETHUSDT,1h
2026-05-08 20:00:00+00:00,2315.21,2315.84,2304.45,2306.0,90997.886,2026-05-08 20:59:59.999000+00:00,210150664.78382,99013,32556.594,75195089.39716,0,ETHUSDT,1h
2026-05-08 21:00:00+00:00,2306.0,2314.0,2303.2,2313.49,62002.58,2026-05-08 21:59:59.999000+00:00,143185894.40435,74517,36673.731,84697729.71502,0,ETHUSDT,1h
2026-05-08 22:00:00+00:00,2313.48,2318.3,2309.66,2309.93,70927.983,2026-05-08 22:59:59.999000+00:00,164153861.247,92824,39106.985,90528171.73433,0,ETHUSDT,1h
2026-05-08 23:00:00+00:00,2309.93,2310.13,2302.3,2306.17,58916.719,2026-05-08 23:59:59.999000+00:00,135850500.671,65495,27953.592,64452235.08581,0,ETHUSDT,1h
2026-05-09 00:00:00+00:00,2306.17,2311.41,2303.38,2307.68,54769.553,2026-05-09 00:59:59.999000+00:00,126398621.03219,68195,28247.317,65190329.27402,0,ETHUSDT,1h
2026-05-09 01:00:00+00:00,2307.68,2317.28,2307.42,2313.27,58434.082,2026-05-09 01:59:59.999000+00:00,135167548.1765,80681,34408.743,79593925.03454,0,ETHUSDT,1h
2026-05-09 02:00:00+00:00,2313.28,2319.7,2312.81,2316.0,53226.352,2026-05-09 02:59:59.999000+00:00,123297501.64861,69429,29139.851,67506155.60058,0,ETHUSDT,1h
2026-05-09 03:00:00+00:00,2316.0,2319.72,2311.72,2314.24,72522.75,2026-05-09 03:59:59.999000+00:00,167906122.85551,73559,39214.246,90789020.38841,0,ETHUSDT,1h
2026-05-09 04:00:00+00:00,2314.24,2324.51,2310.24,2311.59,114313.499,2026-05-09 04:59:59.999000+00:00,264883503.57866,136465,55180.373,127878125.38274,0,ETHUSDT,1h
2026-05-09 05:00:00+00:00,2311.58,2317.55,2309.9,2313.7,40929.844,2026-05-09 05:59:59.999000+00:00,94701267.6297,51249,20826.216,48181056.90288,0,ETHUSDT,1h
2026-05-09 06:00:00+00:00,2313.69,2318.0,2311.53,2313.34,56257.252,2026-05-09 06:59:59.999000+00:00,130232910.44765,61829,28482.642,65937941.5113,0,ETHUSDT,1h
2026-05-09 07:00:00+00:00,2313.33,2317.52,2310.0,2313.51,51772.176,2026-05-09 07:59:59.999000+00:00,119771420.84601,51661,23988.227,55498943.95052,0,ETHUSDT,1h
2026-05-09 08:00:00+00:00,2313.5,2319.38,2313.2,2316.16,60052.178,2026-05-09 08:59:59.999000+00:00,139156637.45702,62858,29822.706,69104867.26524,0,ETHUSDT,1h
2026-05-09 09:00:00+00:00,2316.17,2316.53,2310.08,2312.21,54205.986,2026-05-09 09:59:59.999000+00:00,125354945.70086,58732,27978.606,64698561.90376,0,ETHUSDT,1h
2026-05-09 10:00:00+00:00,2312.2,2314.45,2309.14,2311.71,36445.908,2026-05-09 10:59:59.999000+00:00,84240221.94904,43323,16342.447,37778102.64442,0,ETHUSDT,1h
2026-05-09 11:00:00+00:00,2311.71,2315.0,2311.25,2313.68,30299.508,2026-05-09 11:59:59.999000+00:00,70104196.3739,32166,19396.167,44877992.47965,0,ETHUSDT,1h
2026-05-09 12:00:00+00:00,2313.69,2317.5,2312.39,2315.62,30263.669,2026-05-09 12:59:59.999000+00:00,70064437.19374,40866,14608.839,33823496.2436,0,ETHUSDT,1h
2026-05-09 13:00:00+00:00,2315.62,2315.71,2310.8,2313.53,33321.225,2026-05-09 13:59:59.999000+00:00,77073808.26503,39279,14368.975,33236891.91459,0,ETHUSDT,1h
2026-05-09 14:00:00+00:00,2313.52,2314.43,2303.67,2307.09,129929.982,2026-05-09 14:59:59.999000+00:00,299776392.01233,107976,47328.305,109216053.19151,0,ETHUSDT,1h
2026-05-09 15:00:00+00:00,2307.09,2316.94,2296.66,2316.52,251307.52,2026-05-09 15:59:59.999000+00:00,579979822.03985,178351,127638.705,294680275.31399,0,ETHUSDT,1h
2026-05-09 16:00:00+00:00,2316.52,2324.32,2314.06,2318.95,240079.294,2026-05-09 16:59:59.999000+00:00,556783177.34897,182664,103543.823,240144947.05232,0,ETHUSDT,1h
2026-05-09 17:00:00+00:00,2318.94,2332.95,2318.94,2328.74,253092.72,2026-05-09 17:59:59.999000+00:00,589356508.23206,230239,151916.018,353751214.62931,0,ETHUSDT,1h
2026-05-09 18:00:00+00:00,2328.73,2337.79,2327.63,2329.23,90808.712,2026-05-09 18:59:59.999000+00:00,211828151.29964,124072,49082.546,114508536.51498,0,ETHUSDT,1h
2026-05-09 19:00:00+00:00,2329.23,2332.95,2325.56,2331.13,54439.288,2026-05-09 19:59:59.999000+00:00,126786986.58118,71006,31835.422,74153053.70589,0,ETHUSDT,1h
2026-05-09 20:00:00+00:00,2331.14,2332.0,2326.29,2328.31,30160.266,2026-05-09 20:59:59.999000+00:00,70230073.42321,47307,14251.554,33184097.64906,0,ETHUSDT,1h
2026-05-09 21:00:00+00:00,2328.31,2331.06,2327.76,2329.93,27876.594,2026-05-09 21:59:59.999000+00:00,64934332.70461,43228,14538.68,33865673.94556,0,ETHUSDT,1h
2026-05-09 22:00:00+00:00,2329.93,2332.61,2326.26,2328.9,29143.631,2026-05-09 22:59:59.999000+00:00,67893623.31257,55279,14826.462,34540230.61924,0,ETHUSDT,1h
2026-05-09 23:00:00+00:00,2328.89,2331.0,2323.47,2325.22,37517.418,2026-05-09 23:59:59.999000+00:00,87275097.69403,52848,15803.582,36764849.1721,0,ETHUSDT,1h
2026-05-10 00:00:00+00:00,2325.23,2329.18,2319.36,2323.04,52114.69,2026-05-10 00:59:59.999000+00:00,121145747.04076,74408,24466.463,56885315.22017,0,ETHUSDT,1h
2026-05-10 01:00:00+00:00,2323.04,2324.37,2317.02,2322.79,52953.498,2026-05-10 01:59:59.999000+00:00,122879313.41725,79762,27064.669,62808715.20081,0,ETHUSDT,1h
2026-05-10 02:00:00+00:00,2322.78,2327.35,2319.12,2326.99,38068.966,2026-05-10 02:59:59.999000+00:00,88463263.33077,60815,21901.159,50894734.15839,0,ETHUSDT,1h
2026-05-10 03:00:00+00:00,2326.99,2333.95,2322.67,2326.79,56769.613,2026-05-10 03:59:59.999000+00:00,132182206.19963,73117,31523.768,73411921.26752,0,ETHUSDT,1h
2026-05-10 04:00:00+00:00,2326.79,2330.0,2325.1,2327.29,31830.386,2026-05-10 04:59:59.999000+00:00,74084026.98902,54885,15021.268,34962980.25462,0,ETHUSDT,1h
2026-05-10 05:00:00+00:00,2327.29,2329.43,2325.5,2326.23,22101.907,2026-05-10 05:59:59.999000+00:00,51440532.41428,46090,10900.143,25370016.95087,0,ETHUSDT,1h
2026-05-10 06:00:00+00:00,2326.22,2329.84,2325.8,2328.32,31555.463,2026-05-10 06:59:59.999000+00:00,73446642.7317,46412,17589.885,40941893.41587,0,ETHUSDT,1h
2026-05-10 07:00:00+00:00,2328.33,2331.12,2326.3,2326.31,22151.389,2026-05-10 07:59:59.999000+00:00,51577479.41719,39981,11413.914,26576262.12476,0,ETHUSDT,1h
2026-05-10 08:00:00+00:00,2326.3,2331.0,2325.29,2329.22,32679.143,2026-05-10 08:59:59.999000+00:00,76085770.45993,47843,17048.825,39696556.12733,0,ETHUSDT,1h
2026-05-10 09:00:00+00:00,2329.23,2333.1,2325.82,2327.2,49227.252,2026-05-10 09:59:59.999000+00:00,114626184.28217,56782,27188.398,63312309.77592,0,ETHUSDT,1h
2026-05-10 10:00:00+00:00,2327.2,2327.84,2322.14,2324.47,54118.053,2026-05-10 10:59:59.999000+00:00,125780940.9086,67885,22437.651,52154170.73929,0,ETHUSDT,1h
2026-05-10 11:00:00+00:00,2324.47,2326.74,2317.68,2321.5,73737.427,2026-05-10 11:59:59.999000+00:00,171159138.16798,74745,30328.243,70407417.91351,0,ETHUSDT,1h
2026-05-10 12:00:00+00:00,2321.51,2324.37,2319.7,2322.94,43532.615,2026-05-10 12:59:59.999000+00:00,101095223.46856,52391,23053.594,53534201.04676,0,ETHUSDT,1h
2026-05-10 13:00:00+00:00,2322.94,2331.07,2322.21,2328.79,76085.051,2026-05-10 13:59:59.999000+00:00,177126220.92529,79874,44265.215,103051692.81998,0,ETHUSDT,1h
2026-05-10 14:00:00+00:00,2328.79,2334.87,2325.79,2330.0,78537.318,2026-05-10 14:59:59.999000+00:00,182964601.95348,86213,44783.514,104338178.22174,0,ETHUSDT,1h
2026-05-10 15:00:00+00:00,2330.0,2352.0,2329.99,2346.78,260076.674,2026-05-10 15:59:59.999000+00:00,608856029.03914,259890,150071.808,351372931.75292,0,ETHUSDT,1h
2026-05-10 16:00:00+00:00,2346.79,2350.46,2338.9,2348.94,201592.291,2026-05-10 16:59:59.999000+00:00,473089845.34335,178890,107945.79,253375146.79394,0,ETHUSDT,1h
2026-05-10 17:00:00+00:00,2348.94,2367.66,2344.13,2363.42,427616.532,2026-05-10 17:59:59.999000+00:00,1006654842.96851,350513,269095.169,633333339.60063,0,ETHUSDT,1h
2026-05-10 18:00:00+00:00,2363.42,2366.11,2355.69,2357.41,145063.744,2026-05-10 18:59:59.999000+00:00,342553036.19711,120833,51489.101,121589145.5853,0,ETHUSDT,1h
2026-05-10 19:00:00+00:00,2357.4,2366.13,2350.05,2364.58,110271.832,2026-05-10 19:59:59.999000+00:00,260257617.21335,130336,62385.641,147266193.21755,0,ETHUSDT,1h
2026-05-10 20:00:00+00:00,2364.59,2369.46,2310.01,2327.17,513541.215,2026-05-10 20:59:59.999000+00:00,1200468840.52911,495078,223957.817,523548323.40305,0,ETHUSDT,1h
2026-05-10 21:00:00+00:00,2327.17,2335.36,2322.73,2329.63,199182.384,2026-05-10 21:59:59.999000+00:00,464163647.43352,214813,109886.602,256064062.18158,0,ETHUSDT,1h
2026-05-10 22:00:00+00:00,2329.63,2377.0,2326.57,2372.96,542972.987,2026-05-10 22:59:59.999000+00:00,1278603077.1562,541459,291043.894,684992922.66132,0,ETHUSDT,1h
2026-05-10 23:00:00+00:00,2372.97,2381.88,2366.5,2370.21,231576.073,2026-05-10 23:59:59.999000+00:00,550060695.71529,312342,105227.806,249996037.31617,0,ETHUSDT,1h
2026-05-11 00:00:00+00:00,2370.21,2373.91,2343.37,2351.43,356993.529,2026-05-11 00:59:59.999000+00:00,841214936.28908,403570,137576.369,324132908.00792,0,ETHUSDT,1h
2026-05-11 01:00:00+00:00,2351.44,2364.84,2344.21,2357.69,130639.321,2026-05-11 01:59:59.999000+00:00,307864667.19301,223183,67096.901,158096912.15696,0,ETHUSDT,1h
2026-05-11 02:00:00+00:00,2357.7,2360.0,2341.3,2344.39,111544.364,2026-05-11 02:59:59.999000+00:00,261909018.16529,189497,50450.236,118470724.16893,0,ETHUSDT,1h
2026-05-11 03:00:00+00:00,2344.4,2344.41,2318.39,2329.23,328199.095,2026-05-11 03:59:59.999000+00:00,764252217.53129,312129,151243.154,352130667.02553,0,ETHUSDT,1h
2026-05-11 04:00:00+00:00,2329.24,2334.97,2325.34,2331.79,97388.471,2026-05-11 04:59:59.999000+00:00,226963516.35775,109081,53328.556,124288404.73975,0,ETHUSDT,1h
2026-05-11 05:00:00+00:00,2331.78,2339.4,2330.86,2334.01,64932.083,2026-05-11 05:59:59.999000+00:00,151623908.71072,80666,34139.872,79723109.67745,0,ETHUSDT,1h
2026-05-11 06:00:00+00:00,2334.0,2343.0,2328.89,2332.54,93756.787,2026-05-11 06:59:59.999000+00:00,218968304.21283,112049,49843.584,116448399.185,0,ETHUSDT,1h
2026-05-11 07:00:00+00:00,2332.54,2332.55,2327.06,2329.53,54687.534,2026-05-11 07:59:59.999000+00:00,127396098.04108,84232,26767.498,62358493.47183,0,ETHUSDT,1h
2026-05-11 08:00:00+00:00,2329.53,2333.75,2325.47,2329.42,73732.461,2026-05-11 08:59:59.999000+00:00,171802243.77146,103650,36457.501,84950424.45742,0,ETHUSDT,1h
2026-05-11 09:00:00+00:00,2329.41,2337.74,2329.2,2335.01,49792.161,2026-05-11 09:59:59.999000+00:00,116241405.23893,76672,26700.87,62333031.40523,0,ETHUSDT,1h
2026-05-11 10:00:00+00:00,2335.0,2339.0,2328.48,2328.78,59521.921,2026-05-11 10:59:59.999000+00:00,138929395.75086,90315,28316.888,66102804.47624,0,ETHUSDT,1h
2026-05-11 11:00:00+00:00,2328.78,2334.91,2326.29,2334.72,46787.474,2026-05-11 11:59:59.999000+00:00,109095725.56258,73632,22652.712,52821699.68773,0,ETHUSDT,1h
2026-05-11 12:00:00+00:00,2334.72,2338.29,2327.37,2328.52,99279.443,2026-05-11 12:59:59.999000+00:00,231556347.37168,128612,48318.799,112698757.4814,0,ETHUSDT,1h
2026-05-11 13:00:00+00:00,2328.51,2331.94,2313.28,2321.01,254828.259,2026-05-11 13:59:59.999000+00:00,591789756.54242,295224,119946.543,278594409.54305,0,ETHUSDT,1h
2026-05-11 14:00:00+00:00,2321.01,2327.84,2302.51,2315.21,344759.692,2026-05-11 14:59:59.999000+00:00,797385354.25505,372066,167819.679,388189625.04623,0,ETHUSDT,1h
2026-05-11 15:00:00+00:00,2315.2,2334.78,2312.21,2332.39,207231.299,2026-05-11 15:59:59.999000+00:00,482109924.8167,260761,103955.008,241814408.7476,0,ETHUSDT,1h
2026-05-11 16:00:00+00:00,2332.4,2341.09,2326.0,2328.56,219492.129,2026-05-11 16:59:59.999000+00:00,512356640.19467,250536,99688.8,232747694.58437,0,ETHUSDT,1h
2026-05-11 17:00:00+00:00,2328.56,2343.31,2322.33,2335.48,127259.618,2026-05-11 17:59:59.999000+00:00,296835383.25626,171504,70346.628,164097840.55709,0,ETHUSDT,1h
2026-05-11 18:00:00+00:00,2335.48,2343.31,2333.2,2334.25,111263.263,2026-05-11 18:59:59.999000+00:00,260259471.34628,137574,54130.197,126615546.17377,0,ETHUSDT,1h
2026-05-11 19:00:00+00:00,2334.25,2343.0,2330.65,2339.38,60557.107,2026-05-11 19:59:59.999000+00:00,141564750.45378,102850,32565.446,76135183.33024,0,ETHUSDT,1h
2026-05-11 20:00:00+00:00,2339.39,2344.59,2334.88,2336.99,55698.61,2026-05-11 20:59:59.999000+00:00,130287650.75256,94064,27751.397,64922204.9499,0,ETHUSDT,1h
2026-05-11 21:00:00+00:00,2337.0,2341.55,2335.12,2339.65,41443.872,2026-05-11 21:59:59.999000+00:00,96907470.01695,67065,21189.855,49546084.88829,0,ETHUSDT,1h
2026-05-11 22:00:00+00:00,2339.65,2344.88,2335.33,2340.24,58531.951,2026-05-11 22:59:59.999000+00:00,136975940.0695,84463,30398.709,71143000.81118,0,ETHUSDT,1h
2026-05-11 23:00:00+00:00,2340.24,2341.21,2333.86,2338.61,38093.281,2026-05-11 23:59:59.999000+00:00,89059128.19116,61191,18872.989,44122254.37541,0,ETHUSDT,1h
2026-05-12 00:00:00+00:00,2338.62,2339.8,2330.75,2332.54,71027.648,2026-05-12 00:59:59.999000+00:00,165799309.39668,94439,34493.788,80526020.3519,0,ETHUSDT,1h
2026-05-12 01:00:00+00:00,2332.54,2334.58,2292.94,2310.15,393219.071,2026-05-12 01:59:59.999000+00:00,908590904.82978,379744,163706.933,378327857.49558,0,ETHUSDT,1h
2026-05-12 02:00:00+00:00,2310.15,2316.0,2305.69,2314.49,87329.683,2026-05-12 02:59:59.999000+00:00,201861153.11054,138497,43953.016,101599467.79358,0,ETHUSDT,1h
2026-05-12 03:00:00+00:00,2314.5,2316.17,2305.58,2308.26,66596.561,2026-05-12 03:59:59.999000+00:00,153873266.16305,100370,30517.778,70520414.61895,0,ETHUSDT,1h
2026-05-12 04:00:00+00:00,2308.26,2313.48,2304.36,2309.76,65665.151,2026-05-12 04:59:59.999000+00:00,151655121.65364,89234,34247.623,79105876.24234,0,ETHUSDT,1h
2026-05-12 05:00:00+00:00,2309.77,2312.93,2308.54,2309.01,37186.133,2026-05-12 05:59:59.999000+00:00,85934536.36826,62378,16792.138,38806021.88791,0,ETHUSDT,1h
2026-05-12 06:00:00+00:00,2309.0,2312.79,2301.02,2302.74,103461.741,2026-05-12 06:59:59.999000+00:00,238601667.90958,99994,42493.721,98024640.82847,0,ETHUSDT,1h
2026-05-12 07:00:00+00:00,2302.74,2303.86,2290.0,2294.01,197777.336,2026-05-12 07:59:59.999000+00:00,454393407.94735,200952,95334.549,219056687.75305,0,ETHUSDT,1h
2026-05-12 08:00:00+00:00,2294.01,2295.5,2278.41,2287.0,263246.558,2026-05-12 08:59:59.999000+00:00,601993344.42699,247364,122815.546,280879322.9079,0,ETHUSDT,1h
2026-05-12 09:00:00+00:00,2286.99,2294.59,2280.02,2291.7,170768.129,2026-05-12 09:59:59.999000+00:00,390756625.79912,173650,83081.083,190115829.38405,0,ETHUSDT,1h
2026-05-12 10:00:00+00:00,2291.7,2292.87,2280.0,2285.37,102051.85,2026-05-12 10:59:59.999000+00:00,233348165.46167,122254,44459.75,101665731.95971,0,ETHUSDT,1h
2026-05-12 11:00:00+00:00,2285.38,2286.43,2276.31,2285.91,116518.402,2026-05-12 11:59:59.999000+00:00,265924219.05894,142523,56383.328,128703056.51277,0,ETHUSDT,1h
2026-05-12 12:00:00+00:00,2285.91,2294.09,2280.01,2287.87,179733.223,2026-05-12 12:59:59.999000+00:00,411060010.16366,229480,86882.699,198730929.08523,0,ETHUSDT,1h
2026-05-12 13:00:00+00:00,2287.87,2291.38,2267.69,2271.09,266108.774,2026-05-12 13:59:59.999000+00:00,606210842.81984,328973,125444.549,285821326.06412,0,ETHUSDT,1h
2026-05-12 14:00:00+00:00,2271.09,2280.98,2261.0,2267.82,313345.871,2026-05-12 14:59:59.999000+00:00,711613181.95717,392988,146857.773,333560916.2748,0,ETHUSDT,1h
2026-05-12 15:00:00+00:00,2267.82,2273.57,2255.22,2260.9,261668.704,2026-05-12 15:59:59.999000+00:00,592061990.33543,322365,122354.981,276850069.69937,0,ETHUSDT,1h
2026-05-12 16:00:00+00:00,2260.91,2270.78,2255.15,2263.19,182921.877,2026-05-12 16:59:59.999000+00:00,413912048.0525,249588,100071.287,226456023.11954,0,ETHUSDT,1h
2026-05-12 17:00:00+00:00,2263.19,2276.97,2263.19,2275.7,122008.29,2026-05-12 17:59:59.999000+00:00,277228350.18256,162305,64862.305,147376779.92157,0,ETHUSDT,1h
2026-05-12 18:00:00+00:00,2275.69,2284.0,2273.58,2278.27,108062.686,2026-05-12 18:59:59.999000+00:00,246286771.54685,127062,53479.635,121888361.7065,0,ETHUSDT,1h
2026-05-12 19:00:00+00:00,2278.26,2286.64,2277.96,2284.11,84475.922,2026-05-12 19:59:59.999000+00:00,192853649.62519,112609,37854.289,86427916.22755,0,ETHUSDT,1h
2026-05-12 20:00:00+00:00,2284.12,2286.27,2279.8,2283.75,47933.938,2026-05-12 20:59:59.999000+00:00,109439239.39348,68223,17444.69,39830958.31708,0,ETHUSDT,1h
2026-05-12 21:00:00+00:00,2283.76,2286.45,2281.54,2284.28,32078.035,2026-05-12 21:59:59.999000+00:00,73273641.40862,59091,13869.647,31681825.32387,0,ETHUSDT,1h
2026-05-12 22:00:00+00:00,2284.28,2291.16,2281.0,2281.18,64920.521,2026-05-12 22:59:59.999000+00:00,148439694.63397,93665,31684.68,72450238.94824,0,ETHUSDT,1h
2026-05-12 23:00:00+00:00,2281.18,2283.0,2272.59,2273.62,82737.632,2026-05-12 23:59:59.999000+00:00,188387096.81575,95900,33906.265,77201997.7296,0,ETHUSDT,1h
2026-05-13 00:00:00+00:00,2273.61,2286.13,2271.6,2280.52,89471.809,2026-05-13 00:59:59.999000+00:00,204021730.39406,128552,43881.83,100052255.42227,0,ETHUSDT,1h
2026-05-13 01:00:00+00:00,2280.51,2294.44,2279.86,2288.81,134810.13,2026-05-13 01:59:59.999000+00:00,308593829.76186,178460,67169.603,153765801.16936,0,ETHUSDT,1h
2026-05-13 02:00:00+00:00,2288.8,2299.84,2286.0,2292.85,99444.627,2026-05-13 02:59:59.999000+00:00,228075240.64907,142054,51766.021,118748927.2413,0,ETHUSDT,1h
2026-05-13 03:00:00+00:00,2292.84,2302.8,2291.04,2300.48,83871.929,2026-05-13 03:59:59.999000+00:00,192753176.66731,106018,42816.935,98401229.05889,0,ETHUSDT,1h
2026-05-13 04:00:00+00:00,2300.47,2308.76,2297.3,2305.9,108990.965,2026-05-13 04:59:59.999000+00:00,251056748.12098,116666,59807.241,137785482.7171,0,ETHUSDT,1h
2026-05-13 05:00:00+00:00,2305.9,2306.66,2294.34,2296.6,93087.303,2026-05-13 05:59:59.999000+00:00,214049086.42983,93539,36011.026,82797854.58156,0,ETHUSDT,1h
2026-05-13 06:00:00+00:00,2296.6,2304.3,2296.37,2300.89,47504.429,2026-05-13 06:59:59.999000+00:00,109319090.19255,70475,24890.131,57274556.69359,0,ETHUSDT,1h
2026-05-13 07:00:00+00:00,2300.89,2301.99,2295.65,2300.12,44280.528,2026-05-13 07:59:59.999000+00:00,101791446.05716,61166,19409.479,44620023.09586,0,ETHUSDT,1h
2026-05-13 08:00:00+00:00,2300.12,2316.49,2299.52,2315.57,157493.689,2026-05-13 08:59:59.999000+00:00,363809368.13574,164730,82338.648,190210057.65697,0,ETHUSDT,1h
2026-05-13 09:00:00+00:00,2315.58,2322.68,2313.2,2320.19,182088.082,2026-05-13 09:59:59.999000+00:00,422295807.23735,159680,89898.447,208483986.75612,0,ETHUSDT,1h
2026-05-13 10:00:00+00:00,2320.2,2320.71,2304.15,2307.41,139774.181,2026-05-13 10:59:59.999000+00:00,323008152.30467,135444,57867.863,133712335.04255,0,ETHUSDT,1h
2026-05-13 11:00:00+00:00,2307.41,2307.96,2298.0,2300.74,130923.749,2026-05-13 11:59:59.999000+00:00,301349067.0475,144851,58117.314,133767959.58738,0,ETHUSDT,1h
2026-05-13 12:00:00+00:00,2300.74,2306.91,2268.85,2283.08,445202.8,2026-05-13 12:59:59.999000+00:00,1017127644.44349,419218,205582.479,469805952.96485,0,ETHUSDT,1h
2026-05-13 13:00:00+00:00,2283.08,2287.54,2257.47,2261.13,443515.616,2026-05-13 13:59:59.999000+00:00,1006421551.55256,435678,203300.703,461254784.48931,0,ETHUSDT,1h
2026-05-13 14:00:00+00:00,2261.14,2269.8,2248.0,2266.43,351836.442,2026-05-13 14:59:59.999000+00:00,795241685.24824,352673,156275.933,353365335.25777,0,ETHUSDT,1h
2026-05-13 15:00:00+00:00,2266.43,2269.3,2233.0,2235.38,364909.073,2026-05-13 15:59:59.999000+00:00,820594677.73582,379321,152887.835,343912463.26614,0,ETHUSDT,1h
2026-05-13 16:00:00+00:00,2235.39,2252.77,2233.86,2249.84,249854.822,2026-05-13 16:59:59.999000+00:00,560894710.50892,258286,127016.06,285161939.7849,0,ETHUSDT,1h
2026-05-13 17:00:00+00:00,2249.85,2261.06,2249.85,2257.24,121797.402,2026-05-13 17:59:59.999000+00:00,274736863.26925,140738,59970.552,135284397.92747,0,ETHUSDT,1h
2026-05-13 18:00:00+00:00,2257.24,2267.98,2257.24,2258.3,93262.572,2026-05-13 18:59:59.999000+00:00,210986265.42406,125267,44279.703,100181013.53699,0,ETHUSDT,1h
2026-05-13 19:00:00+00:00,2258.3,2259.77,2249.25,2255.6,64109.11,2026-05-13 19:59:59.999000+00:00,144514594.39131,96303,30389.782,68507968.1042,0,ETHUSDT,1h
2026-05-13 20:00:00+00:00,2255.61,2263.5,2255.49,2262.71,42902.207,2026-05-13 20:59:59.999000+00:00,96933358.99649,61521,24135.863,54532091.53573,0,ETHUSDT,1h
2026-05-13 21:00:00+00:00,2262.71,2263.0,2252.38,2254.9,43913.825,2026-05-13 21:59:59.999000+00:00,99079155.20128,65821,19964.774,45040195.31118,0,ETHUSDT,1h
2026-05-13 22:00:00+00:00,2254.9,2259.75,2249.63,2258.24,45952.828,2026-05-13 22:59:59.999000+00:00,103587419.20649,85461,23343.095,52627817.28183,0,ETHUSDT,1h
2026-05-13 23:00:00+00:00,2258.23,2260.79,2253.51,2257.54,49739.577,2026-05-13 23:59:59.999000+00:00,112273799.34844,78008,19347.741,43673547.88389,0,ETHUSDT,1h
2026-05-14 00:00:00+00:00,2257.53,2268.75,2256.77,2265.27,71367.399,2026-05-14 00:59:59.999000+00:00,161600095.41131,130029,38866.003,88004308.29333,0,ETHUSDT,1h
2026-05-14 01:00:00+00:00,2265.27,2268.4,2258.54,2264.01,56902.198,2026-05-14 01:59:59.999000+00:00,128767501.04335,108873,25623.079,57982146.84316,0,ETHUSDT,1h
2026-05-14 02:00:00+00:00,2264.0,2265.87,2246.19,2250.51,139904.067,2026-05-14 02:59:59.999000+00:00,315587633.76328,138522,52965.309,119417471.23079,0,ETHUSDT,1h
2026-05-14 03:00:00+00:00,2250.51,2254.18,2237.05,2241.03,197467.904,2026-05-14 03:59:59.999000+00:00,443247411.77453,245449,98799.902,221831052.48683,0,ETHUSDT,1h
2026-05-14 04:00:00+00:00,2241.03,2257.61,2238.17,2255.61,84960.693,2026-05-14 04:59:59.999000+00:00,191173729.57636,130265,50210.114,112984235.45098,0,ETHUSDT,1h
2026-05-14 05:00:00+00:00,2255.6,2272.92,2254.33,2267.23,163768.532,2026-05-14 05:59:59.999000+00:00,370769176.86698,176104,93420.602,211527373.77157,0,ETHUSDT,1h
2026-05-14 06:00:00+00:00,2267.23,2274.52,2265.48,2266.66,177594.784,2026-05-14 06:59:59.999000+00:00,403104152.0257,150269,76052.14,172580334.62467,0,ETHUSDT,1h
2026-05-14 07:00:00+00:00,2266.66,2269.99,2262.7,2264.23,68404.767,2026-05-14 07:59:59.999000+00:00,155018959.28776,93297,34232.267,77587766.42683,0,ETHUSDT,1h
2026-05-14 08:00:00+00:00,2264.23,2269.99,2260.57,2265.17,69387.91,2026-05-14 08:59:59.999000+00:00,157220848.23624,110229,29749.835,67416005.48965,0,ETHUSDT,1h
2026-05-14 09:00:00+00:00,2265.17,2266.78,2251.25,2256.65,136659.996,2026-05-14 09:59:59.999000+00:00,308709651.62641,150344,70242.578,158695199.24099,0,ETHUSDT,1h
2026-05-14 10:00:00+00:00,2256.66,2264.42,2254.41,2261.2,105659.047,2026-05-14 10:59:59.999000+00:00,238799349.41407,120327,44493.648,100552160.05901,0,ETHUSDT,1h
2026-05-14 11:00:00+00:00,2261.2,2263.27,2251.47,2252.81,93515.27,2026-05-14 11:59:59.999000+00:00,210963474.76157,99244,51496.297,116159429.23922,0,ETHUSDT,1h
2026-05-14 12:00:00+00:00,2252.8,2262.44,2246.84,2260.48,165659.638,2026-05-14 12:59:59.999000+00:00,373559686.35856,162530,78662.426,177338837.38398,0,ETHUSDT,1h
2026-05-14 13:00:00+00:00,2260.48,2264.39,2246.49,2248.01,229024.815,2026-05-14 13:59:59.999000+00:00,516600382.39563,288925,112662.456,254132114.40049,0,ETHUSDT,1h
2026-05-14 14:00:00+00:00,2248.01,2288.04,2245.01,2285.99,458404.915,2026-05-14 14:59:59.999000+00:00,1040602905.65326,471697,242736.352,551259846.89419,0,ETHUSDT,1h
2026-05-14 15:00:00+00:00,2285.99,2298.95,2279.34,2297.36,420191.007,2026-05-14 15:59:59.999000+00:00,961715576.67261,376567,213757.27,489288774.50026,0,ETHUSDT,1h
2026-05-14 16:00:00+00:00,2297.37,2317.81,2292.52,2315.14,492504.822,2026-05-14 16:59:59.999000+00:00,1134897400.51416,458122,246967.176,569181351.63603,0,ETHUSDT,1h
2026-05-14 17:00:00+00:00,2315.13,2318.6,2295.0,2307.28,362224.262,2026-05-14 17:59:59.999000+00:00,835544087.31487,373460,189773.42,437680660.0274,0,ETHUSDT,1h
2026-05-14 18:00:00+00:00,2307.27,2316.11,2301.78,2308.49,175114.985,2026-05-14 18:59:59.999000+00:00,404559903.18178,197888,82183.679,189841044.75802,0,ETHUSDT,1h
2026-05-14 19:00:00+00:00,2308.49,2311.38,2296.13,2297.42,143280.941,2026-05-14 19:59:59.999000+00:00,329910543.22975,158102,66566.186,153259344.79954,0,ETHUSDT,1h
2026-05-14 20:00:00+00:00,2297.43,2300.49,2287.01,2297.22,136158.981,2026-05-14 20:59:59.999000+00:00,312087009.53777,149289,70006.567,160467201.22525,0,ETHUSDT,1h
2026-05-14 21:00:00+00:00,2297.22,2299.22,2288.55,2295.97,67269.299,2026-05-14 21:59:59.999000+00:00,154331404.37558,78728,38057.031,87306518.2868,0,ETHUSDT,1h
2026-05-14 22:00:00+00:00,2295.97,2300.59,2294.0,2296.87,39345.748,2026-05-14 22:59:59.999000+00:00,90380770.60087,71855,21975.535,50480926.65783,0,ETHUSDT,1h
2026-05-14 23:00:00+00:00,2296.87,2296.87,2278.87,2282.06,127711.29,2026-05-14 23:59:59.999000+00:00,291952058.65138,125621,56906.098,130082480.68512,0,ETHUSDT,1h
2026-05-15 00:00:00+00:00,2282.06,2299.36,2280.41,2290.07,156579.735,2026-05-15 00:59:59.999000+00:00,358555427.87395,176957,80884.307,185157587.82057,0,ETHUSDT,1h
2026-05-15 01:00:00+00:00,2290.07,2293.72,2273.43,2274.64,158620.781,2026-05-15 01:59:59.999000+00:00,361928979.3714,205757,74503.879,169982556.51823,0,ETHUSDT,1h
2026-05-15 02:00:00+00:00,2274.65,2278.59,2259.56,2275.7,294570.77,2026-05-15 02:59:59.999000+00:00,668262982.64414,310716,149898.794,340137855.26672,0,ETHUSDT,1h
2026-05-15 03:00:00+00:00,2275.69,2278.68,2266.94,2272.36,87014.778,2026-05-15 03:59:59.999000+00:00,197744157.46822,131576,43858.699,99673222.6737,0,ETHUSDT,1h
2026-05-15 04:00:00+00:00,2272.36,2273.7,2261.42,2262.03,76272.659,2026-05-15 04:59:59.999000+00:00,172908085.08674,107215,34508.738,78250986.69736,0,ETHUSDT,1h
2026-05-15 05:00:00+00:00,2262.04,2266.05,2236.25,2243.97,429095.897,2026-05-15 05:59:59.999000+00:00,964672332.88909,350362,199239.884,447753746.57636,0,ETHUSDT,1h
2026-05-15 06:00:00+00:00,2243.97,2255.68,2242.35,2253.96,132389.725,2026-05-15 06:59:59.999000+00:00,297899217.69562,154787,69835.621,157151731.89941,0,ETHUSDT,1h
2026-05-15 07:00:00+00:00,2253.96,2270.64,2252.19,2263.9,200121.69,2026-05-15 07:59:59.999000+00:00,452989293.7416,167456,97925.08,221648882.02822,0,ETHUSDT,1h
2026-05-15 08:00:00+00:00,2263.9,2264.21,2248.42,2256.35,126040.056,2026-05-15 08:59:59.999000+00:00,284327370.4101,169795,57392.702,129464714.75719,0,ETHUSDT,1h
2026-05-15 09:00:00+00:00,2256.35,2259.0,2249.31,2253.49,74979.402,2026-05-15 09:59:59.999000+00:00,169021361.38159,128297,33055.052,74523701.46541,0,ETHUSDT,1h
2026-05-15 10:00:00+00:00,2253.48,2263.6,2250.95,2261.31,106019.52,2026-05-15 10:59:59.999000+00:00,239245813.108,132343,61957.118,139794203.8798,0,ETHUSDT,1h
2026-05-15 11:00:00+00:00,2261.31,2262.9,2256.19,2256.32,57932.933,2026-05-15 11:59:59.999000+00:00,130849562.49731,89092,23902.041,53987070.4073,0,ETHUSDT,1h
2026-05-15 12:00:00+00:00,2256.33,2259.67,2249.91,2253.06,105978.861,2026-05-15 12:59:59.999000+00:00,238881077.34967,132271,53604.695,120832173.44252,0,ETHUSDT,1h
2026-05-15 13:00:00+00:00,2253.07,2253.07,2208.96,2212.67,759070.003,2026-05-15 13:59:59.999000+00:00,1691993861.13484,655735,327289.751,729673785.2144,0,ETHUSDT,1h
2026-05-15 14:00:00+00:00,2212.67,2223.11,2203.55,2212.34,497025.738,2026-05-15 14:59:59.999000+00:00,1099886326.79233,537861,251623.896,556907243.53564,0,ETHUSDT,1h
2026-05-15 15:00:00+00:00,2212.34,2223.23,2208.8,2221.91,164474.435,2026-05-15 15:59:59.999000+00:00,364628476.06502,248642,92300.504,204629293.61464,0,ETHUSDT,1h
2026-05-15 16:00:00+00:00,2221.92,2230.57,2217.55,2223.69,168060.496,2026-05-15 16:59:59.999000+00:00,373732980.78588,207888,80466.669,178953262.58378,0,ETHUSDT,1h
2026-05-15 17:00:00+00:00,2223.68,2232.0,2223.01,2228.41,91907.373,2026-05-15 17:59:59.999000+00:00,204711812.48588,139497,50791.739,113130168.37421,0,ETHUSDT,1h
2026-05-15 18:00:00+00:00,2228.4,2231.8,2223.42,2226.9,68950.011,2026-05-15 18:59:59.999000+00:00,153606263.25908,130380,32586.474,72595979.41,0,ETHUSDT,1h
2026-05-15 19:00:00+00:00,2226.9,2227.66,2221.21,2222.31,59490.745,2026-05-15 19:59:59.999000+00:00,132293307.48343,110566,31077.582,69113083.80533,0,ETHUSDT,1h
2026-05-15 20:00:00+00:00,2222.3,2225.12,2215.71,2218.97,102470.021,2026-05-15 20:59:59.999000+00:00,227491047.94961,117511,41653.221,92484384.11611,0,ETHUSDT,1h
2026-05-15 21:00:00+00:00,2218.96,2224.14,2213.09,2216.09,47436.263,2026-05-15 21:59:59.999000+00:00,105248404.11455,79603,23414.599,51956483.71015,0,ETHUSDT,1h
2026-05-15 22:00:00+00:00,2216.09,2223.7,2215.89,2223.01,31432.653,2026-05-15 22:59:59.999000+00:00,69800341.22303,54268,19149.319,42522765.77614,0,ETHUSDT,1h
2026-05-15 23:00:00+00:00,2223.01,2225.31,2221.71,2223.66,26730.459,2026-05-15 23:59:59.999000+00:00,59435752.9324,47195,15173.399,33737587.90541,0,ETHUSDT,1h
2026-05-16 00:00:00+00:00,2223.65,2230.79,2222.76,2226.14,65440.385,2026-05-16 00:59:59.999000+00:00,145786079.76408,78460,35061.892,78111577.19641,0,ETHUSDT,1h
2026-05-16 01:00:00+00:00,2226.13,2229.99,2222.37,2228.63,54978.013,2026-05-16 01:59:59.999000+00:00,122379011.6995,73719,27622.627,61495964.75745,0,ETHUSDT,1h
2026-05-16 02:00:00+00:00,2228.63,2230.56,2225.87,2228.84,32599.458,2026-05-16 02:59:59.999000+00:00,72639225.73732,56485,18053.153,40226855.18617,0,ETHUSDT,1h
2026-05-16 03:00:00+00:00,2228.84,2229.63,2225.67,2226.63,28637.17,2026-05-16 03:59:59.999000+00:00,63802472.04607,42903,13616.958,30338566.76533,0,ETHUSDT,1h
2026-05-16 04:00:00+00:00,2226.63,2227.9,2216.54,2224.99,67324.3,2026-05-16 04:59:59.999000+00:00,149589968.63145,80985,30962.726,68805004.54686,0,ETHUSDT,1h
2026-05-16 05:00:00+00:00,2225.0,2226.2,2221.82,2224.43,29952.709,2026-05-16 05:59:59.999000+00:00,66633904.1552,50896,15223.262,33865844.44827,0,ETHUSDT,1h
2026-05-16 06:00:00+00:00,2224.42,2225.99,2208.0,2214.38,134063.986,2026-05-16 06:59:59.999000+00:00,297034637.52802,144421,53444.791,118434610.56157,0,ETHUSDT,1h
2026-05-16 07:00:00+00:00,2214.39,2214.79,2180.12,2193.52,551124.238,2026-05-16 07:59:59.999000+00:00,1208872149.45929,485140,244788.327,536937538.4251,0,ETHUSDT,1h
2026-05-16 08:00:00+00:00,2193.51,2196.06,2190.69,2192.24,76830.08,2026-05-16 08:59:59.999000+00:00,168542389.1985,91918,38122.694,83633313.58747,0,ETHUSDT,1h
2026-05-16 09:00:00+00:00,2192.25,2192.89,2160.5,2172.5,429359.431,2026-05-16 09:59:59.999000+00:00,933326954.46026,411339,186891.927,406190994.51147,0,ETHUSDT,1h
2026-05-16 10:00:00+00:00,2172.5,2174.31,2161.2,2172.99,203139.608,2026-05-16 10:59:59.999000+00:00,440591694.13171,227282,94037.303,203979435.59718,0,ETHUSDT,1h
2026-05-16 11:00:00+00:00,2173.0,2180.46,2173.0,2175.33,95273.154,2026-05-16 11:59:59.999000+00:00,207418212.57859,111581,55575.409,120992524.52889,0,ETHUSDT,1h
2026-05-16 12:00:00+00:00,2175.33,2178.56,2172.53,2175.41,65146.061,2026-05-16 12:59:59.999000+00:00,141742981.46248,89938,33730.383,73392107.15073,0,ETHUSDT,1h
2026-05-16 13:00:00+00:00,2175.4,2179.95,2171.11,2176.16,77528.915,2026-05-16 13:59:59.999000+00:00,168632524.1261,103290,40204.054,87456834.91812,0,ETHUSDT,1h
2026-05-16 14:00:00+00:00,2176.16,2187.42,2172.6,2178.97,123126.343,2026-05-16 14:59:59.999000+00:00,268278129.99961,137036,67529.16,147149564.63523,0,ETHUSDT,1h
2026-05-16 15:00:00+00:00,2178.96,2182.9,2175.82,2178.95,52089.569,2026-05-16 15:59:59.999000+00:00,113531264.76503,81231,28706.352,62573055.39671,0,ETHUSDT,1h
2026-05-16 16:00:00+00:00,2178.94,2182.79,2169.0,2173.29,94700.181,2026-05-16 16:59:59.999000+00:00,205966969.10923,115634,45796.819,99626049.8645,0,ETHUSDT,1h
2026-05-16 17:00:00+00:00,2173.29,2179.99,2173.29,2177.87,46239.632,2026-05-16 17:59:59.999000+00:00,100673424.43204,59031,24477.693,53293128.51407,0,ETHUSDT,1h
2026-05-16 18:00:00+00:00,2177.86,2184.33,2175.22,2180.59,43369.551,2026-05-16 18:59:59.999000+00:00,94545907.60002,56076,24534.185,53487751.65472,0,ETHUSDT,1h
2026-05-16 19:00:00+00:00,2180.59,2182.0,2178.11,2178.71,25739.171,2026-05-16 19:59:59.999000+00:00,56107145.50391,35923,11170.859,24351535.90331,0,ETHUSDT,1h
2026-05-16 20:00:00+00:00,2178.72,2182.23,2178.72,2180.4,18856.149,2026-05-16 20:59:59.999000+00:00,41119723.28824,35034,10600.285,23115695.04917,0,ETHUSDT,1h
2026-05-16 21:00:00+00:00,2180.39,2182.77,2179.87,2181.47,19845.354,2026-05-16 21:59:59.999000+00:00,43291016.24959,34210,11149.568,24321252.74621,0,ETHUSDT,1h
2026-05-16 22:00:00+00:00,2181.47,2182.38,2178.59,2179.37,23806.905,2026-05-16 22:59:59.999000+00:00,51908389.17454,42160,10897.13,23759152.13878,0,ETHUSDT,1h
2026-05-16 23:00:00+00:00,2179.36,2182.0,2178.16,2179.66,24064.784,2026-05-16 23:59:59.999000+00:00,52465616.6125,34361,10601.868,23112960.90876,0,ETHUSDT,1h
2026-05-17 00:00:00+00:00,2179.67,2184.79,2172.61,2176.64,73041.04,2026-05-17 00:59:59.999000+00:00,159205412.31144,79745,31634.946,68960988.35846,0,ETHUSDT,1h
2026-05-17 01:00:00+00:00,2176.63,2182.78,2166.66,2168.22,147592.716,2026-05-17 01:59:59.999000+00:00,320736937.65435,178979,68876.009,149703259.55645,0,ETHUSDT,1h
2026-05-17 02:00:00+00:00,2168.22,2175.47,2168.21,2173.34,46905.512,2026-05-17 02:59:59.999000+00:00,101912645.71208,81350,29176.09,63390092.88179,0,ETHUSDT,1h
2026-05-17 03:00:00+00:00,2173.34,2183.71,2173.3,2180.57,57361.193,2026-05-17 03:59:59.999000+00:00,124997971.44415,75537,32550.349,70935007.22074,0,ETHUSDT,1h
2026-05-17 04:00:00+00:00,2180.57,2188.98,2180.0,2186.3,105024.871,2026-05-17 04:59:59.999000+00:00,229529645.83385,103463,53621.496,117191765.6062,0,ETHUSDT,1h
2026-05-17 05:00:00+00:00,2186.3,2194.9,2184.39,2184.9,92433.17,2026-05-17 05:59:59.999000+00:00,202367887.42157,93407,48612.076,106445958.46465,0,ETHUSDT,1h
2026-05-17 06:00:00+00:00,2184.9,2187.0,2180.5,2184.04,44963.582,2026-05-17 06:59:59.999000+00:00,98166470.88825,58096,21907.119,47833460.08299,0,ETHUSDT,1h
2026-05-17 07:00:00+00:00,2184.03,2187.5,2181.35,2185.19,38878.198,2026-05-17 07:59:59.999000+00:00,84935353.17569,51746,21655.806,47311643.66862,0,ETHUSDT,1h
2026-05-17 08:00:00+00:00,2185.18,2186.0,2181.84,2185.16,29826.657,2026-05-17 08:59:59.999000+00:00,65148902.33235,43904,14600.277,31890759.93033,0,ETHUSDT,1h
2026-05-17 09:00:00+00:00,2185.16,2190.57,2184.83,2189.09,38437.642,2026-05-17 09:59:59.999000+00:00,84095764.46158,49735,23799.283,52070070.00717,0,ETHUSDT,1h
2026-05-17 10:00:00+00:00,2189.09,2197.63,2189.02,2193.27,125228.119,2026-05-17 10:59:59.999000+00:00,274696333.61276,134045,71181.642,156147152.80657,0,ETHUSDT,1h
2026-05-17 11:00:00+00:00,2193.26,2193.92,2186.67,2191.13,57961.968,2026-05-17 11:59:59.999000+00:00,126960962.27767,74829,27219.536,59624747.66251,0,ETHUSDT,1h
2026-05-17 12:00:00+00:00,2191.13,2197.41,2190.23,2193.37,59714.202,2026-05-17 12:59:59.999000+00:00,131024876.37622,69585,31822.498,69821705.02048,0,ETHUSDT,1h
2026-05-17 13:00:00+00:00,2193.36,2194.18,2186.41,2191.1,69148.106,2026-05-17 13:59:59.999000+00:00,151480348.87561,88547,32036.54,70182946.84852,0,ETHUSDT,1h
2026-05-17 14:00:00+00:00,2191.09,2191.52,2176.09,2185.57,124294.759,2026-05-17 14:59:59.999000+00:00,271427636.22977,149407,49897.7,108978611.09527,0,ETHUSDT,1h
2026-05-17 15:00:00+00:00,2185.58,2187.65,2180.0,2185.49,47633.801,2026-05-17 15:59:59.999000+00:00,104038139.83898,79126,26082.622,56973350.93867,0,ETHUSDT,1h
2026-05-17 16:00:00+00:00,2185.5,2188.43,2181.18,2181.51,35251.06,2026-05-17 16:59:59.999000+00:00,77015750.00539,63753,15946.355,34843056.33383,0,ETHUSDT,1h
2026-05-17 17:00:00+00:00,2181.52,2184.21,2175.04,2182.69,78882.35,2026-05-17 17:59:59.999000+00:00,171933347.16252,104457,37176.141,81035707.0223,0,ETHUSDT,1h
2026-05-17 18:00:00+00:00,2182.69,2187.83,2178.0,2187.59,53323.544,2026-05-17 18:59:59.999000+00:00,116438760.368,79791,29053.391,63442967.86518,0,ETHUSDT,1h
2026-05-17 19:00:00+00:00,2187.6,2192.87,2186.38,2191.4,43286.27,2026-05-17 19:59:59.999000+00:00,94780265.0428,68895,22846.318,50029501.90395,0,ETHUSDT,1h
2026-05-17 20:00:00+00:00,2191.4,2192.85,2185.46,2188.2,30011.275,2026-05-17 20:59:59.999000+00:00,65682328.4902,50203,15055.091,32947532.31166,0,ETHUSDT,1h
2026-05-17 21:00:00+00:00,2188.2,2194.0,2186.0,2190.99,34246.077,2026-05-17 21:59:59.999000+00:00,75018487.82172,47561,19614.054,42971144.78773,0,ETHUSDT,1h
2026-05-17 22:00:00+00:00,2190.99,2190.99,2172.63,2178.64,134084.146,2026-05-17 22:59:59.999000+00:00,292348110.57443,195595,64072.817,139716392.23706,0,ETHUSDT,1h
2026-05-17 23:00:00+00:00,2178.65,2178.92,2085.0,2129.88,917342.011,2026-05-17 23:59:59.999000+00:00,1954705743.37922,793199,391141.095,833438606.40076,0,ETHUSDT,1h
2026-05-18 00:00:00+00:00,2129.88,2131.0,2102.93,2114.39,391913.529,2026-05-18 00:59:59.999000+00:00,828951628.9642,520022,188546.442,398804150.26274,0,ETHUSDT,1h
2026-05-18 01:00:00+00:00,2114.4,2120.62,2105.18,2116.67,208201.081,2026-05-18 01:59:59.999000+00:00,439733013.12665,315016,94359.661,199355192.29607,0,ETHUSDT,1h
2026-05-18 02:00:00+00:00,2116.66,2123.28,2111.55,2115.74,139112.743,2026-05-18 02:59:59.999000+00:00,294645429.85177,174054,60532.677,128191888.02333,0,ETHUSDT,1h
2026-05-18 03:00:00+00:00,2115.75,2123.0,2114.69,2117.63,113667.345,2026-05-18 03:59:59.999000+00:00,240816147.51597,139532,61074.138,129380600.06852,0,ETHUSDT,1h
2026-05-18 04:00:00+00:00,2117.62,2124.58,2113.0,2123.69,93604.045,2026-05-18 04:59:59.999000+00:00,198260967.16324,119939,55958.42,118510782.28846,0,ETHUSDT,1h
2026-05-18 05:00:00+00:00,2123.69,2124.8,2115.51,2117.27,68180.231,2026-05-18 05:59:59.999000+00:00,144567702.53244,107358,30705.214,65116014.6415,0,ETHUSDT,1h
2026-05-18 06:00:00+00:00,2117.26,2120.43,2108.33,2117.95,138979.099,2026-05-18 06:59:59.999000+00:00,293895169.78528,173672,62443.024,132051101.5718,0,ETHUSDT,1h
2026-05-18 07:00:00+00:00,2117.95,2122.84,2110.83,2119.46,96762.832,2026-05-18 07:59:59.999000+00:00,204935304.90029,134061,49748.457,105354279.54101,0,ETHUSDT,1h
2026-05-18 08:00:00+00:00,2119.46,2123.0,2116.25,2120.26,71059.707,2026-05-18 08:59:59.999000+00:00,150625174.19557,94323,38128.597,80821960.60619,0,ETHUSDT,1h
2026-05-18 09:00:00+00:00,2120.26,2120.79,2114.7,2115.75,38784.07,2026-05-18 09:59:59.999000+00:00,82101375.67307,67772,19513.931,41308490.17589,0,ETHUSDT,1h
2026-05-18 10:00:00+00:00,2115.75,2116.65,2111.12,2113.5,80720.868,2026-05-18 10:59:59.999000+00:00,170655598.98106,94450,46676.478,98685557.73102,0,ETHUSDT,1h
2026-05-18 11:00:00+00:00,2113.51,2139.18,2109.4,2132.98,262310.452,2026-05-18 11:59:59.999000+00:00,558052512.70249,249505,140542.285,298972827.12157,0,ETHUSDT,1h
2026-05-18 12:00:00+00:00,2132.98,2156.52,2132.98,2149.99,338522.187,2026-05-18 12:59:59.999000+00:00,726530362.3529,376828,173213.888,371762509.80848,0,ETHUSDT,1h
2026-05-18 13:00:00+00:00,2150.0,2150.41,2118.37,2130.07,425821.95,2026-05-18 13:59:59.999000+00:00,908404636.63394,475239,211410.387,451050771.04976,0,ETHUSDT,1h
2026-05-18 14:00:00+00:00,2130.08,2130.18,2097.0,2109.49,457547.7,2026-05-18 14:59:59.999000+00:00,966818808.86675,555299,213711.73,451677232.82213,0,ETHUSDT,1h
2026-05-18 15:00:00+00:00,2109.5,2110.39,2092.6,2106.66,350235.729,2026-05-18 15:59:59.999000+00:00,735899564.28942,440674,180707.967,379775084.39824,0,ETHUSDT,1h
2026-05-18 16:00:00+00:00,2106.66,2110.81,2089.01,2096.56,286847.791,2026-05-18 16:59:59.999000+00:00,602030368.23311,304042,151112.71,317213347.5605,0,ETHUSDT,1h
2026-05-18 17:00:00+00:00,2096.56,2109.46,2094.24,2107.01,115555.998,2026-05-18 17:59:59.999000+00:00,243142019.94866,188921,61137.935,128635019.12211,0,ETHUSDT,1h
2026-05-18 18:00:00+00:00,2107.0,2108.22,2074.26,2080.36,330620.269,2026-05-18 18:59:59.999000+00:00,689846549.44439,356648,147349.813,307502295.836,0,ETHUSDT,1h
2026-05-18 19:00:00+00:00,2080.37,2127.96,2078.0,2124.48,496001.84,2026-05-18 19:59:59.999000+00:00,1046059935.77853,524702,248596.154,524175264.84568,0,ETHUSDT,1h
2026-05-18 20:00:00+00:00,2124.5,2130.27,2114.03,2116.56,166888.913,2026-05-18 20:59:59.999000+00:00,354207415.39202,164910,85563.043,181596660.39626,0,ETHUSDT,1h
2026-05-18 21:00:00+00:00,2116.57,2141.97,2113.52,2136.4,197728.648,2026-05-18 21:59:59.999000+00:00,421621542.21122,189199,98661.414,210297335.16818,0,ETHUSDT,1h
2026-05-18 22:00:00+00:00,2136.4,2141.66,2129.09,2134.82,164732.987,2026-05-18 22:59:59.999000+00:00,351834135.19315,141982,77162.15,164809596.94352,0,ETHUSDT,1h
2026-05-18 23:00:00+00:00,2134.82,2138.27,2126.5,2128.99,70877.868,2026-05-18 23:59:59.999000+00:00,151116358.60024,92654,32232.706,68729782.41409,0,ETHUSDT,1h
2026-05-19 00:00:00+00:00,2128.99,2146.99,2127.4,2135.09,121121.883,2026-05-19 00:59:59.999000+00:00,258867049.8248,183760,67735.462,144795664.27857,0,ETHUSDT,1h
2026-05-19 01:00:00+00:00,2135.09,2137.74,2122.75,2123.84,134393.412,2026-05-19 01:59:59.999000+00:00,286034744.83558,201659,65286.636,138958490.03149,0,ETHUSDT,1h
2026-05-19 02:00:00+00:00,2123.83,2135.0,2118.4,2122.47,149122.851,2026-05-19 02:59:59.999000+00:00,317037185.88328,187299,78688.843,167329879.13294,0,ETHUSDT,1h
2026-05-19 03:00:00+00:00,2122.46,2133.9,2121.02,2130.46,88880.485,2026-05-19 03:59:59.999000+00:00,189219514.74462,107113,43185.17,91929602.71631,0,ETHUSDT,1h
2026-05-19 04:00:00+00:00,2130.46,2135.9,2127.19,2132.97,75746.661,2026-05-19 04:59:59.999000+00:00,161467009.66698,102675,33013.782,70385262.31273,0,ETHUSDT,1h
2026-05-19 05:00:00+00:00,2132.96,2136.89,2122.27,2134.26,136440.167,2026-05-19 05:59:59.999000+00:00,290739777.72133,150761,77109.173,164371442.68207,0,ETHUSDT,1h
2026-05-19 06:00:00+00:00,2134.27,2139.36,2131.5,2136.39,66353.235,2026-05-19 06:59:59.999000+00:00,141691281.39812,106816,39192.543,83700210.76252,0,ETHUSDT,1h
2026-05-19 07:00:00+00:00,2136.39,2144.22,2134.26,2139.98,78383.993,2026-05-19 07:59:59.999000+00:00,167699402.52257,117131,40921.965,87563698.50921,0,ETHUSDT,1h
2026-05-19 08:00:00+00:00,2139.98,2140.45,2129.64,2132.59,107930.543,2026-05-19 08:59:59.999000+00:00,230437138.18555,118647,47311.097,101014537.16512,0,ETHUSDT,1h
2026-05-19 09:00:00+00:00,2132.58,2133.65,2109.4,2113.38,314968.789,2026-05-19 09:59:59.999000+00:00,667123224.42703,250145,156647.467,331835167.38932,0,ETHUSDT,1h
2026-05-19 10:00:00+00:00,2113.38,2121.47,2105.73,2117.4,191478.258,2026-05-19 10:59:59.999000+00:00,404684116.26036,200351,90543.169,191404724.44991,0,ETHUSDT,1h
2026-05-19 11:00:00+00:00,2117.4,2119.47,2108.19,2109.74,82958.923,2026-05-19 11:59:59.999000+00:00,175364007.31305,113629,35060.234,74110126.06498,0,ETHUSDT,1h
2026-05-19 12:00:00+00:00,2109.73,2118.73,2107.69,2117.4,95960.964,2026-05-19 12:59:59.999000+00:00,202872797.46742,100281,43537.953,92055819.19059,0,ETHUSDT,1h
2026-05-19 13:00:00+00:00,2117.39,2126.95,2106.5,2118.17,293413.314,2026-05-19 13:59:59.999000+00:00,621207985.85748,339432,146623.213,310480513.17433,0,ETHUSDT,1h
2026-05-19 14:00:00+00:00,2118.17,2123.26,2093.16,2105.34,508026.765,2026-05-19 14:59:59.999000+00:00,1069693900.64037,521990,227820.162,479767229.43636,0,ETHUSDT,1h
2026-05-19 15:00:00+00:00,2105.34,2112.9,2102.61,2109.37,135593.036,2026-05-19 15:59:59.999000+00:00,285892407.45242,201210,66349.062,139898359.36667,0,ETHUSDT,1h
2026-05-19 16:00:00+00:00,2109.38,2121.79,2106.27,2120.26,121642.932,2026-05-19 16:59:59.999000+00:00,257157663.17728,165404,67265.869,142190344.71849,0,ETHUSDT,1h
2026-05-19 17:00:00+00:00,2120.26,2124.5,2111.65,2114.86,133588.455,2026-05-19 17:59:59.999000+00:00,283086229.13695,151642,79491.652,168478940.65372,0,ETHUSDT,1h
2026-05-19 18:00:00+00:00,2114.86,2118.83,2109.65,2114.23,83848.613,2026-05-19 18:59:59.999000+00:00,177307230.12033,106320,35061.334,74147482.94177,0,ETHUSDT,1h
2026-05-19 19:00:00+00:00,2114.23,2122.45,2108.82,2112.27,72091.511,2026-05-19 19:59:59.999000+00:00,152437871.91065,108573,35109.506,74242884.67604,0,ETHUSDT,1h
2026-05-19 20:00:00+00:00,2112.26,2118.07,2111.41,2117.48,24303.816,2026-05-19 20:59:59.999000+00:00,51409520.11338,43889,13356.984,28251221.38903,0,ETHUSDT,1h
2026-05-19 21:00:00+00:00,2117.48,2119.79,2115.57,2116.0,26028.073,2026-05-19 21:59:59.999000+00:00,55121135.24844,42930,13409.309,28398927.83845,0,ETHUSDT,1h
2026-05-19 22:00:00+00:00,2116.0,2116.0,2101.21,2105.24,98702.81,2026-05-19 22:59:59.999000+00:00,207972038.01902,124525,44359.832,93475541.71935,0,ETHUSDT,1h
2026-05-19 23:00:00+00:00,2105.24,2117.76,2103.5,2111.0,59991.673,2026-05-19 23:59:59.999000+00:00,126729246.29082,87576,30025.913,63427561.48262,0,ETHUSDT,1h
2026-05-20 00:00:00+00:00,2110.99,2115.29,2102.31,2110.61,89338.735,2026-05-20 00:59:59.999000+00:00,188322787.24426,165524,45954.922,96879505.24737,0,ETHUSDT,1h
2026-05-20 01:00:00+00:00,2110.6,2118.5,2101.79,2114.29,118272.963,2026-05-20 01:59:59.999000+00:00,249506302.79197,195849,65388.65,137952421.78595,0,ETHUSDT,1h
2026-05-20 02:00:00+00:00,2114.3,2116.36,2105.01,2108.58,65475.45,2026-05-20 02:59:59.999000+00:00,138120768.39039,121491,34715.417,73218965.64631,0,ETHUSDT,1h
2026-05-20 03:00:00+00:00,2108.57,2115.43,2104.93,2110.62,56332.331,2026-05-20 03:59:59.999000+00:00,118877158.2709,91131,27642.65,58328213.50592,0,ETHUSDT,1h
2026-05-20 04:00:00+00:00,2110.63,2113.78,2106.01,2112.39,41883.798,2026-05-20 04:59:59.999000+00:00,88407570.10997,70562,18828.515,39742099.39179,0,ETHUSDT,1h
2026-05-20 05:00:00+00:00,2112.38,2129.85,2112.38,2124.56,204819.533,2026-05-20 05:59:59.999000+00:00,434925400.81686,200095,116478.034,247326240.07631,0,ETHUSDT,1h
2026-05-20 06:00:00+00:00,2124.55,2134.0,2124.31,2132.99,124093.864,2026-05-20 06:59:59.999000+00:00,264294405.03196,124425,72072.94,153512459.94814,0,ETHUSDT,1h
2026-05-20 07:00:00+00:00,2133.0,2135.54,2127.36,2128.79,93168.291,2026-05-20 07:59:59.999000+00:00,198546325.58401,105670,40588.187,86506608.16652,0,ETHUSDT,1h
2026-05-20 08:00:00+00:00,2128.8,2138.0,2127.8,2130.81,123838.238,2026-05-20 08:59:59.999000+00:00,264138139.65456,125341,72558.132,154769901.29241,0,ETHUSDT,1h
2026-05-20 09:00:00+00:00,2130.81,2132.22,2126.71,2128.55,63186.111,2026-05-20 09:59:59.999000+00:00,134548077.44777,76488,31689.018,67479424.53333,0,ETHUSDT,1h
2026-05-20 10:00:00+00:00,2128.56,2136.38,2128.56,2129.76,87443.884,2026-05-20 10:59:59.999000+00:00,186481394.00255,94611,48095.498,102564936.79637,0,ETHUSDT,1h
2026-05-20 11:00:00+00:00,2129.76,2131.27,2123.18,2127.38,72809.069,2026-05-20 11:59:59.999000+00:00,154862463.1335,84197,33198.704,70615477.4948,0,ETHUSDT,1h
2026-05-20 12:00:00+00:00,2127.38,2139.25,2125.99,2133.19,125690.965,2026-05-20 12:59:59.999000+00:00,268016029.25598,106981,64099.915,136701473.25428,0,ETHUSDT,1h
2026-05-20 13:00:00+00:00,2133.19,2134.72,2114.15,2119.74,274356.721,2026-05-20 13:59:59.999000+00:00,582287131.32169,275343,135245.907,287074836.49245,0,ETHUSDT,1h
2026-05-20 14:00:00+00:00,2119.74,2138.88,2112.5,2134.05,324258.457,2026-05-20 14:59:59.999000+00:00,690537957.57434,393375,170762.393,363664882.48316,0,ETHUSDT,1h
2026-05-20 15:00:00+00:00,2134.04,2148.6,2127.67,2135.7,261995.621,2026-05-20 15:59:59.999000+00:00,560504020.99088,306395,136276.229,291546455.32186,0,ETHUSDT,1h
2026-05-20 16:00:00+00:00,2135.7,2139.55,2122.87,2134.35,156357.036,2026-05-20 16:59:59.999000+00:00,333216618.58925,204767,79458.49,169347245.18107,0,ETHUSDT,1h
2026-05-20 17:00:00+00:00,2134.35,2147.92,2131.01,2139.56,152461.307,2026-05-20 17:59:59.999000+00:00,326442128.07678,191173,76225.35,163227562.39733,0,ETHUSDT,1h
2026-05-20 18:00:00+00:00,2139.56,2140.0,2130.04,2131.15,82076.901,2026-05-20 18:59:59.999000+00:00,175242434.80719,115127,40032.037,85478359.13291,0,ETHUSDT,1h
2026-05-20 19:00:00+00:00,2131.15,2140.72,2127.92,2138.17,73644.816,2026-05-20 19:59:59.999000+00:00,157241963.43411,101224,38073.678,81300064.44138,0,ETHUSDT,1h
2026-05-20 20:00:00+00:00,2138.16,2139.87,2128.21,2135.01,66743.932,2026-05-20 20:59:59.999000+00:00,142463683.21038,105250,34499.822,73632386.30527,0,ETHUSDT,1h
2026-05-20 21:00:00+00:00,2135.01,2137.92,2129.37,2129.59,31446.693,2026-05-20 21:59:59.999000+00:00,67071923.87064,47844,15688.44,33463401.70373,0,ETHUSDT,1h
2026-05-20 22:00:00+00:00,2129.58,2129.59,2117.41,2127.16,94751.518,2026-05-20 22:59:59.999000+00:00,201142695.946,135775,44265.571,93970947.85337,0,ETHUSDT,1h
2026-05-20 23:00:00+00:00,2127.15,2129.77,2121.58,2128.6,37813.437,2026-05-20 23:59:59.999000+00:00,80381275.44674,65591,21523.576,45754996.43151,0,ETHUSDT,1h
2026-05-21 00:00:00+00:00,2128.59,2144.53,2127.67,2141.83,111287.372,2026-05-21 00:59:59.999000+00:00,237801606.68499,148997,61996.827,132479723.00894,0,ETHUSDT,1h
2026-05-21 01:00:00+00:00,2141.83,2157.0,2138.13,2140.11,223517.657,2026-05-21 01:59:59.999000+00:00,479750431.55213,227842,118109.943,253587068.24578,0,ETHUSDT,1h
2026-05-21 02:00:00+00:00,2140.12,2147.42,2138.2,2140.6,86637.778,2026-05-21 02:59:59.999000+00:00,185724178.97506,103477,42397.883,90885185.47105,0,ETHUSDT,1h
2026-05-21 03:00:00+00:00,2140.6,2146.0,2139.71,2144.77,38489.62,2026-05-21 03:59:59.999000+00:00,82498924.99917,60591,20290.476,43489960.13551,0,ETHUSDT,1h
2026-05-21 04:00:00+00:00,2144.77,2147.8,2141.44,2143.81,44062.679,2026-05-21 04:59:59.999000+00:00,94492023.51464,62432,19083.401,40929987.61004,0,ETHUSDT,1h
2026-05-21 05:00:00+00:00,2143.81,2147.43,2132.04,2135.41,96396.74,2026-05-21 05:59:59.999000+00:00,206175298.21757,102153,41663.257,89122467.23471,0,ETHUSDT,1h
2026-05-21 06:00:00+00:00,2135.4,2137.69,2126.53,2127.61,119331.326,2026-05-21 06:59:59.999000+00:00,254347098.46006,126843,53351.79,113729235.17305,0,ETHUSDT,1h
2026-05-21 07:00:00+00:00,2127.61,2136.23,2123.33,2134.07,117899.368,2026-05-21 07:59:59.999000+00:00,251020663.9232,118308,60412.889,128639685.45676,0,ETHUSDT,1h
2026-05-21 08:00:00+00:00,2134.06,2147.51,2134.02,2137.05,155941.744,2026-05-21 08:59:59.999000+00:00,333835388.09307,157095,82711.165,177073731.01263,0,ETHUSDT,1h
2026-05-21 09:00:00+00:00,2137.04,2140.05,2126.5,2127.08,117954.245,2026-05-21 09:59:59.999000+00:00,251427055.52144,107490,56636.462,120712387.44569,0,ETHUSDT,1h
2026-05-21 10:00:00+00:00,2127.08,2129.34,2108.29,2113.44,334200.928,2026-05-21 10:59:59.999000+00:00,707450998.48163,284642,147633.195,312541778.4988,0,ETHUSDT,1h
2026-05-21 11:00:00+00:00,2113.44,2118.85,2110.76,2114.08,95206.913,2026-05-21 11:59:59.999000+00:00,201392390.18498,109054,48719.64,103065778.6335,0,ETHUSDT,1h
2026-05-21 12:00:00+00:00,2114.08,2118.76,2111.03,2116.19,92710.383,2026-05-21 12:59:59.999000+00:00,196084063.09476,127491,46215.246,97755020.35022,0,ETHUSDT,1h
2026-05-21 13:00:00+00:00,2116.19,2123.36,2103.51,2119.54,258187.86,2026-05-21 13:59:59.999000+00:00,545449099.3631,287297,135236.212,285780541.91525,0,ETHUSDT,1h
2026-05-21 14:00:00+00:00,2119.54,2124.7,2109.47,2120.98,196074.611,2026-05-21 14:59:59.999000+00:00,415445805.15902,260051,98591.38,208887643.87722,0,ETHUSDT,1h
2026-05-21 15:00:00+00:00,2120.97,2137.44,2118.25,2131.38,256088.009,2026-05-21 15:59:59.999000+00:00,545555785.27646,271394,130860.02,278778365.0485,0,ETHUSDT,1h
2026-05-21 16:00:00+00:00,2131.38,2135.55,2121.6,2126.87,107100.25,2026-05-21 16:59:59.999000+00:00,227960305.62809,140792,53306.982,113453166.29616,0,ETHUSDT,1h
2026-05-21 17:00:00+00:00,2126.87,2152.78,2124.9,2145.67,381914.729,2026-05-21 17:59:59.999000+00:00,818466872.2283,386682,199037.586,426538684.36237,0,ETHUSDT,1h
2026-05-21 18:00:00+00:00,2145.67,2147.31,2120.03,2125.89,233940.387,2026-05-21 18:59:59.999000+00:00,499146568.46912,247830,102646.33,219049353.29602,0,ETHUSDT,1h
2026-05-21 19:00:00+00:00,2125.88,2144.84,2125.37,2142.09,125018.676,2026-05-21 19:59:59.999000+00:00,266979893.55323,145161,67003.096,143112211.11322,0,ETHUSDT,1h
2026-05-21 20:00:00+00:00,2142.09,2142.56,2135.96,2137.75,50596.194,2026-05-21 20:59:59.999000+00:00,108234756.75883,65667,22298.922,47702833.69357,0,ETHUSDT,1h
2026-05-21 21:00:00+00:00,2137.76,2140.0,2132.96,2134.49,27579.534,2026-05-21 21:59:59.999000+00:00,58921355.29784,46776,13473.683,28786269.81827,0,ETHUSDT,1h
2026-05-21 22:00:00+00:00,2134.5,2136.09,2130.0,2130.99,34283.966,2026-05-21 22:59:59.999000+00:00,73118621.1978,68819,17696.573,37743171.35911,0,ETHUSDT,1h
2026-05-21 23:00:00+00:00,2131.0,2135.93,2125.9,2132.78,45673.561,2026-05-21 23:59:59.999000+00:00,97355935.8805,73000,21584.677,46021934.57761,0,ETHUSDT,1h
2026-05-22 00:00:00+00:00,2132.78,2134.29,2128.18,2128.19,49393.577,2026-05-22 00:59:59.999000+00:00,105254089.94869,97752,21666.316,46169393.34763,0,ETHUSDT,1h
2026-05-22 01:00:00+00:00,2128.19,2136.41,2124.05,2135.08,85071.513,2026-05-22 01:59:59.999000+00:00,181181107.54387,108852,47731.197,101651437.95831,0,ETHUSDT,1h
2026-05-22 02:00:00+00:00,2135.09,2139.33,2133.04,2136.88,69617.01,2026-05-22 02:59:59.999000+00:00,148708246.83629,97118,30545.665,65257467.41402,0,ETHUSDT,1h
2026-05-22 03:00:00+00:00,2136.88,2140.75,2134.14,2136.87,32384.548,2026-05-22 03:59:59.999000+00:00,69220727.09749,56774,17924.99,38317796.37819,0,ETHUSDT,1h
2026-05-22 04:00:00+00:00,2136.87,2140.45,2131.5,2132.79,44352.202,2026-05-22 04:59:59.999000+00:00,94735206.41468,57893,19207.6,41027033.52402,0,ETHUSDT,1h
2026-05-22 05:00:00+00:00,2132.79,2135.28,2126.28,2128.34,87641.616,2026-05-22 05:59:59.999000+00:00,186760721.06441,84743,38577.043,82240123.23531,0,ETHUSDT,1h
2026-05-22 06:00:00+00:00,2128.34,2130.28,2122.86,2124.79,89866.063,2026-05-22 06:59:59.999000+00:00,191100057.39558,105892,43966.688,93504854.93363,0,ETHUSDT,1h
2026-05-22 07:00:00+00:00,2124.79,2131.65,2121.0,2127.49,80442.91,2026-05-22 07:59:59.999000+00:00,171099842.83599,93149,38208.425,81273250.43795,0,ETHUSDT,1h
2026-05-22 08:00:00+00:00,2127.48,2132.67,2118.42,2121.49,112004.423,2026-05-22 08:59:59.999000+00:00,237975788.8134,136312,50509.286,107354943.40701,0,ETHUSDT,1h
2026-05-22 09:00:00+00:00,2121.49,2124.58,2117.76,2122.86,83123.384,2026-05-22 09:59:59.999000+00:00,176325584.87625,90025,45247.983,95989959.51895,0,ETHUSDT,1h
2026-05-22 10:00:00+00:00,2122.87,2124.58,2120.02,2122.1,39643.77,2026-05-22 10:59:59.999000+00:00,84142873.75062,61076,19157.007,40661052.02465,0,ETHUSDT,1h
2026-05-22 11:00:00+00:00,2122.1,2129.99,2119.0,2129.65,62372.7,2026-05-22 11:59:59.999000+00:00,132560771.12997,80913,33045.197,70243881.53721,0,ETHUSDT,1h
2026-05-22 12:00:00+00:00,2129.64,2137.33,2128.34,2134.21,127225.637,2026-05-22 12:59:59.999000+00:00,271335058.78557,127240,62949.661,134266800.83473,0,ETHUSDT,1h
2026-05-22 13:00:00+00:00,2134.22,2134.79,2122.69,2129.29,144806.144,2026-05-22 13:59:59.999000+00:00,308227214.66263,189745,71765.34,152769002.7701,0,ETHUSDT,1h
2026-05-22 14:00:00+00:00,2129.29,2129.29,2111.0,2115.95,237106.512,2026-05-22 14:59:59.999000+00:00,502424858.91299,257348,107790.094,228418622.05231,0,ETHUSDT,1h
2026-05-22 15:00:00+00:00,2115.95,2124.72,2111.34,2118.5,140289.22,2026-05-22 15:59:59.999000+00:00,297146918.57678,175427,69575.68,147377192.99233,0,ETHUSDT,1h
2026-05-22 16:00:00+00:00,2118.51,2123.17,2117.0,2121.99,65598.501,2026-05-22 16:59:59.999000+00:00,139054089.87065,102456,33536.199,71090683.38024,0,ETHUSDT,1h
2026-05-22 17:00:00+00:00,2121.99,2129.39,2118.22,2118.62,139377.544,2026-05-22 17:59:59.999000+00:00,295997546.79527,156534,64896.488,137845957.36372,0,ETHUSDT,1h
2026-05-22 18:00:00+00:00,2118.63,2120.88,2082.51,2098.96,459811.722,2026-05-22 18:59:59.999000+00:00,965949085.21496,349357,207091.849,434980509.37492,0,ETHUSDT,1h
2026-05-22 19:00:00+00:00,2098.95,2102.3,2056.39,2064.6,674315.14,2026-05-22 19:59:59.999000+00:00,1397191839.20346,578504,328460.417,680507247.33707,0,ETHUSDT,1h
2026-05-22 20:00:00+00:00,2064.6,2078.2,2063.24,2072.24,197523.629,2026-05-22 20:59:59.999000+00:00,409192165.16903,219031,99512.963,206168935.52316,0,ETHUSDT,1h
2026-05-22 21:00:00+00:00,2072.24,2078.8,2070.0,2077.39,94913.685,2026-05-22 21:59:59.999000+00:00,196856110.14841,111790,41296.764,85675479.36984,0,ETHUSDT,1h
2026-05-22 22:00:00+00:00,2077.39,2078.81,2065.58,2071.91,90078.328,2026-05-22 22:59:59.999000+00:00,186636931.09117,122596,43611.217,90369195.79434,0,ETHUSDT,1h
2026-05-22 23:00:00+00:00,2071.91,2076.46,2056.05,2064.98,147138.743,2026-05-22 23:59:59.999000+00:00,303977743.74704,169068,67169.149,138799835.38866,0,ETHUSDT,1h
2026-05-23 00:00:00+00:00,2064.99,2069.91,2051.49,2063.76,206798.338,2026-05-23 00:59:59.999000+00:00,426596932.99337,256793,97702.257,201614729.87544,0,ETHUSDT,1h
2026-05-23 01:00:00+00:00,2063.76,2069.32,2061.75,2068.12,73432.834,2026-05-23 01:59:59.999000+00:00,151739229.5239,115008,41818.181,86420875.41798,0,ETHUSDT,1h
2026-05-23 02:00:00+00:00,2068.11,2069.8,2064.03,2067.35,40901.644,2026-05-23 02:59:59.999000+00:00,84535412.53525,67479,21529.239,44497215.79439,0,ETHUSDT,1h
2026-05-23 03:00:00+00:00,2067.36,2071.1,2067.06,2069.87,37822.004,2026-05-23 03:59:59.999000+00:00,78263481.80381,55425,19030.87,39379328.65903,0,ETHUSDT,1h
2026-05-23 04:00:00+00:00,2069.88,2070.24,2064.45,2066.34,39115.698,2026-05-23 04:59:59.999000+00:00,80854737.95745,49476,18247.418,37714891.50889,0,ETHUSDT,1h
2026-05-23 05:00:00+00:00,2066.35,2067.0,2060.94,2064.0,53573.852,2026-05-23 05:59:59.999000+00:00,110561345.53568,67780,21516.815,44404326.4843,0,ETHUSDT,1h
2026-05-23 06:00:00+00:00,2064.01,2064.88,2059.18,2060.93,48618.923,2026-05-23 06:59:59.999000+00:00,100246804.14141,59778,21098.923,43505705.14656,0,ETHUSDT,1h
2026-05-23 07:00:00+00:00,2060.93,2062.2,2007.0,2027.47,817337.854,2026-05-23 07:59:59.999000+00:00,1660536088.24718,572968,357634.848,726508331.67993,0,ETHUSDT,1h
2026-05-23 08:00:00+00:00,2027.48,2031.4,2020.17,2029.33,271741.699,2026-05-23 08:59:59.999000+00:00,550596972.50285,262185,142497.913,288753300.45792,0,ETHUSDT,1h
2026-05-23 09:00:00+00:00,2029.33,2030.48,2026.18,2026.46,107511.201,2026-05-23 09:59:59.999000+00:00,218080262.56032,102488,56246.757,114100620.53047,0,ETHUSDT,1h
2026-05-23 10:00:00+00:00,2026.46,2032.99,2026.05,2030.56,58292.057,2026-05-23 10:59:59.999000+00:00,118307255.17928,58355,28473.676,57786070.11433,0,ETHUSDT,1h
2026-05-23 11:00:00+00:00,2030.55,2035.0,2029.61,2030.46,73359.729,2026-05-23 11:59:59.999000+00:00,149091613.23929,68021,42886.172,87168154.1126,0,ETHUSDT,1h
2026-05-23 12:00:00+00:00,2030.46,2031.07,2026.1,2030.17,60655.356,2026-05-23 12:59:59.999000+00:00,123064718.50634,63876,29761.878,60384712.52486,0,ETHUSDT,1h
2026-05-23 13:00:00+00:00,2030.18,2045.5,2030.12,2043.96,259988.693,2026-05-23 13:59:59.999000+00:00,530526159.96524,216360,150591.581,307334986.16643,0,ETHUSDT,1h
2026-05-23 14:00:00+00:00,2043.96,2064.53,2040.09,2060.64,285692.228,2026-05-23 14:59:59.999000+00:00,586179652.10651,231574,153553.255,314997190.37141,0,ETHUSDT,1h
2026-05-23 15:00:00+00:00,2060.65,2067.84,2054.6,2059.43,253946.304,2026-05-23 15:59:59.999000+00:00,523418823.84976,203173,113117.621,233152386.04754,0,ETHUSDT,1h
2026-05-23 16:00:00+00:00,2059.43,2064.48,2056.4,2060.8,111680.429,2026-05-23 16:59:59.999000+00:00,230113936.34804,113825,47436.802,97747481.20232,0,ETHUSDT,1h
2026-05-23 17:00:00+00:00,2060.8,2065.0,2058.24,2063.14,75678.753,2026-05-23 17:59:59.999000+00:00,156031988.64148,90584,38544.063,79475486.32801,0,ETHUSDT,1h
2026-05-23 18:00:00+00:00,2063.14,2083.0,2062.74,2073.0,262906.868,2026-05-23 18:59:59.999000+00:00,545528773.08804,241570,145231.127,301333877.61119,0,ETHUSDT,1h
2026-05-23 19:00:00+00:00,2072.99,2081.85,2067.84,2076.51,103943.771,2026-05-23 19:59:59.999000+00:00,215718245.35902,112360,64127.261,133125020.5795,0,ETHUSDT,1h
2026-05-23 20:00:00+00:00,2076.5,2147.0,2073.52,2145.59,881759.965,2026-05-23 20:59:59.999000+00:00,1865361315.7177,771008,463135.007,978719687.31657,0,ETHUSDT,1h
2026-05-23 21:00:00+00:00,2145.6,2149.86,2105.0,2115.84,416700.826,2026-05-23 21:59:59.999000+00:00,885471040.68885,448773,189062.78,401799109.87199,0,ETHUSDT,1h
2026-05-23 22:00:00+00:00,2115.85,2119.5,2102.03,2115.75,153550.92,2026-05-23 22:59:59.999000+00:00,324224386.55825,190884,76438.891,161432759.25252,0,ETHUSDT,1h
2026-05-23 23:00:00+00:00,2115.75,2121.3,2113.35,2116.82,75152.171,2026-05-23 23:59:59.999000+00:00,159150662.04385,109914,42273.686,89530296.21732,0,ETHUSDT,1h
2026-05-24 00:00:00+00:00,2116.82,2120.73,2112.0,2118.59,74286.956,2026-05-24 00:59:59.999000+00:00,157214665.32835,105255,36617.582,77506314.93275,0,ETHUSDT,1h
2026-05-24 01:00:00+00:00,2118.59,2125.58,2117.26,2121.46,77162.45,2026-05-24 01:59:59.999000+00:00,163666993.42794,97129,44028.8,93392673.5347,0,ETHUSDT,1h
2026-05-24 02:00:00+00:00,2121.45,2124.63,2117.26,2121.61,69025.652,2026-05-24 02:59:59.999000+00:00,146426370.70241,87917,33733.193,71570335.07015,0,ETHUSDT,1h
2026-05-24 03:00:00+00:00,2121.61,2126.73,2115.21,2118.09,64923.306,2026-05-24 03:59:59.999000+00:00,137613114.74741,81109,24407.42,51756637.47322,0,ETHUSDT,1h
2026-05-24 04:00:00+00:00,2118.09,2123.01,2118.09,2119.14,37570.987,2026-05-24 04:59:59.999000+00:00,79683954.03904,54324,21091.498,44736059.37759,0,ETHUSDT,1h
2026-05-24 05:00:00+00:00,2119.14,2120.6,2112.8,2119.06,53406.275,2026-05-24 05:59:59.999000+00:00,113019908.65897,68811,25139.84,53210873.64487,0,ETHUSDT,1h
2026-05-24 06:00:00+00:00,2119.05,2129.55,2116.63,2127.24,71013.139,2026-05-24 06:59:59.999000+00:00,150764346.15424,96506,42775.39,90815845.79441,0,ETHUSDT,1h
2026-05-24 07:00:00+00:00,2127.23,2128.96,2118.3,2120.25,51994.369,2026-05-24 07:59:59.999000+00:00,110362444.25809,71376,23027.437,48881881.62929,0,ETHUSDT,1h
2026-05-24 08:00:00+00:00,2120.25,2122.56,2118.3,2119.44,42618.436,2026-05-24 08:59:59.999000+00:00,90353209.73714,57269,18266.596,38725846.87305,0,ETHUSDT,1h
2026-05-24 09:00:00+00:00,2119.43,2123.95,2118.03,2122.47,59819.391,2026-05-24 09:59:59.999000+00:00,126887845.9607,63093,33352.359,70751877.68543,0,ETHUSDT,1h
2026-05-24 10:00:00+00:00,2122.47,2131.1,2118.14,2121.2,111016.411,2026-05-24 10:59:59.999000+00:00,235692575.58019,117694,58243.162,123698012.10113,0,ETHUSDT,1h
2026-05-24 11:00:00+00:00,2121.2,2126.63,2121.12,2125.07,54731.652,2026-05-24 11:59:59.999000+00:00,116273089.51838,76981,26412.746,56110598.99413,0,ETHUSDT,1h
2026-05-24 12:00:00+00:00,2125.08,2125.5,2115.61,2118.91,77367.974,2026-05-24 12:59:59.999000+00:00,163967200.23095,87601,29553.888,62646525.69742,0,ETHUSDT,1h
2026-05-24 13:00:00+00:00,2118.91,2120.39,2104.49,2109.34,172753.55,2026-05-24 13:59:59.999000+00:00,364982790.29083,143646,78387.199,165626336.02793,0,ETHUSDT,1h
2026-05-24 14:00:00+00:00,2109.33,2112.67,2075.6,2097.22,520280.548,2026-05-24 14:59:59.999000+00:00,1089351525.32006,441884,232792.066,487461416.4223,0,ETHUSDT,1h
2026-05-24 15:00:00+00:00,2097.22,2099.4,2093.01,2095.1,79096.598,2026-05-24 15:59:59.999000+00:00,165781201.66273,92403,39437.692,82670124.81073,0,ETHUSDT,1h
2026-05-24 16:00:00+00:00,2095.11,2108.59,2094.11,2102.82,148100.621,2026-05-24 16:59:59.999000+00:00,311178650.06333,148643,84958.154,178521760.97268,0,ETHUSDT,1h
2026-05-24 17:00:00+00:00,2102.83,2106.21,2100.43,2101.93,48833.599,2026-05-24 17:59:59.999000+00:00,102710783.34877,71648,27128.979,57064903.96714,0,ETHUSDT,1h
2026-05-24 18:00:00+00:00,2101.93,2104.13,2096.68,2099.01,50182.78,2026-05-24 18:59:59.999000+00:00,105415499.63918,63139,25045.675,52615237.76129,0,ETHUSDT,1h
2026-05-24 19:00:00+00:00,2099.01,2101.77,2095.27,2099.87,30995.843,2026-05-24 19:59:59.999000+00:00,65037495.1278,57706,17352.65,36412720.33944,0,ETHUSDT,1h
2026-05-24 20:00:00+00:00,2099.87,2101.12,2090.25,2091.94,80047.334,2026-05-24 20:59:59.999000+00:00,167652090.81805,91080,32825.585,68747555.40846,0,ETHUSDT,1h
2026-05-24 21:00:00+00:00,2091.94,2097.87,2061.26,2069.47,263053.226,2026-05-24 21:59:59.999000+00:00,545819725.93493,268571,120610.252,250165622.23745,0,ETHUSDT,1h
2026-05-24 22:00:00+00:00,2069.48,2098.68,2069.37,2091.38,246539.725,2026-05-24 22:59:59.999000+00:00,514993636.19249,309060,131930.662,275616041.78255,0,ETHUSDT,1h
2026-05-24 23:00:00+00:00,2091.37,2107.49,2090.51,2098.99,111821.738,2026-05-24 23:59:59.999000+00:00,234765636.02461,155381,62820.565,131915726.5161,0,ETHUSDT,1h
2026-05-25 00:00:00+00:00,2098.99,2108.74,2098.84,2104.26,99733.487,2026-05-25 00:59:59.999000+00:00,209857281.6382,141754,54279.638,114221069.50324,0,ETHUSDT,1h
2026-05-25 01:00:00+00:00,2104.26,2107.46,2092.32,2093.33,64186.305,2026-05-25 01:59:59.999000+00:00,134871270.69621,110333,24898.194,52342030.56516,0,ETHUSDT,1h
2026-05-25 02:00:00+00:00,2093.34,2112.67,2093.34,2097.3,131591.388,2026-05-25 02:59:59.999000+00:00,276719361.37957,174652,72756.41,153037621.7455,0,ETHUSDT,1h
2026-05-25 03:00:00+00:00,2097.31,2099.2,2090.84,2094.55,54387.885,2026-05-25 03:59:59.999000+00:00,113949311.58068,94012,24620.101,51586233.67876,0,ETHUSDT,1h
2026-05-25 04:00:00+00:00,2094.56,2107.29,2090.96,2104.86,111645.706,2026-05-25 04:59:59.999000+00:00,234426901.35805,97020,60107.98,126209973.5503,0,ETHUSDT,1h
2026-05-25 05:00:00+00:00,2104.86,2110.84,2103.19,2107.21,109739.672,2026-05-25 05:59:59.999000+00:00,231307489.95198,105358,49120.277,103524228.68802,0,ETHUSDT,1h
2026-05-25 06:00:00+00:00,2107.21,2110.8,2098.08,2108.0,95865.08,2026-05-25 06:59:59.999000+00:00,201735563.26082,123534,49997.545,105224974.85857,0,ETHUSDT,1h
2026-05-25 07:00:00+00:00,2108.0,2117.6,2105.49,2115.38,161734.708,2026-05-25 07:59:59.999000+00:00,341503776.03658,156445,91193.966,192591641.76278,0,ETHUSDT,1h
2026-05-25 08:00:00+00:00,2115.38,2116.93,2110.85,2115.76,67137.566,2026-05-25 08:59:59.999000+00:00,141905295.16663,77678,31197.384,65946478.34857,0,ETHUSDT,1h
2026-05-25 09:00:00+00:00,2115.77,2123.72,2115.0,2115.84,121491.829,2026-05-25 09:59:59.999000+00:00,257412051.98971,120195,64242.511,136124867.92965,0,ETHUSDT,1h
2026-05-25 10:00:00+00:00,2115.84,2120.34,2113.76,2116.09,57204.696,2026-05-25 10:59:59.999000+00:00,121053379.54801,72291,26952.57,57041135.42722,0,ETHUSDT,1h
2026-05-25 11:00:00+00:00,2116.1,2119.41,2112.77,2113.89,59892.266,2026-05-25 11:59:59.999000+00:00,126725506.97763,75121,27742.921,58703865.52859,0,ETHUSDT,1h
2026-05-25 12:00:00+00:00,2113.88,2118.71,2111.04,2116.12,68474.769,2026-05-25 12:59:59.999000+00:00,144814383.92975,86906,33333.662,70497552.06891,0,ETHUSDT,1h
2026-05-25 13:00:00+00:00,2116.12,2119.22,2113.24,2115.35,41618.792,2026-05-25 13:59:59.999000+00:00,88042992.06436,66069,19315.599,40864676.09441,0,ETHUSDT,1h
2026-05-25 14:00:00+00:00,2115.36,2129.61,2114.69,2127.54,171809.915,2026-05-25 14:59:59.999000+00:00,364840447.86699,164205,92554.74,196552886.47711,0,ETHUSDT,1h
2026-05-25 15:00:00+00:00,2127.55,2137.99,2121.63,2126.0,173938.582,2026-05-25 15:59:59.999000+00:00,370374728.34369,175476,95531.578,203484886.6526,0,ETHUSDT,1h
2026-05-25 16:00:00+00:00,2126.01,2141.6,2123.88,2135.5,141021.006,2026-05-25 16:59:59.999000+00:00,300692229.14504,142708,76259.946,162650898.46048,0,ETHUSDT,1h
2026-05-25 17:00:00+00:00,2135.49,2139.99,2127.22,2127.82,92340.726,2026-05-25 17:59:59.999000+00:00,197033481.17844,109099,45411.946,96923242.53557,0,ETHUSDT,1h
2026-05-25 18:00:00+00:00,2127.82,2133.12,2125.52,2125.9,50108.703,2026-05-25 18:59:59.999000+00:00,106665332.82974,60885,23065.157,49103208.55654,0,ETHUSDT,1h
2026-05-25 19:00:00+00:00,2125.9,2126.05,2115.42,2120.41,83520.747,2026-05-25 19:59:59.999000+00:00,177125746.85261,94238,33790.14,71668532.50766,0,ETHUSDT,1h
2026-05-25 20:00:00+00:00,2120.41,2122.45,2105.81,2107.49,128311.788,2026-05-25 20:59:59.999000+00:00,271057298.8079,114312,41947.927,88651270.19123,0,ETHUSDT,1h
2026-05-25 21:00:00+00:00,2107.49,2111.92,2106.62,2109.85,57858.905,2026-05-25 21:59:59.999000+00:00,122060964.18015,74263,31261.01,65949565.13701,0,ETHUSDT,1h
2026-05-25 22:00:00+00:00,2109.85,2114.75,2101.09,2102.59,124471.588,2026-05-25 22:59:59.999000+00:00,262321671.60353,146860,61976.939,130648276.33271,0,ETHUSDT,1h
2026-05-25 23:00:00+00:00,2102.59,2112.76,2101.26,2111.64,62112.285,2026-05-25 23:59:59.999000+00:00,130977107.32199,82475,34564.129,72889078.79135,0,ETHUSDT,1h
2026-05-26 00:00:00+00:00,2111.64,2112.95,2083.43,2096.58,230122.777,2026-05-26 00:59:59.999000+00:00,482470579.2978,238167,104407.964,218923886.08965,0,ETHUSDT,1h
2026-05-26 01:00:00+00:00,2096.58,2099.44,2086.56,2093.36,159000.661,2026-05-26 01:59:59.999000+00:00,332822887.15349,188796,93316.168,195323272.45341,0,ETHUSDT,1h
2026-05-26 02:00:00+00:00,2093.36,2094.87,2083.39,2088.0,109412.336,2026-05-26 02:59:59.999000+00:00,228597319.14958,140727,51626.215,107865070.55059,0,ETHUSDT,1h
2026-05-26 03:00:00+00:00,2088.0,2093.59,2083.48,2092.48,73685.768,2026-05-26 03:59:59.999000+00:00,153936968.77643,98557,45647.653,95371159.57385,0,ETHUSDT,1h
2026-05-26 04:00:00+00:00,2092.49,2095.66,2087.8,2092.74,66856.742,2026-05-26 04:59:59.999000+00:00,139875743.48232,71587,31767.112,66466798.19852,0,ETHUSDT,1h
2026-05-26 05:00:00+00:00,2092.74,2102.72,2090.9,2099.82,82241.568,2026-05-26 05:59:59.999000+00:00,172593902.82765,87253,50765.802,106537773.18524,0,ETHUSDT,1h
2026-05-26 06:00:00+00:00,2099.82,2103.9,2093.88,2100.81,69774.962,2026-05-26 06:59:59.999000+00:00,146488485.27833,85506,31491.772,66121032.89466,0,ETHUSDT,1h
2026-05-26 07:00:00+00:00,2100.81,2101.62,2088.63,2094.4,168219.002,2026-05-26 07:59:59.999000+00:00,352361995.50252,127358,77420.496,162132534.22018,0,ETHUSDT,1h
2026-05-26 08:00:00+00:00,2094.4,2099.39,2094.0,2096.23,36589.102,2026-05-26 08:59:59.999000+00:00,76720453.28643,64591,18247.564,38260742.86052,0,ETHUSDT,1h
2026-05-26 09:00:00+00:00,2096.24,2098.82,2092.94,2095.67,46668.111,2026-05-26 09:59:59.999000+00:00,97795783.3779,74752,23858.783,49996881.09217,0,ETHUSDT,1h
2026-05-26 10:00:00+00:00,2095.67,2136.84,2093.0,2126.79,469037.419,2026-05-26 10:59:59.999000+00:00,995741608.15457,404404,269515.519,571997744.11077,0,ETHUSDT,1h
2026-05-26 11:00:00+00:00,2126.79,2130.0,2117.43,2120.0,199279.485,2026-05-26 11:59:59.999000+00:00,422942498.34347,182973,90012.638,191064683.39894,0,ETHUSDT,1h
2026-05-26 12:00:00+00:00,2119.99,2126.4,2110.03,2125.47,182325.324,2026-05-26 12:59:59.999000+00:00,385979197.0385,173408,89397.449,189274842.02168,0,ETHUSDT,1h
2026-05-26 13:00:00+00:00,2125.46,2130.82,2108.3,2124.48,248297.388,2026-05-26 13:59:59.999000+00:00,526207862.2508,276191,115381.668,244551068.497,0,ETHUSDT,1h
2026-05-26 14:00:00+00:00,2124.48,2139.66,2104.0,2108.17,535764.715,2026-05-26 14:59:59.999000+00:00,1136511411.88346,509667,248301.432,526846905.4351,0,ETHUSDT,1h
2026-05-26 15:00:00+00:00,2108.18,2111.39,2076.46,2086.14,554919.846,2026-05-26 15:59:59.999000+00:00,1161520856.01961,502368,265666.108,556107461.55738,0,ETHUSDT,1h
2026-05-26 16:00:00+00:00,2086.14,2089.0,2072.27,2078.53,349817.373,2026-05-26 16:59:59.999000+00:00,727479517.73629,319913,186139.014,387118138.27413,0,ETHUSDT,1h
2026-05-26 17:00:00+00:00,2078.54,2083.0,2053.0,2069.9,470899.915,2026-05-26 17:59:59.999000+00:00,972822188.78028,408321,236145.826,487935353.54735,0,ETHUSDT,1h
2026-05-26 18:00:00+00:00,2069.9,2081.25,2065.73,2067.89,157837.088,2026-05-26 18:59:59.999000+00:00,327089377.41817,202421,86776.164,179846610.5658,0,ETHUSDT,1h
2026-05-26 19:00:00+00:00,2067.89,2076.19,2064.56,2073.65,64939.733,2026-05-26 19:59:59.999000+00:00,134476653.33698,108109,36079.299,74715691.40311,0,ETHUSDT,1h
2026-05-26 20:00:00+00:00,2073.65,2077.8,2072.83,2077.48,46261.164,2026-05-26 20:59:59.999000+00:00,96003780.75981,73842,23971.454,49746886.71589,0,ETHUSDT,1h
2026-05-26 21:00:00+00:00,2077.48,2077.9,2068.19,2072.0,52082.872,2026-05-26 21:59:59.999000+00:00,107999478.85159,71888,22485.258,46625727.56592,0,ETHUSDT,1h
2026-05-26 22:00:00+00:00,2072.0,2075.74,2064.59,2068.0,58551.088,2026-05-26 22:59:59.999000+00:00,121152769.66261,105812,26042.025,53889080.86429,0,ETHUSDT,1h
2026-05-26 23:00:00+00:00,2068.0,2076.09,2067.99,2072.99,43867.727,2026-05-26 23:59:59.999000+00:00,90937308.52307,71574,24539.118,50869139.43318,0,ETHUSDT,1h
2026-05-27 00:00:00+00:00,2073.0,2083.54,2072.79,2082.31,88130.491,2026-05-27 00:59:59.999000+00:00,183183162.59843,120501,48220.053,100229732.89846,0,ETHUSDT,1h
2026-05-27 01:00:00+00:00,2082.31,2083.05,2070.78,2073.48,56732.481,2026-05-27 01:59:59.999000+00:00,117738767.62102,102145,26120.337,54201951.47298,0,ETHUSDT,1h
2026-05-27 02:00:00+00:00,2073.48,2075.28,2067.8,2075.28,71595.23,2026-05-27 02:59:59.999000+00:00,148280757.96181,97918,39097.808,80981756.56348,0,ETHUSDT,1h
2026-05-27 03:00:00+00:00,2075.28,2079.4,2067.48,2068.8,76500.165,2026-05-27 03:59:59.999000+00:00,158574567.16105,97816,38043.357,78852867.8136,0,ETHUSDT,1h
2026-05-27 04:00:00+00:00,2068.79,2072.25,2055.0,2071.17,157717.35,2026-05-27 04:59:59.999000+00:00,325450350.04069,178312,73455.168,151638950.69,0,ETHUSDT,1h
2026-05-27 05:00:00+00:00,2071.17,2078.3,2070.53,2076.34,77115.208,2026-05-27 05:59:59.999000+00:00,159946868.76947,102951,38819.061,80519405.64005,0,ETHUSDT,1h
2026-05-27 06:00:00+00:00,2076.34,2080.57,2073.74,2078.8,62343.897,2026-05-27 06:59:59.999000+00:00,129526256.26174,87809,32718.941,67983052.39479,0,ETHUSDT,1h
2026-05-27 07:00:00+00:00,2078.8,2083.34,2075.0,2082.66,64169.752,2026-05-27 07:59:59.999000+00:00,133430643.61469,87602,35179.932,73160462.84062,0,ETHUSDT,1h
2026-05-27 08:00:00+00:00,2082.67,2096.13,2082.54,2083.99,208209.26,2026-05-27 08:59:59.999000+00:00,434890473.7226,199170,105464.577,220316454.29679,0,ETHUSDT,1h
2026-05-27 09:00:00+00:00,2083.98,2086.84,2077.1,2082.32,112675.632,2026-05-27 09:59:59.999000+00:00,234556755.9271,119617,52993.673,110320014.56233,0,ETHUSDT,1h
2026-05-27 10:00:00+00:00,2082.33,2087.03,2078.27,2078.61,60419.709,2026-05-27 10:59:59.999000+00:00,125799029.60924,73856,29796.523,62046394.10913,0,ETHUSDT,1h
2026-05-27 11:00:00+00:00,2078.61,2084.34,2077.5,2079.58,74087.848,2026-05-27 11:59:59.999000+00:00,154179160.17572,90686,35694.344,74289000.05814,0,ETHUSDT,1h
2026-05-27 12:00:00+00:00,2079.57,2096.61,2072.39,2077.74,245529.503,2026-05-27 12:59:59.999000+00:00,511607647.47931,242811,125016.763,260566524.94091,0,ETHUSDT,1h
2026-05-27 13:00:00+00:00,2077.73,2079.73,2051.0,2063.74,484558.763,2026-05-27 13:59:59.999000+00:00,999599368.18644,468211,231211.537,476995279.35033,0,ETHUSDT,1h
2026-05-27 14:00:00+00:00,2063.74,2071.2,2053.55,2061.66,237078.237,2026-05-27 14:59:59.999000+00:00,488782449.20685,338532,112547.026,232022548.52301,0,ETHUSDT,1h
2026-05-27 15:00:00+00:00,2061.65,2079.6,2060.25,2070.86,246669.915,2026-05-27 15:59:59.999000+00:00,510914031.90965,261016,116219.866,240743195.59167,0,ETHUSDT,1h
2026-05-27 16:00:00+00:00,2070.86,2073.79,2059.1,2069.32,130654.581,2026-05-27 16:59:59.999000+00:00,269928358.1152,175825,57165.341,118102300.89105,0,ETHUSDT,1h
2026-05-27 17:00:00+00:00,2069.33,2069.56,2043.43,2051.35,279493.405,2026-05-27 17:59:59.999000+00:00,574092001.04806,273447,114367.626,235006649.85645,0,ETHUSDT,1h
2026-05-27 18:00:00+00:00,2051.35,2056.09,2041.64,2055.77,168538.217,2026-05-27 18:59:59.999000+00:00,345438665.52532,195706,92787.545,190206919.35143,0,ETHUSDT,1h
2026-05-27 19:00:00+00:00,2055.77,2060.67,2053.56,2056.84,69704.542,2026-05-27 19:59:59.999000+00:00,143380794.89432,104432,32574.091,67008931.86181,0,ETHUSDT,1h
2026-05-27 20:00:00+00:00,2056.85,2065.99,2056.3,2062.38,82478.129,2026-05-27 20:59:59.999000+00:00,170006053.47255,100966,40719.29,83933157.54795,0,ETHUSDT,1h
2026-05-27 21:00:00+00:00,2062.38,2062.38,2013.98,2020.09,442588.392,2026-05-27 21:59:59.999000+00:00,898680681.12433,440645,175126.496,355506512.5743,0,ETHUSDT,1h
2026-05-27 22:00:00+00:00,2020.09,2034.08,2015.0,2024.34,249829.706,2026-05-27 22:59:59.999000+00:00,505997966.18777,347502,111384.49,225639305.70104,0,ETHUSDT,1h
2026-05-27 23:00:00+00:00,2024.33,2029.29,2016.93,2023.7,174494.926,2026-05-27 23:59:59.999000+00:00,352883801.05599,223036,84223.782,170335915.00185,0,ETHUSDT,1h
2026-05-28 00:00:00+00:00,2023.7,2028.47,2019.71,2027.22,95231.315,2026-05-28 00:59:59.999000+00:00,192792000.73562,159940,52207.037,105693449.89416,0,ETHUSDT,1h
2026-05-28 01:00:00+00:00,2027.22,2028.26,2010.25,2019.46,202620.51,2026-05-28 01:59:59.999000+00:00,409054031.55706,273662,86646.798,174981036.52079,0,ETHUSDT,1h
2026-05-28 02:00:00+00:00,2019.47,2021.18,2013.88,2016.7,89150.92,2026-05-28 02:59:59.999000+00:00,179865054.40078,157055,45660.068,92128974.56861,0,ETHUSDT,1h
2026-05-28 03:00:00+00:00,2016.71,2020.0,1970.0,1980.66,972726.874,2026-05-28 03:59:59.999000+00:00,1933573864.07069,739521,432287.016,859009970.27576,0,ETHUSDT,1h
2026-05-28 04:00:00+00:00,1980.65,1985.75,1965.48,1981.21,434004.248,2026-05-28 04:59:59.999000+00:00,857870574.15969,429472,213369.895,421854779.28111,0,ETHUSDT,1h
2026-05-28 05:00:00+00:00,1981.22,1982.57,1974.27,1977.73,140457.78,2026-05-28 05:59:59.999000+00:00,277787931.65444,173750,65526.191,129600147.71707,0,ETHUSDT,1h
2026-05-28 06:00:00+00:00,1977.73,1983.7,1971.42,1983.21,156350.152,2026-05-28 06:59:59.999000+00:00,309264337.95138,165299,82836.151,163872938.1065,0,ETHUSDT,1h
2026-05-28 07:00:00+00:00,1983.21,1995.59,1981.46,1994.24,179965.424,2026-05-28 07:59:59.999000+00:00,358108405.40519,167625,94019.594,187063751.24167,0,ETHUSDT,1h
2026-05-28 08:00:00+00:00,1994.24,1994.96,1983.8,1987.33,119700.003,2026-05-28 08:59:59.999000+00:00,238073035.03093,124393,59543.326,118424785.62166,0,ETHUSDT,1h
2026-05-28 09:00:00+00:00,1987.34,1994.55,1983.6,1992.92,79449.285,2026-05-28 09:59:59.999000+00:00,158134118.76758,116282,43002.163,85595510.17123,0,ETHUSDT,1h
2026-05-28 10:00:00+00:00,1992.92,1997.95,1987.41,1989.15,102330.84,2026-05-28 10:59:59.999000+00:00,203899599.67098,127731,48145.318,95951537.65665,0,ETHUSDT,1h
2026-05-28 11:00:00+00:00,1989.16,1991.8,1985.29,1988.73,94401.003,2026-05-28 11:59:59.999000+00:00,187709414.28903,114352,36198.228,71981526.56195,0,ETHUSDT,1h
2026-05-28 12:00:00+00:00,1988.73,1993.95,1980.32,1991.05,138572.426,2026-05-28 12:59:59.999000+00:00,275310205.26426,171841,70595.275,140278652.10353,0,ETHUSDT,1h
2026-05-28 13:00:00+00:00,1991.06,1994.26,1974.29,1980.78,282046.109,2026-05-28 13:59:59.999000+00:00,558846593.54303,334368,130198.17,258004010.99815,0,ETHUSDT,1h
2026-05-28 14:00:00+00:00,1980.77,2002.21,1966.15,1992.69,616423.153,2026-05-28 14:59:59.999000+00:00,1224568029.3469,686566,307840.919,611683218.3237,0,ETHUSDT,1h
2026-05-28 15:00:00+00:00,1992.68,1998.55,1982.65,1989.69,176716.574,2026-05-28 15:59:59.999000+00:00,351771622.88355,264521,97267.231,193635493.6861,0,ETHUSDT,1h
2026-05-28 16:00:00+00:00,1989.7,2014.8,1984.11,2012.5,312536.36,2026-05-28 16:59:59.999000+00:00,625802596.03037,353854,182443.152,365427744.92757,0,ETHUSDT,1h
2026-05-28 17:00:00+00:00,2012.49,2026.82,2008.26,2018.42,247769.309,2026-05-28 17:59:59.999000+00:00,499845359.08025,266544,129194.334,260712033.27195,0,ETHUSDT,1h
2026-05-28 18:00:00+00:00,2018.43,2029.5,2017.05,2024.17,145298.824,2026-05-28 18:59:59.999000+00:00,294001679.88872,192716,68914.258,139461323.856,0,ETHUSDT,1h
2026-05-28 19:00:00+00:00,2024.17,2024.28,2013.08,2013.86,130593.262,2026-05-28 19:59:59.999000+00:00,263664443.00506,142415,53633.538,108280892.76691,0,ETHUSDT,1h
2026-05-28 20:00:00+00:00,2013.87,2019.4,2005.34,2013.16,126190.543,2026-05-28 20:59:59.999000+00:00,254008348.33164,146766,64767.426,130387893.23385,0,ETHUSDT,1h
2026-05-28 21:00:00+00:00,2013.16,2023.5,2012.53,2019.05,71986.782,2026-05-28 21:59:59.999000+00:00,145392574.83585,85990,44138.834,89136256.97022,0,ETHUSDT,1h
2026-05-28 22:00:00+00:00,2019.05,2022.16,2004.43,2004.89,91532.975,2026-05-28 22:59:59.999000+00:00,184043791.05184,117276,41114.102,82661391.93469,0,ETHUSDT,1h
2026-05-28 23:00:00+00:00,2004.89,2011.61,2004.88,2008.92,59623.634,2026-05-28 23:59:59.999000+00:00,119726624.64969,75946,31148.916,62547922.74159,0,ETHUSDT,1h
2026-05-29 00:00:00+00:00,2008.92,2016.29,2008.92,2011.71,81467.394,2026-05-29 00:59:59.999000+00:00,164038463.39523,114861,41522.092,83601664.45768,0,ETHUSDT,1h
2026-05-29 01:00:00+00:00,2011.71,2015.7,2005.09,2007.25,68717.221,2026-05-29 01:59:59.999000+00:00,138043755.37575,113668,36289.218,72900824.72343,0,ETHUSDT,1h
2026-05-29 02:00:00+00:00,2007.26,2010.12,1995.74,1998.51,128485.11,2026-05-29 02:59:59.999000+00:00,257218086.75469,151141,58495.314,117127471.39899,0,ETHUSDT,1h
2026-05-29 03:00:00+00:00,1998.51,2007.27,1998.51,2002.06,60776.532,2026-05-29 03:59:59.999000+00:00,121749988.23716,88295,32740.129,65582494.40402,0,ETHUSDT,1h
2026-05-29 04:00:00+00:00,2002.05,2007.9,1997.53,2007.63,70410.471,2026-05-29 04:59:59.999000+00:00,141051719.99054,90692,39335.692,78818342.01332,0,ETHUSDT,1h
2026-05-29 05:00:00+00:00,2007.64,2014.84,2006.84,2013.63,99724.779,2026-05-29 05:59:59.999000+00:00,200541833.26818,105797,53805.146,108204778.87195,0,ETHUSDT,1h
2026-05-29 06:00:00+00:00,2013.63,2020.76,2011.33,2017.2,80579.279,2026-05-29 06:59:59.999000+00:00,162415672.13575,102819,43472.245,87637210.07362,0,ETHUSDT,1h
2026-05-29 07:00:00+00:00,2017.21,2019.0,2002.31,2006.54,184236.922,2026-05-29 07:59:59.999000+00:00,370107775.05209,130839,81039.641,162785525.80994,0,ETHUSDT,1h
2026-05-29 08:00:00+00:00,2006.53,2013.0,2004.53,2005.43,95442.407,2026-05-29 08:59:59.999000+00:00,191760443.91174,96534,49021.205,98508371.35982,0,ETHUSDT,1h
2026-05-29 09:00:00+00:00,2005.43,2015.4,2005.2,2013.79,69277.53,2026-05-29 09:59:59.999000+00:00,139403874.63879,81750,33126.679,66654363.69639,0,ETHUSDT,1h
2026-05-29 10:00:00+00:00,2013.8,2014.15,2008.75,2010.14,39179.698,2026-05-29 10:59:59.999000+00:00,78810430.23388,58500,17044.361,34284625.5585,0,ETHUSDT,1h
2026-05-29 11:00:00+00:00,2010.13,2013.62,2001.29,2006.62,89082.353,2026-05-29 11:59:59.999000+00:00,178776719.19661,108830,41125.832,82549222.9439,0,ETHUSDT,1h
2026-05-29 12:00:00+00:00,2006.63,2006.63,1993.57,1998.61,192530.348,2026-05-29 12:59:59.999000+00:00,385055116.27521,189982,82939.095,165862511.88562,0,ETHUSDT,1h
2026-05-29 13:00:00+00:00,1998.62,2005.6,1986.39,1998.75,283691.359,2026-05-29 13:59:59.999000+00:00,566074294.27105,310601,143449.927,286298540.19416,0,ETHUSDT,1h
2026-05-29 14:00:00+00:00,1998.75,2004.0,1975.37,2000.92,492151.141,2026-05-29 14:59:59.999000+00:00,979532129.33272,535278,244785.344,487366505.86324,0,ETHUSDT,1h
2026-05-29 15:00:00+00:00,2000.92,2046.0,1998.34,2030.83,992851.497,2026-05-29 15:59:59.999000+00:00,2012619141.74976,747151,533038.171,1080235614.25854,0,ETHUSDT,1h
2026-05-29 16:00:00+00:00,2030.83,2042.81,2021.23,2039.65,345343.654,2026-05-29 16:59:59.999000+00:00,702493855.41085,378655,173560.852,353043930.98194,0,ETHUSDT,1h
2026-05-29 17:00:00+00:00,2039.65,2043.69,2025.16,2027.57,201912.284,2026-05-29 17:59:59.999000+00:00,411070801.1161,242426,97929.86,199387327.70247,0,ETHUSDT,1h
2026-05-29 18:00:00+00:00,2027.57,2030.99,2003.0,2010.45,297522.502,2026-05-29 18:59:59.999000+00:00,600115986.62717,280908,128697.979,259681803.16582,0,ETHUSDT,1h
2026-05-29 19:00:00+00:00,2010.45,2021.19,2003.65,2016.03,156790.589,2026-05-29 19:59:59.999000+00:00,315779934.73011,176420,83360.633,167889827.92804,0,ETHUSDT,1h
2026-05-29 20:00:00+00:00,2016.02,2023.0,2013.78,2017.48,87732.326,2026-05-29 20:59:59.999000+00:00,177162948.07423,102873,41157.537,83116139.36387,0,ETHUSDT,1h
2026-05-29 21:00:00+00:00,2017.48,2023.31,2007.03,2008.61,106332.776,2026-05-29 21:59:59.999000+00:00,214012302.13225,99407,48041.739,96687087.89364,0,ETHUSDT,1h
2026-05-29 22:00:00+00:00,2008.62,2016.24,2006.61,2012.8,82244.844,2026-05-29 22:59:59.999000+00:00,165471925.06582,91291,43709.874,87939226.63611,0,ETHUSDT,1h
2026-05-29 23:00:00+00:00,2012.81,2014.99,2005.79,2013.35,98471.087,2026-05-29 23:59:59.999000+00:00,197978014.19081,107384,54259.121,109101852.83158,0,ETHUSDT,1h
2026-05-30 00:00:00+00:00,2013.36,2015.37,2009.47,2013.9,55028.087,2026-05-30 00:59:59.999000+00:00,110782735.26579,76873,27471.328,55302867.7467,0,ETHUSDT,1h
2026-05-30 01:00:00+00:00,2013.9,2020.63,2012.5,2018.73,66043.431,2026-05-30 01:59:59.999000+00:00,133280312.6725,84714,35080.54,70793810.00534,0,ETHUSDT,1h
2026-05-30 02:00:00+00:00,2018.73,2020.75,2016.06,2020.62,36868.522,2026-05-30 02:59:59.999000+00:00,74433015.09207,55099,21051.405,42501117.00917,0,ETHUSDT,1h
2026-05-30 03:00:00+00:00,2020.63,2022.69,2013.95,2015.9,64131.298,2026-05-30 03:59:59.999000+00:00,129418948.50872,72426,27812.351,56132272.30728,0,ETHUSDT,1h
2026-05-30 04:00:00+00:00,2015.9,2017.5,2000.83,2010.0,166123.328,2026-05-30 04:59:59.999000+00:00,333525830.1082,162831,73018.787,146639224.3778,0,ETHUSDT,1h
2026-05-30 05:00:00+00:00,2010.0,2023.3,2007.0,2015.04,116282.565,2026-05-30 05:59:59.999000+00:00,234231556.31791,93394,76981.912,155078751.12348,0,ETHUSDT,1h
2026-05-30 06:00:00+00:00,2015.03,2019.79,2011.89,2016.01,53499.116,2026-05-30 06:59:59.999000+00:00,107871035.6483,68193,28412.95,57292036.79325,0,ETHUSDT,1h
2026-05-30 07:00:00+00:00,2016.0,2017.2,2012.73,2015.33,37814.308,2026-05-30 07:59:59.999000+00:00,76185670.28957,48860,21045.788,42404235.4102,0,ETHUSDT,1h
2026-05-30 08:00:00+00:00,2015.33,2015.44,2012.88,2013.39,22764.41,2026-05-30 08:59:59.999000+00:00,45849882.71514,32479,11218.864,22595326.24709,0,ETHUSDT,1h
2026-05-30 09:00:00+00:00,2013.39,2016.5,2012.96,2015.82,24854.72,2026-05-30 09:59:59.999000+00:00,50082264.52501,37807,14779.716,29781594.56702,0,ETHUSDT,1h
2026-05-30 10:00:00+00:00,2015.81,2021.88,2015.47,2017.14,81200.292,2026-05-30 10:59:59.999000+00:00,163924765.04647,66499,47342.406,95594429.54616,0,ETHUSDT,1h
2026-05-30 11:00:00+00:00,2017.13,2018.33,2014.38,2016.54,26552.868,2026-05-30 11:59:59.999000+00:00,53540499.86149,35761,11787.733,23768428.98984,0,ETHUSDT,1h
2026-05-30 12:00:00+00:00,2016.54,2019.73,2016.2,2019.02,25063.543,2026-05-30 12:59:59.999000+00:00,50573124.12523,31930,13133.735,26502057.39482,0,ETHUSDT,1h
2026-05-30 13:00:00+00:00,2019.01,2021.63,2016.16,2019.82,44693.998,2026-05-30 13:59:59.999000+00:00,90248062.81754,50566,22166.029,44762344.51315,0,ETHUSDT,1h
2026-05-30 14:00:00+00:00,2019.81,2029.99,2019.49,2025.89,151178.81,2026-05-30 14:59:59.999000+00:00,306187197.6095,142316,87997.6,178219209.66505,0,ETHUSDT,1h
2026-05-30 15:00:00+00:00,2025.88,2031.51,2023.39,2025.95,94178.772,2026-05-30 15:59:59.999000+00:00,190839582.05571,102816,48186.805,97664155.68872,0,ETHUSDT,1h
2026-05-30 16:00:00+00:00,2025.95,2027.59,2023.63,2026.27,40487.362,2026-05-30 16:59:59.999000+00:00,82003855.96517,55940,22044.524,44648709.40937,0,ETHUSDT,1h
2026-05-30 17:00:00+00:00,2026.28,2028.34,2018.13,2026.42,72753.952,2026-05-30 17:59:59.999000+00:00,147218611.23431,86958,28925.995,58538183.21437,0,ETHUSDT,1h
2026-05-30 18:00:00+00:00,2026.41,2029.72,2023.72,2026.82,48508.469,2026-05-30 18:59:59.999000+00:00,98312197.38697,56432,27006.111,54737622.64078,0,ETHUSDT,1h
2026-05-30 19:00:00+00:00,2026.81,2028.27,2023.74,2027.96,32054.924,2026-05-30 19:59:59.999000+00:00,64957568.40966,41128,14360.666,29099324.65429,0,ETHUSDT,1h
2026-05-30 20:00:00+00:00,2027.97,2028.8,2025.0,2026.3,25254.14,2026-05-30 20:59:59.999000+00:00,51193069.11466,33534,10677.388,21644534.01599,0,ETHUSDT,1h
2026-05-30 21:00:00+00:00,2026.3,2030.79,2026.3,2027.54,40078.802,2026-05-30 21:59:59.999000+00:00,81319718.17444,37166,22154.085,44954124.67356,0,ETHUSDT,1h
2026-05-30 22:00:00+00:00,2027.55,2027.55,2019.71,2022.51,53041.207,2026-05-30 22:59:59.999000+00:00,107295722.74886,68363,22109.394,44720946.91473,0,ETHUSDT,1h
2026-05-30 23:00:00+00:00,2022.51,2025.38,2019.24,2021.58,33895.973,2026-05-30 23:59:59.999000+00:00,68515974.07781,51748,17656.864,35692467.6275,0,ETHUSDT,1h
2026-05-31 00:00:00+00:00,2021.59,2027.23,2019.85,2026.0,35455.023,2026-05-31 00:59:59.999000+00:00,71759519.65663,56048,20131.281,40747562.2064,0,ETHUSDT,1h
2026-05-31 01:00:00+00:00,2026.0,2033.94,2025.78,2028.38,95610.61,2026-05-31 01:59:59.999000+00:00,194114787.64342,97283,58011.675,117778203.23649,0,ETHUSDT,1h
2026-05-31 02:00:00+00:00,2028.38,2037.55,2026.5,2033.51,134029.023,2026-05-31 02:59:59.999000+00:00,272287977.68439,123481,67846.134,137877241.51874,0,ETHUSDT,1h
2026-05-31 03:00:00+00:00,2033.52,2036.06,2031.22,2032.66,39717.826,2026-05-31 03:59:59.999000+00:00,80779582.92161,58488,18546.68,37721820.94555,0,ETHUSDT,1h
2026-05-31 04:00:00+00:00,2032.66,2034.2,2030.3,2032.85,26380.815,2026-05-31 04:59:59.999000+00:00,53607251.96526,44376,12986.215,26390355.42678,0,ETHUSDT,1h
2026-05-31 05:00:00+00:00,2032.85,2033.01,2028.2,2029.27,29475.926,2026-05-31 05:59:59.999000+00:00,59849154.209,47049,11986.047,24339048.43854,0,ETHUSDT,1h
2026-05-31 06:00:00+00:00,2029.27,2030.2,2027.54,2028.99,26681.749,2026-05-31 06:59:59.999000+00:00,54133292.21211,39482,14159.278,28728159.0415,0,ETHUSDT,1h
2026-05-31 07:00:00+00:00,2028.99,2028.99,2021.53,2023.14,57455.335,2026-05-31 07:59:59.999000+00:00,116306595.94277,68640,25620.522,51861311.54459,0,ETHUSDT,1h
2026-05-31 08:00:00+00:00,2023.14,2028.4,2022.01,2026.77,71201.95,2026-05-31 08:59:59.999000+00:00,144213190.01455,70789,41689.566,84431781.76068,0,ETHUSDT,1h
2026-05-31 09:00:00+00:00,2026.78,2027.61,2016.9,2020.15,79978.541,2026-05-31 09:59:59.999000+00:00,161694756.41847,72676,26162.418,52920909.82882,0,ETHUSDT,1h
2026-05-31 10:00:00+00:00,2020.14,2020.89,2014.4,2019.92,101111.86,2026-05-31 10:59:59.999000+00:00,203999063.1172,100999,43716.919,88203030.90122,0,ETHUSDT,1h
2026-05-31 11:00:00+00:00,2019.93,2023.37,2019.92,2022.23,29643.933,2026-05-31 11:59:59.999000+00:00,59931293.97363,45326,15012.656,30350373.5973,0,ETHUSDT,1h
2026-05-31 12:00:00+00:00,2022.22,2024.46,2018.17,2021.35,34896.372,2026-05-31 12:59:59.999000+00:00,70542320.55192,52056,18545.834,37491280.58355,0,ETHUSDT,1h
2026-05-31 13:00:00+00:00,2021.35,2025.7,2018.6,2019.44,34689.474,2026-05-31 13:59:59.999000+00:00,70148132.67256,52199,16662.263,33696703.25066,0,ETHUSDT,1h
2026-05-31 14:00:00+00:00,2019.43,2020.73,2004.53,2006.84,343928.846,2026-05-31 14:59:59.999000+00:00,691198659.79585,269957,150355.592,302184013.88657,0,ETHUSDT,1h
2026-05-31 15:00:00+00:00,2006.85,2014.4,2006.22,2009.51,125030.789,2026-05-31 15:59:59.999000+00:00,251379130.23691,109469,73517.353,147809055.44757,0,ETHUSDT,1h
2026-05-31 16:00:00+00:00,2009.5,2011.5,1996.99,2001.13,213503.715,2026-05-31 16:59:59.999000+00:00,427515228.27692,174162,85871.193,171999828.18642,0,ETHUSDT,1h
2026-05-31 17:00:00+00:00,2001.13,2007.0,1995.42,2005.03,125542.57,2026-05-31 17:59:59.999000+00:00,251382865.43011,102360,67484.992,135154888.22995,0,ETHUSDT,1h
2026-05-31 18:00:00+00:00,2005.04,2005.37,1998.2,1999.83,61666.589,2026-05-31 18:59:59.999000+00:00,123435447.19998,64934,30933.611,61922800.36213,0,ETHUSDT,1h
2026-05-31 19:00:00+00:00,1999.83,2001.76,1992.84,1998.76,73884.921,2026-05-31 19:59:59.999000+00:00,147484317.48449,85459,31467.492,62821962.02858,0,ETHUSDT,1h
2026-05-31 20:00:00+00:00,1998.76,2007.77,1998.76,2006.35,56788.629,2026-05-31 20:59:59.999000+00:00,113731579.0186,65580,35776.833,71653780.67766,0,ETHUSDT,1h
2026-05-31 21:00:00+00:00,2006.36,2013.5,2004.1,2011.44,108295.484,2026-05-31 21:59:59.999000+00:00,217617489.96885,123275,60921.363,122420660.09859,0,ETHUSDT,1h
2026-05-31 22:00:00+00:00,2011.43,2013.4,2003.67,2011.67,70564.259,2026-05-31 22:59:59.999000+00:00,141820247.09531,122970,35891.153,72132221.01773,0,ETHUSDT,1h
2026-05-31 23:00:00+00:00,2011.68,2022.27,1999.05,2006.31,142053.406,2026-05-31 23:59:59.999000+00:00,285516140.97696,181197,74307.237,149409177.99629,0,ETHUSDT,1h
2026-06-01 00:00:00+00:00,2006.3,2020.9,2005.15,2014.83,141927.406,2026-06-01 00:59:59.999000+00:00,285784910.50672,201986,69634.572,140220049.92147,0,ETHUSDT,1h
2026-06-01 01:00:00+00:00,2014.82,2016.17,1993.08,1994.02,158089.225,2026-06-01 01:59:59.999000+00:00,316602799.80402,234415,74305.451,148831062.64153,0,ETHUSDT,1h
2026-06-01 02:00:00+00:00,1994.01,2017.46,1990.09,2010.81,188932.398,2026-06-01 02:59:59.999000+00:00,378931071.56704,235350,102433.829,205431281.05604,0,ETHUSDT,1h
2026-06-01 03:00:00+00:00,2010.8,2017.61,2007.72,2008.48,112140.89,2026-06-01 03:59:59.999000+00:00,225755997.18546,147676,51913.662,104523569.74703,0,ETHUSDT,1h
2026-06-01 04:00:00+00:00,2008.47,2011.38,1992.85,1998.83,176836.439,2026-06-01 04:59:59.999000+00:00,353547777.89806,193135,83445.505,166844707.40039,0,ETHUSDT,1h
2026-06-01 05:00:00+00:00,1998.83,2000.54,1990.36,1993.61,101417.521,2026-06-01 05:59:59.999000+00:00,202359270.33237,125021,36540.591,72914928.50488,0,ETHUSDT,1h
2026-06-01 06:00:00+00:00,1993.61,1994.38,1979.0,1987.09,257876.429,2026-06-01 06:59:59.999000+00:00,512143774.8613,255784,114888.642,228210356.9127,0,ETHUSDT,1h
2026-06-01 07:00:00+00:00,1987.09,1989.77,1970.3,1975.46,218443.309,2026-06-01 07:59:59.999000+00:00,432439290.98597,247249,106453.703,210802353.6269,0,ETHUSDT,1h
2026-06-01 08:00:00+00:00,1975.45,1984.51,1971.1,1983.29,192792.924,2026-06-01 08:59:59.999000+00:00,381247545.88318,219635,95062.828,188045166.25906,0,ETHUSDT,1h
2026-06-01 09:00:00+00:00,1983.28,1989.46,1983.02,1986.94,128714.268,2026-06-01 09:59:59.999000+00:00,255662953.60511,148945,67764.214,134589894.10661,0,ETHUSDT,1h
2026-06-01 10:00:00+00:00,1986.95,1988.2,1980.28,1983.86,92595.652,2026-06-01 10:59:59.999000+00:00,183705401.43813,127016,42207.747,83732312.13552,0,ETHUSDT,1h
2026-06-01 11:00:00+00:00,1983.87,1986.19,1976.38,1980.73,90216.772,2026-06-01 11:59:59.999000+00:00,178754773.37722,122179,38163.715,75636490.79585,0,ETHUSDT,1h
2026-06-01 12:00:00+00:00,1980.73,1993.59,1965.89,1988.67,394763.75,2026-06-01 12:59:59.999000+00:00,781828058.89097,401604,193904.048,384037485.58893,0,ETHUSDT,1h
2026-06-01 13:00:00+00:00,1988.67,1989.46,1954.42,1970.61,634030.791,2026-06-01 13:59:59.999000+00:00,1249621390.21659,647585,279543.633,551251507.8876,0,ETHUSDT,1h
2026-06-01 14:00:00+00:00,1970.62,1976.79,1963.78,1967.61,298622.173,2026-06-01 14:59:59.999000+00:00,588007756.23586,374773,138032.689,271812947.82547,0,ETHUSDT,1h
2026-06-01 15:00:00+00:00,1967.61,1979.5,1959.1,1967.6,306401.49,2026-06-01 15:59:59.999000+00:00,603113617.91898,305780,147084.117,289534784.84641,0,ETHUSDT,1h
2026-06-01 16:00:00+00:00,1967.61,1978.08,1957.47,1977.25,243651.954,2026-06-01 16:59:59.999000+00:00,479565742.0076,268943,132003.548,259848364.51914,0,ETHUSDT,1h
2026-06-01 17:00:00+00:00,1977.25,1996.42,1976.87,1989.86,335153.338,2026-06-01 17:59:59.999000+00:00,666179975.89922,343274,178905.361,355640946.27252,0,ETHUSDT,1h
2026-06-01 18:00:00+00:00,1989.86,1995.0,1982.56,1991.8,114487.357,2026-06-01 18:59:59.999000+00:00,227721668.44047,156364,54209.732,107821214.80198,0,ETHUSDT,1h
2026-06-01 19:00:00+00:00,1991.8,2008.25,1991.04,2003.92,182138.443,2026-06-01 19:59:59.999000+00:00,364497778.14036,174145,88644.988,177367067.6851,0,ETHUSDT,1h
2026-06-01 20:00:00+00:00,2003.92,2008.25,2000.6,2005.01,104167.263,2026-06-01 20:59:59.999000+00:00,208762537.79368,104774,48926.604,98061596.77065,0,ETHUSDT,1h
2026-06-01 21:00:00+00:00,2005.01,2009.42,1991.83,1993.86,168679.084,2026-06-01 21:59:59.999000+00:00,337113739.42747,185330,78087.682,156090890.38015,0,ETHUSDT,1h
2026-06-01 22:00:00+00:00,1993.86,2005.49,1983.51,2003.82,176797.715,2026-06-01 22:59:59.999000+00:00,352678816.50993,212833,88994.747,177541925.39951,0,ETHUSDT,1h
2026-06-01 23:00:00+00:00,2003.81,2008.19,1997.34,2006.0,117483.001,2026-06-01 23:59:59.999000+00:00,235411098.34826,159362,63280.766,126790853.12977,0,ETHUSDT,1h
2026-06-02 00:00:00+00:00,2006.01,2006.44,1994.32,1995.84,86923.888,2026-06-02 00:59:59.999000+00:00,173923614.17494,142030,37031.915,74082226.07404,0,ETHUSDT,1h
2026-06-02 01:00:00+00:00,1995.84,1998.42,1978.4,1979.3,157068.677,2026-06-02 01:59:59.999000+00:00,312204463.66966,247208,75060.287,149186582.97034,0,ETHUSDT,1h
2026-06-02 02:00:00+00:00,1979.3,1996.56,1961.31,1996.44,446048.408,2026-06-02 02:59:59.999000+00:00,883139216.65134,462801,215441.333,426591905.34805,0,ETHUSDT,1h
2026-06-02 03:00:00+00:00,1996.45,2004.53,1994.46,2003.32,173932.833,2026-06-02 03:59:59.999000+00:00,347870935.11269,188334,95590.24,191194528.41016,0,ETHUSDT,1h
2026-06-02 04:00:00+00:00,2003.32,2005.92,1995.08,1996.09,132819.773,2026-06-02 04:59:59.999000+00:00,265741495.46054,141722,66805.971,133685407.96586,0,ETHUSDT,1h
2026-06-02 05:00:00+00:00,1996.09,2000.64,1983.45,1984.08,200528.667,2026-06-02 05:59:59.999000+00:00,399206581.92207,236042,93924.283,187015925.45147,0,ETHUSDT,1h
2026-06-02 06:00:00+00:00,1984.08,1988.0,1977.07,1981.51,212027.575,2026-06-02 06:59:59.999000+00:00,420376328.51676,256707,103869.888,205951772.21826,0,ETHUSDT,1h
2026-06-02 07:00:00+00:00,1981.52,1989.65,1972.6,1980.9,181923.624,2026-06-02 07:59:59.999000+00:00,360495924.29302,257333,102808.025,203764625.11029,0,ETHUSDT,1h
2026-06-02 08:00:00+00:00,1980.89,1988.8,1976.05,1978.61,152282.518,2026-06-02 08:59:59.999000+00:00,301797201.27639,237675,87048.115,172525883.85765,0,ETHUSDT,1h
2026-06-02 09:00:00+00:00,1978.61,1979.21,1965.52,1974.34,230043.066,2026-06-02 09:59:59.999000+00:00,453600209.88473,298963,102900.838,202921875.33984,0,ETHUSDT,1h
2026-06-02 10:00:00+00:00,1974.35,1983.25,1970.76,1982.77,114063.818,2026-06-02 10:59:59.999000+00:00,225564092.59975,168547,61679.938,121989744.74201,0,ETHUSDT,1h
2026-06-02 11:00:00+00:00,1982.77,1983.0,1974.89,1977.52,67906.452,2026-06-02 11:59:59.999000+00:00,134379886.00014,123253,32991.454,65286455.00311,0,ETHUSDT,1h
2026-06-02 12:00:00+00:00,1977.53,1982.07,1971.6,1975.57,129998.246,2026-06-02 12:59:59.999000+00:00,256981330.22473,210970,61947.547,122460637.13242,0,ETHUSDT,1h
2026-06-02 13:00:00+00:00,1975.56,1981.0,1968.39,1973.44,232741.509,2026-06-02 13:59:59.999000+00:00,459726601.25452,339850,109538.22,216420020.37007,0,ETHUSDT,1h
2026-06-02 14:00:00+00:00,1973.43,1974.48,1924.0,1940.66,1084489.519,2026-06-02 14:59:59.999000+00:00,2109434952.86743,1022199,508099.292,988216292.96404,0,ETHUSDT,1h
2026-06-02 15:00:00+00:00,1940.65,1940.92,1888.0,1914.11,1160396.578,2026-06-02 15:59:59.999000+00:00,2219391248.72108,1095282,537968.973,1028691123.96463,0,ETHUSDT,1h
2026-06-02 16:00:00+00:00,1914.11,1944.65,1908.59,1919.87,600863.473,2026-06-02 16:59:59.999000+00:00,1157899102.71863,616850,309627.541,596507223.3494,0,ETHUSDT,1h
2026-06-02 17:00:00+00:00,1919.87,1930.99,1918.6,1923.49,142677.555,2026-06-02 17:59:59.999000+00:00,274649177.60796,258554,81882.39,157635225.07307,0,ETHUSDT,1h
2026-06-02 18:00:00+00:00,1923.5,1927.39,1902.5,1912.41,206586.908,2026-06-02 18:59:59.999000+00:00,395215091.25877,289396,95558.133,182853286.60736,0,ETHUSDT,1h
2026-06-02 19:00:00+00:00,1912.41,1917.16,1879.24,1911.4,474285.861,2026-06-02 19:59:59.999000+00:00,900495087.5643,525340,215570.861,409440170.33102,0,ETHUSDT,1h
2026-06-02 20:00:00+00:00,1911.4,1918.0,1894.35,1905.57,307483.696,2026-06-02 20:59:59.999000+00:00,585801269.30366,414846,141469.661,269546536.67192,0,ETHUSDT,1h
2026-06-02 21:00:00+00:00,1905.58,1910.66,1896.13,1899.53,137521.716,2026-06-02 21:59:59.999000+00:00,261925277.01497,223125,56594.233,107780691.86196,0,ETHUSDT,1h
2026-06-02 22:00:00+00:00,1899.53,1909.0,1860.0,1867.81,671533.051,2026-06-02 22:59:59.999000+00:00,1265547680.36242,768973,290100.247,547412817.29228,0,ETHUSDT,1h
2026-06-02 23:00:00+00:00,1867.82,1872.91,1837.01,1858.96,688739.089,2026-06-02 23:59:59.999000+00:00,1277967189.91665,922626,331997.014,616160344.19391,0,ETHUSDT,1h
2026-06-03 00:00:00+00:00,1858.96,1873.72,1853.55,1866.42,280207.902,2026-06-03 00:59:59.999000+00:00,522780453.61669,384775,145376.016,271265294.92399,0,ETHUSDT,1h
2026-06-03 01:00:00+00:00,1866.41,1869.23,1848.42,1863.77,220656.674,2026-06-03 01:59:59.999000+00:00,410251597.44955,361760,105405.46,195993455.67618,0,ETHUSDT,1h
2026-06-03 02:00:00+00:00,1863.77,1864.15,1850.34,1853.42,163192.396,2026-06-03 02:59:59.999000+00:00,302909177.40977,243987,71475.88,132670982.18764,0,ETHUSDT,1h
2026-06-03 03:00:00+00:00,1853.41,1856.08,1816.0,1827.22,563547.794,2026-06-03 03:59:59.999000+00:00,1033552210.44466,599905,246046.59,451331030.4659,0,ETHUSDT,1h
2026-06-03 04:00:00+00:00,1827.22,1851.53,1826.85,1850.3,336867.722,2026-06-03 04:59:59.999000+00:00,620558929.90695,383276,177418.674,326787853.01187,0,ETHUSDT,1h
2026-06-03 05:00:00+00:00,1850.3,1875.88,1849.19,1872.66,437614.011,2026-06-03 05:59:59.999000+00:00,816481198.42783,492040,246506.459,459932014.25455,0,ETHUSDT,1h
2026-06-03 06:00:00+00:00,1872.66,1883.64,1869.1,1871.02,410344.846,2026-06-03 06:59:59.999000+00:00,769668622.97763,339284,193879.617,363680062.94559,0,ETHUSDT,1h
2026-06-03 07:00:00+00:00,1871.02,1879.54,1866.91,1877.56,142349.993,2026-06-03 07:59:59.999000+00:00,266802367.62686,195621,74689.921,140000260.53562,0,ETHUSDT,1h
2026-06-03 08:00:00+00:00,1877.55,1882.87,1872.6,1879.34,204233.729,2026-06-03 08:59:59.999000+00:00,383374929.13677,199554,87682.978,164586625.28883,0,ETHUSDT,1h
2026-06-03 09:00:00+00:00,1879.34,1886.28,1869.21,1875.51,259223.994,2026-06-03 09:59:59.999000+00:00,486721258.17856,252299,119566.531,224530300.03583,0,ETHUSDT,1h
2026-06-03 10:00:00+00:00,1875.52,1892.39,1874.18,1884.03,173583.988,2026-06-03 10:59:59.999000+00:00,327218602.9477,252938,91482.07,172455539.17773,0,ETHUSDT,1h
2026-06-03 11:00:00+00:00,1884.03,1887.81,1875.7,1877.6,105127.214,2026-06-03 11:59:59.999000+00:00,197821821.68725,157779,53170.107,100070868.91817,0,ETHUSDT,1h
2026-06-03 12:00:00+00:00,1877.61,1879.62,1867.3,1875.82,186586.358,2026-06-03 12:59:59.999000+00:00,349443883.73812,250428,94417.194,176824157.73059,0,ETHUSDT,1h
2026-06-03 13:00:00+00:00,1875.82,1879.15,1860.44,1866.78,269447.595,2026-06-03 13:59:59.999000+00:00,503441428.95962,404515,129654.982,242265558.44521,0,ETHUSDT,1h
2026-06-03 14:00:00+00:00,1866.77,1868.0,1851.68,1857.96,264538.162,2026-06-03 14:59:59.999000+00:00,491517268.40647,446981,137755.094,255945973.99597,0,ETHUSDT,1h
2026-06-03 15:00:00+00:00,1857.95,1859.21,1835.17,1835.99,359153.209,2026-06-03 15:59:59.999000+00:00,662860559.63269,493007,151940.725,280574176.87575,0,ETHUSDT,1h
2026-06-03 16:00:00+00:00,1835.99,1843.26,1810.09,1831.77,726693.274,2026-06-03 16:59:59.999000+00:00,1326642015.56238,719412,338632.037,618152580.91326,0,ETHUSDT,1h
2026-06-03 17:00:00+00:00,1831.78,1838.6,1817.02,1827.4,249582.928,2026-06-03 17:59:59.999000+00:00,456223360.49452,367811,129115.986,236072462.46801,0,ETHUSDT,1h
2026-06-03 18:00:00+00:00,1827.41,1833.76,1820.63,1831.65,123768.649,2026-06-03 18:59:59.999000+00:00,226162065.87338,227733,63574.558,116192231.77642,0,ETHUSDT,1h
2026-06-03 19:00:00+00:00,1831.66,1833.06,1794.2,1802.41,448916.17,2026-06-03 19:59:59.999000+00:00,812542936.34896,447542,202083.302,365797685.58728,0,ETHUSDT,1h
2026-06-03 20:00:00+00:00,1802.42,1812.6,1767.71,1780.43,554469.094,2026-06-03 20:59:59.999000+00:00,993134223.66528,647920,248701.999,445797095.10703,0,ETHUSDT,1h
2026-06-03 21:00:00+00:00,1780.44,1849.88,1776.6,1849.64,555763.393,2026-06-03 21:59:59.999000+00:00,1010541693.67764,631746,332414.505,604549309.24367,0,ETHUSDT,1h
2026-06-03 22:00:00+00:00,1849.63,1851.58,1822.22,1828.45,318429.757,2026-06-03 22:59:59.999000+00:00,584173743.11788,550967,147681.395,270839881.13497,0,ETHUSDT,1h
2026-06-03 23:00:00+00:00,1828.44,1830.27,1811.7,1812.46,249746.131,2026-06-03 23:59:59.999000+00:00,454351150.75764,443441,116618.522,212193961.90173,0,ETHUSDT,1h
2026-06-04 00:00:00+00:00,1812.45,1819.9,1781.5,1793.15,589680.654,2026-06-04 00:59:59.999000+00:00,1059954344.15819,846227,259630.312,466762573.29593,0,ETHUSDT,1h
2026-06-04 01:00:00+00:00,1793.16,1800.63,1754.16,1759.18,638266.843,2026-06-04 01:59:59.999000+00:00,1132131556.93557,1030296,277608.057,492816779.18885,0,ETHUSDT,1h
2026-06-04 02:00:00+00:00,1759.17,1778.0,1712.52,1766.11,945659.172,2026-06-04 02:59:59.999000+00:00,1654200394.13778,1093406,456579.999,799509076.71048,0,ETHUSDT,1h
2026-06-04 03:00:00+00:00,1766.11,1812.0,1765.75,1808.5,516669.984,2026-06-04 03:59:59.999000+00:00,928711458.91357,599454,271656.361,488122169.20733,0,ETHUSDT,1h
2026-06-04 04:00:00+00:00,1808.5,1817.3,1801.55,1804.63,245324.582,2026-06-04 04:59:59.999000+00:00,443765543.01221,365219,116771.697,211266922.12768,0,ETHUSDT,1h
2026-06-04 05:00:00+00:00,1804.64,1804.64,1779.58,1783.37,348072.528,2026-06-04 05:59:59.999000+00:00,622821739.90884,481083,162878.02,291405720.11825,0,ETHUSDT,1h
2026-06-04 06:00:00+00:00,1783.37,1801.44,1781.26,1789.28,227980.744,2026-06-04 06:59:59.999000+00:00,408738179.36762,355993,118451.66,212388479.89393,0,ETHUSDT,1h
2026-06-04 07:00:00+00:00,1789.28,1789.9,1772.29,1776.45,264216.879,2026-06-04 07:59:59.999000+00:00,470160552.33165,390134,121344.602,215937978.29826,0,ETHUSDT,1h
2026-06-04 08:00:00+00:00,1776.45,1782.63,1762.86,1772.66,300153.106,2026-06-04 08:59:59.999000+00:00,531630560.31525,467919,153272.64,271560021.29522,0,ETHUSDT,1h
2026-06-04 09:00:00+00:00,1772.66,1773.4,1743.59,1765.87,464536.516,2026-06-04 09:59:59.999000+00:00,815382132.13201,640754,217024.469,381003247.98498,0,ETHUSDT,1h
2026-06-04 10:00:00+00:00,1765.88,1766.49,1728.88,1736.12,583344.038,2026-06-04 10:59:59.999000+00:00,1018830416.78693,651370,285339.758,498571464.68726,0,ETHUSDT,1h
2026-06-04 11:00:00+00:00,1736.12,1754.18,1731.58,1750.67,331152.597,2026-06-04 11:59:59.999000+00:00,577019538.28938,494596,163788.931,285460718.60351,0,ETHUSDT,1h
2026-06-04 12:00:00+00:00,1750.67,1782.45,1743.27,1777.51,477968.594,2026-06-04 12:59:59.999000+00:00,844244746.27855,677878,277172.409,489697657.6338,0,ETHUSDT,1h
2026-06-04 13:00:00+00:00,1777.5,1789.52,1754.28,1784.91,489587.069,2026-06-04 13:59:59.999000+00:00,868671890.01465,794158,255765.885,453939786.10637,0,ETHUSDT,1h
2026-06-04 14:00:00+00:00,1784.9,1793.66,1765.21,1773.67,324684.117,2026-06-04 14:59:59.999000+00:00,577844134.66654,555800,162767.944,289749802.63342,0,ETHUSDT,1h
2026-06-04 15:00:00+00:00,1773.66,1790.63,1769.54,1775.9,233724.355,2026-06-04 15:59:59.999000+00:00,415848935.21667,446894,121075.61,215444205.79307,0,ETHUSDT,1h
2026-06-04 16:00:00+00:00,1775.9,1780.79,1765.02,1771.45,161411.916,2026-06-04 16:59:59.999000+00:00,286066930.08855,355543,81853.091,145105576.22327,0,ETHUSDT,1h
2026-06-04 17:00:00+00:00,1771.44,1775.49,1752.66,1767.05,282871.819,2026-06-04 17:59:59.999000+00:00,498974276.41837,421732,134142.83,236705768.73886,0,ETHUSDT,1h
2026-06-04 18:00:00+00:00,1767.04,1783.03,1759.0,1775.33,205558.492,2026-06-04 18:59:59.999000+00:00,364338441.82303,366379,117198.783,207792769.16932,0,ETHUSDT,1h
2026-06-04 19:00:00+00:00,1775.33,1787.38,1770.1,1776.24,154558.676,2026-06-04 19:59:59.999000+00:00,274927659.88966,283370,79056.903,140639303.85854,0,ETHUSDT,1h
2026-06-04 20:00:00+00:00,1776.23,1776.7,1763.48,1774.09,137889.657,2026-06-04 20:59:59.999000+00:00,244037102.52344,256700,67080.609,118717363.33262,0,ETHUSDT,1h
2026-06-04 21:00:00+00:00,1774.08,1782.29,1755.72,1760.17,150879.514,2026-06-04 21:59:59.999000+00:00,266989717.60707,263878,74349.941,131610198.86259,0,ETHUSDT,1h
2026-06-04 22:00:00+00:00,1760.17,1769.63,1751.6,1767.7,187857.594,2026-06-04 22:59:59.999000+00:00,330440867.05949,489429,96004.04,168879002.62119,0,ETHUSDT,1h
2026-06-04 23:00:00+00:00,1767.7,1776.22,1756.44,1769.86,141817.927,2026-06-04 23:59:59.999000+00:00,250627050.16779,305000,76103.976,134491299.57307,0,ETHUSDT,1h
2026-06-05 00:00:00+00:00,1769.85,1774.34,1757.56,1758.53,163445.902,2026-06-05 00:59:59.999000+00:00,288685565.37824,341283,73010.089,128966363.53363,0,ETHUSDT,1h
2026-06-05 01:00:00+00:00,1758.52,1763.6,1745.43,1752.47,221743.078,2026-06-05 01:59:59.999000+00:00,388761297.86182,445720,108584.127,190410946.80478,0,ETHUSDT,1h
2026-06-05 02:00:00+00:00,1752.48,1754.18,1726.45,1729.52,409119.458,2026-06-05 02:59:59.999000+00:00,711324569.00738,568117,176524.369,307020122.0278,0,ETHUSDT,1h
2026-06-05 03:00:00+00:00,1729.52,1738.98,1721.26,1729.05,286470.823,2026-06-05 03:59:59.999000+00:00,495524845.76539,487165,141968.573,245633785.87431,0,ETHUSDT,1h
2026-06-05 04:00:00+00:00,1729.05,1745.67,1717.58,1743.67,476289.76,2026-06-05 04:59:59.999000+00:00,823307615.72614,540173,254864.348,440817459.06029,0,ETHUSDT,1h
2026-06-05 05:00:00+00:00,1743.67,1747.0,1680.1,1683.37,953447.789,2026-06-05 05:59:59.999000+00:00,1628352672.73355,922861,402581.122,687914359.656,0,ETHUSDT,1h
2026-06-05 06:00:00+00:00,1683.36,1688.61,1622.31,1655.46,1566842.512,2026-06-05 06:59:59.999000+00:00,2597459039.30857,1714154,720900.566,1195153361.85904,0,ETHUSDT,1h
2026-06-05 07:00:00+00:00,1655.46,1679.34,1632.26,1678.28,699998.417,2026-06-05 07:59:59.999000+00:00,1159528035.59051,1051120,361741.616,599520555.32484,0,ETHUSDT,1h
2026-06-05 08:00:00+00:00,1678.29,1678.63,1658.35,1663.02,286917.537,2026-06-05 08:59:59.999000+00:00,478590746.1065,546216,139738.613,233075693.88905,0,ETHUSDT,1h
2026-06-05 09:00:00+00:00,1663.02,1689.23,1661.75,1681.88,335921.888,2026-06-05 09:59:59.999000+00:00,564110777.59511,523223,182742.063,306909835.58848,0,ETHUSDT,1h
2026-06-05 10:00:00+00:00,1681.88,1684.29,1671.15,1676.03,203928.897,2026-06-05 10:59:59.999000+00:00,341843663.72468,349712,104373.923,174982672.64201,0,ETHUSDT,1h
2026-06-05 11:00:00+00:00,1676.03,1680.88,1662.06,1662.39,259455.376,2026-06-05 11:59:59.999000+00:00,433541982.47905,407342,123767.684,206818329.74069,0,ETHUSDT,1h
2026-06-05 12:00:00+00:00,1662.39,1670.71,1645.01,1656.32,484448.506,2026-06-05 12:59:59.999000+00:00,803117023.58695,749744,239434.296,397025806.25979,0,ETHUSDT,1h
2026-06-05 13:00:00+00:00,1656.31,1677.0,1611.51,1614.19,820357.999,2026-06-05 13:59:59.999000+00:00,1349256119.73936,995824,382466.798,629726631.68469,0,ETHUSDT,1h
2026-06-05 14:00:00+00:00,1614.19,1623.88,1590.69,1599.86,1219821.426,2026-06-05 14:59:59.999000+00:00,1961472153.43895,1527071,614739.65,988769855.84018,0,ETHUSDT,1h
2026-06-05 15:00:00+00:00,1599.86,1603.77,1571.21,1582.2,951084.293,2026-06-05 15:59:59.999000+00:00,1508995849.50774,1262623,476913.388,756941368.00557,0,ETHUSDT,1h
2026-06-05 16:00:00+00:00,1582.2,1612.0,1546.0,1607.65,1563781.094,2026-06-05 16:59:59.999000+00:00,2473523133.9969,1703352,813041.799,1286971508.55922,0,ETHUSDT,1h
2026-06-05 17:00:00+00:00,1607.65,1612.14,1586.67,1593.22,355163.07,2026-06-05 17:59:59.999000+00:00,566955226.04838,654546,168070.372,268282819.13845,0,ETHUSDT,1h
2026-06-05 18:00:00+00:00,1593.22,1597.98,1544.11,1551.98,717803.345,2026-06-05 18:59:59.999000+00:00,1123336550.97033,1026062,339080.143,530715168.83244,0,ETHUSDT,1h
2026-06-05 19:00:00+00:00,1551.99,1579.69,1538.13,1573.01,706886.191,2026-06-05 19:59:59.999000+00:00,1100576277.20736,1086211,363476.809,565977880.71682,0,ETHUSDT,1h
2026-06-05 20:00:00+00:00,1573.03,1607.44,1556.11,1602.4,601484.189,2026-06-05 20:59:59.999000+00:00,955542528.17691,850741,351087.625,557955829.0267,0,ETHUSDT,1h
2026-06-05 21:00:00+00:00,1602.39,1618.85,1601.46,1608.92,310328.234,2026-06-05 21:59:59.999000+00:00,499876900.36998,491575,154499.887,248904158.77574,0,ETHUSDT,1h
2026-06-05 22:00:00+00:00,1608.92,1609.45,1587.94,1596.57,314244.494,2026-06-05 22:59:59.999000+00:00,501836457.53242,666719,152486.432,243496574.25925,0,ETHUSDT,1h
2026-06-05 23:00:00+00:00,1596.57,1603.3,1559.58,1582.35,409854.313,2026-06-05 23:59:59.999000+00:00,646781629.46821,552572,188267.214,297066861.5272,0,ETHUSDT,1h
2026-06-06 00:00:00+00:00,1582.35,1600.56,1581.35,1592.1,224645.255,2026-06-06 00:59:59.999000+00:00,358082403.32036,396107,105258.416,167717420.72589,0,ETHUSDT,1h
2026-06-06 01:00:00+00:00,1592.1,1595.77,1577.05,1582.13,148346.954,2026-06-06 01:59:59.999000+00:00,235245053.01393,309747,71923.612,114034662.07273,0,ETHUSDT,1h
2026-06-06 02:00:00+00:00,1582.13,1584.68,1565.44,1575.13,208815.625,2026-06-06 02:59:59.999000+00:00,329030965.06339,403548,104198.129,164200505.79356,0,ETHUSDT,1h
2026-06-06 03:00:00+00:00,1575.14,1575.76,1554.0,1562.32,235759.786,2026-06-06 03:59:59.999000+00:00,368747685.63896,443273,112782.583,176449080.37561,0,ETHUSDT,1h
2026-06-06 04:00:00+00:00,1562.33,1568.67,1508.29,1521.55,875999.707,2026-06-06 04:59:59.999000+00:00,1342078106.92685,1207972,447226.358,685189960.61809,0,ETHUSDT,1h
2026-06-06 05:00:00+00:00,1521.56,1568.88,1503.6,1566.09,810240.122,2026-06-06 05:59:59.999000+00:00,1249972303.27989,1104351,429207.256,662189197.34455,0,ETHUSDT,1h
2026-06-06 06:00:00+00:00,1566.09,1581.43,1555.34,1559.49,447084.954,2026-06-06 06:59:59.999000+00:00,701992858.91757,650915,216188.09,339501280.6681,0,ETHUSDT,1h
2026-06-06 07:00:00+00:00,1559.49,1579.7,1555.5,1574.54,254737.601,2026-06-06 07:59:59.999000+00:00,400046526.07847,419016,139665.728,219343203.61308,0,ETHUSDT,1h
2026-06-06 08:00:00+00:00,1574.54,1592.8,1569.43,1581.86,270538.326,2026-06-06 08:59:59.999000+00:00,428078067.58952,423140,144537.743,228779387.3359,0,ETHUSDT,1h
2026-06-06 09:00:00+00:00,1581.86,1587.99,1564.91,1569.97,262595.469,2026-06-06 09:59:59.999000+00:00,414040055.07634,396444,107581.361,169611276.6181,0,ETHUSDT,1h
2026-06-06 10:00:00+00:00,1569.97,1570.0,1533.33,1547.23,576622.531,2026-06-06 10:59:59.999000+00:00,892263081.25665,717781,250921.432,388359655.29409,0,ETHUSDT,1h
2026-06-06 11:00:00+00:00,1547.22,1566.24,1546.31,1557.73,246126.688,2026-06-06 11:59:59.999000+00:00,383478671.24314,405950,130225.21,202877594.35592,0,ETHUSDT,1h
2026-06-06 12:00:00+00:00,1557.74,1574.99,1550.52,1570.57,343942.697,2026-06-06 12:59:59.999000+00:00,537287979.86108,428861,172046.569,268840543.13289,0,ETHUSDT,1h
2026-06-06 13:00:00+00:00,1570.57,1572.69,1553.33,1556.51,200933.716,2026-06-06 13:59:59.999000+00:00,313853975.50431,363070,96192.317,150214059.00568,0,ETHUSDT,1h
2026-06-06 14:00:00+00:00,1556.52,1566.34,1555.42,1557.03,147817.928,2026-06-06 14:59:59.999000+00:00,230826840.01728,325697,74195.743,115874572.6913,0,ETHUSDT,1h
2026-06-06 15:00:00+00:00,1557.04,1565.28,1542.72,1559.71,245064.576,2026-06-06 15:59:59.999000+00:00,380923544.30839,440236,120517.949,187385586.34867,0,ETHUSDT,1h
2026-06-06 16:00:00+00:00,1559.71,1565.05,1552.41,1562.86,165294.413,2026-06-06 16:59:59.999000+00:00,257737324.34219,320823,85998.529,134096745.72885,0,ETHUSDT,1h
2026-06-06 17:00:00+00:00,1562.87,1565.8,1545.79,1552.56,214737.861,2026-06-06 17:59:59.999000+00:00,333990197.10873,297439,107967.542,167964559.80349,0,ETHUSDT,1h
2026-06-06 18:00:00+00:00,1552.56,1565.31,1548.72,1555.78,167857.551,2026-06-06 18:59:59.999000+00:00,261344405.38889,251863,85890.398,133729717.32126,0,ETHUSDT,1h
2026-06-06 19:00:00+00:00,1555.77,1562.67,1552.56,1553.71,79391.449,2026-06-06 19:59:59.999000+00:00,123615426.11314,167853,42075.605,65508543.81814,0,ETHUSDT,1h
2026-06-06 20:00:00+00:00,1553.71,1559.1,1550.07,1556.67,95608.125,2026-06-06 20:59:59.999000+00:00,148548154.20835,185093,47842.056,74330740.34784,0,ETHUSDT,1h
2026-06-06 21:00:00+00:00,1556.67,1564.4,1556.66,1557.26,77020.394,2026-06-06 21:59:59.999000+00:00,120203512.43524,119008,36456.852,56899501.63449,0,ETHUSDT,1h
2026-06-06 22:00:00+00:00,1557.26,1561.35,1550.56,1557.43,104264.278,2026-06-06 22:59:59.999000+00:00,162207706.94911,216873,55305.095,86029251.01349,0,ETHUSDT,1h
2026-06-06 23:00:00+00:00,1557.44,1569.0,1555.83,1568.6,135596.791,2026-06-06 23:59:59.999000+00:00,212105352.43534,175723,73306.351,114700463.53602,0,ETHUSDT,1h
2026-06-07 00:00:00+00:00,1568.6,1572.0,1563.0,1564.07,130142.693,2026-06-07 00:59:59.999000+00:00,204047233.63104,201168,73741.672,115644624.50997,0,ETHUSDT,1h
2026-06-07 01:00:00+00:00,1564.08,1595.7,1563.0,1589.21,423907.445,2026-06-07 01:59:59.999000+00:00,671874184.68957,535404,247006.847,391329487.74067,0,ETHUSDT,1h
2026-06-07 02:00:00+00:00,1589.2,1594.0,1581.17,1591.61,174174.853,2026-06-07 02:59:59.999000+00:00,276583047.58085,291462,93775.404,148948513.60754,0,ETHUSDT,1h
2026-06-07 03:00:00+00:00,1591.62,1599.99,1588.71,1593.97,158559.077,2026-06-07 03:59:59.999000+00:00,252725877.02765,249607,89748.136,143067034.89493,0,ETHUSDT,1h
2026-06-07 04:00:00+00:00,1593.98,1598.3,1583.69,1595.92,140561.319,2026-06-07 04:59:59.999000+00:00,223685392.97596,223130,69571.801,110737301.50918,0,ETHUSDT,1h
2026-06-07 05:00:00+00:00,1595.92,1608.8,1592.27,1602.99,272324.889,2026-06-07 05:59:59.999000+00:00,436436256.33154,343513,155003.099,248431207.50049,0,ETHUSDT,1h
2026-06-07 06:00:00+00:00,1603.0,1622.95,1597.33,1610.48,506631.086,2026-06-07 06:59:59.999000+00:00,816886353.14809,448840,297806.311,480117559.19042,0,ETHUSDT,1h
2026-06-07 07:00:00+00:00,1610.48,1615.94,1606.33,1614.19,193047.818,2026-06-07 07:59:59.999000+00:00,311014635.52484,215789,90417.843,145664751.04408,0,ETHUSDT,1h
2026-06-07 08:00:00+00:00,1614.2,1642.16,1607.41,1640.65,480230.696,2026-06-07 08:59:59.999000+00:00,781045074.2261,453633,257525.529,418872959.9101,0,ETHUSDT,1h
2026-06-07 09:00:00+00:00,1640.65,1648.0,1628.14,1632.46,315626.866,2026-06-07 09:59:59.999000+00:00,517005052.08002,403488,155549.688,254929534.44555,0,ETHUSDT,1h
2026-06-07 10:00:00+00:00,1632.46,1634.95,1623.64,1624.99,153822.633,2026-06-07 10:59:59.999000+00:00,250499788.67023,283795,72905.521,118741123.35643,0,ETHUSDT,1h
2026-06-07 11:00:00+00:00,1624.98,1633.36,1621.66,1629.39,126974.239,2026-06-07 11:59:59.999000+00:00,206693879.5014,237824,67137.984,109300591.18425,0,ETHUSDT,1h
2026-06-07 12:00:00+00:00,1629.39,1630.59,1605.46,1619.24,451180.384,2026-06-07 12:59:59.999000+00:00,728425321.14389,622646,216891.499,350162717.56753,0,ETHUSDT,1h
2026-06-07 13:00:00+00:00,1619.25,1622.79,1612.68,1616.62,139852.733,2026-06-07 13:59:59.999000+00:00,226121095.96774,272238,65048.979,105199008.62266,0,ETHUSDT,1h
2026-06-07 14:00:00+00:00,1616.62,1639.59,1615.92,1627.16,290748.007,2026-06-07 14:59:59.999000+00:00,473236140.63262,445821,157787.328,256803142.02063,0,ETHUSDT,1h
2026-06-07 15:00:00+00:00,1627.17,1635.33,1619.86,1629.2,157777.596,2026-06-07 15:59:59.999000+00:00,256874496.43331,310924,77341.992,125949114.93643,0,ETHUSDT,1h
2026-06-07 16:00:00+00:00,1629.19,1632.58,1622.34,1627.64,107498.724,2026-06-07 16:59:59.999000+00:00,174955307.73289,263150,51702.871,84154529.58703,0,ETHUSDT,1h
2026-06-07 17:00:00+00:00,1627.65,1636.99,1626.59,1630.09,99275.652,2026-06-07 17:59:59.999000+00:00,162122610.68971,243690,48169.783,78668381.18878,0,ETHUSDT,1h
2026-06-07 18:00:00+00:00,1630.08,1635.68,1627.7,1629.28,63451.94,2026-06-07 18:59:59.999000+00:00,103545757.69645,163887,33418.177,54533066.65225,0,ETHUSDT,1h
2026-06-07 19:00:00+00:00,1629.29,1629.52,1601.99,1611.91,386227.978,2026-06-07 19:59:59.999000+00:00,622597160.05523,498532,179901.314,289960270.92345,0,ETHUSDT,1h
2026-06-07 20:00:00+00:00,1611.9,1630.87,1608.09,1627.0,141077.998,2026-06-07 20:59:59.999000+00:00,228838215.98336,275027,78686.578,127622676.73965,0,ETHUSDT,1h
2026-06-07 21:00:00+00:00,1627.0,1633.81,1622.47,1633.78,74368.166,2026-06-07 21:59:59.999000+00:00,121076208.60997,149171,35324.775,57523869.15002,0,ETHUSDT,1h
2026-06-07 22:00:00+00:00,1633.78,1721.57,1628.0,1671.79,979845.761,2026-06-07 22:59:59.999000+00:00,1644315516.82707,1255615,528510.015,886276567.83393,0,ETHUSDT,1h
2026-06-07 23:00:00+00:00,1671.79,1690.88,1669.92,1689.66,217898.879,2026-06-07 23:59:59.999000+00:00,366024897.3097,474690,114385.089,192171412.9472,0,ETHUSDT,1h
2026-06-08 00:00:00+00:00,1689.66,1710.97,1682.14,1696.66,385206.743,2026-06-08 00:59:59.999000+00:00,653510436.31183,616939,196489.623,333439410.88139,0,ETHUSDT,1h
2026-06-08 01:00:00+00:00,1696.66,1699.35,1670.14,1686.4,311619.624,2026-06-08 01:59:59.999000+00:00,524125331.56821,615093,146640.174,246603759.62353,0,ETHUSDT,1h
2026-06-08 02:00:00+00:00,1686.4,1688.65,1676.8,1682.73,132042.404,2026-06-08 02:59:59.999000+00:00,222154146.79533,324501,62590.832,105308892.78306,0,ETHUSDT,1h
2026-06-08 03:00:00+00:00,1682.74,1691.92,1675.82,1678.93,125343.462,2026-06-08 03:59:59.999000+00:00,210848213.12204,259351,63521.074,106874512.05726,0,ETHUSDT,1h
2026-06-08 04:00:00+00:00,1678.93,1680.31,1655.2,1656.02,284652.358,2026-06-08 04:59:59.999000+00:00,473604221.93826,420197,121904.265,202813584.09446,0,ETHUSDT,1h
2026-06-08 05:00:00+00:00,1656.02,1659.15,1643.65,1652.65,286802.51,2026-06-08 05:59:59.999000+00:00,473611575.93686,437225,132446.907,218750333.44871,0,ETHUSDT,1h
2026-06-08 06:00:00+00:00,1652.65,1669.18,1651.66,1665.7,230584.34,2026-06-08 06:59:59.999000+00:00,383317728.95762,355482,127761.827,212332318.39063,0,ETHUSDT,1h
2026-06-08 07:00:00+00:00,1665.7,1678.63,1660.7,1672.7,182106.382,2026-06-08 07:59:59.999000+00:00,304374502.89975,330125,93507.801,156312611.42577,0,ETHUSDT,1h
2026-06-08 08:00:00+00:00,1672.71,1672.71,1657.74,1660.44,150616.496,2026-06-08 08:59:59.999000+00:00,250641358.92212,264800,63700.472,106012364.52187,0,ETHUSDT,1h
2026-06-08 09:00:00+00:00,1660.43,1671.36,1656.07,1670.23,220162.294,2026-06-08 09:59:59.999000+00:00,366306113.2966,346349,112966.967,188009704.92399,0,ETHUSDT,1h
2026-06-08 10:00:00+00:00,1670.23,1676.57,1662.48,1671.67,163753.034,2026-06-08 10:59:59.999000+00:00,273319220.96079,262928,79125.155,132077806.50728,0,ETHUSDT,1h
2026-06-08 11:00:00+00:00,1671.67,1696.22,1666.85,1682.93,405912.236,2026-06-08 11:59:59.999000+00:00,684023656.42822,481924,220502.805,371516024.39325,0,ETHUSDT,1h
2026-06-08 12:00:00+00:00,1682.93,1698.0,1664.92,1694.5,472234.119,2026-06-08 12:59:59.999000+00:00,793301599.87365,610837,236086.001,396739378.12702,0,ETHUSDT,1h
2026-06-08 13:00:00+00:00,1694.5,1696.07,1677.54,1680.6,283763.679,2026-06-08 13:59:59.999000+00:00,478674740.49351,597861,149272.359,251797143.18469,0,ETHUSDT,1h
2026-06-08 14:00:00+00:00,1680.6,1693.81,1675.5,1690.51,192692.73,2026-06-08 14:59:59.999000+00:00,324714853.91503,446436,99884.89,168369124.18783,0,ETHUSDT,1h
2026-06-08 15:00:00+00:00,1690.5,1705.77,1687.38,1690.62,339672.919,2026-06-08 15:59:59.999000+00:00,576101242.57572,509239,172029.35,291835709.67764,0,ETHUSDT,1h
2026-06-08 16:00:00+00:00,1690.62,1702.99,1681.28,1681.47,251839.742,2026-06-08 16:59:59.999000+00:00,426240494.63265,396888,114620.628,194087842.26276,0,ETHUSDT,1h
2026-06-08 17:00:00+00:00,1681.47,1686.86,1674.01,1685.68,210093.364,2026-06-08 17:59:59.999000+00:00,353075537.44381,361889,104823.371,176189525.15069,0,ETHUSDT,1h
2026-06-08 18:00:00+00:00,1685.68,1691.71,1677.41,1683.54,118060.113,2026-06-08 18:59:59.999000+00:00,199009439.20947,230281,58795.57,99111844.61174,0,ETHUSDT,1h
2026-06-08 19:00:00+00:00,1683.54,1689.99,1680.0,1683.75,146690.059,2026-06-08 19:59:59.999000+00:00,247319006.33242,246477,79109.997,133435278.63276,0,ETHUSDT,1h
2026-06-08 20:00:00+00:00,1683.75,1688.66,1678.01,1688.66,104901.304,2026-06-08 20:59:59.999000+00:00,176623834.24414,191320,54430.03,91643428.60371,0,ETHUSDT,1h
2026-06-08 21:00:00+00:00,1688.66,1713.72,1688.66,1702.64,305534.866,2026-06-08 21:59:59.999000+00:00,521182402.15914,296754,162420.152,276870775.14494,0,ETHUSDT,1h
2026-06-08 22:00:00+00:00,1702.64,1703.4,1687.28,1702.49,216216.223,2026-06-08 22:59:59.999000+00:00,366524174.4504,310767,93994.911,159367229.8185,0,ETHUSDT,1h
2026-06-08 23:00:00+00:00,1702.5,1714.22,1685.8,1689.21,220574.198,2026-06-08 23:59:59.999000+00:00,374901045.17187,378955,102678.433,174515038.22255,0,ETHUSDT,1h
2026-06-09 00:00:00+00:00,1689.2,1695.77,1658.05,1662.0,546596.042,2026-06-09 00:59:59.999000+00:00,914956827.41368,642573,243379.89,407479482.33637,0,ETHUSDT,1h
2026-06-09 01:00:00+00:00,1662.0,1673.16,1657.08,1667.84,185284.084,2026-06-09 01:59:59.999000+00:00,308763381.7808,378485,96857.193,161414032.06754,0,ETHUSDT,1h
2026-06-09 02:00:00+00:00,1667.84,1671.25,1653.09,1667.21,194365.195,2026-06-09 02:59:59.999000+00:00,322933788.65097,321840,99135.061,164768965.60339,0,ETHUSDT,1h
2026-06-09 03:00:00+00:00,1667.2,1670.86,1662.81,1668.61,92411.467,2026-06-09 03:59:59.999000+00:00,154047153.21407,214362,50667.371,84470179.94593,0,ETHUSDT,1h
2026-06-09 04:00:00+00:00,1668.61,1696.0,1663.39,1685.66,321090.334,2026-06-09 04:59:59.999000+00:00,540050244.52938,376623,192649.069,323960869.99296,0,ETHUSDT,1h
2026-06-09 05:00:00+00:00,1685.66,1694.48,1680.58,1687.61,131712.405,2026-06-09 05:59:59.999000+00:00,222357162.34054,255991,65260.534,110163898.01963,0,ETHUSDT,1h
2026-06-09 06:00:00+00:00,1687.61,1694.85,1683.36,1685.36,113600.285,2026-06-09 06:59:59.999000+00:00,191814998.29608,210259,50301.992,84939968.21609,0,ETHUSDT,1h
2026-06-09 07:00:00+00:00,1685.35,1690.9,1673.76,1679.19,200380.962,2026-06-09 07:59:59.999000+00:00,336611388.20387,237952,87313.768,146714332.77603,0,ETHUSDT,1h
2026-06-09 08:00:00+00:00,1679.19,1679.88,1667.27,1674.1,198791.742,2026-06-09 08:59:59.999000+00:00,332630412.84112,274245,95213.861,159338286.58914,0,ETHUSDT,1h
2026-06-09 09:00:00+00:00,1674.11,1679.37,1663.75,1669.46,144141.006,2026-06-09 09:59:59.999000+00:00,240808355.84154,202756,67450.699,112727201.9047,0,ETHUSDT,1h
2026-06-09 10:00:00+00:00,1669.46,1675.9,1665.85,1673.69,102431.065,2026-06-09 10:59:59.999000+00:00,171179719.91595,182875,56891.711,95094213.64558,0,ETHUSDT,1h
2026-06-09 11:00:00+00:00,1673.68,1674.81,1665.2,1670.74,95263.953,2026-06-09 11:59:59.999000+00:00,159060733.72343,176533,48562.889,81091286.80799,0,ETHUSDT,1h
2026-06-09 12:00:00+00:00,1670.73,1684.09,1669.81,1675.93,186914.384,2026-06-09 12:59:59.999000+00:00,313488413.68478,263634,108054.479,181239700.47097,0,ETHUSDT,1h
2026-06-09 13:00:00+00:00,1675.93,1679.84,1662.63,1665.86,264822.755,2026-06-09 13:59:59.999000+00:00,442421980.14577,469305,133216.449,222596264.85196,0,ETHUSDT,1h
2026-06-09 14:00:00+00:00,1665.86,1670.26,1632.84,1644.9,759988.162,2026-06-09 14:59:59.999000+00:00,1251010014.6174,1012183,346274.614,569974410.84018,0,ETHUSDT,1h
2026-06-09 15:00:00+00:00,1644.91,1653.0,1633.42,1635.42,413138.752,2026-06-09 15:59:59.999000+00:00,678876457.27547,619126,203662.73,334696453.65863,0,ETHUSDT,1h
2026-06-09 16:00:00+00:00,1635.42,1638.63,1613.1,1631.35,740559.526,2026-06-09 16:59:59.999000+00:00,1204246764.00401,844138,343492.818,558675707.69896,0,ETHUSDT,1h
2026-06-09 17:00:00+00:00,1631.36,1648.99,1631.29,1642.09,323413.679,2026-06-09 17:59:59.999000+00:00,530953030.19418,482226,161112.254,264511928.19119,0,ETHUSDT,1h
2026-06-09 18:00:00+00:00,1642.1,1654.93,1638.71,1651.32,163920.464,2026-06-09 18:59:59.999000+00:00,270256636.28433,327380,88664.86,146179825.76073,0,ETHUSDT,1h
2026-06-09 19:00:00+00:00,1651.32,1657.76,1646.76,1656.56,129095.725,2026-06-09 19:59:59.999000+00:00,213296666.91807,301294,69226.689,114412499.72289,0,ETHUSDT,1h
2026-06-09 20:00:00+00:00,1656.56,1662.98,1654.46,1659.79,112406.758,2026-06-09 20:59:59.999000+00:00,186408637.75525,175450,62156.331,103084607.96694,0,ETHUSDT,1h
2026-06-09 21:00:00+00:00,1659.79,1660.91,1646.26,1649.49,101460.033,2026-06-09 21:59:59.999000+00:00,167664521.48033,122093,35878.041,59285334.01132,0,ETHUSDT,1h
2026-06-09 22:00:00+00:00,1649.49,1654.48,1638.5,1638.99,144213.809,2026-06-09 22:59:59.999000+00:00,237228583.27831,200624,66219.732,108965191.19773,0,ETHUSDT,1h
2026-06-09 23:00:00+00:00,1638.99,1641.85,1628.9,1638.64,155246.036,2026-06-09 23:59:59.999000+00:00,254043063.14742,256551,70971.415,116153481.45864,0,ETHUSDT,1h
2026-06-10 00:00:00+00:00,1638.64,1646.0,1628.63,1644.8,124759.328,2026-06-10 00:59:59.999000+00:00,204360873.45005,309208,64392.728,105503794.60158,0,ETHUSDT,1h
2026-06-10 01:00:00+00:00,1644.8,1646.27,1632.49,1638.14,170318.512,2026-06-10 01:59:59.999000+00:00,279383911.22512,375524,85343.025,139988746.95791,0,ETHUSDT,1h
2026-06-10 02:00:00+00:00,1638.14,1641.76,1620.63,1623.31,171052.797,2026-06-10 02:59:59.999000+00:00,278305405.77067,333352,78172.831,127196350.82548,0,ETHUSDT,1h
2026-06-10 03:00:00+00:00,1623.31,1635.71,1622.6,1629.88,99436.562,2026-06-10 03:59:59.999000+00:00,162015684.59132,218857,53742.971,87562325.20026,0,ETHUSDT,1h
2026-06-10 04:00:00+00:00,1629.87,1632.21,1621.07,1625.19,92934.864,2026-06-10 04:59:59.999000+00:00,151114998.29044,193396,41865.677,68083189.99487,0,ETHUSDT,1h
2026-06-10 05:00:00+00:00,1625.2,1629.48,1615.34,1627.26,139365.655,2026-06-10 05:59:59.999000+00:00,226070497.56846,238412,65824.309,106806558.50644,0,ETHUSDT,1h
2026-06-10 06:00:00+00:00,1627.27,1633.54,1621.64,1631.17,117029.664,2026-06-10 06:59:59.999000+00:00,190586865.4371,187123,63702.358,103739697.14579,0,ETHUSDT,1h
2026-06-10 07:00:00+00:00,1631.17,1642.99,1629.76,1639.32,190124.107,2026-06-10 07:59:59.999000+00:00,311343544.94712,228248,103610.931,169683228.97012,0,ETHUSDT,1h
2026-06-10 08:00:00+00:00,1639.32,1640.08,1617.29,1620.46,226600.229,2026-06-10 08:59:59.999000+00:00,368730651.63263,314468,104510.04,170040467.80853,0,ETHUSDT,1h
2026-06-10 09:00:00+00:00,1620.47,1625.78,1605.0,1622.92,300890.995,2026-06-10 09:59:59.999000+00:00,486289666.52499,394093,141383.494,228571604.12736,0,ETHUSDT,1h
2026-06-10 10:00:00+00:00,1622.93,1629.24,1617.09,1627.46,110395.018,2026-06-10 10:59:59.999000+00:00,179238326.6157,200069,59895.026,97254919.68919,0,ETHUSDT,1h
2026-06-10 11:00:00+00:00,1627.47,1629.54,1610.54,1619.18,286989.606,2026-06-10 11:59:59.999000+00:00,464533641.16974,407162,136403.117,220811451.57629,0,ETHUSDT,1h
2026-06-10 12:00:00+00:00,1619.17,1644.9,1615.01,1634.41,470415.32,2026-06-10 12:59:59.999000+00:00,768337989.78111,542396,242998.766,396837516.71668,0,ETHUSDT,1h
2026-06-10 13:00:00+00:00,1634.41,1667.31,1630.66,1650.96,578585.115,2026-06-10 13:59:59.999000+00:00,955181264.13223,663808,314049.905,518322106.73223,0,ETHUSDT,1h
2026-06-10 14:00:00+00:00,1650.97,1654.94,1636.31,1645.76,347406.575,2026-06-10 14:59:59.999000+00:00,571540267.17236,540595,172800.22,284381417.94191,0,ETHUSDT,1h
2026-06-10 15:00:00+00:00,1645.77,1665.0,1634.54,1657.09,471403.426,2026-06-10 15:59:59.999000+00:00,777287131.64407,653094,243534.117,401831565.36408,0,ETHUSDT,1h
2026-06-10 16:00:00+00:00,1657.1,1658.12,1631.4,1641.31,290053.006,2026-06-10 16:59:59.999000+00:00,477219553.49092,463154,140181.858,230698058.72253,0,ETHUSDT,1h
2026-06-10 17:00:00+00:00,1641.31,1647.06,1621.46,1631.45,342023.328,2026-06-10 17:59:59.999000+00:00,558199662.92248,484350,163412.441,266786693.35241,0,ETHUSDT,1h
2026-06-10 18:00:00+00:00,1631.44,1636.4,1621.17,1630.28,162380.749,2026-06-10 18:59:59.999000+00:00,264562021.55322,302011,82011.412,133644580.97079,0,ETHUSDT,1h
2026-06-10 19:00:00+00:00,1630.27,1632.89,1622.05,1629.22,122936.725,2026-06-10 19:59:59.999000+00:00,200176146.40267,283225,64733.405,105411154.06985,0,ETHUSDT,1h
2026-06-10 20:00:00+00:00,1629.22,1635.45,1622.0,1629.6,127908.896,2026-06-10 20:59:59.999000+00:00,208282021.87325,241609,64554.92,105130510.3777,0,ETHUSDT,1h
2026-06-10 21:00:00+00:00,1629.6,1629.6,1602.05,1610.54,284703.54,2026-06-10 21:59:59.999000+00:00,459758873.33386,304900,114450.213,184844437.01114,0,ETHUSDT,1h
2026-06-10 22:00:00+00:00,1610.54,1621.71,1603.52,1615.71,202528.639,2026-06-10 22:59:59.999000+00:00,326541530.65055,339909,107787.049,173806947.91354,0,ETHUSDT,1h
2026-06-10 23:00:00+00:00,1615.71,1624.5,1608.28,1620.72,143769.621,2026-06-10 23:59:59.999000+00:00,232532252.54711,248732,76489.159,123710841.95079,0,ETHUSDT,1h
2026-06-11 00:00:00+00:00,1620.72,1633.8,1620.72,1627.62,153353.868,2026-06-11 00:59:59.999000+00:00,249689861.42435,265187,83797.107,136417656.75534,0,ETHUSDT,1h
2026-06-11 01:00:00+00:00,1627.62,1646.92,1627.49,1642.22,176336.764,2026-06-11 01:59:59.999000+00:00,289039278.67712,263110,91372.912,149776469.31654,0,ETHUSDT,1h
2026-06-11 02:00:00+00:00,1642.22,1644.83,1629.74,1640.08,136928.124,2026-06-11 02:59:59.999000+00:00,224206904.24844,209905,67668.611,110800665.04334,0,ETHUSDT,1h
2026-06-11 03:00:00+00:00,1640.09,1662.07,1635.28,1653.19,286231.894,2026-06-11 03:59:59.999000+00:00,472186786.40303,278338,174779.486,288443018.54051,0,ETHUSDT,1h
2026-06-11 04:00:00+00:00,1653.2,1658.98,1649.2,1656.08,154225.273,2026-06-11 04:59:59.999000+00:00,254969353.79607,196414,74395.922,123003807.18734,0,ETHUSDT,1h
2026-06-11 05:00:00+00:00,1656.09,1656.19,1646.59,1647.09,118891.92,2026-06-11 05:59:59.999000+00:00,196191185.11951,149394,54033.883,89161008.30977,0,ETHUSDT,1h
2026-06-11 06:00:00+00:00,1647.09,1662.72,1645.36,1654.06,253373.69,2026-06-11 06:59:59.999000+00:00,419797863.0338,241675,141664.53,234734963.37608,0,ETHUSDT,1h
2026-06-11 07:00:00+00:00,1654.05,1657.7,1650.52,1653.67,105269.559,2026-06-11 07:59:59.999000+00:00,174080591.29834,119809,49361.483,81630239.07896,0,ETHUSDT,1h
2026-06-11 08:00:00+00:00,1653.67,1663.94,1653.65,1659.31,165704.248,2026-06-11 08:59:59.999000+00:00,275025005.27167,153177,70799.544,117506173.35525,0,ETHUSDT,1h
2026-06-11 09:00:00+00:00,1659.3,1661.36,1655.08,1658.27,87336.576,2026-06-11 09:59:59.999000+00:00,144822177.38578,109034,42133.674,69877100.38703,0,ETHUSDT,1h
2026-06-11 10:00:00+00:00,1658.27,1660.88,1653.34,1657.95,97566.555,2026-06-11 10:59:59.999000+00:00,161712273.47543,128686,50398.644,83540683.09516,0,ETHUSDT,1h
2026-06-11 11:00:00+00:00,1657.94,1673.59,1655.41,1665.76,269578.651,2026-06-11 11:59:59.999000+00:00,448808560.76984,236621,154042.508,256464938.27728,0,ETHUSDT,1h
2026-06-11 12:00:00+00:00,1665.77,1665.94,1641.0,1650.82,452104.329,2026-06-11 12:59:59.999000+00:00,746806911.39178,479854,214891.823,355001308.56926,0,ETHUSDT,1h
2026-06-11 13:00:00+00:00,1650.83,1658.6,1643.4,1652.44,200321.138,2026-06-11 13:59:59.999000+00:00,330790624.19661,357989,95612.229,157878050.59564,0,ETHUSDT,1h
2026-06-11 14:00:00+00:00,1652.45,1654.79,1638.01,1642.25,298476.175,2026-06-11 14:59:59.999000+00:00,491451124.92968,465548,151045.309,248786515.86734,0,ETHUSDT,1h
2026-06-11 15:00:00+00:00,1642.25,1650.0,1635.2,1644.64,226482.842,2026-06-11 15:59:59.999000+00:00,371991872.95032,349352,103467.272,169983937.83989,0,ETHUSDT,1h
2026-06-11 16:00:00+00:00,1644.64,1648.7,1637.29,1638.82,131536.063,2026-06-11 16:59:59.999000+00:00,216082487.82183,254063,64057.624,105220234.50461,0,ETHUSDT,1h
2026-06-11 17:00:00+00:00,1638.82,1693.38,1631.32,1688.07,877399.542,2026-06-11 17:59:59.999000+00:00,1463235517.29411,970098,497748.722,830454580.74712,0,ETHUSDT,1h
2026-06-11 18:00:00+00:00,1688.06,1691.42,1676.13,1683.31,310433.341,2026-06-11 18:59:59.999000+00:00,522434869.82713,433170,155153.301,261236963.04644,0,ETHUSDT,1h
2026-06-11 19:00:00+00:00,1683.32,1693.27,1675.12,1680.29,225539.276,2026-06-11 19:59:59.999000+00:00,379732554.6504,369240,100352.047,169034105.4438,0,ETHUSDT,1h
2026-06-11 20:00:00+00:00,1680.29,1682.05,1666.0,1671.49,161560.896,2026-06-11 20:59:59.999000+00:00,270286765.93521,184527,70636.43,118172559.71003,0,ETHUSDT,1h
2026-06-11 21:00:00+00:00,1671.49,1682.79,1671.38,1676.28,97088.068,2026-06-11 21:59:59.999000+00:00,162901094.1852,119330,46581.197,78145766.25412,0,ETHUSDT,1h
2026-06-11 22:00:00+00:00,1676.29,1682.51,1674.31,1675.25,74653.027,2026-06-11 22:59:59.999000+00:00,125277638.06663,155679,41344.441,69394552.40203,0,ETHUSDT,1h
2026-06-11 23:00:00+00:00,1675.26,1678.45,1669.38,1672.57,99284.601,2026-06-11 23:59:59.999000+00:00,166096857.11191,154779,47808.645,79992433.90291,0,ETHUSDT,1h
2026-06-12 00:00:00+00:00,1672.57,1676.99,1668.72,1671.85,96934.996,2026-06-12 00:59:59.999000+00:00,162178455.53495,166609,48150.701,80566260.78162,0,ETHUSDT,1h
2026-06-12 01:00:00+00:00,1671.86,1671.96,1658.88,1666.47,137846.733,2026-06-12 01:59:59.999000+00:00,229523926.75101,211680,66427.666,110647609.55205,0,ETHUSDT,1h
2026-06-12 02:00:00+00:00,1666.47,1678.16,1665.83,1674.72,86205.772,2026-06-12 02:59:59.999000+00:00,144261548.90246,148378,49840.635,83404833.24496,0,ETHUSDT,1h
2026-06-12 03:00:00+00:00,1674.72,1675.81,1667.71,1672.39,46977.392,2026-06-12 03:59:59.999000+00:00,78519394.04119,107696,22909.867,38294575.18839,0,ETHUSDT,1h
2026-06-12 04:00:00+00:00,1672.4,1681.84,1668.21,1676.57,114276.904,2026-06-12 04:59:59.999000+00:00,191534651.85277,163841,69499.788,116484544.04851,0,ETHUSDT,1h
2026-06-12 05:00:00+00:00,1676.58,1677.01,1661.05,1663.29,154708.714,2026-06-12 05:59:59.999000+00:00,257953064.42626,183577,76484.338,127517388.94857,0,ETHUSDT,1h
2026-06-12 06:00:00+00:00,1663.29,1665.88,1651.17,1656.49,201709.386,2026-06-12 06:59:59.999000+00:00,334280165.89665,245706,92682.826,153612877.09001,0,ETHUSDT,1h
2026-06-12 07:00:00+00:00,1656.5,1664.26,1655.24,1661.21,111631.984,2026-06-12 07:59:59.999000+00:00,185256883.86118,136314,60987.466,101227517.35057,0,ETHUSDT,1h
2026-06-12 08:00:00+00:00,1661.23,1677.32,1661.21,1672.44,200958.01,2026-06-12 08:59:59.999000+00:00,335773654.4471,216398,99983.398,167040349.26116,0,ETHUSDT,1h
2026-06-12 09:00:00+00:00,1672.43,1684.99,1670.33,1679.35,203227.638,2026-06-12 09:59:59.999000+00:00,341305539.03402,231408,107169.846,179974844.26126,0,ETHUSDT,1h
2026-06-12 10:00:00+00:00,1679.35,1682.5,1670.7,1674.03,130707.959,2026-06-12 10:59:59.999000+00:00,219021551.95976,158632,57299.393,96016070.36495,0,ETHUSDT,1h
2026-06-12 11:00:00+00:00,1674.03,1677.89,1671.05,1672.85,71801.915,2026-06-12 11:59:59.999000+00:00,120238862.10451,132600,35232.103,58998821.50665,0,ETHUSDT,1h
2026-06-12 12:00:00+00:00,1672.86,1672.86,1661.91,1665.83,143824.309,2026-06-12 12:59:59.999000+00:00,239782220.58199,202559,65359.806,108981897.21028,0,ETHUSDT,1h
2026-06-12 13:00:00+00:00,1665.84,1668.15,1652.5,1656.77,252978.777,2026-06-12 13:59:59.999000+00:00,419893266.65301,357736,127433.09,211541511.27384,0,ETHUSDT,1h
2026-06-12 14:00:00+00:00,1656.78,1685.71,1655.34,1684.89,379182.863,2026-06-12 14:59:59.999000+00:00,634187839.79557,553206,201640.876,337338128.89187,0,ETHUSDT,1h
2026-06-12 15:00:00+00:00,1684.89,1690.51,1657.22,1658.98,617075.532,2026-06-12 15:59:59.999000+00:00,1035471382.84236,644929,297077.674,498780462.77318,0,ETHUSDT,1h
2026-06-12 16:00:00+00:00,1658.98,1674.99,1656.26,1671.99,288957.423,2026-06-12 16:59:59.999000+00:00,481606605.93574,399671,141625.611,236037015.23134,0,ETHUSDT,1h
2026-06-12 17:00:00+00:00,1672.0,1677.5,1666.35,1668.02,105090.212,2026-06-12 17:59:59.999000+00:00,175585472.35412,210279,47828.702,79935309.96297,0,ETHUSDT,1h
2026-06-12 18:00:00+00:00,1668.02,1672.8,1662.55,1666.19,112640.936,2026-06-12 18:59:59.999000+00:00,187815698.72734,186129,53308.107,88881285.55289,0,ETHUSDT,1h
2026-06-12 19:00:00+00:00,1666.18,1671.9,1664.0,1665.08,62161.911,2026-06-12 19:59:59.999000+00:00,103637316.51302,139765,32688.992,54502777.96432,0,ETHUSDT,1h
2026-06-12 20:00:00+00:00,1665.08,1667.14,1660.85,1664.05,46429.084,2026-06-12 20:59:59.999000+00:00,77286821.36417,94067,22970.031,38242611.01778,0,ETHUSDT,1h
2026-06-12 21:00:00+00:00,1664.05,1667.32,1662.1,1663.42,38282.621,2026-06-12 21:59:59.999000+00:00,63738913.37419,58584,21014.904,34991782.07638,0,ETHUSDT,1h
2026-06-12 22:00:00+00:00,1663.43,1666.6,1660.5,1661.73,36520.403,2026-06-12 22:59:59.999000+00:00,60730244.78017,84987,20992.62,34912406.32035,0,ETHUSDT,1h
2026-06-12 23:00:00+00:00,1661.73,1665.57,1657.8,1665.48,48030.208,2026-06-12 23:59:59.999000+00:00,79792266.42142,79714,22444.43,37294901.94047,0,ETHUSDT,1h
2026-06-13 00:00:00+00:00,1665.49,1668.45,1664.49,1666.62,46046.449,2026-06-13 00:59:59.999000+00:00,76734645.73273,75846,22503.78,37501028.94462,0,ETHUSDT,1h
2026-06-13 01:00:00+00:00,1666.63,1675.98,1665.77,1673.33,88194.834,2026-06-13 01:59:59.999000+00:00,147444114.39777,101045,53541.96,89516743.82995,0,ETHUSDT,1h
2026-06-13 02:00:00+00:00,1673.34,1673.86,1664.72,1667.23,59051.845,2026-06-13 02:59:59.999000+00:00,98565607.23573,85500,26752.868,44648105.56213,0,ETHUSDT,1h
2026-06-13 03:00:00+00:00,1667.24,1668.84,1662.62,1664.4,58886.037,2026-06-13 03:59:59.999000+00:00,98052266.27846,72024,26744.913,44532479.76252,0,ETHUSDT,1h
2026-06-13 04:00:00+00:00,1664.39,1667.39,1662.78,1663.7,39566.319,2026-06-13 04:59:59.999000+00:00,65882432.43733,53921,23007.76,38314531.76164,0,ETHUSDT,1h
2026-06-13 05:00:00+00:00,1663.69,1664.85,1661.2,1664.47,44752.736,2026-06-13 05:59:59.999000+00:00,74439051.08436,63433,21652.623,36017029.61472,0,ETHUSDT,1h
2026-06-13 06:00:00+00:00,1664.47,1669.6,1663.09,1669.1,41684.885,2026-06-13 06:59:59.999000+00:00,69455812.43425,68534,24806.357,41331510.9059,0,ETHUSDT,1h
2026-06-13 07:00:00+00:00,1669.11,1677.29,1667.63,1675.51,148051.213,2026-06-13 07:59:59.999000+00:00,247755411.39488,111154,73395.982,122814538.03875,0,ETHUSDT,1h
2026-06-13 08:00:00+00:00,1675.51,1679.33,1672.72,1673.72,121145.022,2026-06-13 08:59:59.999000+00:00,202973621.22175,112822,62599.34,104894010.37514,0,ETHUSDT,1h
2026-06-13 09:00:00+00:00,1673.72,1675.69,1672.1,1672.97,40001.893,2026-06-13 09:59:59.999000+00:00,66951917.60183,59622,18409.555,30814330.4704,0,ETHUSDT,1h
2026-06-13 10:00:00+00:00,1672.97,1675.75,1671.99,1673.35,38897.481,2026-06-13 10:59:59.999000+00:00,65093676.59678,57636,22628.034,37868569.74393,0,ETHUSDT,1h
2026-06-13 11:00:00+00:00,1673.35,1678.25,1672.5,1677.53,68416.101,2026-06-13 11:59:59.999000+00:00,114689141.59836,70834,33028.021,55368533.22332,0,ETHUSDT,1h
2026-06-13 12:00:00+00:00,1677.54,1683.49,1676.01,1679.81,80901.35,2026-06-13 12:59:59.999000+00:00,135830970.97422,93153,47997.428,80591291.01352,0,ETHUSDT,1h
2026-06-13 13:00:00+00:00,1679.81,1680.76,1675.66,1677.09,82809.001,2026-06-13 13:59:59.999000+00:00,138968494.12105,95253,41280.624,69278667.00022,0,ETHUSDT,1h
2026-06-13 14:00:00+00:00,1677.1,1680.81,1676.78,1679.23,50503.593,2026-06-13 14:59:59.999000+00:00,84790441.03818,79385,24759.832,41571279.50807,0,ETHUSDT,1h
2026-06-13 15:00:00+00:00,1679.24,1685.98,1677.69,1681.44,151416.151,2026-06-13 15:59:59.999000+00:00,254636560.23435,158003,86781.73,145953491.46658,0,ETHUSDT,1h
2026-06-13 16:00:00+00:00,1681.44,1681.94,1670.5,1676.0,231624.459,2026-06-13 16:59:59.999000+00:00,387886183.71712,201711,123518.563,206865633.26974,0,ETHUSDT,1h
2026-06-13 17:00:00+00:00,1675.99,1677.88,1672.24,1673.45,73589.284,2026-06-13 17:59:59.999000+00:00,123258226.07693,95726,34673.985,58072691.35214,0,ETHUSDT,1h
2026-06-13 18:00:00+00:00,1673.46,1681.85,1673.3,1677.43,57553.585,2026-06-13 18:59:59.999000+00:00,96596717.40598,77149,28152.541,47252387.92909,0,ETHUSDT,1h
2026-06-13 19:00:00+00:00,1677.42,1679.34,1674.88,1677.51,33618.921,2026-06-13 19:59:59.999000+00:00,56387923.27084,54033,17530.71,29405550.67337,0,ETHUSDT,1h
2026-06-13 20:00:00+00:00,1677.5,1677.59,1674.14,1675.65,26459.813,2026-06-13 20:59:59.999000+00:00,44342219.11947,44416,15272.86,25594750.48254,0,ETHUSDT,1h
2026-06-13 21:00:00+00:00,1675.66,1698.1,1674.0,1685.68,162423.453,2026-06-13 21:59:59.999000+00:00,274096569.84919,165177,92550.706,156219201.688,0,ETHUSDT,1h
2026-06-13 22:00:00+00:00,1685.67,1685.79,1680.72,1680.72,53997.877,2026-06-13 22:59:59.999000+00:00,90885980.11557,98039,28617.611,48169950.87393,0,ETHUSDT,1h
2026-06-13 23:00:00+00:00,1680.73,1683.48,1677.3,1680.41,49201.978,2026-06-13 23:59:59.999000+00:00,82667530.26921,70258,23245.924,39057208.95549,0,ETHUSDT,1h
2026-06-14 00:00:00+00:00,1680.42,1682.8,1678.0,1681.2,31193.771,2026-06-14 00:59:59.999000+00:00,52422222.27438,66250,16656.23,27990957.97407,0,ETHUSDT,1h
2026-06-14 01:00:00+00:00,1681.21,1689.9,1679.32,1682.97,71770.628,2026-06-14 01:59:59.999000+00:00,120955224.93744,100276,37683.412,63514614.60521,0,ETHUSDT,1h
2026-06-14 02:00:00+00:00,1682.97,1685.0,1680.72,1681.57,42142.313,2026-06-14 02:59:59.999000+00:00,70902438.20649,60516,16815.649,28292693.54706,0,ETHUSDT,1h
2026-06-14 03:00:00+00:00,1681.57,1682.6,1678.85,1680.98,42089.591,2026-06-14 03:59:59.999000+00:00,70750687.17086,57436,20117.112,33816681.93486,0,ETHUSDT,1h
2026-06-14 04:00:00+00:00,1680.99,1682.01,1675.34,1677.05,51063.016,2026-06-14 04:59:59.999000+00:00,85678501.85022,58323,22405.673,37597361.58461,0,ETHUSDT,1h
2026-06-14 05:00:00+00:00,1677.06,1678.35,1673.11,1677.38,51590.355,2026-06-14 05:59:59.999000+00:00,86468709.0843,66257,24252.173,40651673.65064,0,ETHUSDT,1h
2026-06-14 06:00:00+00:00,1677.37,1681.75,1674.35,1675.56,91804.288,2026-06-14 06:59:59.999000+00:00,153987037.4458,98099,46967.758,78786663.17892,0,ETHUSDT,1h
2026-06-14 07:00:00+00:00,1675.57,1676.7,1672.67,1674.92,58784.852,2026-06-14 07:59:59.999000+00:00,98441302.15698,58738,27391.753,45874656.70606,0,ETHUSDT,1h
2026-06-14 08:00:00+00:00,1674.92,1677.98,1673.71,1674.8,44560.337,2026-06-14 08:59:59.999000+00:00,74679491.18643,52171,22854.11,38304822.29449,0,ETHUSDT,1h
2026-06-14 09:00:00+00:00,1674.8,1678.4,1667.57,1677.61,134796.949,2026-06-14 09:59:59.999000+00:00,225436494.02187,123105,59985.318,100357503.68577,0,ETHUSDT,1h
2026-06-14 10:00:00+00:00,1677.61,1677.82,1672.17,1672.2,44143.697,2026-06-14 10:59:59.999000+00:00,73949547.96354,55981,17453.794,29239767.61162,0,ETHUSDT,1h
2026-06-14 11:00:00+00:00,1672.19,1676.26,1671.35,1672.74,45803.665,2026-06-14 11:59:59.999000+00:00,76660718.01501,54334,22019.719,36854154.53228,0,ETHUSDT,1h
2026-06-14 12:00:00+00:00,1672.74,1673.88,1664.15,1666.07,115464.544,2026-06-14 12:59:59.999000+00:00,192603693.3201,106352,49155.34,82007599.82677,0,ETHUSDT,1h
2026-06-14 13:00:00+00:00,1666.07,1668.21,1663.28,1665.58,81396.146,2026-06-14 13:59:59.999000+00:00,135601690.88545,98509,38782.125,64614303.73531,0,ETHUSDT,1h
2026-06-14 14:00:00+00:00,1665.58,1669.49,1653.36,1658.74,241034.842,2026-06-14 14:59:59.999000+00:00,399994397.2357,247733,104753.316,173877715.43017,0,ETHUSDT,1h
2026-06-14 15:00:00+00:00,1658.73,1664.0,1658.64,1662.04,109403.257,2026-06-14 15:59:59.999000+00:00,181820308.03283,119846,60313.843,100239872.25272,0,ETHUSDT,1h
2026-06-14 16:00:00+00:00,1662.05,1667.95,1659.0,1660.71,101089.002,2026-06-14 16:59:59.999000+00:00,168209986.37848,113593,47430.465,78941034.30573,0,ETHUSDT,1h
2026-06-14 17:00:00+00:00,1660.7,1666.0,1660.01,1661.42,71628.183,2026-06-14 17:59:59.999000+00:00,119123571.67975,100425,34828.346,57929837.79806,0,ETHUSDT,1h
2026-06-14 18:00:00+00:00,1661.42,1662.7,1658.08,1661.3,51491.998,2026-06-14 18:59:59.999000+00:00,85489088.1065,70080,28717.788,47683036.88614,0,ETHUSDT,1h
2026-06-14 19:00:00+00:00,1661.3,1667.32,1660.26,1664.64,43009.872,2026-06-14 19:59:59.999000+00:00,71594090.25715,57937,26343.028,43847104.99826,0,ETHUSDT,1h
2026-06-14 20:00:00+00:00,1664.64,1673.54,1661.63,1669.51,90219.383,2026-06-14 20:59:59.999000+00:00,150496893.54802,94518,46125.066,76958824.06234,0,ETHUSDT,1h
2026-06-14 21:00:00+00:00,1669.52,1732.0,1669.08,1717.9,775836.462,2026-06-14 21:59:59.999000+00:00,1321850559.79152,754473,451178.861,768364193.95444,0,ETHUSDT,1h
2026-06-14 22:00:00+00:00,1717.9,1728.36,1711.34,1721.66,322078.396,2026-06-14 22:59:59.999000+00:00,554219511.63727,484417,156128.883,268657503.15056,0,ETHUSDT,1h
2026-06-14 23:00:00+00:00,1721.67,1725.69,1715.71,1724.74,173073.313,2026-06-14 23:59:59.999000+00:00,297996608.27154,267039,76949.112,132503866.7472,0,ETHUSDT,1h
2026-06-15 00:00:00+00:00,1724.74,1731.76,1718.85,1720.05,193610.882,2026-06-15 00:59:59.999000+00:00,333888592.25892,264968,93342.76,161008198.41242,0,ETHUSDT,1h
2026-06-15 01:00:00+00:00,1720.05,1721.4,1708.45,1714.96,183697.236,2026-06-15 01:59:59.999000+00:00,314999359.11817,247076,84990.113,145753815.92176,0,ETHUSDT,1h
2026-06-15 02:00:00+00:00,1714.96,1726.26,1713.24,1715.85,103820.215,2026-06-15 02:59:59.999000+00:00,178560155.60847,162471,55196.772,94938912.54094,0,ETHUSDT,1h
2026-06-15 03:00:00+00:00,1715.84,1723.59,1714.5,1720.12,105370.24,2026-06-15 03:59:59.999000+00:00,181239683.60508,136943,55270.072,95062269.99094,0,ETHUSDT,1h
2026-06-15 04:00:00+00:00,1720.11,1720.11,1715.15,1716.29,127529.39,2026-06-15 04:59:59.999000+00:00,219068786.06844,123185,67805.362,116481959.02284,0,ETHUSDT,1h
2026-06-15 05:00:00+00:00,1716.28,1722.0,1715.04,1719.88,84153.393,2026-06-15 05:59:59.999000+00:00,144587628.07853,99258,41630.629,71527371.18406,0,ETHUSDT,1h
2026-06-15 06:00:00+00:00,1719.88,1722.4,1717.35,1719.11,67366.397,2026-06-15 06:59:59.999000+00:00,115895387.1522,88419,34815.499,59894169.00053,0,ETHUSDT,1h
2026-06-15 07:00:00+00:00,1719.12,1723.09,1715.43,1715.58,99531.153,2026-06-15 07:59:59.999000+00:00,171049054.89932,107090,45148.619,77592879.50878,0,ETHUSDT,1h
2026-06-15 08:00:00+00:00,1715.57,1721.0,1714.2,1719.51,79805.724,2026-06-15 08:59:59.999000+00:00,137136004.52344,90412,39840.269,68468183.78648,0,ETHUSDT,1h
2026-06-15 09:00:00+00:00,1719.51,1726.53,1711.27,1717.65,209652.884,2026-06-15 09:59:59.999000+00:00,360252205.90962,144801,108425.984,186353468.74407,0,ETHUSDT,1h
2026-06-15 10:00:00+00:00,1717.64,1750.0,1717.26,1736.79,436275.986,2026-06-15 10:59:59.999000+00:00,757069817.98109,276326,274399.26,476258783.92857,0,ETHUSDT,1h
2026-06-15 11:00:00+00:00,1736.78,1770.0,1733.14,1763.78,656671.138,2026-06-15 11:59:59.999000+00:00,1152362264.80917,570863,380870.221,668590636.40052,0,ETHUSDT,1h
2026-06-15 12:00:00+00:00,1763.78,1777.37,1759.35,1776.6,382090.81,2026-06-15 12:59:59.999000+00:00,676026484.80849,361688,188010.362,332716646.55373,0,ETHUSDT,1h
2026-06-15 13:00:00+00:00,1776.6,1826.86,1773.47,1813.3,1159833.055,2026-06-15 13:59:59.999000+00:00,2095701417.80841,1027348,595617.319,1075508074.97276,0,ETHUSDT,1h
2026-06-15 14:00:00+00:00,1813.3,1817.75,1804.02,1813.66,281443.101,2026-06-15 14:59:59.999000+00:00,509630297.96942,399563,136468.938,247155883.72138,0,ETHUSDT,1h
2026-06-15 15:00:00+00:00,1813.65,1848.78,1812.36,1844.55,582265.708,2026-06-15 15:59:59.999000+00:00,1067213724.18299,563125,317232.7,581438798.59627,0,ETHUSDT,1h
2026-06-15 16:00:00+00:00,1844.55,1846.89,1836.66,1841.89,307025.88,2026-06-15 16:59:59.999000+00:00,565324994.03427,369833,150227.549,276651337.06738,0,ETHUSDT,1h
2026-06-15 17:00:00+00:00,1841.88,1841.89,1822.74,1828.3,297538.819,2026-06-15 17:59:59.999000+00:00,544364892.72736,326538,131528.986,240644839.87198,0,ETHUSDT,1h
2026-06-15 18:00:00+00:00,1828.31,1834.92,1824.75,1827.05,116551.232,2026-06-15 18:59:59.999000+00:00,213206424.23567,197413,68254.094,124871669.94595,0,ETHUSDT,1h
2026-06-15 19:00:00+00:00,1827.06,1833.72,1810.5,1820.94,257353.641,2026-06-15 19:59:59.999000+00:00,468606099.8413,343802,115419.113,210205975.68049,0,ETHUSDT,1h
2026-06-15 20:00:00+00:00,1820.94,1825.87,1814.17,1816.1,86876.109,2026-06-15 20:59:59.999000+00:00,158086684.02827,177759,44571.921,81115975.51872,0,ETHUSDT,1h
2026-06-15 21:00:00+00:00,1816.1,1821.47,1808.62,1810.56,98328.955,2026-06-15 21:59:59.999000+00:00,178433506.23827,153850,47877.841,86910591.1292,0,ETHUSDT,1h
2026-06-15 22:00:00+00:00,1810.57,1812.8,1786.01,1788.79,302944.668,2026-06-15 22:59:59.999000+00:00,543920362.16834,357335,137208.627,246313359.73169,0,ETHUSDT,1h
2026-06-15 23:00:00+00:00,1788.79,1796.96,1781.87,1795.16,183958.159,2026-06-15 23:59:59.999000+00:00,329192552.96608,262959,103573.217,185393777.98162,0,ETHUSDT,1h
2026-06-16 00:00:00+00:00,1795.15,1801.86,1787.96,1788.6,153069.038,2026-06-16 00:59:59.999000+00:00,274777116.96113,221679,72502.53,130211802.28206,0,ETHUSDT,1h
2026-06-16 01:00:00+00:00,1788.61,1796.45,1788.19,1791.25,79754.917,2026-06-16 01:59:59.999000+00:00,142995205.2476,154988,44192.689,79239426.65819,0,ETHUSDT,1h
2026-06-16 02:00:00+00:00,1791.26,1793.26,1766.2,1769.36,341617.146,2026-06-16 02:59:59.999000+00:00,606954801.71656,341628,142772.011,253668540.06075,0,ETHUSDT,1h
2026-06-16 03:00:00+00:00,1769.36,1779.83,1763.87,1778.22,213798.985,2026-06-16 03:59:59.999000+00:00,379291203.93679,237660,121120.805,214925359.4009,0,ETHUSDT,1h
2026-06-16 04:00:00+00:00,1778.21,1782.37,1757.36,1759.71,290434.165,2026-06-16 04:59:59.999000+00:00,513321050.39492,265069,140166.521,247821521.81404,0,ETHUSDT,1h
2026-06-16 05:00:00+00:00,1759.71,1765.28,1759.21,1761.22,160622.915,2026-06-16 05:59:59.999000+00:00,283089894.0403,176302,81602.55,143837260.44414,0,ETHUSDT,1h
2026-06-16 06:00:00+00:00,1761.22,1773.19,1761.22,1770.39,166030.743,2026-06-16 06:59:59.999000+00:00,293522010.15754,178261,97209.242,171846489.81795,0,ETHUSDT,1h
2026-06-16 07:00:00+00:00,1770.39,1775.89,1768.18,1773.23,104862.543,2026-06-16 07:59:59.999000+00:00,185808944.56684,155634,53530.066,94864981.00739,0,ETHUSDT,1h
2026-06-16 08:00:00+00:00,1773.23,1807.32,1772.2,1802.25,379151.915,2026-06-16 08:59:59.999000+00:00,678429181.76971,372688,224716.525,402119569.78652,0,ETHUSDT,1h
2026-06-16 09:00:00+00:00,1802.26,1804.97,1786.12,1788.83,233454.6,2026-06-16 09:59:59.999000+00:00,418870003.12494,290014,103162.121,185091612.59436,0,ETHUSDT,1h
2026-06-16 10:00:00+00:00,1788.83,1799.82,1787.55,1793.09,151659.947,2026-06-16 10:59:59.999000+00:00,272032106.76493,190151,78028.089,139980559.18214,0,ETHUSDT,1h
2026-06-16 11:00:00+00:00,1793.09,1799.76,1790.12,1798.73,91771.197,2026-06-16 11:59:59.999000+00:00,164698195.94447,153193,48247.353,86608058.83272,0,ETHUSDT,1h
2026-06-16 12:00:00+00:00,1798.73,1839.54,1795.78,1814.05,631172.437,2026-06-16 12:59:59.999000+00:00,1147970332.04871,660076,318719.123,579622361.36269,0,ETHUSDT,1h
2026-06-16 13:00:00+00:00,1814.04,1816.44,1790.39,1797.12,462233.465,2026-06-16 13:59:59.999000+00:00,833059854.3236,593990,213207.927,384309274.94416,0,ETHUSDT,1h
2026-06-16 14:00:00+00:00,1797.11,1805.0,1762.17,1779.51,648216.598,2026-06-16 14:59:59.999000+00:00,1153883054.09421,721177,290398.331,517005356.66382,0,ETHUSDT,1h
2026-06-16 15:00:00+00:00,1779.52,1787.72,1773.32,1781.41,260232.376,2026-06-16 15:59:59.999000+00:00,463421888.85784,386039,135671.478,241642424.94923,0,ETHUSDT,1h
2026-06-16 16:00:00+00:00,1781.41,1784.75,1771.79,1776.96,170323.959,2026-06-16 16:59:59.999000+00:00,302719963.84366,245211,91218.455,162148723.12344,0,ETHUSDT,1h
2026-06-16 17:00:00+00:00,1776.97,1798.82,1776.29,1794.24,179806.625,2026-06-16 17:59:59.999000+00:00,321782554.64608,249844,104091.928,186283655.16027,0,ETHUSDT,1h
2026-06-16 18:00:00+00:00,1794.24,1807.71,1791.77,1798.48,231005.188,2026-06-16 18:59:59.999000+00:00,415740317.20036,306011,120455.984,216813236.32741,0,ETHUSDT,1h
2026-06-16 19:00:00+00:00,1798.47,1800.37,1789.01,1794.63,134387.75,2026-06-16 19:59:59.999000+00:00,241113680.40455,237570,61716.047,110744294.27181,0,ETHUSDT,1h
2026-06-16 20:00:00+00:00,1794.63,1798.1,1788.3,1797.12,83392.594,2026-06-16 20:59:59.999000+00:00,149532244.62526,139378,40842.874,73249327.50357,0,ETHUSDT,1h
2026-06-16 21:00:00+00:00,1797.12,1799.82,1789.65,1795.41,61696.551,2026-06-16 21:59:59.999000+00:00,110722230.78545,104179,28224.671,50651286.26461,0,ETHUSDT,1h
2026-06-16 22:00:00+00:00,1795.42,1798.66,1790.0,1795.29,65538.836,2026-06-16 22:59:59.999000+00:00,117559390.83574,111916,32682.424,58622076.5179,0,ETHUSDT,1h
2026-06-16 23:00:00+00:00,1795.3,1798.0,1790.26,1792.32,51548.305,2026-06-16 23:59:59.999000+00:00,92460819.76881,100551,21925.502,39331336.4631,0,ETHUSDT,1h
2026-06-17 00:00:00+00:00,1792.33,1798.28,1791.04,1793.36,61156.469,2026-06-17 00:59:59.999000+00:00,109751391.91682,118963,29740.016,53372485.56678,0,ETHUSDT,1h
2026-06-17 01:00:00+00:00,1793.36,1798.25,1778.48,1796.95,185840.332,2026-06-17 01:59:59.999000+00:00,332256106.32546,266923,89169.019,159485554.9865,0,ETHUSDT,1h
2026-06-17 02:00:00+00:00,1796.95,1809.67,1787.51,1794.63,183598.429,2026-06-17 02:59:59.999000+00:00,330276508.12878,265377,97867.136,176154238.74968,0,ETHUSDT,1h
2026-06-17 03:00:00+00:00,1794.63,1796.51,1786.38,1792.83,87754.465,2026-06-17 03:59:59.999000+00:00,157182058.21659,145986,34187.094,61245004.3345,0,ETHUSDT,1h
2026-06-17 04:00:00+00:00,1792.83,1801.41,1791.15,1793.5,65848.604,2026-06-17 04:59:59.999000+00:00,118248971.80392,110214,37755.029,67814622.32542,0,ETHUSDT,1h
2026-06-17 05:00:00+00:00,1793.5,1798.62,1788.18,1793.21,84950.017,2026-06-17 05:59:59.999000+00:00,152309930.93838,124060,37681.104,67563279.51555,0,ETHUSDT,1h
2026-06-17 06:00:00+00:00,1793.2,1796.45,1785.27,1789.46,106965.655,2026-06-17 06:59:59.999000+00:00,191447137.44984,152903,49192.16,88059544.33843,0,ETHUSDT,1h
2026-06-17 07:00:00+00:00,1789.46,1791.79,1777.52,1784.4,156456.727,2026-06-17 07:59:59.999000+00:00,279159508.4812,209404,73158.998,130582100.20333,0,ETHUSDT,1h
2026-06-17 08:00:00+00:00,1784.39,1785.68,1759.14,1764.57,326946.764,2026-06-17 08:59:59.999000+00:00,578499970.93064,377593,152044.705,269018563.88408,0,ETHUSDT,1h
2026-06-17 09:00:00+00:00,1764.56,1777.0,1764.18,1772.29,177613.018,2026-06-17 09:59:59.999000+00:00,314502758.53103,210084,95172.006,168510857.68954,0,ETHUSDT,1h
2026-06-17 10:00:00+00:00,1772.29,1775.44,1766.21,1767.67,94376.399,2026-06-17 10:59:59.999000+00:00,167098673.16688,169708,46807.685,82884811.20229,0,ETHUSDT,1h
2026-06-17 11:00:00+00:00,1767.66,1770.0,1758.0,1763.22,206353.795,2026-06-17 11:59:59.999000+00:00,364014067.94054,274554,103762.652,183065444.42212,0,ETHUSDT,1h
2026-06-17 12:00:00+00:00,1763.22,1765.28,1741.31,1758.25,457970.678,2026-06-17 12:59:59.999000+00:00,802422957.80753,457560,207271.477,363189202.75321,0,ETHUSDT,1h
2026-06-17 13:00:00+00:00,1758.25,1771.35,1753.75,1760.14,294785.128,2026-06-17 13:59:59.999000+00:00,519576541.62498,391367,161781.127,285218973.81312,0,ETHUSDT,1h
2026-06-17 14:00:00+00:00,1760.13,1764.73,1740.36,1754.1,303836.343,2026-06-17 14:59:59.999000+00:00,532791826.01467,475030,143536.399,251765516.42925,0,ETHUSDT,1h
2026-06-17 15:00:00+00:00,1754.1,1776.5,1750.31,1772.54,252001.036,2026-06-17 15:59:59.999000+00:00,444741281.80779,386063,150273.608,265263462.75431,0,ETHUSDT,1h
2026-06-17 16:00:00+00:00,1772.54,1791.39,1768.51,1770.99,309649.472,2026-06-17 16:59:59.999000+00:00,550454526.85553,398238,153488.761,272931743.11404,0,ETHUSDT,1h
2026-06-17 17:00:00+00:00,1771.0,1795.58,1766.37,1788.48,198986.129,2026-06-17 17:59:59.999000+00:00,354199543.3459,296105,108732.468,193546883.63334,0,ETHUSDT,1h
2026-06-17 18:00:00+00:00,1788.45,1788.58,1745.16,1769.25,823431.5,2026-06-17 18:59:59.999000+00:00,1455256984.35034,1015100,391139.868,691436106.3316,0,ETHUSDT,1h
2026-06-17 19:00:00+00:00,1769.25,1774.74,1728.24,1734.02,674590.162,2026-06-17 19:59:59.999000+00:00,1177367245.2192,899549,309032.699,539564407.66323,0,ETHUSDT,1h
2026-06-17 20:00:00+00:00,1734.02,1747.26,1732.28,1746.54,199348.066,2026-06-17 20:59:59.999000+00:00,346829678.88355,287220,121570.385,211515705.0257,0,ETHUSDT,1h
2026-06-17 21:00:00+00:00,1746.54,1747.47,1735.66,1738.26,92577.358,2026-06-17 21:59:59.999000+00:00,161255736.75274,147015,43799.47,76307773.32126,0,ETHUSDT,1h
2026-06-17 22:00:00+00:00,1738.25,1745.91,1724.22,1739.62,159966.496,2026-06-17 22:59:59.999000+00:00,277652489.29778,234209,78594.464,136472997.04874,0,ETHUSDT,1h
2026-06-17 23:00:00+00:00,1739.63,1751.14,1739.25,1749.56,84341.97,2026-06-17 23:59:59.999000+00:00,147324833.60871,144817,45976.332,80304113.23852,0,ETHUSDT,1h
2026-06-18 00:00:00+00:00,1749.57,1758.74,1749.03,1752.13,113012.79,2026-06-18 00:59:59.999000+00:00,198210978.78056,192697,57547.983,100934385.3684,0,ETHUSDT,1h
2026-06-18 01:00:00+00:00,1752.13,1762.34,1751.82,1754.21,101246.379,2026-06-18 01:59:59.999000+00:00,177962863.81423,175305,48955.336,86071106.71167,0,ETHUSDT,1h
2026-06-18 02:00:00+00:00,1754.22,1758.5,1749.21,1754.94,75886.133,2026-06-18 02:59:59.999000+00:00,133181397.52039,141879,35785.659,62813183.83014,0,ETHUSDT,1h
2026-06-18 03:00:00+00:00,1754.94,1755.31,1740.22,1743.27,156644.596,2026-06-18 03:59:59.999000+00:00,273540362.89214,199523,69353.225,121087593.37077,0,ETHUSDT,1h
2026-06-18 04:00:00+00:00,1743.27,1745.0,1728.77,1729.71,197202.015,2026-06-18 04:59:59.999000+00:00,342013311.15988,287083,88137.745,152861366.72585,0,ETHUSDT,1h
2026-06-18 05:00:00+00:00,1729.71,1732.26,1720.9,1730.07,208815.466,2026-06-18 05:59:59.999000+00:00,360609679.13898,285700,104022.467,179681633.53465,0,ETHUSDT,1h
2026-06-18 06:00:00+00:00,1730.07,1736.31,1724.52,1734.7,158600.053,2026-06-18 06:59:59.999000+00:00,274580865.81565,204011,96097.047,166397976.26057,0,ETHUSDT,1h
2026-06-18 07:00:00+00:00,1734.71,1752.7,1732.04,1748.89,217208.616,2026-06-18 07:59:59.999000+00:00,378881268.7911,222888,114958.178,200535763.15409,0,ETHUSDT,1h
2026-06-18 08:00:00+00:00,1748.89,1752.74,1745.37,1747.13,169531.667,2026-06-18 08:59:59.999000+00:00,296533405.47675,182389,78686.546,137644477.30371,0,ETHUSDT,1h
2026-06-18 09:00:00+00:00,1747.13,1751.2,1741.5,1745.56,115439.32,2026-06-18 09:59:59.999000+00:00,201572893.98709,147536,53548.878,93511613.80463,0,ETHUSDT,1h
2026-06-18 10:00:00+00:00,1745.55,1752.47,1738.62,1746.1,150307.196,2026-06-18 10:59:59.999000+00:00,262055050.94589,183875,74713.716,130269617.26852,0,ETHUSDT,1h
2026-06-18 11:00:00+00:00,1746.1,1748.59,1738.08,1742.32,108676.897,2026-06-18 11:59:59.999000+00:00,189409125.07236,174227,48967.65,85357466.14986,0,ETHUSDT,1h
2026-06-18 12:00:00+00:00,1742.33,1752.47,1740.83,1749.35,118650.747,2026-06-18 12:59:59.999000+00:00,207407776.7865,183156,61107.551,106823833.2152,0,ETHUSDT,1h
2026-06-18 13:00:00+00:00,1749.35,1751.47,1728.33,1735.88,280389.754,2026-06-18 13:59:59.999000+00:00,487357332.5641,370085,135735.644,235946548.28342,0,ETHUSDT,1h
2026-06-18 14:00:00+00:00,1735.87,1744.67,1728.66,1738.96,293857.619,2026-06-18 14:59:59.999000+00:00,510303048.73892,446014,143808.044,249759769.75701,0,ETHUSDT,1h
2026-06-18 15:00:00+00:00,1738.95,1739.37,1678.05,1681.21,1037209.354,2026-06-18 15:59:59.999000+00:00,1768426538.92907,1029369,441582.457,753117984.51793,0,ETHUSDT,1h
2026-06-18 16:00:00+00:00,1681.2,1692.28,1679.07,1686.12,410007.823,2026-06-18 16:59:59.999000+00:00,691510390.25019,481987,229766.274,387529828.1028,0,ETHUSDT,1h
2026-06-18 17:00:00+00:00,1686.13,1686.97,1670.56,1678.59,358459.09,2026-06-18 17:59:59.999000+00:00,601913998.83393,391344,173593.552,291520063.62334,0,ETHUSDT,1h
2026-06-18 18:00:00+00:00,1678.59,1688.53,1675.52,1684.48,158963.083,2026-06-18 18:59:59.999000+00:00,267490136.84761,275216,83221.338,140034683.1054,0,ETHUSDT,1h
2026-06-18 19:00:00+00:00,1684.48,1706.86,1682.0,1704.79,235484.468,2026-06-18 19:59:59.999000+00:00,399550759.52033,256354,134209.049,227756877.62456,0,ETHUSDT,1h
2026-06-18 20:00:00+00:00,1704.8,1716.64,1704.8,1709.81,185951.89,2026-06-18 20:59:59.999000+00:00,318257980.14147,220589,100301.789,171675378.19095,0,ETHUSDT,1h
2026-06-18 21:00:00+00:00,1709.82,1711.29,1700.74,1707.68,111883.299,2026-06-18 21:59:59.999000+00:00,190864554.40782,132462,50723.498,86544374.0101,0,ETHUSDT,1h
2026-06-18 22:00:00+00:00,1707.67,1707.92,1699.11,1706.01,65025.816,2026-06-18 22:59:59.999000+00:00,110780514.94812,98279,29882.974,50916975.20064,0,ETHUSDT,1h
2026-06-18 23:00:00+00:00,1706.0,1711.88,1702.0,1710.18,67011.386,2026-06-18 23:59:59.999000+00:00,114422257.13985,100944,37171.266,63474373.51807,0,ETHUSDT,1h
2026-06-19 00:00:00+00:00,1710.18,1715.42,1708.0,1712.99,73082.97,2026-06-19 00:59:59.999000+00:00,125142123.97062,110409,41917.678,71785887.12657,0,ETHUSDT,1h
2026-06-19 01:00:00+00:00,1713.0,1718.83,1705.19,1712.79,111796.772,2026-06-19 01:59:59.999000+00:00,191325844.61652,163219,58099.585,99456081.73197,0,ETHUSDT,1h
2026-06-19 02:00:00+00:00,1712.79,1714.61,1700.05,1706.28,108559.198,2026-06-19 02:59:59.999000+00:00,185185998.46799,150292,47877.874,81680957.98966,0,ETHUSDT,1h
2026-06-19 03:00:00+00:00,1706.29,1707.59,1680.03,1696.62,346621.457,2026-06-19 03:59:59.999000+00:00,586429900.08076,359401,163252.894,276149325.49692,0,ETHUSDT,1h
2026-06-19 04:00:00+00:00,1696.63,1702.0,1684.66,1688.7,175498.793,2026-06-19 04:59:59.999000+00:00,297010360.54336,246847,78372.638,132729556.31759,0,ETHUSDT,1h
2026-06-19 05:00:00+00:00,1688.7,1696.97,1688.54,1696.61,97452.885,2026-06-19 05:59:59.999000+00:00,165095318.76131,165988,57294.67,97066391.07646,0,ETHUSDT,1h
2026-06-19 06:00:00+00:00,1696.62,1702.88,1695.19,1699.42,109057.284,2026-06-19 06:59:59.999000+00:00,185230329.59485,151930,63371.393,107643562.15454,0,ETHUSDT,1h
2026-06-19 07:00:00+00:00,1699.42,1700.27,1689.07,1695.14,124498.463,2026-06-19 07:59:59.999000+00:00,210905901.91988,172740,66812.61,113183817.40433,0,ETHUSDT,1h
2026-06-19 08:00:00+00:00,1695.15,1698.47,1692.79,1697.32,79345.617,2026-06-19 08:59:59.999000+00:00,134551659.97354,129153,38572.165,65407956.5831,0,ETHUSDT,1h
2026-06-19 09:00:00+00:00,1697.31,1699.17,1687.81,1688.51,118684.044,2026-06-19 09:59:59.999000+00:00,200739334.42386,160594,49158.344,83152395.33642,0,ETHUSDT,1h
2026-06-19 10:00:00+00:00,1688.5,1693.92,1686.23,1691.83,80566.231,2026-06-19 10:59:59.999000+00:00,136109751.70861,144241,46197.506,78051505.21736,0,ETHUSDT,1h
2026-06-19 11:00:00+00:00,1691.82,1693.5,1687.82,1691.05,47962.315,2026-06-19 11:59:59.999000+00:00,81115550.48009,101620,25437.734,43021421.55542,0,ETHUSDT,1h
2026-06-19 12:00:00+00:00,1691.05,1695.53,1678.17,1694.47,208565.61,2026-06-19 12:59:59.999000+00:00,351849586.26474,273126,106727.315,180115624.13394,0,ETHUSDT,1h
2026-06-19 13:00:00+00:00,1694.48,1711.6,1686.64,1702.38,280589.321,2026-06-19 13:59:59.999000+00:00,476799802.18038,363390,159122.388,270440292.92206,0,ETHUSDT,1h
2026-06-19 14:00:00+00:00,1702.38,1709.29,1695.36,1706.07,158376.025,2026-06-19 14:59:59.999000+00:00,269616171.81697,241231,83966.839,142959250.87645,0,ETHUSDT,1h
2026-06-19 15:00:00+00:00,1706.06,1711.65,1697.12,1706.92,152740.653,2026-06-19 15:59:59.999000+00:00,260337534.92144,234417,74115.994,126343446.84747,0,ETHUSDT,1h
2026-06-19 16:00:00+00:00,1706.92,1711.0,1693.83,1695.82,141271.179,2026-06-19 16:59:59.999000+00:00,240651705.15368,229906,67962.784,115822514.38878,0,ETHUSDT,1h
2026-06-19 17:00:00+00:00,1695.82,1705.95,1692.43,1703.82,128130.763,2026-06-19 17:59:59.999000+00:00,217653352.37428,212612,76532.949,130010913.10639,0,ETHUSDT,1h
2026-06-19 18:00:00+00:00,1703.82,1704.7,1697.25,1701.86,51724.874,2026-06-19 18:59:59.999000+00:00,88016810.08679,104965,26041.369,44314157.80817,0,ETHUSDT,1h
2026-06-19 19:00:00+00:00,1701.85,1703.86,1697.26,1700.44,39018.652,2026-06-19 19:59:59.999000+00:00,66336151.2324,89738,19048.223,32384292.58927,0,ETHUSDT,1h
2026-06-19 20:00:00+00:00,1700.44,1708.65,1697.82,1708.0,54392.449,2026-06-19 20:59:59.999000+00:00,92655880.1555,102174,30310.988,51638003.74049,0,ETHUSDT,1h
2026-06-19 21:00:00+00:00,1707.99,1708.0,1700.37,1701.14,44352.992,2026-06-19 21:59:59.999000+00:00,75607570.32278,75120,20370.69,34718331.96888,0,ETHUSDT,1h
2026-06-19 22:00:00+00:00,1701.13,1709.68,1699.51,1707.0,67338.504,2026-06-19 22:59:59.999000+00:00,114870452.86469,87860,37257.104,63557099.75786,0,ETHUSDT,1h
2026-06-19 23:00:00+00:00,1707.0,1714.7,1704.19,1710.31,63233.201,2026-06-19 23:59:59.999000+00:00,108072392.38821,90265,35252.657,60263432.7263,0,ETHUSDT,1h
2026-06-20 00:00:00+00:00,1710.3,1717.72,1707.56,1708.01,94208.024,2026-06-20 00:59:59.999000+00:00,161207811.51078,153314,51557.223,88239387.10104,0,ETHUSDT,1h
2026-06-20 01:00:00+00:00,1708.0,1712.7,1705.78,1709.18,56164.343,2026-06-20 01:59:59.999000+00:00,95956567.73309,96594,28335.671,48408786.44669,0,ETHUSDT,1h
2026-06-20 02:00:00+00:00,1709.18,1709.9,1703.13,1703.95,53977.352,2026-06-20 02:59:59.999000+00:00,92067202.99149,95387,24107.681,41119891.13412,0,ETHUSDT,1h
2026-06-20 03:00:00+00:00,1703.95,1708.84,1703.8,1707.37,24729.567,2026-06-20 03:59:59.999000+00:00,42199163.18112,53681,13782.133,23518666.29072,0,ETHUSDT,1h
2026-06-20 04:00:00+00:00,1707.37,1714.98,1705.59,1712.69,73654.948,2026-06-20 04:59:59.999000+00:00,126085581.81068,88562,36042.087,61691517.54024,0,ETHUSDT,1h
2026-06-20 05:00:00+00:00,1712.7,1733.0,1711.5,1725.26,326909.253,2026-06-20 05:59:59.999000+00:00,563952257.98591,285333,194938.447,336277992.58446,0,ETHUSDT,1h
2026-06-20 06:00:00+00:00,1725.26,1729.0,1723.13,1726.89,80535.83,2026-06-20 06:59:59.999000+00:00,139015685.67791,108237,39826.523,68742868.28888,0,ETHUSDT,1h
2026-06-20 07:00:00+00:00,1726.88,1728.75,1722.1,1725.16,61979.361,2026-06-20 07:59:59.999000+00:00,106958532.48282,82144,31001.599,53506589.93971,0,ETHUSDT,1h
2026-06-20 08:00:00+00:00,1725.17,1726.29,1720.3,1722.18,77540.081,2026-06-20 08:59:59.999000+00:00,133601245.71874,86549,33822.28,58280171.10111,0,ETHUSDT,1h
2026-06-20 09:00:00+00:00,1722.18,1729.41,1722.18,1727.66,82027.173,2026-06-20 09:59:59.999000+00:00,141611192.81856,94368,47184.948,81463855.54534,0,ETHUSDT,1h
2026-06-20 10:00:00+00:00,1727.66,1728.8,1724.54,1726.91,44333.978,2026-06-20 10:59:59.999000+00:00,76538336.73759,59691,19455.966,33590077.77087,0,ETHUSDT,1h
2026-06-20 11:00:00+00:00,1726.9,1731.1,1725.0,1726.37,50383.182,2026-06-20 11:59:59.999000+00:00,87033308.35369,61189,26157.773,45193007.8449,0,ETHUSDT,1h
2026-06-20 12:00:00+00:00,1726.38,1729.75,1722.72,1725.96,65198.642,2026-06-20 12:59:59.999000+00:00,112544208.41262,85433,29551.133,51013198.9126,0,ETHUSDT,1h
2026-06-20 13:00:00+00:00,1725.97,1726.26,1711.54,1716.56,198643.645,2026-06-20 13:59:59.999000+00:00,341107140.6596,196682,86911.97,149207165.89802,0,ETHUSDT,1h
2026-06-20 14:00:00+00:00,1716.56,1746.63,1707.11,1732.76,416740.426,2026-06-20 14:59:59.999000+00:00,719234787.79277,403591,226544.771,391023215.89093,0,ETHUSDT,1h
2026-06-20 15:00:00+00:00,1732.76,1749.13,1728.15,1739.89,321456.652,2026-06-20 15:59:59.999000+00:00,559127352.2758,356863,174234.129,303071527.16231,0,ETHUSDT,1h
2026-06-20 16:00:00+00:00,1739.9,1740.27,1729.92,1733.06,93850.456,2026-06-20 16:59:59.999000+00:00,162724507.1262,148556,45086.224,78173795.22642,0,ETHUSDT,1h
2026-06-20 17:00:00+00:00,1733.07,1733.07,1720.01,1726.1,122825.892,2026-06-20 17:59:59.999000+00:00,212015840.26727,164321,58542.012,101060164.45532,0,ETHUSDT,1h
2026-06-20 18:00:00+00:00,1726.1,1731.51,1725.18,1725.78,52226.577,2026-06-20 18:59:59.999000+00:00,90245117.51163,80840,27208.503,47017412.2977,0,ETHUSDT,1h
2026-06-20 19:00:00+00:00,1725.79,1729.42,1724.23,1728.37,68460.94,2026-06-20 19:59:59.999000+00:00,118204923.13798,102949,36170.621,62459064.51733,0,ETHUSDT,1h
2026-06-20 20:00:00+00:00,1728.37,1730.48,1725.51,1729.99,30227.146,2026-06-20 20:59:59.999000+00:00,52249883.62581,56272,14268.549,24665753.08764,0,ETHUSDT,1h
2026-06-20 21:00:00+00:00,1729.98,1737.49,1729.44,1734.55,95828.982,2026-06-20 21:59:59.999000+00:00,166148214.87751,107909,55199.587,95699953.28986,0,ETHUSDT,1h
2026-06-20 22:00:00+00:00,1734.55,1745.72,1732.23,1742.49,147707.509,2026-06-20 22:59:59.999000+00:00,256957533.96546,199978,79828.846,138892597.68346,0,ETHUSDT,1h
2026-06-20 23:00:00+00:00,1742.5,1742.94,1739.55,1740.0,63640.17,2026-06-20 23:59:59.999000+00:00,110790385.15693,98110,28215.441,49121861.25884,0,ETHUSDT,1h
2026-06-21 00:00:00+00:00,1740.0,1740.08,1735.29,1737.0,60996.742,2026-06-21 00:59:59.999000+00:00,105952878.77779,85549,25013.624,43450257.82784,0,ETHUSDT,1h
2026-06-21 01:00:00+00:00,1737.0,1739.36,1733.36,1736.13,42357.21,2026-06-21 01:59:59.999000+00:00,73523447.53977,69828,22173.012,38490580.87405,0,ETHUSDT,1h
2026-06-21 02:00:00+00:00,1736.13,1737.36,1734.78,1735.34,23354.519,2026-06-21 02:59:59.999000+00:00,40543933.84887,49953,13484.638,23410144.77932,0,ETHUSDT,1h
2026-06-21 03:00:00+00:00,1735.35,1740.57,1732.62,1737.03,58224.291,2026-06-21 03:59:59.999000+00:00,101130306.99673,99804,31778.528,55201277.99381,0,ETHUSDT,1h
2026-06-21 04:00:00+00:00,1737.03,1740.68,1730.73,1732.06,63433.973,2026-06-21 04:59:59.999000+00:00,110089605.75081,89058,26625.302,46212699.39922,0,ETHUSDT,1h
2026-06-21 05:00:00+00:00,1732.06,1735.54,1728.49,1732.57,57036.841,2026-06-21 05:59:59.999000+00:00,98801996.88404,81191,27154.331,47042900.68384,0,ETHUSDT,1h
2026-06-21 06:00:00+00:00,1732.57,1737.86,1731.66,1735.23,42780.874,2026-06-21 06:59:59.999000+00:00,74214730.89192,67933,24751.502,42933741.17027,0,ETHUSDT,1h
2026-06-21 07:00:00+00:00,1735.23,1735.45,1730.88,1731.45,37569.865,2026-06-21 07:59:59.999000+00:00,65109200.44111,50397,18030.194,31246059.51192,0,ETHUSDT,1h
2026-06-21 08:00:00+00:00,1731.45,1732.36,1722.82,1728.29,97139.653,2026-06-21 08:59:59.999000+00:00,167785658.47234,110308,42545.522,73486230.51674,0,ETHUSDT,1h
2026-06-21 09:00:00+00:00,1728.29,1733.63,1725.0,1731.98,69855.672,2026-06-21 09:59:59.999000+00:00,120804424.03978,88424,34718.301,60037646.73616,0,ETHUSDT,1h
2026-06-21 10:00:00+00:00,1731.99,1736.31,1730.04,1730.56,63342.178,2026-06-21 10:59:59.999000+00:00,109767613.49028,79713,31963.674,55398200.46879,0,ETHUSDT,1h
2026-06-21 11:00:00+00:00,1730.57,1733.94,1717.19,1724.66,169410.642,2026-06-21 11:59:59.999000+00:00,292163903.96408,181036,79397.78,136943930.84307,0,ETHUSDT,1h
2026-06-21 12:00:00+00:00,1724.66,1726.29,1716.0,1725.14,186239.962,2026-06-21 12:59:59.999000+00:00,320547739.91183,187541,94069.099,161910501.04386,0,ETHUSDT,1h
2026-06-21 13:00:00+00:00,1725.14,1727.82,1721.08,1724.23,85955.7,2026-06-21 13:59:59.999000+00:00,148228434.17858,101683,43157.836,74427624.70601,0,ETHUSDT,1h
2026-06-21 14:00:00+00:00,1724.22,1727.93,1721.0,1727.81,48607.306,2026-06-21 14:59:59.999000+00:00,83795273.06964,73968,25482.807,43936888.54713,0,ETHUSDT,1h
2026-06-21 15:00:00+00:00,1727.81,1731.86,1726.1,1729.85,90393.767,2026-06-21 15:59:59.999000+00:00,156341913.49975,106453,46790.437,80933474.47564,0,ETHUSDT,1h
2026-06-21 16:00:00+00:00,1729.85,1729.85,1721.13,1727.44,89543.358,2026-06-21 16:59:59.999000+00:00,154573658.70306,120460,44737.762,77218926.21271,0,ETHUSDT,1h
2026-06-21 17:00:00+00:00,1727.44,1730.85,1725.21,1726.49,44642.457,2026-06-21 17:59:59.999000+00:00,77134740.70313,72435,26004.291,44934455.11353,0,ETHUSDT,1h
2026-06-21 18:00:00+00:00,1726.48,1737.13,1720.82,1734.55,118519.695,2026-06-21 18:59:59.999000+00:00,205100300.41368,150945,67804.998,117350935.30443,0,ETHUSDT,1h
2026-06-21 19:00:00+00:00,1734.54,1738.42,1732.68,1733.31,49926.773,2026-06-21 19:59:59.999000+00:00,86627357.91789,72955,27949.484,48505878.95492,0,ETHUSDT,1h
2026-06-21 20:00:00+00:00,1733.31,1734.6,1716.01,1720.56,116866.778,2026-06-21 20:59:59.999000+00:00,201393760.78112,150440,51930.527,89471846.28686,0,ETHUSDT,1h
2026-06-21 21:00:00+00:00,1720.57,1723.96,1700.37,1717.59,303444.945,2026-06-21 21:59:59.999000+00:00,519354515.08017,307564,149878.709,256603656.80451,0,ETHUSDT,1h
2026-06-21 22:00:00+00:00,1717.58,1720.63,1707.35,1717.01,139419.072,2026-06-21 22:59:59.999000+00:00,239024194.39839,211917,81762.502,140180646.99712,0,ETHUSDT,1h
2026-06-21 23:00:00+00:00,1717.0,1717.0,1703.44,1706.31,119294.198,2026-06-21 23:59:59.999000+00:00,203833427.68147,253390,57772.344,98720601.83176,0,ETHUSDT,1h
2026-06-22 00:00:00+00:00,1706.3,1731.92,1706.1,1726.19,214879.243,2026-06-22 00:59:59.999000+00:00,369672360.4178,332677,118750.633,204287182.49886,0,ETHUSDT,1h
2026-06-22 01:00:00+00:00,1726.19,1759.35,1723.68,1742.9,417011.069,2026-06-22 01:59:59.999000+00:00,727364713.62581,519919,232013.829,404772515.57828,0,ETHUSDT,1h
2026-06-22 02:00:00+00:00,1742.91,1744.57,1736.35,1736.36,106471.805,2026-06-22 02:59:59.999000+00:00,185284357.23304,203457,47932.651,83425336.66898,0,ETHUSDT,1h
2026-06-22 03:00:00+00:00,1736.35,1740.42,1725.57,1729.31,177321.823,2026-06-22 03:59:59.999000+00:00,307162956.94436,253726,82370.335,142679472.02514,0,ETHUSDT,1h
2026-06-22 04:00:00+00:00,1729.31,1735.21,1726.77,1734.39,82849.033,2026-06-22 04:59:59.999000+00:00,143493495.75976,142766,39710.013,68779437.06438,0,ETHUSDT,1h
2026-06-22 05:00:00+00:00,1734.4,1738.88,1733.25,1736.1,110092.303,2026-06-22 05:59:59.999000+00:00,191155835.89026,122820,53987.075,93746852.63869,0,ETHUSDT,1h
2026-06-22 06:00:00+00:00,1736.1,1739.62,1732.28,1734.15,65068.002,2026-06-22 06:59:59.999000+00:00,112932284.42776,112448,31076.499,53937631.38641,0,ETHUSDT,1h
2026-06-22 07:00:00+00:00,1734.15,1750.93,1733.94,1745.76,184888.893,2026-06-22 07:59:59.999000+00:00,322707286.62424,191786,101046.411,176375189.06626,0,ETHUSDT,1h
2026-06-22 08:00:00+00:00,1745.76,1752.0,1742.56,1746.91,94636.173,2026-06-22 08:59:59.999000+00:00,165341931.72459,165724,49057.966,85727763.82384,0,ETHUSDT,1h
2026-06-22 09:00:00+00:00,1746.92,1749.8,1742.78,1745.35,59356.666,2026-06-22 09:59:59.999000+00:00,103656625.04867,110930,29724.815,51909680.37583,0,ETHUSDT,1h
2026-06-22 10:00:00+00:00,1745.34,1750.85,1744.45,1748.01,58528.02,2026-06-22 10:59:59.999000+00:00,102323545.30934,88935,28439.938,49717625.52428,0,ETHUSDT,1h
2026-06-22 11:00:00+00:00,1748.0,1774.19,1746.51,1766.94,350846.087,2026-06-22 11:59:59.999000+00:00,617837929.70972,346416,207044.549,364606202.69388,0,ETHUSDT,1h
2026-06-22 12:00:00+00:00,1766.95,1771.34,1760.34,1763.26,200774.035,2026-06-22 12:59:59.999000+00:00,354342153.40571,245207,96999.414,171217545.77358,0,ETHUSDT,1h
2026-06-22 13:00:00+00:00,1763.27,1779.0,1761.02,1776.92,298667.896,2026-06-22 13:59:59.999000+00:00,528979791.68649,367229,163626.789,289854652.75551,0,ETHUSDT,1h
2026-06-22 14:00:00+00:00,1776.92,1777.35,1749.23,1753.74,414905.756,2026-06-22 14:59:59.999000+00:00,730063082.06253,432140,189583.171,333517925.15073,0,ETHUSDT,1h
2026-06-22 15:00:00+00:00,1753.75,1757.29,1741.13,1744.02,212437.857,2026-06-22 15:59:59.999000+00:00,371675035.77828,294329,90385.714,158207246.21177,0,ETHUSDT,1h
2026-06-22 16:00:00+00:00,1744.02,1745.55,1732.6,1739.39,276681.195,2026-06-22 16:59:59.999000+00:00,481098316.68314,326941,133516.315,232194643.46371,0,ETHUSDT,1h
2026-06-22 17:00:00+00:00,1739.4,1742.48,1730.2,1740.38,150520.971,2026-06-22 17:59:59.999000+00:00,261387467.92279,181470,79049.326,137288827.10358,0,ETHUSDT,1h
2026-06-22 18:00:00+00:00,1740.38,1746.99,1728.3,1732.61,241967.653,2026-06-22 18:59:59.999000+00:00,420474850.02821,197560,115119.209,200030547.05026,0,ETHUSDT,1h
2026-06-22 19:00:00+00:00,1732.62,1736.2,1727.41,1733.69,144349.681,2026-06-22 19:59:59.999000+00:00,250018631.0016,191151,73767.655,127786303.82096,0,ETHUSDT,1h
2026-06-22 20:00:00+00:00,1733.69,1739.6,1730.13,1733.81,85422.301,2026-06-22 20:59:59.999000+00:00,148179456.3219,104374,43112.581,74796213.73956,0,ETHUSDT,1h
2026-06-22 21:00:00+00:00,1733.81,1736.84,1725.76,1732.15,72383.306,2026-06-22 21:59:59.999000+00:00,125307551.97507,98107,40281.067,69741299.30202,0,ETHUSDT,1h
2026-06-22 22:00:00+00:00,1732.14,1735.28,1716.01,1723.48,186932.315,2026-06-22 22:59:59.999000+00:00,321949926.2713,243971,89739.055,154551593.36929,0,ETHUSDT,1h
2026-06-22 23:00:00+00:00,1723.48,1729.94,1720.51,1727.32,110861.668,2026-06-22 23:59:59.999000+00:00,191261029.88536,136961,59790.89,103181508.05264,0,ETHUSDT,1h
2026-06-23 00:00:00+00:00,1727.32,1731.3,1718.61,1730.42,92509.059,2026-06-23 00:59:59.999000+00:00,159638733.63551,144964,50093.502,86460219.01568,0,ETHUSDT,1h
2026-06-23 01:00:00+00:00,1730.41,1735.63,1720.24,1729.82,117095.942,2026-06-23 01:59:59.999000+00:00,202462831.22514,181399,63174.804,109245682.60778,0,ETHUSDT,1h
2026-06-23 02:00:00+00:00,1729.82,1734.36,1725.4,1731.91,49996.008,2026-06-23 02:59:59.999000+00:00,86514615.82858,108860,26914.154,46578723.73028,0,ETHUSDT,1h
2026-06-23 03:00:00+00:00,1731.91,1732.38,1725.02,1729.1,53511.602,2026-06-23 03:59:59.999000+00:00,92459263.66542,91847,25193.454,43528134.78649,0,ETHUSDT,1h
2026-06-23 04:00:00+00:00,1729.09,1730.49,1716.61,1718.44,112850.198,2026-06-23 04:59:59.999000+00:00,194398765.71605,137511,46355.289,79853914.43201,0,ETHUSDT,1h
2026-06-23 05:00:00+00:00,1718.44,1720.64,1709.09,1712.78,222335.224,2026-06-23 05:59:59.999000+00:00,381107937.58733,263554,106485.685,182535550.36768,0,ETHUSDT,1h
2026-06-23 06:00:00+00:00,1712.78,1713.02,1680.0,1691.29,544347.734,2026-06-23 06:59:59.999000+00:00,921321643.89846,516081,246446.449,416824513.53884,0,ETHUSDT,1h
2026-06-23 07:00:00+00:00,1691.29,1695.67,1681.01,1681.96,170294.206,2026-06-23 07:59:59.999000+00:00,287656665.19579,187932,75178.013,127021247.64393,0,ETHUSDT,1h
2026-06-23 08:00:00+00:00,1681.97,1683.88,1633.33,1647.36,907983.564,2026-06-23 08:59:59.999000+00:00,1503326352.31769,787266,423922.036,701538734.88757,0,ETHUSDT,1h
2026-06-23 09:00:00+00:00,1647.35,1653.5,1647.15,1649.94,134610.075,2026-06-23 09:59:59.999000+00:00,222171406.80108,154492,67537.242,111475427.02655,0,ETHUSDT,1h
2026-06-23 10:00:00+00:00,1649.95,1657.96,1648.3,1651.75,130714.005,2026-06-23 10:59:59.999000+00:00,216076714.18542,149447,75995.647,125626863.86958,0,ETHUSDT,1h
2026-06-23 11:00:00+00:00,1651.75,1662.91,1651.66,1659.93,159570.231,2026-06-23 11:59:59.999000+00:00,264721536.66088,172045,85662.694,142137708.58516,0,ETHUSDT,1h
2026-06-23 12:00:00+00:00,1659.93,1661.57,1652.75,1653.63,115281.098,2026-06-23 12:59:59.999000+00:00,190983938.16957,150279,55994.261,92768688.38981,0,ETHUSDT,1h
2026-06-23 13:00:00+00:00,1653.65,1663.33,1643.66,1662.06,391789.402,2026-06-23 13:59:59.999000+00:00,648235163.79966,452127,195972.36,324278877.08155,0,ETHUSDT,1h
2026-06-23 14:00:00+00:00,1662.06,1672.0,1657.05,1661.26,299639.605,2026-06-23 14:59:59.999000+00:00,498511891.09935,431416,151336.664,251853820.2775,0,ETHUSDT,1h
2026-06-23 15:00:00+00:00,1661.27,1662.74,1650.3,1658.9,164913.272,2026-06-23 15:59:59.999000+00:00,273057628.48366,265096,84286.434,139567404.45479,0,ETHUSDT,1h
2026-06-23 16:00:00+00:00,1658.9,1673.6,1656.85,1658.55,214387.869,2026-06-23 16:59:59.999000+00:00,357045456.29806,243069,114320.612,190403250.38673,0,ETHUSDT,1h
2026-06-23 17:00:00+00:00,1658.55,1664.21,1653.57,1656.03,88778.942,2026-06-23 17:59:59.999000+00:00,147220488.61474,161451,44037.837,73038512.51963,0,ETHUSDT,1h
2026-06-23 18:00:00+00:00,1656.03,1659.85,1649.03,1654.65,103501.653,2026-06-23 18:59:59.999000+00:00,171205122.55846,170157,50653.289,83789665.48754,0,ETHUSDT,1h
2026-06-23 19:00:00+00:00,1654.65,1663.3,1654.59,1661.96,71873.202,2026-06-23 19:59:59.999000+00:00,119271846.14997,152830,40014.132,66401656.2763,0,ETHUSDT,1h
2026-06-23 20:00:00+00:00,1661.97,1666.99,1660.46,1663.4,57686.585,2026-06-23 20:59:59.999000+00:00,95978628.7375,103830,29944.321,49823163.0628,0,ETHUSDT,1h
2026-06-23 21:00:00+00:00,1663.4,1667.8,1662.77,1666.05,45334.764,2026-06-23 21:59:59.999000+00:00,75507133.3938,74457,23643.426,39381424.16647,0,ETHUSDT,1h
2026-06-23 22:00:00+00:00,1666.04,1672.12,1662.22,1663.84,75774.663,2026-06-23 22:59:59.999000+00:00,126254300.5438,109921,33610.958,56014662.43723,0,ETHUSDT,1h
2026-06-23 23:00:00+00:00,1663.83,1668.75,1659.27,1666.4,90889.198,2026-06-23 23:59:59.999000+00:00,151141447.08841,120689,47396.195,78823685.55401,0,ETHUSDT,1h
2026-06-24 00:00:00+00:00,1666.4,1674.09,1665.77,1670.55,88933.459,2026-06-24 00:59:59.999000+00:00,148513023.09487,166420,45155.442,75413470.82028,0,ETHUSDT,1h
2026-06-24 01:00:00+00:00,1670.55,1679.92,1665.14,1671.97,134222.52,2026-06-24 01:59:59.999000+00:00,224649020.86884,202074,68702.403,115006106.63686,0,ETHUSDT,1h
2026-06-24 02:00:00+00:00,1671.96,1672.86,1662.51,1663.01,94862.923,2026-06-24 02:59:59.999000+00:00,158157427.34125,145589,46294.976,77194956.23216,0,ETHUSDT,1h
2026-06-24 03:00:00+00:00,1663.0,1669.19,1657.04,1666.03,118977.15,2026-06-24 03:59:59.999000+00:00,197874532.57069,132274,46537.31,77421296.21217,0,ETHUSDT,1h
2026-06-24 04:00:00+00:00,1666.02,1670.43,1657.19,1668.12,86462.876,2026-06-24 04:59:59.999000+00:00,143896400.58071,111792,45727.074,76112379.32164,0,ETHUSDT,1h
2026-06-24 05:00:00+00:00,1668.12,1678.98,1666.95,1673.76,124575.225,2026-06-24 05:59:59.999000+00:00,208431841.41713,127965,68856.186,115207092.11359,0,ETHUSDT,1h
2026-06-24 06:00:00+00:00,1673.76,1676.33,1669.66,1674.22,61096.605,2026-06-24 06:59:59.999000+00:00,102228720.63284,87177,29112.915,48714632.23983,0,ETHUSDT,1h
2026-06-24 07:00:00+00:00,1674.22,1678.0,1670.03,1672.38,94504.143,2026-06-24 07:59:59.999000+00:00,158139166.11703,127652,46525.368,77859197.86025,0,ETHUSDT,1h
2026-06-24 08:00:00+00:00,1672.39,1674.55,1668.37,1672.56,62198.65,2026-06-24 08:59:59.999000+00:00,103964882.59552,93875,33639.975,56235325.91722,0,ETHUSDT,1h
2026-06-24 09:00:00+00:00,1672.56,1672.56,1664.49,1666.46,63403.935,2026-06-24 09:59:59.999000+00:00,105739417.63741,88475,29391.587,49017022.14075,0,ETHUSDT,1h
2026-06-24 10:00:00+00:00,1666.46,1667.59,1662.17,1662.9,91756.14,2026-06-24 10:59:59.999000+00:00,152744779.85431,117653,46621.458,77618333.30118,0,ETHUSDT,1h
2026-06-24 11:00:00+00:00,1662.9,1692.0,1654.53,1678.65,371485.766,2026-06-24 11:59:59.999000+00:00,621681359.77979,350828,203444.587,340687486.63012,0,ETHUSDT,1h
2026-06-24 12:00:00+00:00,1678.64,1680.67,1669.27,1670.82,146957.431,2026-06-24 12:59:59.999000+00:00,246261212.06295,217937,70651.545,118399672.1501,0,ETHUSDT,1h
2026-06-24 13:00:00+00:00,1670.83,1671.56,1640.01,1644.54,656574.699,2026-06-24 13:59:59.999000+00:00,1085001695.5628,816878,315769.017,521841144.13217,0,ETHUSDT,1h
2026-06-24 14:00:00+00:00,1644.54,1656.7,1637.0,1646.69,396273.174,2026-06-24 14:59:59.999000+00:00,652200607.20277,600653,204981.439,337441892.07184,0,ETHUSDT,1h
2026-06-24 15:00:00+00:00,1646.69,1650.66,1616.0,1617.46,556988.914,2026-06-24 15:59:59.999000+00:00,908387826.79787,649609,251101.149,409514348.18465,0,ETHUSDT,1h
2026-06-24 16:00:00+00:00,1617.46,1636.0,1583.8,1589.07,943790.806,2026-06-24 16:59:59.999000+00:00,1517368124.9987,783470,438265.294,704956417.38115,0,ETHUSDT,1h
2026-06-24 17:00:00+00:00,1589.06,1596.84,1551.0,1559.3,884030.14,2026-06-24 17:59:59.999000+00:00,1389982794.57143,987249,383723.556,603596300.27796,0,ETHUSDT,1h
2026-06-24 18:00:00+00:00,1559.3,1583.9,1555.36,1571.42,433718.214,2026-06-24 18:59:59.999000+00:00,681678223.10482,585125,234654.331,368896367.86308,0,ETHUSDT,1h
2026-06-24 19:00:00+00:00,1571.42,1584.69,1565.8,1583.72,220043.835,2026-06-24 19:59:59.999000+00:00,346852885.88987,344426,130731.513,206094973.57912,0,ETHUSDT,1h
2026-06-24 20:00:00+00:00,1583.72,1621.38,1579.0,1613.0,454713.377,2026-06-24 20:59:59.999000+00:00,730440389.60642,595801,245768.214,394657444.48866,0,ETHUSDT,1h
2026-06-24 21:00:00+00:00,1613.0,1621.15,1605.12,1620.44,133343.406,2026-06-24 21:59:59.999000+00:00,215012755.08559,195362,69476.374,112069572.25222,0,ETHUSDT,1h
2026-06-24 22:00:00+00:00,1620.44,1629.15,1612.77,1614.75,116799.682,2026-06-24 22:59:59.999000+00:00,189208305.03872,193193,58188.645,94291340.90378,0,ETHUSDT,1h
2026-06-24 23:00:00+00:00,1614.75,1622.89,1612.9,1621.54,59919.271,2026-06-24 23:59:59.999000+00:00,96975502.11123,126823,30217.976,48916008.92612,0,ETHUSDT,1h
2026-06-25 00:00:00+00:00,1621.55,1625.98,1615.63,1618.23,113248.167,2026-06-25 00:59:59.999000+00:00,183540690.00323,199125,53888.666,87348914.62685,0,ETHUSDT,1h
2026-06-25 01:00:00+00:00,1618.23,1623.4,1613.67,1619.95,86783.423,2026-06-25 01:59:59.999000+00:00,140463662.32732,160944,46807.839,75757953.48984,0,ETHUSDT,1h
2026-06-25 02:00:00+00:00,1619.96,1620.77,1614.09,1620.07,70338.733,2026-06-25 02:59:59.999000+00:00,113765451.26279,111840,34429.918,55689871.73056,0,ETHUSDT,1h
2026-06-25 03:00:00+00:00,1620.06,1623.46,1615.31,1618.89,80048.729,2026-06-25 03:59:59.999000+00:00,129570228.15259,114425,33832.365,54766087.61616,0,ETHUSDT,1h
2026-06-25 04:00:00+00:00,1618.89,1636.1,1616.22,1634.25,157565.502,2026-06-25 04:59:59.999000+00:00,256326762.67348,176957,94697.345,154068467.77633,0,ETHUSDT,1h
2026-06-25 05:00:00+00:00,1634.25,1651.9,1632.79,1645.0,437138.816,2026-06-25 05:59:59.999000+00:00,718970350.84603,379989,238350.338,392055654.86158,0,ETHUSDT,1h
2026-06-25 06:00:00+00:00,1645.01,1660.56,1643.32,1653.21,191278.288,2026-06-25 06:59:59.999000+00:00,315872906.96642,228735,103669.468,171261605.4566,0,ETHUSDT,1h
2026-06-25 07:00:00+00:00,1653.22,1659.0,1650.35,1656.44,148110.812,2026-06-25 07:59:59.999000+00:00,245064615.2057,194536,73678.559,121937527.09417,0,ETHUSDT,1h
2026-06-25 08:00:00+00:00,1656.44,1658.33,1650.16,1652.09,110145.725,2026-06-25 08:59:59.999000+00:00,182059320.55812,120620,50304.777,83151989.45838,0,ETHUSDT,1h
2026-06-25 09:00:00+00:00,1652.09,1654.49,1645.71,1648.1,126805.662,2026-06-25 09:59:59.999000+00:00,209072054.22617,126715,53941.952,88946139.45372,0,ETHUSDT,1h
2026-06-25 10:00:00+00:00,1648.1,1649.06,1632.08,1635.87,200739.088,2026-06-25 10:59:59.999000+00:00,329259565.22901,172260,86698.807,142199381.54032,0,ETHUSDT,1h
2026-06-25 11:00:00+00:00,1635.88,1638.48,1627.07,1632.26,236887.093,2026-06-25 11:59:59.999000+00:00,386571655.61573,213637,123255.675,201138776.11266,0,ETHUSDT,1h
2026-06-25 12:00:00+00:00,1632.26,1649.69,1623.0,1634.91,349011.209,2026-06-25 12:59:59.999000+00:00,570999932.08913,437097,180155.259,294845906.65429,0,ETHUSDT,1h
2026-06-25 13:00:00+00:00,1634.91,1640.07,1530.0,1537.01,1237875.315,2026-06-25 13:59:59.999000+00:00,1956490898.81008,1081684,539168.011,853859869.73507,0,ETHUSDT,1h
2026-06-25 14:00:00+00:00,1537.0,1593.65,1537.0,1567.44,1259824.837,2026-06-25 14:59:59.999000+00:00,1971510103.41237,1571615,682461.161,1067988548.14131,0,ETHUSDT,1h
2026-06-25 15:00:00+00:00,1567.44,1572.86,1543.27,1569.43,541925.496,2026-06-25 15:59:59.999000+00:00,845032529.58365,795666,287194.931,448016793.85827,0,ETHUSDT,1h
2026-06-25 16:00:00+00:00,1569.42,1587.0,1557.24,1561.24,385922.138,2026-06-25 16:59:59.999000+00:00,606335796.37172,568467,198181.162,311383488.03783,0,ETHUSDT,1h
2026-06-25 17:00:00+00:00,1561.24,1574.74,1556.56,1574.22,219763.294,2026-06-25 17:59:59.999000+00:00,344541734.05794,394393,118837.083,186296593.48702,0,ETHUSDT,1h
2026-06-25 18:00:00+00:00,1574.22,1576.77,1559.35,1566.92,214267.554,2026-06-25 18:59:59.999000+00:00,335815564.81058,349539,118525.841,185743146.67122,0,ETHUSDT,1h
2026-06-25 19:00:00+00:00,1566.92,1567.18,1553.81,1558.82,171814.225,2026-06-25 19:59:59.999000+00:00,267815197.61876,263953,77219.036,120364905.77039,0,ETHUSDT,1h
2026-06-25 20:00:00+00:00,1558.83,1569.95,1556.0,1559.56,155407.874,2026-06-25 20:59:59.999000+00:00,243071028.48243,233822,77754.607,121613260.89764,0,ETHUSDT,1h
2026-06-25 21:00:00+00:00,1559.57,1582.55,1559.43,1579.87,137135.274,2026-06-25 21:59:59.999000+00:00,215440200.032,171665,71032.9,111634296.02756,0,ETHUSDT,1h
2026-06-25 22:00:00+00:00,1579.86,1583.0,1565.63,1569.48,140082.942,2026-06-25 22:59:59.999000+00:00,220262238.7084,197892,63950.89,100581018.76564,0,ETHUSDT,1h
2026-06-25 23:00:00+00:00,1569.47,1579.0,1563.55,1566.97,133764.857,2026-06-25 23:59:59.999000+00:00,210240723.50811,190640,63525.156,99859022.47519,0,ETHUSDT,1h
2026-06-26 00:00:00+00:00,1566.98,1571.12,1562.41,1563.79,86655.759,2026-06-26 00:59:59.999000+00:00,135833851.48172,179245,47714.183,74802430.32429,0,ETHUSDT,1h
2026-06-26 01:00:00+00:00,1563.79,1567.96,1554.33,1559.28,123880.282,2026-06-26 01:59:59.999000+00:00,193246256.93833,227043,57450.371,89624517.94166,0,ETHUSDT,1h
2026-06-26 02:00:00+00:00,1559.28,1560.22,1518.27,1523.68,690544.721,2026-06-26 02:59:59.999000+00:00,1057164974.95889,813290,306430.97,469013210.02357,0,ETHUSDT,1h
2026-06-26 03:00:00+00:00,1523.69,1563.27,1510.87,1557.07,654733.667,2026-06-26 03:59:59.999000+00:00,1005030081.58477,787924,322243.202,494990292.89554,0,ETHUSDT,1h
2026-06-26 04:00:00+00:00,1557.07,1560.39,1546.51,1548.99,182099.917,2026-06-26 04:59:59.999000+00:00,282726915.54929,306505,89045.131,138275295.97147,0,ETHUSDT,1h
2026-06-26 05:00:00+00:00,1549.0,1558.79,1547.63,1554.89,132137.096,2026-06-26 05:59:59.999000+00:00,205291926.00963,226059,67015.61,104122448.9653,0,ETHUSDT,1h
2026-06-26 06:00:00+00:00,1554.89,1573.32,1542.28,1570.15,344493.032,2026-06-26 06:59:59.999000+00:00,536587088.31009,379762,178450.156,278173121.25189,0,ETHUSDT,1h
2026-06-26 07:00:00+00:00,1570.15,1585.55,1569.86,1579.82,296656.925,2026-06-26 07:59:59.999000+00:00,468360217.68802,340386,152017.689,239985660.83757,0,ETHUSDT,1h
2026-06-26 08:00:00+00:00,1579.81,1581.34,1562.78,1565.92,252624.991,2026-06-26 08:59:59.999000+00:00,397004985.03878,250650,114683.23,180176264.71098,0,ETHUSDT,1h
2026-06-26 09:00:00+00:00,1565.93,1566.74,1548.42,1552.08,257262.589,2026-06-26 09:59:59.999000+00:00,400837944.81552,309933,122521.303,190929743.3372,0,ETHUSDT,1h
2026-06-26 10:00:00+00:00,1552.09,1555.25,1544.0,1547.5,224207.022,2026-06-26 10:59:59.999000+00:00,347463159.48355,298487,94523.115,146515558.8794,0,ETHUSDT,1h
2026-06-26 11:00:00+00:00,1547.5,1554.49,1540.0,1544.4,192800.953,2026-06-26 11:59:59.999000+00:00,298176753.79195,282891,96448.188,149227447.4867,0,ETHUSDT,1h
2026-06-26 12:00:00+00:00,1544.4,1559.75,1526.74,1535.54,568803.092,2026-06-26 12:59:59.999000+00:00,877130065.66773,619672,291812.838,450144559.9008,0,ETHUSDT,1h
2026-06-26 13:00:00+00:00,1535.55,1570.97,1520.34,1568.81,672662.922,2026-06-26 13:59:59.999000+00:00,1038394569.97115,905878,349542.576,539740499.34381,0,ETHUSDT,1h
2026-06-26 14:00:00+00:00,1568.81,1574.8,1552.79,1559.32,491733.589,2026-06-26 14:59:59.999000+00:00,768737778.79941,735119,248139.581,387975326.44166,0,ETHUSDT,1h
2026-06-26 15:00:00+00:00,1559.32,1587.65,1558.81,1579.32,471355.047,2026-06-26 15:59:59.999000+00:00,743172620.34732,553912,242076.88,381707207.60859,0,ETHUSDT,1h
2026-06-26 16:00:00+00:00,1579.32,1594.89,1571.5,1577.07,347882.62,2026-06-26 16:59:59.999000+00:00,550180338.61719,399972,177466.719,280740746.24867,0,ETHUSDT,1h
2026-06-26 17:00:00+00:00,1577.07,1588.92,1575.85,1581.16,161400.429,2026-06-26 17:59:59.999000+00:00,255506134.25322,270159,79802.706,126339926.3072,0,ETHUSDT,1h
2026-06-26 18:00:00+00:00,1581.16,1584.99,1569.67,1572.63,106666.214,2026-06-26 18:59:59.999000+00:00,168174241.81052,194998,47147.974,74339463.77115,0,ETHUSDT,1h
2026-06-26 19:00:00+00:00,1572.63,1583.54,1569.66,1573.82,119235.685,2026-06-26 19:59:59.999000+00:00,188116271.45457,230906,61982.35,97790355.18102,0,ETHUSDT,1h
2026-06-26 20:00:00+00:00,1573.92,1582.67,1567.12,1570.15,151325.908,2026-06-26 20:59:59.999000+00:00,238068023.09674,228241,70990.099,111694401.69765,0,ETHUSDT,1h
2026-06-26 21:00:00+00:00,1570.15,1578.78,1567.59,1574.47,54142.599,2026-06-26 21:59:59.999000+00:00,85181623.95353,83699,28758.617,45246931.98399,0,ETHUSDT,1h
2026-06-26 22:00:00+00:00,1574.47,1578.95,1568.53,1577.21,59328.775,2026-06-26 22:59:59.999000+00:00,93367146.03445,94868,28843.89,45386273.24732,0,ETHUSDT,1h
2026-06-26 23:00:00+00:00,1577.2,1580.24,1573.47,1577.86,54892.817,2026-06-26 23:59:59.999000+00:00,86595053.83138,71467,25839.091,40767321.09884,0,ETHUSDT,1h
2026-06-27 00:00:00+00:00,1577.85,1581.39,1570.66,1575.93,75303.457,2026-06-27 00:59:59.999000+00:00,118625993.24497,96691,38424.979,60519652.71361,0,ETHUSDT,1h
2026-06-27 01:00:00+00:00,1575.92,1576.96,1573.08,1575.06,25819.184,2026-06-27 01:59:59.999000+00:00,40664204.11327,50115,12307.69,19383183.00874,0,ETHUSDT,1h
2026-06-27 02:00:00+00:00,1575.06,1586.42,1573.79,1582.29,94076.729,2026-06-27 02:59:59.999000+00:00,148871336.16723,124452,51209.974,81031963.64429,0,ETHUSDT,1h
2026-06-27 03:00:00+00:00,1582.28,1584.31,1577.56,1579.77,57029.529,2026-06-27 03:59:59.999000+00:00,90131556.61353,94281,29119.193,46020763.06387,0,ETHUSDT,1h
2026-06-27 04:00:00+00:00,1579.77,1584.71,1578.19,1578.85,50260.644,2026-06-27 04:59:59.999000+00:00,79503987.16958,75625,21724.566,34369295.52272,0,ETHUSDT,1h
2026-06-27 05:00:00+00:00,1578.85,1580.5,1576.27,1577.84,43358.728,2026-06-27 05:59:59.999000+00:00,68439928.07367,65875,21153.557,33391897.23682,0,ETHUSDT,1h
2026-06-27 06:00:00+00:00,1577.84,1584.0,1574.39,1582.0,66609.284,2026-06-27 06:59:59.999000+00:00,105217880.03755,86129,35295.109,55763495.46488,0,ETHUSDT,1h
2026-06-27 07:00:00+00:00,1581.99,1585.7,1579.84,1584.75,66810.99,2026-06-27 07:59:59.999000+00:00,105728037.10959,68988,33275.953,52667532.51893,0,ETHUSDT,1h
2026-06-27 08:00:00+00:00,1584.75,1585.19,1580.76,1583.31,40067.145,2026-06-27 08:59:59.999000+00:00,63425815.96128,57074,19784.628,31320316.52699,0,ETHUSDT,1h
2026-06-27 09:00:00+00:00,1583.31,1584.13,1578.55,1582.0,38893.262,2026-06-27 09:59:59.999000+00:00,61477170.93561,53612,18580.842,29371569.79267,0,ETHUSDT,1h
2026-06-27 10:00:00+00:00,1581.99,1584.18,1581.32,1583.41,34112.381,2026-06-27 10:59:59.999000+00:00,53995005.95809,40693,16581.093,26246285.07716,0,ETHUSDT,1h
2026-06-27 11:00:00+00:00,1583.4,1584.41,1578.08,1583.13,56587.975,2026-06-27 11:59:59.999000+00:00,89475948.61694,68398,26979.588,42660675.30144,0,ETHUSDT,1h
2026-06-27 12:00:00+00:00,1583.13,1585.77,1580.55,1585.18,54849.249,2026-06-27 12:59:59.999000+00:00,86838619.76496,54302,29804.062,47184924.1609,0,ETHUSDT,1h
2026-06-27 13:00:00+00:00,1585.19,1592.37,1584.17,1591.41,116353.808,2026-06-27 13:59:59.999000+00:00,184819423.45508,123235,66647.602,105875353.43438,0,ETHUSDT,1h
2026-06-27 14:00:00+00:00,1591.4,1598.63,1588.65,1593.84,130432.153,2026-06-27 14:59:59.999000+00:00,207910616.70363,137356,75808.031,120868016.48916,0,ETHUSDT,1h
2026-06-27 15:00:00+00:00,1593.85,1610.44,1593.2,1604.87,265155.645,2026-06-27 15:59:59.999000+00:00,425270112.34244,226233,151040.928,242238061.43104,0,ETHUSDT,1h
2026-06-27 16:00:00+00:00,1604.86,1607.3,1600.74,1606.31,79906.19,2026-06-27 16:59:59.999000+00:00,128148044.99605,89915,38318.822,61459904.76828,0,ETHUSDT,1h
2026-06-27 17:00:00+00:00,1606.31,1606.4,1587.73,1590.4,257375.464,2026-06-27 17:59:59.999000+00:00,410213714.85162,207240,108921.535,173586963.51163,0,ETHUSDT,1h
2026-06-27 18:00:00+00:00,1590.41,1593.89,1588.3,1593.12,50224.932,2026-06-27 18:59:59.999000+00:00,79921910.72288,75667,24211.275,38533963.11643,0,ETHUSDT,1h
2026-06-27 19:00:00+00:00,1593.12,1594.44,1571.98,1577.52,254694.895,2026-06-27 19:59:59.999000+00:00,402335817.27649,223297,106746.015,168585146.32294,0,ETHUSDT,1h
2026-06-27 20:00:00+00:00,1577.52,1582.56,1577.52,1580.61,53846.02,2026-06-27 20:59:59.999000+00:00,85096573.71926,65548,28507.844,45053616.39826,0,ETHUSDT,1h
2026-06-27 21:00:00+00:00,1580.61,1584.61,1573.27,1574.49,81657.723,2026-06-27 21:59:59.999000+00:00,129015312.42186,95387,40842.912,64549922.28057,0,ETHUSDT,1h
2026-06-27 22:00:00+00:00,1574.49,1578.78,1561.69,1578.16,163572.133,2026-06-27 22:59:59.999000+00:00,256906797.11801,195663,76042.587,119494145.16427,0,ETHUSDT,1h
2026-06-27 23:00:00+00:00,1578.17,1580.85,1569.41,1573.1,99922.058,2026-06-27 23:59:59.999000+00:00,157290683.37168,127409,49004.705,77134401.86636,0,ETHUSDT,1h
2026-06-28 00:00:00+00:00,1573.1,1577.47,1571.81,1574.0,62750.597,2026-06-28 00:59:59.999000+00:00,98818469.36856,80463,32753.434,51581022.90574,0,ETHUSDT,1h
2026-06-28 01:00:00+00:00,1574.01,1576.25,1569.02,1574.35,52615.714,2026-06-28 01:59:59.999000+00:00,82770950.09002,77116,25370.698,39916703.46794,0,ETHUSDT,1h
2026-06-28 02:00:00+00:00,1574.36,1579.28,1568.27,1571.12,67359.177,2026-06-28 02:59:59.999000+00:00,105972876.05457,92006,35054.4,55162790.71133,0,ETHUSDT,1h
2026-06-28 03:00:00+00:00,1571.13,1575.44,1571.13,1574.27,33811.904,2026-06-28 03:59:59.999000+00:00,53198144.74136,51800,17483.049,27507834.63765,0,ETHUSDT,1h
2026-06-28 04:00:00+00:00,1574.27,1576.65,1569.56,1573.45,45151.115,2026-06-28 04:59:59.999000+00:00,71042406.17515,61284,21769.474,34253361.23894,0,ETHUSDT,1h
2026-06-28 05:00:00+00:00,1573.44,1573.61,1563.05,1568.31,130618.95,2026-06-28 05:59:59.999000+00:00,204754887.24426,137162,64795.244,101574097.5991,0,ETHUSDT,1h
2026-06-28 06:00:00+00:00,1568.31,1569.74,1561.59,1566.91,107052.374,2026-06-28 06:59:59.999000+00:00,167584933.06585,113504,58513.957,91592608.12023,0,ETHUSDT,1h
2026-06-28 07:00:00+00:00,1566.91,1576.34,1566.91,1575.02,85692.036,2026-06-28 07:59:59.999000+00:00,134786603.59004,98763,49918.264,78525156.56999,0,ETHUSDT,1h
2026-06-28 08:00:00+00:00,1575.03,1584.67,1572.7,1580.51,136163.851,2026-06-28 08:59:59.999000+00:00,215083541.58247,137113,84850.744,134039977.24521,0,ETHUSDT,1h
2026-06-28 09:00:00+00:00,1580.51,1585.69,1577.46,1578.02,72048.852,2026-06-28 09:59:59.999000+00:00,113904088.87909,85209,31118.512,49214303.24854,0,ETHUSDT,1h
2026-06-28 10:00:00+00:00,1578.03,1580.8,1571.38,1576.46,87630.929,2026-06-28 10:59:59.999000+00:00,138082116.53897,98102,37836.986,59620686.40344,0,ETHUSDT,1h
2026-06-28 11:00:00+00:00,1576.47,1583.29,1575.13,1582.1,68017.602,2026-06-28 11:59:59.999000+00:00,107452585.41505,92979,38025.309,60078637.45315,0,ETHUSDT,1h
2026-06-28 12:00:00+00:00,1582.1,1588.27,1577.26,1582.79,99251.774,2026-06-28 12:59:59.999000+00:00,157058762.41066,114516,52007.366,82321487.43354,0,ETHUSDT,1h
2026-06-28 13:00:00+00:00,1582.78,1582.93,1574.01,1578.82,101454.869,2026-06-28 13:59:59.999000+00:00,160167443.02334,135329,50019.994,78969454.49035,0,ETHUSDT,1h
2026-06-28 14:00:00+00:00,1578.82,1585.67,1577.32,1580.63,83102.978,2026-06-28 14:59:59.999000+00:00,131471081.56685,120087,42817.275,67747566.87728,0,ETHUSDT,1h
2026-06-28 15:00:00+00:00,1580.63,1584.63,1576.24,1580.0,100861.856,2026-06-28 15:59:59.999000+00:00,159407742.72335,148355,47900.533,75703892.04701,0,ETHUSDT,1h
2026-06-28 16:00:00+00:00,1580.0,1581.14,1565.77,1572.21,187760.941,2026-06-28 16:59:59.999000+00:00,295123924.8305,231966,91019.579,143058388.27913,0,ETHUSDT,1h
2026-06-28 17:00:00+00:00,1572.2,1576.81,1562.74,1571.58,151399.608,2026-06-28 17:59:59.999000+00:00,237559872.15822,180883,77972.835,122364666.52019,0,ETHUSDT,1h
2026-06-28 18:00:00+00:00,1571.57,1574.72,1568.43,1571.01,66136.82,2026-06-28 18:59:59.999000+00:00,103934507.82425,91686,37123.587,58344265.26222,0,ETHUSDT,1h
2026-06-28 19:00:00+00:00,1571.02,1573.82,1555.62,1563.78,162187.656,2026-06-28 19:59:59.999000+00:00,253401003.85316,171643,74218.381,115982421.54875,0,ETHUSDT,1h
2026-06-28 20:00:00+00:00,1563.78,1575.88,1563.51,1572.49,104309.571,2026-06-28 20:59:59.999000+00:00,163850218.91407,118967,58413.203,91750483.46746,0,ETHUSDT,1h
2026-06-28 21:00:00+00:00,1572.49,1573.24,1558.13,1562.76,93056.063,2026-06-28 21:59:59.999000+00:00,145695070.69918,118753,43335.805,67843147.85074,0,ETHUSDT,1h
2026-06-28 22:00:00+00:00,1562.77,1582.0,1547.0,1556.09,338749.778,2026-06-28 22:59:59.999000+00:00,529709415.02143,472802,162819.525,254862149.45633,0,ETHUSDT,1h
2026-06-28 23:00:00+00:00,1556.09,1579.57,1554.35,1571.1,182826.366,2026-06-28 23:59:59.999000+00:00,286772928.69793,264054,98401.939,154297587.42252,0,ETHUSDT,1h
2026-06-29 00:00:00+00:00,1571.11,1574.25,1551.0,1572.65,258274.001,2026-06-29 00:59:59.999000+00:00,403578357.05544,423467,130195.731,203503232.65109,0,ETHUSDT,1h
2026-06-29 01:00:00+00:00,1572.65,1573.75,1559.11,1567.81,134769.362,2026-06-29 01:59:59.999000+00:00,211212026.3929,286088,65325.408,102348688.37144,0,ETHUSDT,1h
2026-06-29 02:00:00+00:00,1567.82,1578.55,1549.08,1575.83,309467.425,2026-06-29 02:59:59.999000+00:00,484690429.89995,392157,153836.822,240942474.80383,0,ETHUSDT,1h
2026-06-29 03:00:00+00:00,1575.84,1588.92,1575.84,1583.97,218003.886,2026-06-29 03:59:59.999000+00:00,344966522.67232,270739,115956.358,183505058.33353,0,ETHUSDT,1h
2026-06-29 04:00:00+00:00,1583.98,1584.23,1573.68,1574.77,91895.819,2026-06-29 04:59:59.999000+00:00,145057985.03547,131826,42774.575,67523068.95226,0,ETHUSDT,1h
2026-06-29 05:00:00+00:00,1574.77,1582.4,1561.16,1582.38,224841.425,2026-06-29 05:59:59.999000+00:00,353189898.20231,271317,110177.465,173110534.57703,0,ETHUSDT,1h
2026-06-29 06:00:00+00:00,1582.39,1588.58,1579.09,1582.25,163925.419,2026-06-29 06:59:59.999000+00:00,259643483.47883,194481,80914.677,128173431.71857,0,ETHUSDT,1h
2026-06-29 07:00:00+00:00,1582.26,1584.33,1577.06,1579.36,68966.52,2026-06-29 07:59:59.999000+00:00,108958574.97171,123688,34396.423,54344900.73836,0,ETHUSDT,1h
2026-06-29 08:00:00+00:00,1579.36,1581.63,1569.28,1572.27,142906.987,2026-06-29 08:59:59.999000+00:00,225029246.85172,186735,65832.426,103671283.76295,0,ETHUSDT,1h
2026-06-29 09:00:00+00:00,1572.27,1579.87,1569.58,1575.46,96099.755,2026-06-29 09:59:59.999000+00:00,151322311.31494,165575,50433.587,79424630.49833,0,ETHUSDT,1h
2026-06-29 10:00:00+00:00,1575.47,1586.55,1575.47,1577.68,124438.054,2026-06-29 10:59:59.999000+00:00,196726713.72274,152261,60286.583,95307190.50673,0,ETHUSDT,1h
2026-06-29 11:00:00+00:00,1577.67,1581.89,1569.44,1574.16,174193.54,2026-06-29 11:59:59.999000+00:00,274128758.60178,190723,90896.923,143040148.09667,0,ETHUSDT,1h
2026-06-29 12:00:00+00:00,1574.16,1597.0,1565.44,1575.27,650818.622,2026-06-29 12:59:59.999000+00:00,1029913334.29598,631432,332940.101,526906131.44885,0,ETHUSDT,1h
2026-06-29 13:00:00+00:00,1575.27,1588.04,1564.0,1572.21,462115.207,2026-06-29 13:59:59.999000+00:00,727559825.3577,655476,243633.036,383541718.18932,0,ETHUSDT,1h
2026-06-29 14:00:00+00:00,1572.23,1578.62,1556.54,1572.37,384202.357,2026-06-29 14:59:59.999000+00:00,601995576.99549,689503,194082.261,304136897.89591,0,ETHUSDT,1h
2026-06-29 15:00:00+00:00,1572.36,1585.42,1560.57,1579.48,381415.317,2026-06-29 15:59:59.999000+00:00,600860298.75512,459125,209193.086,329677933.69404,0,ETHUSDT,1h
2026-06-29 16:00:00+00:00,1579.49,1587.04,1573.33,1584.63,190693.905,2026-06-29 16:59:59.999000+00:00,301500216.6919,232553,94814.656,149920670.11647,0,ETHUSDT,1h
2026-06-29 17:00:00+00:00,1584.63,1637.2,1584.63,1627.37,781611.158,2026-06-29 17:59:59.999000+00:00,1264652628.80194,744223,425615.44,688191223.53903,0,ETHUSDT,1h
2026-06-29 18:00:00+00:00,1627.38,1628.2,1617.79,1620.45,160630.521,2026-06-29 18:59:59.999000+00:00,260727343.74107,216100,72642.518,117906000.70088,0,ETHUSDT,1h
2026-06-29 19:00:00+00:00,1620.46,1626.84,1615.5,1624.73,121315.922,2026-06-29 19:59:59.999000+00:00,196744116.1949,184267,61990.793,100542473.5692,0,ETHUSDT,1h
2026-06-29 20:00:00+00:00,1624.74,1626.0,1616.48,1616.9,86256.368,2026-06-29 20:59:59.999000+00:00,139846118.86517,115383,35891.983,58212070.03009,0,ETHUSDT,1h
2026-06-29 21:00:00+00:00,1616.89,1622.55,1610.75,1619.34,126235.277,2026-06-29 21:59:59.999000+00:00,204011775.29938,115334,54039.912,87359692.21849,0,ETHUSDT,1h
2026-06-29 22:00:00+00:00,1619.34,1621.28,1611.63,1612.18,64732.761,2026-06-29 22:59:59.999000+00:00,104603521.18178,99842,29302.814,47357312.17461,0,ETHUSDT,1h
2026-06-29 23:00:00+00:00,1612.18,1613.25,1606.74,1612.12,84806.256,2026-06-29 23:59:59.999000+00:00,136565995.41916,109597,41399.045,66669234.91273,0,ETHUSDT,1h
2026-06-30 00:00:00+00:00,1612.12,1613.56,1591.6,1593.77,234649.445,2026-06-30 00:59:59.999000+00:00,375387719.3098,271306,101435.354,162181400.06437,0,ETHUSDT,1h
2026-06-30 01:00:00+00:00,1593.77,1599.31,1588.12,1593.21,169738.789,2026-06-30 01:59:59.999000+00:00,270396653.90728,186317,81977.778,130605700.5832,0,ETHUSDT,1h
2026-06-30 02:00:00+00:00,1593.21,1593.24,1585.64,1589.95,116616.518,2026-06-30 02:59:59.999000+00:00,185372081.14005,107251,55561.918,88337870.44687,0,ETHUSDT,1h
2026-06-30 03:00:00+00:00,1589.94,1595.68,1585.72,1586.26,81355.86,2026-06-30 03:59:59.999000+00:00,129373684.89445,96840,44645.215,71003630.94381,0,ETHUSDT,1h
2026-06-30 04:00:00+00:00,1586.26,1590.35,1578.64,1587.26,220855.227,2026-06-30 04:59:59.999000+00:00,350048097.53416,179276,104485.594,165643125.82003,0,ETHUSDT,1h
2026-06-30 05:00:00+00:00,1587.25,1591.39,1584.29,1590.92,110181.473,2026-06-30 05:59:59.999000+00:00,174970082.22216,100832,62357.971,99035044.91298,0,ETHUSDT,1h
2026-06-30 06:00:00+00:00,1590.92,1594.25,1588.1,1592.98,75109.089,2026-06-30 06:59:59.999000+00:00,119516161.65332,84083,43624.542,69427439.03726,0,ETHUSDT,1h
2026-06-30 07:00:00+00:00,1592.97,1595.79,1589.21,1591.64,64201.273,2026-06-30 07:59:59.999000+00:00,102213459.94842,86986,30588.126,48693740.90321,0,ETHUSDT,1h
2026-06-30 08:00:00+00:00,1591.65,1593.59,1578.42,1583.27,178243.632,2026-06-30 08:59:59.999000+00:00,282231504.48529,201281,81464.755,128978361.26277,0,ETHUSDT,1h
2026-06-30 09:00:00+00:00,1583.27,1586.47,1580.54,1584.77,83072.287,2026-06-30 09:59:59.999000+00:00,131565578.22228,107209,42337.423,67059528.62873,0,ETHUSDT,1h
2026-06-30 10:00:00+00:00,1584.76,1586.33,1581.47,1583.8,48248.75,2026-06-30 10:59:59.999000+00:00,76429727.25851,88800,25402.32,40242736.63114,0,ETHUSDT,1h
2026-06-30 11:00:00+00:00,1583.81,1585.53,1574.55,1577.87,165772.439,2026-06-30 11:59:59.999000+00:00,261784445.95236,184395,68808.244,108674955.98224,0,ETHUSDT,1h
2026-06-30 12:00:00+00:00,1577.88,1577.88,1550.0,1551.81,486788.512,2026-06-30 12:59:59.999000+00:00,761111269.23613,418364,193286.966,302344532.77642,0,ETHUSDT,1h
2026-06-30 13:00:00+00:00,1551.81,1566.92,1549.16,1566.58,477991.061,2026-06-30 13:59:59.999000+00:00,744684690.10166,578044,249046.259,388078150.64699,0,ETHUSDT,1h
2026-06-30 14:00:00+00:00,1566.58,1577.46,1560.55,1562.85,345138.991,2026-06-30 14:59:59.999000+00:00,541758045.29288,505265,173580.053,272488896.19295,0,ETHUSDT,1h
2026-06-30 15:00:00+00:00,1562.85,1576.36,1556.51,1564.56,238749.206,2026-06-30 15:59:59.999000+00:00,373774655.54619,344377,126572.84,198178109.95075,0,ETHUSDT,1h
2026-06-30 16:00:00+00:00,1564.56,1574.43,1561.21,1571.74,141130.761,2026-06-30 16:59:59.999000+00:00,221169934.15958,209421,76620.481,120097371.91295,0,ETHUSDT,1h
2026-06-30 17:00:00+00:00,1571.74,1576.6,1567.8,1570.26,87916.643,2026-06-30 17:59:59.999000+00:00,138163318.42531,147053,37490.699,58930572.86363,0,ETHUSDT,1h
2026-06-30 18:00:00+00:00,1570.26,1581.62,1568.85,1578.45,124605.291,2026-06-30 18:59:59.999000+00:00,196354873.04081,173870,67943.718,107087577.69147,0,ETHUSDT,1h
2026-06-30 19:00:00+00:00,1578.45,1581.37,1574.86,1579.78,77573.341,2026-06-30 19:59:59.999000+00:00,122441487.15024,151026,39745.84,62738343.57011,0,ETHUSDT,1h
2026-06-30 20:00:00+00:00,1579.77,1582.23,1572.35,1575.37,75951.505,2026-06-30 20:59:59.999000+00:00,119806775.39658,115168,35232.939,55580392.43529,0,ETHUSDT,1h
2026-06-30 21:00:00+00:00,1575.36,1576.57,1568.81,1571.1,66951.048,2026-06-30 21:59:59.999000+00:00,105216900.69455,99757,28521.704,44824684.00599,0,ETHUSDT,1h
2026-06-30 22:00:00+00:00,1571.1,1574.63,1565.82,1566.61,82208.122,2026-06-30 22:59:59.999000+00:00,128978566.9742,109734,35793.74,56169716.5965,0,ETHUSDT,1h
2026-06-30 23:00:00+00:00,1566.61,1572.43,1565.29,1571.47,74598.124,2026-06-30 23:59:59.999000+00:00,117065213.83555,105044,44014.024,69077542.29677,0,ETHUSDT,1h
2026-07-01 00:00:00+00:00,1571.48,1576.17,1565.3,1574.35,85846.826,2026-07-01 00:59:59.999000+00:00,134855485.74143,140484,42586.498,66911085.04343,0,ETHUSDT,1h
2026-07-01 01:00:00+00:00,1574.36,1585.95,1552.03,1577.22,372787.881,2026-07-01 01:59:59.999000+00:00,585023287.89909,505388,185051.992,290709035.18713,0,ETHUSDT,1h
2026-07-01 02:00:00+00:00,1577.21,1588.92,1573.68,1585.71,196266.416,2026-07-01 02:59:59.999000+00:00,310764935.45375,241701,109686.61,173689363.20482,0,ETHUSDT,1h
2026-07-01 03:00:00+00:00,1585.72,1598.98,1581.68,1594.07,239208.85,2026-07-01 03:59:59.999000+00:00,380325016.27912,246706,123465.949,196358423.10817,0,ETHUSDT,1h
2026-07-01 04:00:00+00:00,1594.08,1604.4,1590.06,1598.57,155440.852,2026-07-01 04:59:59.999000+00:00,248218282.67221,180772,82832.117,132297954.79485,0,ETHUSDT,1h
2026-07-01 05:00:00+00:00,1598.57,1600.21,1590.49,1591.89,139435.389,2026-07-01 05:59:59.999000+00:00,222302973.70679,127393,58484.99,93233879.67244,0,ETHUSDT,1h
2026-07-01 06:00:00+00:00,1591.89,1592.39,1570.43,1575.48,312922.323,2026-07-01 06:59:59.999000+00:00,493990588.01726,266939,149473.798,235908857.49175,0,ETHUSDT,1h
2026-07-01 07:00:00+00:00,1575.48,1580.56,1571.49,1577.7,113951.028,2026-07-01 07:59:59.999000+00:00,179583589.98153,142843,62926.096,99177914.37762,0,ETHUSDT,1h
2026-07-01 08:00:00+00:00,1577.71,1581.75,1567.49,1581.75,158305.852,2026-07-01 08:59:59.999000+00:00,249120447.16059,184049,84267.109,132633152.14956,0,ETHUSDT,1h
2026-07-01 09:00:00+00:00,1581.74,1584.49,1577.71,1580.44,121400.74,2026-07-01 09:59:59.999000+00:00,191888648.64988,132159,61507.608,97221306.09484,0,ETHUSDT,1h
2026-07-01 10:00:00+00:00,1580.44,1581.09,1571.03,1572.66,94388.983,2026-07-01 10:59:59.999000+00:00,148655903.8241,106275,39821.987,62717196.98335,0,ETHUSDT,1h
2026-07-01 11:00:00+00:00,1572.67,1575.19,1565.94,1569.02,98885.875,2026-07-01 11:59:59.999000+00:00,155353482.57185,139993,41389.188,65034956.69153,0,ETHUSDT,1h
2026-07-01 12:00:00+00:00,1569.02,1571.91,1564.17,1569.39,152690.222,2026-07-01 12:59:59.999000+00:00,239366815.26121,220047,77844.316,122048006.59503,0,ETHUSDT,1h
2026-07-01 13:00:00+00:00,1569.4,1597.72,1569.02,1596.42,479078.37,2026-07-01 13:59:59.999000+00:00,758422586.17154,575433,269095.212,426038750.78353,0,ETHUSDT,1h
2026-07-01 14:00:00+00:00,1596.42,1616.6,1590.35,1600.44,662228.674,2026-07-01 14:59:59.999000+00:00,1062250755.46143,657277,323080.375,518147504.2804,0,ETHUSDT,1h
2026-07-01 15:00:00+00:00,1600.44,1630.72,1600.09,1619.26,555942.579,2026-07-01 15:59:59.999000+00:00,900326613.8525,486425,307268.038,497571351.76055,0,ETHUSDT,1h
2026-07-01 16:00:00+00:00,1619.27,1628.65,1611.03,1613.86,228643.701,2026-07-01 16:59:59.999000+00:00,370067700.67051,236334,105372.64,170653102.99055,0,ETHUSDT,1h
2026-07-01 17:00:00+00:00,1613.85,1624.32,1606.14,1622.1,210542.56,2026-07-01 17:59:59.999000+00:00,340151239.81551,234073,104757.505,169294001.15674,0,ETHUSDT,1h
2026-07-01 18:00:00+00:00,1622.11,1623.73,1611.09,1615.7,143148.108,2026-07-01 18:59:59.999000+00:00,231542096.86341,185527,69662.724,112682505.95553,0,ETHUSDT,1h
2026-07-01 19:00:00+00:00,1615.7,1623.36,1613.66,1617.14,101697.407,2026-07-01 19:59:59.999000+00:00,164589677.43991,156784,50512.804,81756438.35166,0,ETHUSDT,1h
2026-07-01 20:00:00+00:00,1617.14,1619.83,1609.35,1617.11,119723.3,2026-07-01 20:59:59.999000+00:00,193232393.19572,149905,61271.374,98901576.3836,0,ETHUSDT,1h
2026-07-01 21:00:00+00:00,1617.11,1638.4,1616.86,1631.19,226367.3,2026-07-01 21:59:59.999000+00:00,368493326.16992,219069,141971.057,231144788.90468,0,ETHUSDT,1h
2026-07-01 22:00:00+00:00,1631.17,1645.86,1619.38,1620.98,314756.042,2026-07-01 22:59:59.999000+00:00,513814826.64304,329286,147855.442,241507083.77066,0,ETHUSDT,1h
2026-07-01 23:00:00+00:00,1620.98,1620.98,1607.42,1608.87,156270.128,2026-07-01 23:59:59.999000+00:00,252119978.22304,207679,73859.201,119161148.75332,0,ETHUSDT,1h
2026-07-02 00:00:00+00:00,1608.87,1609.07,1596.14,1602.71,202353.728,2026-07-02 00:59:59.999000+00:00,324276105.63115,241494,102854.518,164825084.32843,0,ETHUSDT,1h
2026-07-02 01:00:00+00:00,1602.72,1624.65,1601.78,1619.88,203642.946,2026-07-02 01:59:59.999000+00:00,328566262.85124,233275,107937.609,174076366.26876,0,ETHUSDT,1h
2026-07-02 02:00:00+00:00,1619.89,1623.88,1613.59,1620.0,116727.804,2026-07-02 02:59:59.999000+00:00,189051504.79754,177825,56754.676,91937164.56706,0,ETHUSDT,1h
2026-07-02 03:00:00+00:00,1620.0,1643.47,1617.47,1638.85,308745.666,2026-07-02 03:59:59.999000+00:00,503575401.64603,297508,181170.266,295490170.89736,0,ETHUSDT,1h
2026-07-02 04:00:00+00:00,1638.84,1639.4,1629.26,1632.14,130700.823,2026-07-02 04:59:59.999000+00:00,213528218.69924,149283,57343.446,93683306.70952,0,ETHUSDT,1h
2026-07-02 05:00:00+00:00,1632.13,1634.39,1624.3,1625.97,96827.171,2026-07-02 05:59:59.999000+00:00,157714351.99724,125620,42379.324,69040254.78377,0,ETHUSDT,1h
2026-07-02 06:00:00+00:00,1625.96,1629.22,1616.54,1618.23,145570.963,2026-07-02 06:59:59.999000+00:00,236246896.60353,158787,71794.077,116531991.01667,0,ETHUSDT,1h
2026-07-02 07:00:00+00:00,1618.22,1619.19,1613.99,1615.56,144989.272,2026-07-02 07:59:59.999000+00:00,234316184.23786,139846,70081.334,113261964.96785,0,ETHUSDT,1h
2026-07-02 08:00:00+00:00,1615.55,1625.5,1614.51,1624.24,167410.695,2026-07-02 08:59:59.999000+00:00,271283859.61072,150010,97240.606,157570632.57486,0,ETHUSDT,1h
2026-07-02 09:00:00+00:00,1624.23,1652.0,1619.57,1642.63,552430.196,2026-07-02 09:59:59.999000+00:00,906169428.28467,427945,321426.188,527194141.85424,0,ETHUSDT,1h
2026-07-02 10:00:00+00:00,1642.63,1648.84,1640.66,1645.41,200683.029,2026-07-02 10:59:59.999000+00:00,330115202.87643,231458,84787.362,139466682.0989,0,ETHUSDT,1h
2026-07-02 11:00:00+00:00,1645.41,1654.36,1643.52,1649.41,270166.707,2026-07-02 11:59:59.999000+00:00,445261690.93505,251884,130712.95,215470609.13439,0,ETHUSDT,1h
2026-07-02 12:00:00+00:00,1649.42,1670.0,1646.89,1661.97,487392.868,2026-07-02 12:59:59.999000+00:00,808499008.31911,503754,267009.186,442975038.18734,0,ETHUSDT,1h
2026-07-02 13:00:00+00:00,1661.97,1713.89,1660.0,1710.16,1153757.159,2026-07-02 13:59:59.999000+00:00,1954659406.4841,942554,627720.781,1063475724.56381,0,ETHUSDT,1h
2026-07-02 14:00:00+00:00,1710.17,1725.0,1692.0,1700.97,684333.446,2026-07-02 14:59:59.999000+00:00,1168382396.00604,806352,340340.708,581496987.94126,0,ETHUSDT,1h
2026-07-02 15:00:00+00:00,1700.96,1702.94,1687.51,1696.32,245198.124,2026-07-02 15:59:59.999000+00:00,416037549.27947,370595,126173.076,214136586.87346,0,ETHUSDT,1h
2026-07-02 16:00:00+00:00,1696.33,1703.86,1685.04,1698.91,257285.25,2026-07-02 16:59:59.999000+00:00,435890416.34785,340901,133263.081,225832070.7867,0,ETHUSDT,1h
2026-07-02 17:00:00+00:00,1698.92,1704.69,1693.34,1694.97,128348.682,2026-07-02 17:59:59.999000+00:00,218075959.36712,219088,63100.883,107233367.19003,0,ETHUSDT,1h
2026-07-02 18:00:00+00:00,1694.97,1706.49,1694.35,1701.35,90856.364,2026-07-02 18:59:59.999000+00:00,154585958.49671,141685,45110.218,76763890.00119,0,ETHUSDT,1h
2026-07-02 19:00:00+00:00,1701.36,1704.96,1694.0,1699.42,115736.245,2026-07-02 19:59:59.999000+00:00,196721479.13721,154305,56327.272,95742201.1904,0,ETHUSDT,1h
2026-07-02 20:00:00+00:00,1699.41,1706.0,1695.33,1704.84,99752.153,2026-07-02 20:59:59.999000+00:00,169679979.15805,100119,55995.971,95249454.16295,0,ETHUSDT,1h
2026-07-02 21:00:00+00:00,1704.83,1705.29,1696.3,1699.38,91491.443,2026-07-02 21:59:59.999000+00:00,155668041.63184,64046,30995.249,52716971.75866,0,ETHUSDT,1h
2026-07-02 22:00:00+00:00,1699.39,1700.4,1693.1,1696.01,56268.542,2026-07-02 22:59:59.999000+00:00,95464473.98002,62988,29457.93,49978724.97726,0,ETHUSDT,1h
2026-07-02 23:00:00+00:00,1696.0,1701.36,1691.3,1699.9,66775.988,2026-07-02 23:59:59.999000+00:00,113258004.26777,97137,37253.919,63190099.21298,0,ETHUSDT,1h
2026-07-03 00:00:00+00:00,1699.89,1702.48,1693.68,1696.01,68579.757,2026-07-03 00:59:59.999000+00:00,116467669.67395,143708,32046.993,54422749.1045,0,ETHUSDT,1h
2026-07-03 01:00:00+00:00,1696.01,1718.39,1694.55,1711.53,238706.216,2026-07-03 01:59:59.999000+00:00,408337948.89323,305338,127159.214,217544881.68915,0,ETHUSDT,1h
2026-07-03 02:00:00+00:00,1711.52,1714.59,1695.3,1704.06,155266.611,2026-07-03 02:59:59.999000+00:00,264631349.69173,216301,74511.16,126986212.09857,0,ETHUSDT,1h
2026-07-03 03:00:00+00:00,1704.06,1711.44,1698.68,1705.61,104162.81,2026-07-03 03:59:59.999000+00:00,177743390.26915,135352,50015.05,85350616.07897,0,ETHUSDT,1h
2026-07-03 04:00:00+00:00,1705.61,1707.99,1701.74,1702.56,50543.195,2026-07-03 04:59:59.999000+00:00,86153614.14839,90947,25263.595,43064354.7567,0,ETHUSDT,1h
2026-07-03 05:00:00+00:00,1702.56,1721.78,1701.63,1714.17,144598.336,2026-07-03 05:59:59.999000+00:00,247771353.49127,185233,74351.666,127400931.32905,0,ETHUSDT,1h
2026-07-03 06:00:00+00:00,1714.16,1720.85,1712.04,1715.32,109109.722,2026-07-03 06:59:59.999000+00:00,187264747.63083,149124,52077.501,89382817.74441,0,ETHUSDT,1h
2026-07-03 07:00:00+00:00,1715.31,1721.97,1713.0,1717.0,101004.552,2026-07-03 07:59:59.999000+00:00,173476287.15317,115082,49513.082,85038328.55199,0,ETHUSDT,1h
2026-07-03 08:00:00+00:00,1717.0,1737.34,1714.9,1719.1,317161.591,2026-07-03 08:59:59.999000+00:00,547280413.33485,274752,177232.856,305959996.13659,0,ETHUSDT,1h
2026-07-03 09:00:00+00:00,1719.11,1731.0,1716.19,1725.63,175783.958,2026-07-03 09:59:59.999000+00:00,303206976.80313,198834,89910.552,155107794.90372,0,ETHUSDT,1h
2026-07-03 10:00:00+00:00,1725.63,1748.67,1725.49,1741.51,398985.966,2026-07-03 10:59:59.999000+00:00,693915096.74951,367743,221000.907,384375604.15819,0,ETHUSDT,1h
2026-07-03 11:00:00+00:00,1741.51,1747.65,1736.64,1741.66,176925.908,2026-07-03 11:59:59.999000+00:00,308176818.10181,229423,86914.776,151415470.69186,0,ETHUSDT,1h
2026-07-03 12:00:00+00:00,1741.66,1744.4,1730.57,1735.66,176108.065,2026-07-03 12:59:59.999000+00:00,305692313.0174,198355,85750.019,148861701.94964,0,ETHUSDT,1h
2026-07-03 13:00:00+00:00,1735.65,1753.36,1735.1,1747.4,265943.565,2026-07-03 13:59:59.999000+00:00,464096996.3088,276626,147749.145,257882772.14826,0,ETHUSDT,1h
2026-07-03 14:00:00+00:00,1747.4,1747.41,1728.03,1736.51,274265.995,2026-07-03 14:59:59.999000+00:00,475905976.90367,320488,122325.058,212280118.9128,0,ETHUSDT,1h
2026-07-03 15:00:00+00:00,1736.51,1745.52,1728.75,1730.37,261005.308,2026-07-03 15:59:59.999000+00:00,453083761.94971,287866,108964.673,189189387.9459,0,ETHUSDT,1h
2026-07-03 16:00:00+00:00,1730.38,1734.79,1726.85,1732.87,100977.038,2026-07-03 16:59:59.999000+00:00,174793392.55855,130754,50478.836,87393478.8786,0,ETHUSDT,1h
2026-07-03 17:00:00+00:00,1732.87,1741.41,1731.57,1737.53,125497.225,2026-07-03 17:59:59.999000+00:00,218003887.04834,125330,65396.164,113609033.33409,0,ETHUSDT,1h
2026-07-03 18:00:00+00:00,1737.54,1740.5,1735.49,1738.09,50856.889,2026-07-03 18:59:59.999000+00:00,88377599.10822,81744,27114.673,47121489.86362,0,ETHUSDT,1h
2026-07-03 19:00:00+00:00,1738.09,1752.97,1736.55,1744.78,236400.346,2026-07-03 19:59:59.999000+00:00,412652238.59746,184801,131518.737,229566249.3658,0,ETHUSDT,1h
2026-07-03 20:00:00+00:00,1744.79,1773.78,1742.76,1765.43,396968.035,2026-07-03 20:59:59.999000+00:00,698983011.65315,387206,234473.243,412812018.91615,0,ETHUSDT,1h
2026-07-03 21:00:00+00:00,1765.44,1775.5,1756.23,1762.87,168914.394,2026-07-03 21:59:59.999000+00:00,298123296.25558,222304,80315.858,141765590.37295,0,ETHUSDT,1h
2026-07-03 22:00:00+00:00,1762.88,1763.33,1755.16,1756.87,64892.177,2026-07-03 22:59:59.999000+00:00,114096886.89939,109337,30658.975,53909716.19745,0,ETHUSDT,1h
2026-07-03 23:00:00+00:00,1756.87,1761.42,1754.3,1757.41,48932.369,2026-07-03 23:59:59.999000+00:00,86024526.73515,86513,26836.297,47184793.74175,0,ETHUSDT,1h
2026-07-04 00:00:00+00:00,1757.41,1763.39,1755.57,1758.01,77483.968,2026-07-04 00:59:59.999000+00:00,136320290.01048,116539,40697.79,71611329.91159,0,ETHUSDT,1h
2026-07-04 01:00:00+00:00,1758.0,1758.01,1745.12,1747.13,146781.277,2026-07-04 01:59:59.999000+00:00,256742153.51275,168464,62326.706,109015847.58282,0,ETHUSDT,1h
2026-07-04 02:00:00+00:00,1747.13,1750.58,1743.09,1748.64,66367.894,2026-07-04 02:59:59.999000+00:00,115956673.6708,83267,36951.896,64575682.73549,0,ETHUSDT,1h
2026-07-04 03:00:00+00:00,1748.64,1755.97,1746.42,1753.14,79586.222,2026-07-04 03:59:59.999000+00:00,139401167.89246,96054,47558.096,83301846.26681,0,ETHUSDT,1h
2026-07-04 04:00:00+00:00,1753.14,1763.99,1751.26,1760.99,96498.297,2026-07-04 04:59:59.999000+00:00,169581831.8353,129145,51545.97,90587239.34435,0,ETHUSDT,1h
2026-07-04 05:00:00+00:00,1761.0,1761.0,1752.5,1755.32,72207.071,2026-07-04 05:59:59.999000+00:00,126786093.26571,92228,30349.502,53287163.5699,0,ETHUSDT,1h
2026-07-04 06:00:00+00:00,1755.33,1760.93,1750.51,1753.98,76540.731,2026-07-04 06:59:59.999000+00:00,134339600.06178,98916,35333.469,62027699.88442,0,ETHUSDT,1h
2026-07-04 07:00:00+00:00,1753.98,1758.99,1752.09,1757.42,64262.614,2026-07-04 07:59:59.999000+00:00,112821063.52818,81712,35009.846,61463260.81231,0,ETHUSDT,1h
2026-07-04 08:00:00+00:00,1757.43,1765.42,1756.59,1761.61,93166.685,2026-07-04 08:59:59.999000+00:00,164050678.58906,108431,50580.088,89077736.51844,0,ETHUSDT,1h
2026-07-04 09:00:00+00:00,1761.62,1762.42,1754.08,1757.33,62485.997,2026-07-04 09:59:59.999000+00:00,109844022.512,85902,28437.993,49986649.52816,0,ETHUSDT,1h
2026-07-04 10:00:00+00:00,1757.33,1760.49,1756.22,1758.3,40411.821,2026-07-04 10:59:59.999000+00:00,71066980.56632,63867,20949.666,36841976.35563,0,ETHUSDT,1h
2026-07-04 11:00:00+00:00,1758.3,1759.68,1755.37,1757.27,43424.04,2026-07-04 11:59:59.999000+00:00,76310583.31119,59488,18872.975,33166677.60537,0,ETHUSDT,1h
2026-07-04 12:00:00+00:00,1757.28,1765.82,1757.27,1763.58,76379.721,2026-07-04 12:59:59.999000+00:00,134600776.90729,90306,38447.557,67759160.51701,0,ETHUSDT,1h
2026-07-04 13:00:00+00:00,1763.58,1778.29,1760.67,1763.17,184192.233,2026-07-04 13:59:59.999000+00:00,325617826.96743,192379,98891.067,174913794.49649,0,ETHUSDT,1h
2026-07-04 14:00:00+00:00,1763.18,1774.21,1763.02,1771.51,127491.611,2026-07-04 14:59:59.999000+00:00,225629181.47295,166922,67289.705,119085670.95083,0,ETHUSDT,1h
2026-07-04 15:00:00+00:00,1771.52,1799.0,1771.46,1790.43,515978.581,2026-07-04 15:59:59.999000+00:00,923033904.71582,512076,276770.89,495073578.40676,0,ETHUSDT,1h
2026-07-04 16:00:00+00:00,1790.44,1791.41,1782.38,1786.31,172544.631,2026-07-04 16:59:59.999000+00:00,308307545.51617,216043,82749.778,147877825.70005,0,ETHUSDT,1h
2026-07-04 17:00:00+00:00,1786.3,1808.0,1778.08,1798.83,334074.346,2026-07-04 17:59:59.999000+00:00,599061155.61481,343488,183518.137,329231415.50767,0,ETHUSDT,1h
2026-07-04 18:00:00+00:00,1798.84,1805.34,1791.0,1793.01,148635.655,2026-07-04 18:59:59.999000+00:00,267208277.57648,183653,71847.948,129178140.64301,0,ETHUSDT,1h
2026-07-04 19:00:00+00:00,1793.02,1797.04,1787.53,1792.0,89100.442,2026-07-04 19:59:59.999000+00:00,159724952.04327,125410,44373.503,79555139.70939,0,ETHUSDT,1h
2026-07-04 20:00:00+00:00,1792.0,1795.27,1782.8,1786.24,89403.581,2026-07-04 20:59:59.999000+00:00,159817915.1681,129013,40503.758,72410336.69215,0,ETHUSDT,1h
2026-07-04 21:00:00+00:00,1786.23,1793.68,1785.36,1788.38,52605.231,2026-07-04 21:59:59.999000+00:00,94149752.20169,81601,27588.263,49381726.55966,0,ETHUSDT,1h
2026-07-04 22:00:00+00:00,1788.37,1788.6,1781.33,1784.0,57535.467,2026-07-04 22:59:59.999000+00:00,102661279.72134,81781,24103.319,43012763.56245,0,ETHUSDT,1h
2026-07-04 23:00:00+00:00,1784.0,1784.82,1770.88,1779.94,147981.372,2026-07-04 23:59:59.999000+00:00,262934130.69517,152156,64581.88,114781726.85512,0,ETHUSDT,1h
2026-07-05 00:00:00+00:00,1779.94,1780.03,1767.9,1771.99,101254.877,2026-07-05 00:59:59.999000+00:00,179590168.33911,135934,43336.965,76877064.48297,0,ETHUSDT,1h
2026-07-05 01:00:00+00:00,1772.0,1773.97,1760.17,1765.83,171267.122,2026-07-05 01:59:59.999000+00:00,302373626.06868,179794,75562.93,133411804.46897,0,ETHUSDT,1h
2026-07-05 02:00:00+00:00,1765.83,1767.15,1756.04,1760.0,147502.023,2026-07-05 02:59:59.999000+00:00,259661205.56589,173229,74626.855,131384895.09157,0,ETHUSDT,1h
2026-07-05 03:00:00+00:00,1760.01,1763.16,1756.71,1760.65,71471.185,2026-07-05 03:59:59.999000+00:00,125817208.98528,96609,35095.438,61781970.77404,0,ETHUSDT,1h
2026-07-05 04:00:00+00:00,1760.65,1771.99,1759.21,1766.73,122239.131,2026-07-05 04:59:59.999000+00:00,215988714.56325,130781,70006.11,123690654.18514,0,ETHUSDT,1h
2026-07-05 05:00:00+00:00,1766.72,1767.01,1759.13,1765.19,76696.721,2026-07-05 05:59:59.999000+00:00,135267028.04033,96025,35381.087,62405977.27543,0,ETHUSDT,1h
2026-07-05 06:00:00+00:00,1765.19,1767.54,1761.02,1763.9,48452.882,2026-07-05 06:59:59.999000+00:00,85484346.06411,82471,24168.903,42644556.09177,0,ETHUSDT,1h
2026-07-05 07:00:00+00:00,1763.91,1771.51,1761.0,1769.17,81940.689,2026-07-05 07:59:59.999000+00:00,144705012.79318,99235,47656.721,84167197.12668,0,ETHUSDT,1h
2026-07-05 08:00:00+00:00,1769.18,1772.69,1765.64,1766.82,58182.87,2026-07-05 08:59:59.999000+00:00,102875913.84799,89958,25222.265,44601687.74378,0,ETHUSDT,1h
2026-07-05 09:00:00+00:00,1766.82,1767.05,1747.27,1757.37,239393.499,2026-07-05 09:59:59.999000+00:00,420289530.46301,214784,102729.564,180353480.79634,0,ETHUSDT,1h
2026-07-05 10:00:00+00:00,1757.37,1761.35,1754.28,1760.75,79158.546,2026-07-05 10:59:59.999000+00:00,139207630.15527,92602,41109.855,72301705.41422,0,ETHUSDT,1h
2026-07-05 11:00:00+00:00,1760.75,1764.52,1758.04,1759.39,59973.989,2026-07-05 11:59:59.999000+00:00,105632981.78223,81868,28265.797,49792304.11266,0,ETHUSDT,1h
2026-07-05 12:00:00+00:00,1759.39,1768.88,1755.15,1764.26,94792.848,2026-07-05 12:59:59.999000+00:00,167153430.61661,117108,51810.669,91373131.66555,0,ETHUSDT,1h
2026-07-05 13:00:00+00:00,1764.26,1767.04,1760.52,1765.49,55689.186,2026-07-05 13:59:59.999000+00:00,98242696.16094,83448,32293.74,56975770.8392,0,ETHUSDT,1h
2026-07-05 14:00:00+00:00,1765.48,1772.37,1764.0,1771.67,75655.636,2026-07-05 14:59:59.999000+00:00,133741297.10852,102108,43194.249,76369823.42936,0,ETHUSDT,1h
2026-07-05 15:00:00+00:00,1771.67,1781.18,1769.44,1773.89,190031.804,2026-07-05 15:59:59.999000+00:00,337295150.27153,188258,98972.729,175711847.67534,0,ETHUSDT,1h
2026-07-05 16:00:00+00:00,1773.88,1776.95,1769.46,1772.1,68426.233,2026-07-05 16:59:59.999000+00:00,121289344.3167,100029,31853.021,56476056.554,0,ETHUSDT,1h
2026-07-05 17:00:00+00:00,1772.11,1786.11,1772.11,1778.53,150450.436,2026-07-05 17:59:59.999000+00:00,267756997.80631,152445,83902.153,149330653.57647,0,ETHUSDT,1h
2026-07-05 18:00:00+00:00,1778.52,1786.35,1776.72,1780.32,70600.062,2026-07-05 18:59:59.999000+00:00,125724552.21397,95251,36468.006,64953705.76745,0,ETHUSDT,1h
2026-07-05 19:00:00+00:00,1780.32,1783.83,1776.61,1780.67,47125.36,2026-07-05 19:59:59.999000+00:00,83913048.12543,80602,20154.863,35892722.88711,0,ETHUSDT,1h
2026-07-05 20:00:00+00:00,1780.66,1782.9,1775.03,1776.43,45895.924,2026-07-05 20:59:59.999000+00:00,81601648.86123,64013,17636.518,31360292.26971,0,ETHUSDT,1h
2026-07-05 21:00:00+00:00,1776.43,1792.99,1768.04,1786.11,192554.537,2026-07-05 21:59:59.999000+00:00,342685759.42374,182849,104381.748,185941515.72141,0,ETHUSDT,1h
2026-07-05 22:00:00+00:00,1786.12,1807.77,1783.36,1789.3,334994.892,2026-07-05 22:59:59.999000+00:00,601232162.63295,389896,178945.966,321316195.25064,0,ETHUSDT,1h
2026-07-05 23:00:00+00:00,1789.29,1802.17,1781.88,1785.07,168066.774,2026-07-05 23:59:59.999000+00:00,301189884.35325,235884,82062.256,147090822.27977,0,ETHUSDT,1h
2026-07-06 00:00:00+00:00,1785.07,1793.79,1772.84,1792.67,200672.379,2026-07-06 00:59:59.999000+00:00,357871595.69923,292319,103603.86,184855208.40832,0,ETHUSDT,1h
2026-07-06 01:00:00+00:00,1792.67,1798.4,1784.3,1785.43,127352.818,2026-07-06 01:59:59.999000+00:00,228100875.91687,252964,61268.081,109742927.05459,0,ETHUSDT,1h
2026-07-06 02:00:00+00:00,1785.43,1789.69,1778.63,1782.88,106978.713,2026-07-06 02:59:59.999000+00:00,190765189.57469,188416,50283.542,89671977.83314,0,ETHUSDT,1h
2026-07-06 03:00:00+00:00,1782.88,1784.48,1770.84,1778.92,140666.751,2026-07-06 03:59:59.999000+00:00,249944843.54241,193775,63009.594,111972856.03202,0,ETHUSDT,1h
2026-07-06 04:00:00+00:00,1778.93,1785.06,1775.25,1777.03,81429.567,2026-07-06 04:59:59.999000+00:00,144936874.73189,124016,42043.133,74849295.14659,0,ETHUSDT,1h
2026-07-06 05:00:00+00:00,1777.03,1777.52,1763.66,1773.42,191289.983,2026-07-06 05:59:59.999000+00:00,338693070.80275,212601,85626.759,151604581.41851,0,ETHUSDT,1h
2026-07-06 06:00:00+00:00,1773.41,1774.72,1768.42,1768.75,92364.068,2026-07-06 06:59:59.999000+00:00,163623475.47804,112761,41836.794,74125094.96712,0,ETHUSDT,1h
2026-07-06 07:00:00+00:00,1768.75,1774.83,1766.0,1771.42,98510.166,2026-07-06 07:59:59.999000+00:00,174453182.13571,117942,51611.06,91408492.63393,0,ETHUSDT,1h
2026-07-06 08:00:00+00:00,1771.43,1777.96,1762.14,1764.97,133021.717,2026-07-06 08:59:59.999000+00:00,235245964.65285,147454,60022.493,106179702.16296,0,ETHUSDT,1h
2026-07-06 09:00:00+00:00,1764.96,1765.38,1755.07,1757.93,172361.586,2026-07-06 09:59:59.999000+00:00,303276102.60868,155407,75698.619,133192184.34399,0,ETHUSDT,1h
2026-07-06 10:00:00+00:00,1757.93,1773.55,1757.3,1770.22,155010.134,2026-07-06 10:59:59.999000+00:00,273895574.41644,152811,84065.479,148523138.50686,0,ETHUSDT,1h
2026-07-06 11:00:00+00:00,1770.23,1774.77,1758.51,1758.51,141239.541,2026-07-06 11:59:59.999000+00:00,249697175.59578,152181,67392.458,119165978.97671,0,ETHUSDT,1h
2026-07-06 12:00:00+00:00,1758.51,1760.0,1734.5,1740.11,792058.678,2026-07-06 12:59:59.999000+00:00,1381774598.71604,668507,362893.665,633073308.88594,0,ETHUSDT,1h
2026-07-06 13:00:00+00:00,1740.11,1752.99,1728.3,1744.04,534960.274,2026-07-06 13:59:59.999000+00:00,930527446.1085,604256,268043.665,466266025.74153,0,ETHUSDT,1h
2026-07-06 14:00:00+00:00,1744.03,1762.58,1741.08,1751.08,291509.347,2026-07-06 14:59:59.999000+00:00,510526889.45635,446657,157110.307,275216867.41373,0,ETHUSDT,1h
2026-07-06 15:00:00+00:00,1751.09,1788.26,1750.77,1787.72,543835.414,2026-07-06 15:59:59.999000+00:00,963690442.21379,600885,298599.412,529228825.64511,0,ETHUSDT,1h
2026-07-06 16:00:00+00:00,1787.72,1804.5,1781.53,1791.9,534001.807,2026-07-06 16:59:59.999000+00:00,958057535.6946,565340,257040.947,461194892.3017,0,ETHUSDT,1h
2026-07-06 17:00:00+00:00,1791.9,1799.86,1786.53,1787.47,186681.712,2026-07-06 17:59:59.999000+00:00,334517367.69828,257002,92385.897,165610718.15787,0,ETHUSDT,1h
2026-07-06 18:00:00+00:00,1787.48,1795.71,1785.87,1791.91,101292.987,2026-07-06 18:59:59.999000+00:00,181453894.58343,156915,48372.805,86658869.98535,0,ETHUSDT,1h
2026-07-06 19:00:00+00:00,1791.91,1798.31,1790.4,1791.81,92408.107,2026-07-06 19:59:59.999000+00:00,165788006.06162,128978,39220.259,70373869.87329,0,ETHUSDT,1h
2026-07-06 20:00:00+00:00,1791.82,1795.7,1786.46,1792.3,78702.959,2026-07-06 20:59:59.999000+00:00,140936722.87277,112451,36387.68,65154678.24633,0,ETHUSDT,1h
2026-07-06 21:00:00+00:00,1792.3,1833.0,1791.62,1814.3,524612.163,2026-07-06 21:59:59.999000+00:00,953377164.42974,406114,294757.969,535667817.60525,0,ETHUSDT,1h
2026-07-06 22:00:00+00:00,1814.29,1816.11,1803.48,1805.54,110605.183,2026-07-06 22:59:59.999000+00:00,200166812.80712,144437,48225.906,87266343.27948,0,ETHUSDT,1h
2026-07-06 23:00:00+00:00,1805.54,1809.46,1796.59,1798.84,108816.882,2026-07-06 23:59:59.999000+00:00,196074240.28959,136665,49131.69,88547707.81262,0,ETHUSDT,1h
2026-07-07 00:00:00+00:00,1798.84,1809.87,1793.96,1802.8,138621.326,2026-07-07 00:59:59.999000+00:00,249727076.13502,204641,73233.07,131943466.36704,0,ETHUSDT,1h
2026-07-07 01:00:00+00:00,1802.79,1802.91,1786.59,1791.81,209545.124,2026-07-07 01:59:59.999000+00:00,375531195.73147,249664,98125.066,175851900.37447,0,ETHUSDT,1h
2026-07-07 02:00:00+00:00,1791.81,1793.68,1775.98,1777.69,225309.063,2026-07-07 02:59:59.999000+00:00,401574185.96122,237880,95399.278,170006897.96932,0,ETHUSDT,1h
2026-07-07 03:00:00+00:00,1777.69,1780.82,1766.8,1770.7,169873.785,2026-07-07 03:59:59.999000+00:00,301216646.18705,197998,72207.27,128061039.16923,0,ETHUSDT,1h
2026-07-07 04:00:00+00:00,1770.7,1772.81,1761.59,1765.67,149319.8,2026-07-07 04:59:59.999000+00:00,263894730.93801,156332,67769.852,119787047.98727,0,ETHUSDT,1h
2026-07-07 05:00:00+00:00,1765.67,1772.77,1756.62,1769.67,207822.349,2026-07-07 05:59:59.999000+00:00,366718743.61827,191992,112056.409,197795786.18817,0,ETHUSDT,1h
2026-07-07 06:00:00+00:00,1769.68,1782.23,1763.91,1778.48,193789.402,2026-07-07 06:59:59.999000+00:00,343742153.95914,167533,111598.359,198017647.48084,0,ETHUSDT,1h
2026-07-07 07:00:00+00:00,1778.47,1782.0,1770.23,1770.54,138978.615,2026-07-07 07:59:59.999000+00:00,246763365.3841,139046,59589.006,105814669.69712,0,ETHUSDT,1h
2026-07-07 08:00:00+00:00,1770.54,1774.82,1767.29,1769.81,94199.815,2026-07-07 08:59:59.999000+00:00,166792666.65774,129056,44213.817,78290619.25162,0,ETHUSDT,1h
2026-07-07 09:00:00+00:00,1769.81,1782.3,1767.78,1777.3,122548.196,2026-07-07 09:59:59.999000+00:00,217564722.20663,129631,68175.153,121047161.44088,0,ETHUSDT,1h
2026-07-07 10:00:00+00:00,1777.3,1784.0,1773.28,1775.09,107963.999,2026-07-07 10:59:59.999000+00:00,192076096.22441,126744,51575.523,91774884.80095,0,ETHUSDT,1h
2026-07-07 11:00:00+00:00,1775.09,1784.34,1770.9,1779.9,98831.317,2026-07-07 11:59:59.999000+00:00,175676013.41821,126814,55500.631,98672532.52946,0,ETHUSDT,1h
2026-07-07 12:00:00+00:00,1779.91,1793.77,1779.51,1781.31,225156.682,2026-07-07 12:59:59.999000+00:00,402314702.40482,237524,111389.61,199059219.43265,0,ETHUSDT,1h
2026-07-07 13:00:00+00:00,1781.31,1782.71,1765.19,1768.05,332651.56,2026-07-07 13:59:59.999000+00:00,589687155.95773,478536,160407.414,284358162.98818,0,ETHUSDT,1h
2026-07-07 14:00:00+00:00,1768.04,1792.44,1760.01,1788.76,384496.091,2026-07-07 14:59:59.999000+00:00,682089433.0441,639825,194491.668,345160623.87113,0,ETHUSDT,1h
2026-07-07 15:00:00+00:00,1788.77,1802.86,1782.25,1796.66,314489.988,2026-07-07 15:59:59.999000+00:00,563800932.22895,486819,157924.747,283163225.6079,0,ETHUSDT,1h
2026-07-07 16:00:00+00:00,1796.67,1812.85,1791.39,1801.41,245275.824,2026-07-07 16:59:59.999000+00:00,441844035.90737,335253,128496.075,231553850.4228,0,ETHUSDT,1h
2026-07-07 17:00:00+00:00,1801.41,1809.74,1797.53,1809.67,122834.896,2026-07-07 17:59:59.999000+00:00,221580472.14191,217625,57821.451,104327301.50757,0,ETHUSDT,1h
2026-07-07 18:00:00+00:00,1809.68,1809.72,1785.01,1785.6,216154.218,2026-07-07 18:59:59.999000+00:00,388083315.71841,257344,84268.425,151287592.64368,0,ETHUSDT,1h
2026-07-07 19:00:00+00:00,1785.59,1791.48,1771.02,1789.59,273477.734,2026-07-07 19:59:59.999000+00:00,487457093.12465,334410,141098.052,251573900.02125,0,ETHUSDT,1h
2026-07-07 20:00:00+00:00,1789.59,1792.27,1780.43,1783.32,76133.929,2026-07-07 20:59:59.999000+00:00,135982827.00285,104272,30795.018,54997540.3987,0,ETHUSDT,1h
2026-07-07 21:00:00+00:00,1783.31,1788.61,1770.0,1772.84,128846.906,2026-07-07 21:59:59.999000+00:00,228928229.64803,164408,57774.223,102658794.4557,0,ETHUSDT,1h
2026-07-07 22:00:00+00:00,1772.85,1777.9,1764.5,1774.42,127308.499,2026-07-07 22:59:59.999000+00:00,225617509.73419,168790,70204.033,124453106.80342,0,ETHUSDT,1h
2026-07-07 23:00:00+00:00,1774.42,1780.39,1767.49,1770.67,67268.671,2026-07-07 23:59:59.999000+00:00,119364898.53657,87712,34803.844,61770580.99859,0,ETHUSDT,1h
2026-07-08 00:00:00+00:00,1770.67,1784.16,1769.03,1779.72,112270.274,2026-07-08 00:59:59.999000+00:00,199505239.46028,155255,57209.01,101649010.04387,0,ETHUSDT,1h
2026-07-08 01:00:00+00:00,1779.72,1780.14,1748.62,1755.11,327636.286,2026-07-08 01:59:59.999000+00:00,576368086.20424,309854,134398.119,236352077.66794,0,ETHUSDT,1h
2026-07-08 02:00:00+00:00,1755.1,1758.83,1740.4,1756.89,274999.143,2026-07-08 02:59:59.999000+00:00,481457847.2811,335713,140556.974,246155311.96684,0,ETHUSDT,1h
2026-07-08 03:00:00+00:00,1756.9,1763.14,1748.29,1750.78,130497.805,2026-07-08 03:59:59.999000+00:00,229223888.18778,169953,60146.132,105699373.05439,0,ETHUSDT,1h
2026-07-08 04:00:00+00:00,1750.78,1757.32,1748.34,1755.59,81671.963,2026-07-08 04:59:59.999000+00:00,143195276.39762,131952,44406.139,77869389.27442,0,ETHUSDT,1h
2026-07-08 05:00:00+00:00,1755.58,1759.0,1749.72,1753.34,66645.393,2026-07-08 05:59:59.999000+00:00,116900840.48217,129214,35521.52,62313764.80026,0,ETHUSDT,1h
2026-07-08 06:00:00+00:00,1753.34,1754.5,1745.51,1751.01,112465.241,2026-07-08 06:59:59.999000+00:00,196790636.91934,164248,53475.261,93581137.13363,0,ETHUSDT,1h
2026-07-08 07:00:00+00:00,1751.0,1756.6,1744.3,1755.74,132273.195,2026-07-08 07:59:59.999000+00:00,231618527.68168,158232,71301.797,124862198.29396,0,ETHUSDT,1h
2026-07-08 08:00:00+00:00,1755.74,1757.96,1724.31,1734.76,611429.527,2026-07-08 08:59:59.999000+00:00,1061138625.74273,617045,265572.264,460997739.3664,0,ETHUSDT,1h
2026-07-08 09:00:00+00:00,1734.76,1740.45,1729.17,1735.3,166742.305,2026-07-08 09:59:59.999000+00:00,289361505.01044,243063,89065.06,154603084.18035,0,ETHUSDT,1h
2026-07-08 10:00:00+00:00,1735.3,1741.78,1731.76,1738.67,92610.708,2026-07-08 10:59:59.999000+00:00,160923880.79214,132341,51659.355,89773553.75497,0,ETHUSDT,1h
2026-07-08 11:00:00+00:00,1738.67,1751.14,1735.2,1747.36,203730.917,2026-07-08 11:59:59.999000+00:00,355379624.24095,206064,119778.801,208902087.94767,0,ETHUSDT,1h
2026-07-08 12:00:00+00:00,1747.35,1750.68,1737.28,1737.79,156169.99,2026-07-08 12:59:59.999000+00:00,272427453.4653,175065,72144.654,125867171.38401,0,ETHUSDT,1h
2026-07-08 13:00:00+00:00,1737.78,1743.59,1730.27,1736.98,251232.938,2026-07-08 13:59:59.999000+00:00,436420665.29255,391636,132580.725,230331318.30578,0,ETHUSDT,1h
2026-07-08 14:00:00+00:00,1736.97,1740.32,1721.41,1728.88,357072.517,2026-07-08 14:59:59.999000+00:00,617744183.02143,481151,169472.18,293287293.981,0,ETHUSDT,1h
2026-07-08 15:00:00+00:00,1728.88,1729.75,1712.45,1722.08,343509.355,2026-07-08 15:59:59.999000+00:00,590479273.36469,367708,156378.816,268796084.92394,0,ETHUSDT,1h
2026-07-08 16:00:00+00:00,1722.08,1737.7,1722.07,1735.61,199680.196,2026-07-08 16:59:59.999000+00:00,345474888.59294,256944,105898.167,183241837.9304,0,ETHUSDT,1h
2026-07-08 17:00:00+00:00,1735.6,1745.8,1729.93,1732.28,185717.322,2026-07-08 17:59:59.999000+00:00,322734779.13541,210618,88670.005,154104732.58917,0,ETHUSDT,1h
2026-07-08 18:00:00+00:00,1732.28,1740.48,1729.16,1736.69,99780.734,2026-07-08 18:59:59.999000+00:00,173169377.94278,168937,48539.152,84240612.61528,0,ETHUSDT,1h
2026-07-08 19:00:00+00:00,1736.69,1740.98,1732.54,1740.34,78366.898,2026-07-08 19:59:59.999000+00:00,136120403.89924,143877,45309.011,78706316.43473,0,ETHUSDT,1h
2026-07-08 20:00:00+00:00,1740.35,1740.7,1733.73,1735.72,56921.808,2026-07-08 20:59:59.999000+00:00,98852156.94385,92034,24390.131,42357471.8901,0,ETHUSDT,1h
2026-07-08 21:00:00+00:00,1735.73,1739.29,1730.52,1737.39,60531.167,2026-07-08 21:59:59.999000+00:00,105001558.3139,79064,31897.694,55334025.08455,0,ETHUSDT,1h
2026-07-08 22:00:00+00:00,1737.39,1742.79,1735.8,1740.5,42270.393,2026-07-08 22:59:59.999000+00:00,73518773.07376,84007,25081.352,43624300.79994,0,ETHUSDT,1h
2026-07-08 23:00:00+00:00,1740.51,1744.14,1737.84,1742.68,48627.352,2026-07-08 23:59:59.999000+00:00,84668607.54206,81169,24945.266,43437685.91479,0,ETHUSDT,1h
2026-07-09 00:00:00+00:00,1742.67,1743.99,1736.17,1737.4,64154.783,2026-07-09 00:59:59.999000+00:00,111632669.71814,116761,28270.248,49194392.93451,0,ETHUSDT,1h
2026-07-09 01:00:00+00:00,1737.4,1755.28,1728.84,1731.0,230257.352,2026-07-09 01:59:59.999000+00:00,401396324.49185,274820,122103.954,213029272.35642,0,ETHUSDT,1h
2026-07-09 02:00:00+00:00,1731.0,1738.9,1722.66,1726.51,153531.372,2026-07-09 02:59:59.999000+00:00,265598901.14925,203526,79429.148,137436999.41753,0,ETHUSDT,1h
2026-07-09 03:00:00+00:00,1726.52,1733.8,1720.53,1729.9,107848.289,2026-07-09 03:59:59.999000+00:00,186273066.25814,153503,54590.951,94302918.35439,0,ETHUSDT,1h
2026-07-09 04:00:00+00:00,1729.89,1743.07,1729.41,1741.69,101113.883,2026-07-09 04:59:59.999000+00:00,175629544.86564,137650,55530.829,96467985.67877,0,ETHUSDT,1h
2026-07-09 05:00:00+00:00,1741.68,1748.88,1736.72,1748.69,144342.853,2026-07-09 05:59:59.999000+00:00,251615987.30216,173714,79464.232,138567166.49836,0,ETHUSDT,1h
2026-07-09 06:00:00+00:00,1748.69,1754.96,1745.02,1754.51,175090.578,2026-07-09 06:59:59.999000+00:00,306617544.27689,189480,93426.331,163616563.17777,0,ETHUSDT,1h
2026-07-09 07:00:00+00:00,1754.51,1762.52,1749.9,1752.47,190376.629,2026-07-09 07:59:59.999000+00:00,334082752.72587,207388,97082.124,170422505.89319,0,ETHUSDT,1h
2026-07-09 08:00:00+00:00,1752.47,1758.3,1750.0,1753.56,87934.135,2026-07-09 08:59:59.999000+00:00,154282564.3687,117735,47315.673,83021059.73401,0,ETHUSDT,1h
2026-07-09 09:00:00+00:00,1753.56,1755.76,1748.54,1755.0,75066.316,2026-07-09 09:59:59.999000+00:00,131517455.18249,103526,32403.862,56780865.83366,0,ETHUSDT,1h
2026-07-09 10:00:00+00:00,1755.0,1756.77,1743.18,1745.46,93539.349,2026-07-09 10:59:59.999000+00:00,163595623.23771,109864,39464.218,69025288.00561,0,ETHUSDT,1h
2026-07-09 11:00:00+00:00,1745.47,1747.79,1740.26,1743.17,105606.403,2026-07-09 11:59:59.999000+00:00,184102146.60562,131766,49430.463,86179982.12518,0,ETHUSDT,1h
2026-07-09 12:00:00+00:00,1743.18,1746.68,1733.98,1740.79,253882.246,2026-07-09 12:59:59.999000+00:00,441790597.49364,292177,121835.627,212021729.66822,0,ETHUSDT,1h
2026-07-09 13:00:00+00:00,1740.79,1751.52,1735.0,1746.33,227508.746,2026-07-09 13:59:59.999000+00:00,396660735.20159,395829,123574.907,215452165.3527,0,ETHUSDT,1h
2026-07-09 14:00:00+00:00,1746.34,1749.26,1732.49,1742.42,220930.513,2026-07-09 14:59:59.999000+00:00,384154732.65321,368663,106948.642,186002216.13578,0,ETHUSDT,1h
2026-07-09 15:00:00+00:00,1742.42,1748.56,1736.53,1738.61,125545.301,2026-07-09 15:59:59.999000+00:00,218811454.96083,216932,59831.772,104296122.63262,0,ETHUSDT,1h
2026-07-09 16:00:00+00:00,1738.61,1743.0,1731.1,1738.2,120013.986,2026-07-09 16:59:59.999000+00:00,208374398.10784,172883,59058.148,102554183.04168,0,ETHUSDT,1h
2026-07-09 17:00:00+00:00,1738.21,1751.83,1737.62,1747.76,133903.59,2026-07-09 17:59:59.999000+00:00,233766272.77833,159221,76217.525,133073756.46676,0,ETHUSDT,1h
2026-07-09 18:00:00+00:00,1747.75,1759.65,1746.53,1750.7,202110.508,2026-07-09 18:59:59.999000+00:00,354350192.12956,227278,102884.478,180395395.63146,0,ETHUSDT,1h
2026-07-09 19:00:00+00:00,1750.71,1752.44,1746.0,1747.81,63471.586,2026-07-09 19:59:59.999000+00:00,110998284.22853,114044,32154.568,56237550.33952,0,ETHUSDT,1h
2026-07-09 20:00:00+00:00,1747.81,1749.69,1744.05,1747.94,55648.37,2026-07-09 20:59:59.999000+00:00,97206144.60829,83679,25610.065,44739191.88388,0,ETHUSDT,1h
2026-07-09 21:00:00+00:00,1747.94,1750.35,1744.25,1747.41,30669.938,2026-07-09 21:59:59.999000+00:00,53582505.73332,56879,15029.859,26260413.0536,0,ETHUSDT,1h
2026-07-09 22:00:00+00:00,1747.41,1750.37,1745.33,1746.6,34255.213,2026-07-09 22:59:59.999000+00:00,59880762.55264,78183,17463.468,30529493.86831,0,ETHUSDT,1h
2026-07-09 23:00:00+00:00,1746.6,1748.31,1740.65,1744.25,55442.517,2026-07-09 23:59:59.999000+00:00,96717884.09287,92758,23390.752,40806509.44659,0,ETHUSDT,1h
2026-07-10 00:00:00+00:00,1744.26,1745.86,1736.61,1742.25,92111.596,2026-07-10 00:59:59.999000+00:00,160344292.02676,155271,47790.931,83212177.22864,0,ETHUSDT,1h
2026-07-10 01:00:00+00:00,1742.26,1776.97,1737.24,1767.0,318335.948,2026-07-10 01:59:59.999000+00:00,561293053.6883,345048,171511.829,302241646.51653,0,ETHUSDT,1h
2026-07-10 02:00:00+00:00,1767.0,1774.43,1763.73,1772.11,170125.132,2026-07-10 02:59:59.999000+00:00,300827576.73398,236724,88325.004,156204452.25938,0,ETHUSDT,1h
2026-07-10 03:00:00+00:00,1772.11,1779.38,1768.44,1775.41,122953.746,2026-07-10 03:59:59.999000+00:00,218070370.58502,140792,65553.749,116288388.19371,0,ETHUSDT,1h
2026-07-10 04:00:00+00:00,1775.4,1779.91,1770.94,1773.9,102227.956,2026-07-10 04:59:59.999000+00:00,181548351.31153,117795,46444.005,82486499.78537,0,ETHUSDT,1h
2026-07-10 05:00:00+00:00,1773.89,1779.35,1771.51,1778.16,99294.613,2026-07-10 05:59:59.999000+00:00,176305516.39261,107485,47489.958,84318760.91268,0,ETHUSDT,1h
2026-07-10 06:00:00+00:00,1778.15,1779.21,1768.29,1770.28,136932.596,2026-07-10 06:59:59.999000+00:00,242661095.72013,106174,58940.142,104451504.73576,0,ETHUSDT,1h
2026-07-10 07:00:00+00:00,1770.28,1776.74,1767.71,1772.5,76782.173,2026-07-10 07:59:59.999000+00:00,136055741.24994,75155,36055.629,63891336.74629,0,ETHUSDT,1h
2026-07-10 08:00:00+00:00,1772.5,1788.97,1771.66,1783.21,213994.433,2026-07-10 08:59:59.999000+00:00,381617658.89943,212705,117129.856,208861286.25848,0,ETHUSDT,1h
2026-07-10 09:00:00+00:00,1783.21,1794.2,1780.3,1791.85,163472.492,2026-07-10 09:59:59.999000+00:00,292425716.3438,183823,88233.227,157866229.74069,0,ETHUSDT,1h
2026-07-10 10:00:00+00:00,1791.85,1803.24,1788.62,1796.07,195020.148,2026-07-10 10:59:59.999000+00:00,350345431.69986,193015,101609.328,182582528.08789,0,ETHUSDT,1h
2026-07-10 11:00:00+00:00,1796.07,1801.75,1793.48,1800.64,130841.523,2026-07-10 11:59:59.999000+00:00,235253424.81554,128238,64672.586,116290893.82704,0,ETHUSDT,1h
2026-07-10 12:00:00+00:00,1800.63,1806.82,1791.84,1793.17,172959.881,2026-07-10 12:59:59.999000+00:00,311205472.25806,174968,78225.374,140806528.65341,0,ETHUSDT,1h
2026-07-10 13:00:00+00:00,1793.16,1811.23,1792.65,1803.06,215136.183,2026-07-10 13:59:59.999000+00:00,387546471.6593,298001,115575.971,208232410.26067,0,ETHUSDT,1h
2026-07-10 14:00:00+00:00,1803.06,1803.98,1774.83,1784.26,410527.982,2026-07-10 14:59:59.999000+00:00,733444879.73708,468413,196268.858,350706454.37762,0,ETHUSDT,1h
2026-07-10 15:00:00+00:00,1784.27,1796.1,1783.07,1790.49,148257.581,2026-07-10 15:59:59.999000+00:00,265337698.4298,210998,78614.607,140701848.56104,0,ETHUSDT,1h
2026-07-10 16:00:00+00:00,1790.48,1798.86,1785.01,1796.66,111067.695,2026-07-10 16:59:59.999000+00:00,198993905.43837,165713,55589.956,99617422.09946,0,ETHUSDT,1h
2026-07-10 17:00:00+00:00,1796.66,1798.37,1787.35,1787.44,98704.909,2026-07-10 17:59:59.999000+00:00,176868736.43454,132138,45637.271,81779900.92449,0,ETHUSDT,1h
2026-07-10 18:00:00+00:00,1787.45,1793.07,1779.35,1784.17,102477.118,2026-07-10 18:59:59.999000+00:00,183061229.28526,112044,44433.046,79404410.16881,0,ETHUSDT,1h
2026-07-10 19:00:00+00:00,1784.17,1796.43,1783.43,1791.85,116523.012,2026-07-10 19:59:59.999000+00:00,208749558.97429,119088,59593.177,106743501.39519,0,ETHUSDT,1h
2026-07-10 20:00:00+00:00,1791.85,1793.64,1788.57,1789.28,63776.236,2026-07-10 20:59:59.999000+00:00,114225780.43735,75671,32857.303,58850878.82967,0,ETHUSDT,1h
2026-07-10 21:00:00+00:00,1789.28,1796.17,1788.88,1793.51,44132.192,2026-07-10 21:59:59.999000+00:00,79106432.36872,63507,24739.892,44343003.18687,0,ETHUSDT,1h
2026-07-10 22:00:00+00:00,1793.5,1795.9,1792.08,1794.28,33810.624,2026-07-10 22:59:59.999000+00:00,60656318.67275,61542,17652.951,31669608.13816,0,ETHUSDT,1h
2026-07-10 23:00:00+00:00,1794.28,1797.4,1791.56,1796.03,44583.348,2026-07-10 23:59:59.999000+00:00,80023604.41218,65705,23442.292,42078561.98157,0,ETHUSDT,1h
2026-07-11 00:00:00+00:00,1796.03,1796.36,1788.7,1792.57,46189.432,2026-07-11 00:59:59.999000+00:00,82778650.08785,67343,18306.624,32812309.45519,0,ETHUSDT,1h
2026-07-11 01:00:00+00:00,1792.57,1798.86,1787.68,1788.22,75871.175,2026-07-11 01:59:59.999000+00:00,135989397.93558,103309,38822.068,69584153.68477,0,ETHUSDT,1h
2026-07-11 02:00:00+00:00,1788.22,1795.42,1785.0,1794.93,55912.84,2026-07-11 02:59:59.999000+00:00,100133399.15269,74995,27454.912,49185094.53847,0,ETHUSDT,1h
2026-07-11 03:00:00+00:00,1794.93,1797.63,1791.66,1795.65,47476.969,2026-07-11 03:59:59.999000+00:00,85244464.76812,66696,23997.283,43092413.06491,0,ETHUSDT,1h
2026-07-11 04:00:00+00:00,1795.66,1799.91,1794.5,1795.84,36641.0,2026-07-11 04:59:59.999000+00:00,65832399.10358,55000,18216.687,32734255.18154,0,ETHUSDT,1h
2026-07-11 05:00:00+00:00,1795.85,1802.59,1794.28,1798.6,57749.729,2026-07-11 05:59:59.999000+00:00,103855709.10325,65069,30981.792,55723188.22261,0,ETHUSDT,1h
2026-07-11 06:00:00+00:00,1798.61,1802.76,1793.84,1798.4,65402.783,2026-07-11 06:59:59.999000+00:00,117659043.02189,72633,30719.467,55270650.81433,0,ETHUSDT,1h
2026-07-11 07:00:00+00:00,1798.39,1801.18,1797.28,1799.07,41216.605,2026-07-11 07:59:59.999000+00:00,74158913.98365,47969,20916.873,37635846.4309,0,ETHUSDT,1h
2026-07-11 08:00:00+00:00,1799.07,1802.99,1798.57,1800.72,36661.448,2026-07-11 08:59:59.999000+00:00,66019071.36972,45168,19871.059,35784490.93987,0,ETHUSDT,1h
2026-07-11 09:00:00+00:00,1800.72,1801.89,1794.24,1794.75,49523.828,2026-07-11 09:59:59.999000+00:00,89035017.55163,61721,21438.121,38543127.24512,0,ETHUSDT,1h
2026-07-11 10:00:00+00:00,1794.75,1798.61,1794.51,1797.63,42177.645,2026-07-11 10:59:59.999000+00:00,75782605.42745,44977,18148.815,32607080.36741,0,ETHUSDT,1h
2026-07-11 11:00:00+00:00,1797.62,1800.13,1796.39,1799.6,32935.206,2026-07-11 11:59:59.999000+00:00,59227719.31238,36501,15405.033,27706396.3732,0,ETHUSDT,1h
2026-07-11 12:00:00+00:00,1799.6,1800.78,1797.52,1799.44,26544.918,2026-07-11 12:59:59.999000+00:00,47759390.39829,36490,11611.975,20892935.93302,0,ETHUSDT,1h
2026-07-11 13:00:00+00:00,1799.44,1808.0,1798.17,1801.97,83084.515,2026-07-11 13:59:59.999000+00:00,149779688.10598,78492,45068.344,81255190.91827,0,ETHUSDT,1h
2026-07-11 14:00:00+00:00,1801.96,1818.9,1801.63,1809.81,238466.637,2026-07-11 14:59:59.999000+00:00,431777463.97011,198704,135425.941,245219811.92807,0,ETHUSDT,1h
2026-07-11 15:00:00+00:00,1809.81,1827.8,1807.7,1814.12,411667.16,2026-07-11 15:59:59.999000+00:00,748340567.99491,379584,216044.133,392803618.73003,0,ETHUSDT,1h
2026-07-11 16:00:00+00:00,1814.11,1823.49,1809.7,1822.45,164602.489,2026-07-11 16:59:59.999000+00:00,299076990.56211,203011,85765.062,155855261.18634,0,ETHUSDT,1h
2026-07-11 17:00:00+00:00,1822.45,1829.52,1817.41,1823.76,123369.714,2026-07-11 17:59:59.999000+00:00,225041682.79035,137611,63238.01,115385401.37462,0,ETHUSDT,1h
2026-07-11 18:00:00+00:00,1823.77,1829.41,1822.85,1825.33,92267.669,2026-07-11 18:59:59.999000+00:00,168452627.00642,99036,38857.474,70947334.71897,0,ETHUSDT,1h
2026-07-11 19:00:00+00:00,1825.33,1826.43,1818.5,1823.72,79313.988,2026-07-11 19:59:59.999000+00:00,144493667.14696,81604,35922.53,65445123.88325,0,ETHUSDT,1h
2026-07-11 20:00:00+00:00,1823.72,1827.9,1823.17,1825.32,37934.714,2026-07-11 20:59:59.999000+00:00,69241191.72776,49848,16604.4,30308728.93197,0,ETHUSDT,1h
2026-07-11 21:00:00+00:00,1825.32,1828.53,1821.84,1823.03,38677.149,2026-07-11 21:59:59.999000+00:00,70591392.56485,51232,17883.752,32641669.51353,0,ETHUSDT,1h
2026-07-11 22:00:00+00:00,1823.03,1823.41,1808.0,1812.88,147665.654,2026-07-11 22:59:59.999000+00:00,267887889.39406,140214,55055.579,99890597.15296,0,ETHUSDT,1h
2026-07-11 23:00:00+00:00,1812.88,1814.96,1785.01,1786.7,330316.259,2026-07-11 23:59:59.999000+00:00,593264255.71325,335435,146182.449,262613989.25566,0,ETHUSDT,1h
2026-07-12 00:00:00+00:00,1786.69,1790.48,1778.26,1788.23,227246.213,2026-07-12 00:59:59.999000+00:00,405656455.09135,253292,114216.006,203937857.77958,0,ETHUSDT,1h
2026-07-12 01:00:00+00:00,1788.23,1807.73,1787.23,1805.85,203998.445,2026-07-12 01:59:59.999000+00:00,367187669.41661,222203,117949.354,212251400.42677,0,ETHUSDT,1h
2026-07-12 02:00:00+00:00,1805.86,1806.74,1802.14,1804.19,64582.632,2026-07-12 02:59:59.999000+00:00,116527549.49079,97011,28417.545,51276243.81754,0,ETHUSDT,1h
2026-07-12 03:00:00+00:00,1804.18,1814.58,1801.25,1810.83,103180.899,2026-07-12 03:59:59.999000+00:00,186620944.337,113427,57788.107,104546969.66558,0,ETHUSDT,1h
2026-07-12 04:00:00+00:00,1810.84,1811.85,1803.21,1805.06,77414.983,2026-07-12 04:59:59.999000+00:00,139901402.24954,89763,29623.028,53533779.44458,0,ETHUSDT,1h
2026-07-12 05:00:00+00:00,1805.07,1806.46,1800.27,1802.29,54935.447,2026-07-12 05:59:59.999000+00:00,99038490.49695,63626,24463.027,44102937.20407,0,ETHUSDT,1h
2026-07-12 06:00:00+00:00,1802.3,1802.3,1788.12,1794.27,161491.626,2026-07-12 06:59:59.999000+00:00,289721184.48742,175114,69001.434,123765728.35322,0,ETHUSDT,1h
2026-07-12 07:00:00+00:00,1794.27,1798.3,1793.31,1797.98,56777.789,2026-07-12 07:59:59.999000+00:00,102001563.44862,63364,27980.484,50266920.93782,0,ETHUSDT,1h
2026-07-12 08:00:00+00:00,1797.97,1808.3,1797.8,1804.28,107173.25,2026-07-12 08:59:59.999000+00:00,193327464.09732,110517,55858.364,100753306.77958,0,ETHUSDT,1h
2026-07-12 09:00:00+00:00,1804.29,1805.0,1795.4,1801.58,84276.122,2026-07-12 09:59:59.999000+00:00,151709536.21664,86403,40048.715,72098798.32833,0,ETHUSDT,1h
2026-07-12 10:00:00+00:00,1801.57,1801.92,1798.09,1798.66,65912.576,2026-07-12 10:59:59.999000+00:00,118636888.70262,66309,34612.522,62302340.12742,0,ETHUSDT,1h
2026-07-12 11:00:00+00:00,1798.66,1805.98,1795.51,1802.99,72809.604,2026-07-12 11:59:59.999000+00:00,131191488.85597,81923,37806.408,68137840.44965,0,ETHUSDT,1h
2026-07-12 12:00:00+00:00,1802.99,1808.9,1802.16,1806.17,63817.964,2026-07-12 12:59:59.999000+00:00,115225042.5935,82559,34768.127,62779072.02074,0,ETHUSDT,1h
2026-07-12 13:00:00+00:00,1806.16,1808.93,1804.42,1805.03,41315.966,2026-07-12 13:59:59.999000+00:00,74638921.27671,65627,19634.465,35473063.31808,0,ETHUSDT,1h
2026-07-12 14:00:00+00:00,1805.02,1823.32,1803.07,1818.73,155110.269,2026-07-12 14:59:59.999000+00:00,281396078.44134,146050,91274.989,165621563.14572,0,ETHUSDT,1h
2026-07-12 15:00:00+00:00,1818.72,1826.2,1815.66,1819.95,218738.211,2026-07-12 15:59:59.999000+00:00,398401062.45423,194312,111245.687,202662394.56955,0,ETHUSDT,1h
2026-07-12 16:00:00+00:00,1819.95,1823.43,1816.38,1820.85,99900.339,2026-07-12 16:59:59.999000+00:00,181803757.65217,113233,48159.396,87649384.53078,0,ETHUSDT,1h
2026-07-12 17:00:00+00:00,1820.85,1821.46,1813.69,1817.43,60264.619,2026-07-12 17:59:59.999000+00:00,109566235.07781,71377,24313.44,44204903.78958,0,ETHUSDT,1h
2026-07-12 18:00:00+00:00,1817.43,1821.74,1814.28,1820.78,60413.099,2026-07-12 18:59:59.999000+00:00,109836520.59297,72334,29630.465,53874499.57364,0,ETHUSDT,1h
2026-07-12 19:00:00+00:00,1820.78,1822.72,1817.68,1820.58,32218.616,2026-07-12 19:59:59.999000+00:00,58650801.76774,48307,15840.72,28838578.75737,0,ETHUSDT,1h
2026-07-12 20:00:00+00:00,1820.57,1823.4,1817.87,1820.42,31019.184,2026-07-12 20:59:59.999000+00:00,56469989.66641,46734,15502.817,28221186.45343,0,ETHUSDT,1h
2026-07-12 21:00:00+00:00,1820.41,1822.73,1810.5,1811.53,77060.724,2026-07-12 21:59:59.999000+00:00,139822742.78449,92309,30336.191,55044887.01064,0,ETHUSDT,1h
2026-07-12 22:00:00+00:00,1811.53,1811.53,1796.5,1804.03,212527.899,2026-07-12 22:59:59.999000+00:00,382933916.28315,263407,111009.517,200008203.6869,0,ETHUSDT,1h
2026-07-12 23:00:00+00:00,1804.02,1808.49,1800.02,1805.92,79490.6,2026-07-12 23:59:59.999000+00:00,143441385.70696,125521,46931.005,84691783.64509,0,ETHUSDT,1h
2026-07-13 00:00:00+00:00,1805.92,1848.0,1803.31,1825.6,718791.494,2026-07-13 00:59:59.999000+00:00,1313118882.16915,772192,374162.495,683866305.63322,0,ETHUSDT,1h
2026-07-13 01:00:00+00:00,1825.6,1829.34,1804.42,1805.74,298120.948,2026-07-13 01:59:59.999000+00:00,541447676.92806,434690,130250.005,236584518.40062,0,ETHUSDT,1h
2026-07-13 02:00:00+00:00,1805.74,1814.52,1798.0,1806.12,245929.477,2026-07-13 02:59:59.999000+00:00,444140635.15246,327447,122912.422,222051705.26292,0,ETHUSDT,1h
2026-07-13 03:00:00+00:00,1806.12,1806.13,1773.46,1779.76,552099.158,2026-07-13 03:59:59.999000+00:00,986403611.15887,509841,252508.71,451077927.6055,0,ETHUSDT,1h
2026-07-13 04:00:00+00:00,1779.77,1784.34,1775.28,1777.92,138380.551,2026-07-13 04:59:59.999000+00:00,246286171.31477,175309,70285.183,125105395.32552,0,ETHUSDT,1h
2026-07-13 05:00:00+00:00,1777.93,1785.72,1772.0,1780.87,197347.004,2026-07-13 05:59:59.999000+00:00,351258938.91865,225000,94298.076,167910085.84217,0,ETHUSDT,1h
2026-07-13 06:00:00+00:00,1780.87,1782.78,1775.0,1776.96,91892.75,2026-07-13 06:59:59.999000+00:00,163363146.76885,139130,45723.004,81290130.729,0,ETHUSDT,1h
2026-07-13 07:00:00+00:00,1776.96,1790.5,1775.29,1786.74,157925.382,2026-07-13 07:59:59.999000+00:00,281781605.42467,154997,83903.096,149706346.02716,0,ETHUSDT,1h
2026-07-13 08:00:00+00:00,1786.74,1792.49,1782.82,1789.21,108396.892,2026-07-13 08:59:59.999000+00:00,193737662.11172,138163,50107.376,89560327.08965,0,ETHUSDT,1h
2026-07-13 09:00:00+00:00,1789.2,1789.57,1783.86,1784.8,60513.477,2026-07-13 09:59:59.999000+00:00,108098686.42563,73972,25212.511,45035339.34029,0,ETHUSDT,1h
2026-07-13 10:00:00+00:00,1784.8,1785.9,1776.01,1778.75,106773.047,2026-07-13 10:59:59.999000+00:00,190144491.03628,127111,45057.702,80247004.73358,0,ETHUSDT,1h
2026-07-13 11:00:00+00:00,1778.75,1783.92,1778.75,1779.9,72372.725,2026-07-13 11:59:59.999000+00:00,128935456.631,103214,37361.311,66558917.12408,0,ETHUSDT,1h
2026-07-13 12:00:00+00:00,1779.9,1782.77,1766.06,1771.35,292896.204,2026-07-13 12:59:59.999000+00:00,519452757.67517,252678,136287.557,241760058.01225,0,ETHUSDT,1h
2026-07-13 13:00:00+00:00,1771.34,1775.65,1761.86,1770.61,285759.134,2026-07-13 13:59:59.999000+00:00,505282480.10385,360146,149150.024,263730588.54079,0,ETHUSDT,1h
2026-07-13 14:00:00+00:00,1770.61,1781.42,1761.63,1780.94,333068.149,2026-07-13 14:59:59.999000+00:00,590035160.72712,420126,163323.249,289477409.777,0,ETHUSDT,1h
2026-07-13 15:00:00+00:00,1780.94,1785.97,1773.99,1775.9,149011.242,2026-07-13 15:59:59.999000+00:00,265175671.98706,201687,69581.358,123842520.17293,0,ETHUSDT,1h
2026-07-13 16:00:00+00:00,1775.9,1780.2,1766.19,1771.05,163182.685,2026-07-13 16:59:59.999000+00:00,289260506.87153,203540,80280.085,142318330.66043,0,ETHUSDT,1h
2026-07-13 17:00:00+00:00,1771.05,1775.37,1751.72,1752.69,304477.019,2026-07-13 17:59:59.999000+00:00,536535336.94048,285976,135134.866,238237046.83078,0,ETHUSDT,1h
2026-07-13 18:00:00+00:00,1752.7,1766.69,1748.0,1763.99,227640.586,2026-07-13 18:59:59.999000+00:00,399834844.68784,248244,124657.117,219038819.0621,0,ETHUSDT,1h
2026-07-13 19:00:00+00:00,1764.0,1774.33,1763.54,1773.86,103180.805,2026-07-13 19:59:59.999000+00:00,182465448.5427,137168,50637.533,89555318.82788,0,ETHUSDT,1h
2026-07-13 20:00:00+00:00,1773.86,1776.44,1760.57,1766.25,119963.474,2026-07-13 20:59:59.999000+00:00,212145398.53065,134391,51360.166,90822377.66574,0,ETHUSDT,1h
2026-07-13 21:00:00+00:00,1766.25,1766.36,1751.42,1760.8,100909.891,2026-07-13 21:59:59.999000+00:00,177389870.8587,129323,45336.437,79700532.83484,0,ETHUSDT,1h
2026-07-13 22:00:00+00:00,1760.8,1767.73,1755.55,1757.43,92520.129,2026-07-13 22:59:59.999000+00:00,163084707.29498,129062,41558.521,73282470.84704,0,ETHUSDT,1h
2026-07-13 23:00:00+00:00,1757.43,1777.73,1755.57,1776.0,162091.126,2026-07-13 23:59:59.999000+00:00,286773709.01975,167177,98286.689,173892109.8903,0,ETHUSDT,1h
2026-07-14 00:00:00+00:00,1776.0,1788.26,1772.52,1785.24,183992.562,2026-07-14 00:59:59.999000+00:00,327541325.36985,259386,112442.891,200186988.56133,0,ETHUSDT,1h
2026-07-14 01:00:00+00:00,1785.24,1793.9,1782.3,1783.96,175005.015,2026-07-14 01:59:59.999000+00:00,312779903.6879,192448,85444.893,152718258.77692,0,ETHUSDT,1h
2026-07-14 02:00:00+00:00,1783.97,1788.08,1774.15,1781.84,135108.08,2026-07-14 02:59:59.999000+00:00,240617897.94888,157245,67669.611,120543263.38001,0,ETHUSDT,1h
2026-07-14 03:00:00+00:00,1781.85,1783.43,1773.55,1782.99,69652.465,2026-07-14 03:59:59.999000+00:00,123876975.54463,118681,34872.201,62028091.26939,0,ETHUSDT,1h
2026-07-14 04:00:00+00:00,1783.0,1788.92,1781.51,1784.9,108078.013,2026-07-14 04:59:59.999000+00:00,192984118.47251,121775,58393.078,104269587.13001,0,ETHUSDT,1h
2026-07-14 05:00:00+00:00,1784.91,1792.77,1783.56,1786.24,108072.671,2026-07-14 05:59:59.999000+00:00,193289462.36025,124458,56688.331,101395363.18207,0,ETHUSDT,1h
2026-07-14 06:00:00+00:00,1786.24,1786.77,1781.02,1782.49,45440.094,2026-07-14 06:59:59.999000+00:00,81082225.87137,73036,20061.822,35804300.67105,0,ETHUSDT,1h
2026-07-14 07:00:00+00:00,1782.5,1785.89,1778.4,1780.0,84010.615,2026-07-14 07:59:59.999000+00:00,149663505.98953,112305,39888.7,71067304.45755,0,ETHUSDT,1h
2026-07-14 08:00:00+00:00,1780.0,1788.87,1777.61,1785.11,81962.488,2026-07-14 08:59:59.999000+00:00,146202594.31343,117446,42766.528,76301637.7078,0,ETHUSDT,1h
2026-07-14 09:00:00+00:00,1785.11,1788.83,1781.89,1785.29,80816.31,2026-07-14 09:59:59.999000+00:00,144317296.15477,95284,41838.436,74706268.34388,0,ETHUSDT,1h
2026-07-14 10:00:00+00:00,1785.29,1804.53,1785.2,1799.56,331111.96,2026-07-14 10:59:59.999000+00:00,594311479.67778,226794,212251.081,381075596.2589,0,ETHUSDT,1h
2026-07-14 11:00:00+00:00,1799.57,1802.22,1794.8,1797.04,134019.274,2026-07-14 11:59:59.999000+00:00,240950843.31417,133384,66199.606,119025762.60918,0,ETHUSDT,1h
2026-07-14 12:00:00+00:00,1797.03,1866.94,1793.34,1860.7,1155555.388,2026-07-14 12:59:59.999000+00:00,2115048217.53317,920797,651971.566,1193575849.4893,0,ETHUSDT,1h
2026-07-14 13:00:00+00:00,1860.7,1882.65,1854.01,1870.52,813617.172,2026-07-14 13:59:59.999000+00:00,1520583813.01713,875559,383948.631,717670998.74889,0,ETHUSDT,1h
2026-07-14 14:00:00+00:00,1870.52,1884.06,1858.33,1880.17,396920.832,2026-07-14 14:59:59.999000+00:00,741483742.596,448992,201388.722,376381009.04238,0,ETHUSDT,1h
2026-07-14 15:00:00+00:00,1880.17,1887.99,1871.53,1874.38,344609.367,2026-07-14 15:59:59.999000+00:00,647582911.72247,419882,164163.205,308591111.34278,0,ETHUSDT,1h
2026-07-14 16:00:00+00:00,1874.37,1876.59,1867.6,1873.03,161500.243,2026-07-14 16:59:59.999000+00:00,302464464.37153,208640,81953.404,153501852.01889,0,ETHUSDT,1h
2026-07-14 17:00:00+00:00,1873.03,1873.04,1860.0,1870.87,175099.035,2026-07-14 17:59:59.999000+00:00,326858092.58685,206742,80164.173,149663649.5893,0,ETHUSDT,1h
2026-07-14 18:00:00+00:00,1870.87,1876.2,1867.36,1873.9,77000.267,2026-07-14 18:59:59.999000+00:00,144120206.87809,131944,38125.467,71363071.34632,0,ETHUSDT,1h
2026-07-14 19:00:00+00:00,1873.91,1881.09,1873.5,1875.86,99378.136,2026-07-14 19:59:59.999000+00:00,186522589.80396,141033,47913.436,89942565.2139,0,ETHUSDT,1h
2026-07-14 20:00:00+00:00,1875.85,1877.69,1873.07,1874.62,55854.905,2026-07-14 20:59:59.999000+00:00,104724402.78183,73992,26649.114,49966278.17042,0,ETHUSDT,1h
2026-07-14 21:00:00+00:00,1874.61,1879.0,1873.43,1875.44,62282.132,2026-07-14 21:59:59.999000+00:00,116865956.59075,78837,33240.06,62371839.63941,0,ETHUSDT,1h
2026-07-14 22:00:00+00:00,1875.44,1896.86,1871.07,1881.09,332420.416,2026-07-14 22:59:59.999000+00:00,626763976.28957,261079,193480.616,364837525.51248,0,ETHUSDT,1h
2026-07-14 23:00:00+00:00,1881.09,1892.49,1877.72,1891.12,98957.643,2026-07-14 23:59:59.999000+00:00,186635246.97961,143324,52049.88,98184762.35471,0,ETHUSDT,1h
2026-07-15 00:00:00+00:00,1891.12,1892.5,1877.02,1880.71,139598.737,2026-07-15 00:59:59.999000+00:00,262804627.78461,170479,64745.296,121877652.30251,0,ETHUSDT,1h
2026-07-15 01:00:00+00:00,1880.7,1881.24,1865.59,1869.33,164176.284,2026-07-15 01:59:59.999000+00:00,307250261.38677,171226,64560.653,120833942.06942,0,ETHUSDT,1h
2026-07-15 02:00:00+00:00,1869.34,1872.36,1863.32,1863.62,89162.98,2026-07-15 02:59:59.999000+00:00,166457145.57563,120436,42284.345,78949260.39418,0,ETHUSDT,1h
2026-07-15 03:00:00+00:00,1863.63,1878.33,1863.5,1875.32,116310.434,2026-07-15 03:59:59.999000+00:00,217671709.54207,126571,66385.083,124224891.09311,0,ETHUSDT,1h
2026-07-15 04:00:00+00:00,1875.31,1879.85,1872.38,1875.65,73548.757,2026-07-15 04:59:59.999000+00:00,138003809.88202,102235,37467.711,70308411.09578,0,ETHUSDT,1h
2026-07-15 05:00:00+00:00,1875.65,1882.86,1870.53,1881.71,89876.568,2026-07-15 05:59:59.999000+00:00,168566307.73787,118920,44540.112,83554899.18643,0,ETHUSDT,1h
2026-07-15 06:00:00+00:00,1881.72,1891.54,1874.16,1874.82,243302.098,2026-07-15 06:59:59.999000+00:00,458572724.16458,234518,124877.508,235450449.12298,0,ETHUSDT,1h
2026-07-15 07:00:00+00:00,1874.81,1876.37,1863.57,1869.13,198028.788,2026-07-15 07:59:59.999000+00:00,370203026.49233,172012,100834.347,188520847.809,0,ETHUSDT,1h
2026-07-15 08:00:00+00:00,1869.13,1878.9,1869.08,1878.29,91108.831,2026-07-15 08:59:59.999000+00:00,170785988.70624,111915,48971.482,91804280.71674,0,ETHUSDT,1h
2026-07-15 09:00:00+00:00,1878.3,1885.66,1878.09,1879.08,120807.873,2026-07-15 09:59:59.999000+00:00,227283237.25262,129493,59002.414,111005411.54549,0,ETHUSDT,1h
2026-07-15 10:00:00+00:00,1879.08,1885.63,1874.0,1877.17,91050.265,2026-07-15 10:59:59.999000+00:00,171118996.06864,119508,46275.972,86968059.94044,0,ETHUSDT,1h
2026-07-15 11:00:00+00:00,1877.17,1885.0,1876.51,1883.64,78897.15,2026-07-15 11:59:59.999000+00:00,148387994.09396,96129,41808.208,78641984.27882,0,ETHUSDT,1h
2026-07-15 12:00:00+00:00,1883.63,1929.75,1878.47,1926.73,730267.548,2026-07-15 12:59:59.999000+00:00,1392166107.13953,535867,402091.311,766966742.31027,0,ETHUSDT,1h
2026-07-15 13:00:00+00:00,1926.73,1946.75,1916.4,1924.7,911972.327,2026-07-15 13:59:59.999000+00:00,1763310131.09962,840451,480134.402,928472289.98436,0,ETHUSDT,1h
2026-07-15 14:00:00+00:00,1924.7,1934.87,1918.16,1932.48,339456.697,2026-07-15 14:59:59.999000+00:00,654551311.31118,493458,168922.359,325752514.85265,0,ETHUSDT,1h
2026-07-15 15:00:00+00:00,1932.48,1938.0,1924.67,1930.97,208421.589,2026-07-15 15:59:59.999000+00:00,402640431.40307,290859,103397.053,199761557.63336,0,ETHUSDT,1h
2026-07-15 16:00:00+00:00,1930.97,1932.09,1903.37,1918.82,381316.986,2026-07-15 16:59:59.999000+00:00,730414602.96937,417249,192962.683,369668488.7497,0,ETHUSDT,1h
2026-07-15 17:00:00+00:00,1918.83,1930.8,1918.52,1927.18,153939.536,2026-07-15 17:59:59.999000+00:00,296102492.24437,211441,76553.666,147268313.69897,0,ETHUSDT,1h
2026-07-15 18:00:00+00:00,1927.19,1936.51,1921.88,1923.82,168983.458,2026-07-15 18:59:59.999000+00:00,326161833.15761,192954,74585.566,143986402.80019,0,ETHUSDT,1h
2026-07-15 19:00:00+00:00,1923.81,1928.47,1918.2,1923.2,106273.02,2026-07-15 19:59:59.999000+00:00,204430406.28464,159606,57117.656,109878995.00777,0,ETHUSDT,1h
2026-07-15 20:00:00+00:00,1923.2,1930.0,1918.64,1922.65,63674.742,2026-07-15 20:59:59.999000+00:00,122504105.9274,91652,32360.198,62267019.23585,0,ETHUSDT,1h
2026-07-15 21:00:00+00:00,1922.66,1924.99,1918.67,1921.29,35622.004,2026-07-15 21:59:59.999000+00:00,68451132.57941,71176,16875.488,32427324.85308,0,ETHUSDT,1h
2026-07-15 22:00:00+00:00,1921.28,1927.34,1917.3,1922.46,73439.195,2026-07-15 22:59:59.999000+00:00,141190570.67089,114747,38148.374,73351335.04004,0,ETHUSDT,1h
2026-07-15 23:00:00+00:00,1922.47,1926.28,1913.91,1916.91,83112.091,2026-07-15 23:59:59.999000+00:00,159434449.7401,120042,38406.59,73690082.1768,0,ETHUSDT,1h
2026-07-16 00:00:00+00:00,1916.91,1924.2,1910.74,1914.06,143655.46,2026-07-16 00:59:59.999000+00:00,275256516.36406,201681,67695.429,129730075.84457,0,ETHUSDT,1h
2026-07-16 01:00:00+00:00,1914.06,1925.41,1907.07,1921.84,118183.869,2026-07-16 01:59:59.999000+00:00,226422269.56833,179368,55971.371,107262892.96719,0,ETHUSDT,1h
2026-07-16 02:00:00+00:00,1921.85,1925.98,1917.91,1924.44,62791.215,2026-07-16 02:59:59.999000+00:00,120675302.90551,110028,28647.558,55066596.46227,0,ETHUSDT,1h
2026-07-16 03:00:00+00:00,1924.44,1928.34,1916.05,1917.94,98269.13,2026-07-16 03:59:59.999000+00:00,188931455.03464,120485,43911.54,84444857.01795,0,ETHUSDT,1h
2026-07-16 04:00:00+00:00,1917.94,1920.13,1912.74,1917.63,71545.616,2026-07-16 04:59:59.999000+00:00,137172793.07239,93573,36938.748,70824827.80609,0,ETHUSDT,1h
2026-07-16 05:00:00+00:00,1917.63,1926.98,1916.31,1924.79,89924.728,2026-07-16 05:59:59.999000+00:00,172924991.89661,128074,49478.587,95147596.56708,0,ETHUSDT,1h
2026-07-16 06:00:00+00:00,1924.8,1928.69,1914.5,1921.88,109124.593,2026-07-16 06:59:59.999000+00:00,209650189.40091,130272,48787.815,93733873.85221,0,ETHUSDT,1h
2026-07-16 07:00:00+00:00,1921.89,1921.89,1904.05,1909.91,220213.814,2026-07-16 07:59:59.999000+00:00,420689975.75688,197167,98876.925,188847518.91833,0,ETHUSDT,1h
2026-07-16 08:00:00+00:00,1909.91,1912.19,1873.63,1885.3,795192.497,2026-07-16 08:59:59.999000+00:00,1501814027.92371,546655,365841.927,690784182.2217,0,ETHUSDT,1h
2026-07-16 09:00:00+00:00,1885.3,1888.4,1879.07,1883.63,145445.726,2026-07-16 09:59:59.999000+00:00,274087490.92679,152722,72883.706,137366274.11408,0,ETHUSDT,1h
2026-07-16 10:00:00+00:00,1883.63,1890.88,1882.76,1887.57,116163.297,2026-07-16 10:59:59.999000+00:00,219200720.07463,115128,67170.485,126750343.15072,0,ETHUSDT,1h
2026-07-16 11:00:00+00:00,1887.57,1887.61,1878.1,1884.15,142383.74,2026-07-16 11:59:59.999000+00:00,268170146.63259,146586,66145.081,124594439.82706,0,ETHUSDT,1h
2026-07-16 12:00:00+00:00,1884.15,1884.23,1866.53,1871.73,296731.843,2026-07-16 12:59:59.999000+00:00,556234761.84118,268988,131351.004,246217488.56056,0,ETHUSDT,1h
2026-07-16 13:00:00+00:00,1871.73,1889.5,1870.0,1881.94,358679.101,2026-07-16 13:59:59.999000+00:00,674236089.54706,366077,193597.198,363878813.24533,0,ETHUSDT,1h
2026-07-16 14:00:00+00:00,1881.93,1892.56,1873.0,1882.85,310230.682,2026-07-16 14:59:59.999000+00:00,584891247.93906,373466,153605.077,289634855.98981,0,ETHUSDT,1h
2026-07-16 15:00:00+00:00,1882.86,1894.25,1870.11,1880.9,294698.456,2026-07-16 15:59:59.999000+00:00,554773654.41255,339413,154524.443,290937096.45321,0,ETHUSDT,1h
2026-07-16 16:00:00+00:00,1880.9,1882.42,1873.56,1878.09,117085.425,2026-07-16 16:59:59.999000+00:00,219841677.9843,227533,57463.289,107902049.26048,0,ETHUSDT,1h
2026-07-16 17:00:00+00:00,1878.09,1878.67,1860.0,1868.3,232062.798,2026-07-16 17:59:59.999000+00:00,433671701.4067,303009,100986.807,188777776.50393,0,ETHUSDT,1h
2026-07-16 18:00:00+00:00,1868.3,1879.0,1867.25,1875.16,101405.627,2026-07-16 18:59:59.999000+00:00,190010228.0587,166200,50956.107,95474041.8081,0,ETHUSDT,1h
2026-07-16 19:00:00+00:00,1875.15,1877.13,1870.3,1874.83,54121.662,2026-07-16 19:59:59.999000+00:00,101408136.2767,122336,28201.482,52841730.28377,0,ETHUSDT,1h
2026-07-16 20:00:00+00:00,1874.83,1874.99,1870.77,1871.01,51629.408,2026-07-16 20:59:59.999000+00:00,96691654.98842,84051,23183.111,43413496.13943,0,ETHUSDT,1h
2026-07-16 21:00:00+00:00,1871.01,1880.56,1871.01,1878.0,68524.503,2026-07-16 21:59:59.999000+00:00,128602431.60467,110807,39422.937,73990408.23537,0,ETHUSDT,1h
2026-07-16 22:00:00+00:00,1877.99,1880.97,1867.08,1868.2,95707.709,2026-07-16 22:59:59.999000+00:00,179313120.50215,121512,42402.575,79448523.57831,0,ETHUSDT,1h
2026-07-16 23:00:00+00:00,1868.19,1869.94,1855.38,1863.73,220028.585,2026-07-16 23:59:59.999000+00:00,409539485.84793,219658,106124.238,197548671.00311,0,ETHUSDT,1h
2026-07-17 00:00:00+00:00,1863.73,1866.15,1845.85,1865.0,244135.278,2026-07-17 00:59:59.999000+00:00,453315971.12682,283815,108832.24,202162541.48783,0,ETHUSDT,1h
2026-07-17 01:00:00+00:00,1865.0,1870.44,1847.0,1850.22,202907.966,2026-07-17 01:59:59.999000+00:00,377274306.00239,286993,99839.12,185648076.01235,0,ETHUSDT,1h
2026-07-17 02:00:00+00:00,1850.22,1854.7,1842.1,1847.31,189648.932,2026-07-17 02:59:59.999000+00:00,350433817.38435,257710,83299.055,153967190.99539,0,ETHUSDT,1h
2026-07-17 03:00:00+00:00,1847.31,1859.31,1846.43,1851.75,147027.53,2026-07-17 03:59:59.999000+00:00,272567206.40709,170650,75532.271,140054930.85403,0,ETHUSDT,1h
2026-07-17 04:00:00+00:00,1851.75,1852.37,1843.01,1849.28,109480.814,2026-07-17 04:59:59.999000+00:00,202277942.46128,155997,58442.306,107983033.45709,0,ETHUSDT,1h
2026-07-17 05:00:00+00:00,1849.29,1849.29,1820.39,1823.21,397270.301,2026-07-17 05:59:59.999000+00:00,727930953.4329,346193,159252.713,291770089.94306,0,ETHUSDT,1h
2026-07-17 06:00:00+00:00,1823.22,1835.81,1819.9,1831.57,256167.081,2026-07-17 06:59:59.999000+00:00,468491283.83295,218491,122880.379,224752185.16497,0,ETHUSDT,1h
2026-07-17 07:00:00+00:00,1831.58,1832.86,1825.35,1827.37,104679.219,2026-07-17 07:59:59.999000+00:00,191473847.29513,129264,47964.314,87741801.58543,0,ETHUSDT,1h
2026-07-17 08:00:00+00:00,1827.37,1831.77,1820.1,1829.18,145828.532,2026-07-17 08:59:59.999000+00:00,266269019.91506,176565,73339.685,133938901.50167,0,ETHUSDT,1h
2026-07-17 09:00:00+00:00,1829.19,1835.35,1828.32,1834.19,87323.374,2026-07-17 09:59:59.999000+00:00,159964567.20944,115511,48263.281,88413251.81588,0,ETHUSDT,1h
2026-07-17 10:00:00+00:00,1834.19,1839.54,1833.29,1835.9,114231.82,2026-07-17 10:59:59.999000+00:00,209846847.05992,126360,60320.629,110818246.53733,0,ETHUSDT,1h
2026-07-17 11:00:00+00:00,1835.91,1842.65,1832.29,1838.32,107708.418,2026-07-17 11:59:59.999000+00:00,197977735.21843,111780,58259.816,107110079.3211,0,ETHUSDT,1h
2026-07-17 12:00:00+00:00,1838.33,1839.45,1826.49,1827.6,123976.335,2026-07-17 12:59:59.999000+00:00,227118501.46859,138000,52938.571,96972930.2864,0,ETHUSDT,1h
2026-07-17 13:00:00+00:00,1827.6,1828.34,1802.46,1824.72,551476.092,2026-07-17 13:59:59.999000+00:00,1000157189.77604,573500,256446.499,465156676.01436,0,ETHUSDT,1h
2026-07-17 14:00:00+00:00,1824.73,1833.19,1816.19,1821.16,284873.894,2026-07-17 14:59:59.999000+00:00,519945302.55323,435963,138093.89,252086443.82221,0,ETHUSDT,1h
2026-07-17 15:00:00+00:00,1821.16,1830.67,1809.38,1830.2,245281.136,2026-07-17 15:59:59.999000+00:00,446263969.65655,348119,132740.023,241568346.40282,0,ETHUSDT,1h
2026-07-17 16:00:00+00:00,1830.2,1839.88,1825.7,1835.07,242985.579,2026-07-17 16:59:59.999000+00:00,445488050.18867,249885,128664.754,235902059.82569,0,ETHUSDT,1h
2026-07-17 17:00:00+00:00,1835.07,1855.9,1835.07,1842.88,288962.015,2026-07-17 17:59:59.999000+00:00,533426870.53138,305994,156988.071,289802048.40657,0,ETHUSDT,1h
2026-07-17 18:00:00+00:00,1842.88,1849.0,1834.0,1846.08,153737.059,2026-07-17 18:59:59.999000+00:00,283093980.65496,211737,76541.525,140971302.39657,0,ETHUSDT,1h
2026-07-17 19:00:00+00:00,1846.08,1846.24,1834.85,1842.81,86547.619,2026-07-17 19:59:59.999000+00:00,159359658.6973,143372,40594.982,74751065.99331,0,ETHUSDT,1h
2026-07-17 20:00:00+00:00,1842.81,1845.26,1836.11,1842.04,64564.658,2026-07-17 20:59:59.999000+00:00,118786009.33104,89660,30310.291,55768597.206,0,ETHUSDT,1h
2026-07-17 21:00:00+00:00,1842.03,1845.75,1839.8,1840.68,40204.686,2026-07-17 21:59:59.999000+00:00,74069887.47335,53796,18506.101,34096128.14122,0,ETHUSDT,1h
2026-07-17 22:00:00+00:00,1840.68,1843.03,1836.71,1839.2,39484.849,2026-07-17 22:59:59.999000+00:00,72614360.90459,52041,16544.965,30428049.40823,0,ETHUSDT,1h
2026-07-17 23:00:00+00:00,1839.19,1843.61,1834.2,1841.08,49656.652,2026-07-17 23:59:59.999000+00:00,91316791.42591,62554,22355.824,41121894.15257,0,ETHUSDT,1h
2026-07-18 00:00:00+00:00,1841.08,1844.2,1839.0,1839.99,36221.295,2026-07-18 00:59:59.999000+00:00,66687025.09258,58327,18786.146,34589361.97866,0,ETHUSDT,1h
2026-07-18 01:00:00+00:00,1839.98,1842.7,1838.47,1841.81,29601.95,2026-07-18 01:59:59.999000+00:00,54475476.1584,49532,14928.402,27472487.09088,0,ETHUSDT,1h
2026-07-18 02:00:00+00:00,1841.8,1845.99,1840.28,1841.12,49738.457,2026-07-18 02:59:59.999000+00:00,91669724.00074,60962,28900.042,53267876.37417,0,ETHUSDT,1h
2026-07-18 03:00:00+00:00,1841.11,1845.64,1840.61,1845.23,32036.111,2026-07-18 03:59:59.999000+00:00,59042301.3582,48843,20789.474,38317762.97905,0,ETHUSDT,1h
2026-07-18 04:00:00+00:00,1845.23,1845.44,1841.54,1843.91,25468.491,2026-07-18 04:59:59.999000+00:00,46946068.89965,38038,14460.697,26654276.2059,0,ETHUSDT,1h
2026-07-18 05:00:00+00:00,1843.9,1848.93,1842.25,1845.13,57611.201,2026-07-18 05:59:59.999000+00:00,106318450.15396,58946,32760.349,60458001.14825,0,ETHUSDT,1h
2026-07-18 06:00:00+00:00,1845.12,1847.11,1842.1,1844.0,31347.789,2026-07-18 06:59:59.999000+00:00,57811763.02152,40555,14034.734,25883882.44567,0,ETHUSDT,1h
2026-07-18 07:00:00+00:00,1844.0,1845.1,1842.13,1843.42,26103.756,2026-07-18 07:59:59.999000+00:00,48124642.53679,33311,12711.629,23434690.34043,0,ETHUSDT,1h
2026-07-18 08:00:00+00:00,1843.41,1848.67,1841.31,1846.73,55221.422,2026-07-18 08:59:59.999000+00:00,101928690.13049,52411,29383.494,54241913.83783,0,ETHUSDT,1h
2026-07-18 09:00:00+00:00,1846.73,1847.23,1842.01,1844.13,33119.955,2026-07-18 09:59:59.999000+00:00,61084852.47837,37636,14606.648,26935839.51279,0,ETHUSDT,1h
2026-07-18 10:00:00+00:00,1844.12,1845.94,1842.51,1844.73,28419.458,2026-07-18 10:59:59.999000+00:00,52412866.99101,28022,14637.699,26997457.74358,0,ETHUSDT,1h
2026-07-18 11:00:00+00:00,1844.73,1846.0,1843.55,1844.7,18784.264,2026-07-18 11:59:59.999000+00:00,34647558.61297,22468,9380.561,17302644.68086,0,ETHUSDT,1h
2026-07-18 12:00:00+00:00,1844.7,1849.71,1839.19,1844.12,104931.052,2026-07-18 12:59:59.999000+00:00,193461810.8055,91145,50606.652,93335744.32643,0,ETHUSDT,1h
2026-07-18 13:00:00+00:00,1844.11,1844.12,1836.36,1840.74,71314.817,2026-07-18 13:59:59.999000+00:00,131206147.23096,80238,32002.728,58883967.92752,0,ETHUSDT,1h
2026-07-18 14:00:00+00:00,1840.74,1845.55,1839.66,1844.98,60125.023,2026-07-18 14:59:59.999000+00:00,110850877.687,62449,27973.743,51574380.63692,0,ETHUSDT,1h
2026-07-18 15:00:00+00:00,1844.98,1845.31,1841.0,1843.15,33267.081,2026-07-18 15:59:59.999000+00:00,61325547.02541,47137,15710.541,28965447.28328,0,ETHUSDT,1h
2026-07-18 16:00:00+00:00,1843.14,1846.48,1840.61,1845.21,54644.178,2026-07-18 16:59:59.999000+00:00,100727707.96017,61028,32953.907,60747127.45914,0,ETHUSDT,1h
2026-07-18 17:00:00+00:00,1845.22,1852.75,1842.48,1851.77,96418.578,2026-07-18 17:59:59.999000+00:00,178222322.68332,97755,55794.378,103153743.87829,0,ETHUSDT,1h
2026-07-18 18:00:00+00:00,1851.78,1867.0,1848.95,1856.7,199959.987,2026-07-18 18:59:59.999000+00:00,371460193.94064,161346,120856.479,224539314.25642,0,ETHUSDT,1h
2026-07-18 19:00:00+00:00,1856.69,1860.46,1854.74,1857.4,65729.458,2026-07-18 19:59:59.999000+00:00,122095116.03107,77515,32506.099,60388379.71142,0,ETHUSDT,1h
2026-07-18 20:00:00+00:00,1857.4,1862.98,1854.31,1856.32,62915.69,2026-07-18 20:59:59.999000+00:00,116917827.9362,72067,27434.659,50990159.40819,0,ETHUSDT,1h
2026-07-18 21:00:00+00:00,1856.32,1862.28,1854.77,1859.99,60222.516,2026-07-18 21:59:59.999000+00:00,111938746.88484,80550,35115.523,65270515.95584,0,ETHUSDT,1h
2026-07-18 22:00:00+00:00,1859.98,1864.74,1858.92,1862.57,49278.014,2026-07-18 22:59:59.999000+00:00,91756875.94126,72804,25579.439,47629527.11837,0,ETHUSDT,1h
2026-07-18 23:00:00+00:00,1862.56,1863.33,1859.0,1861.75,30195.361,2026-07-18 23:59:59.999000+00:00,56195608.24112,47800,14982.691,27883303.24679,0,ETHUSDT,1h
2026-07-19 00:00:00+00:00,1861.75,1862.85,1858.22,1860.5,45484.1,2026-07-19 00:59:59.999000+00:00,84625651.40334,49605,20700.498,38514612.28733,0,ETHUSDT,1h
2026-07-19 01:00:00+00:00,1860.5,1860.63,1857.51,1858.39,35309.366,2026-07-19 01:59:59.999000+00:00,65643058.21858,46305,17445.396,32432457.70266,0,ETHUSDT,1h
2026-07-19 02:00:00+00:00,1858.39,1876.91,1857.54,1870.78,181518.563,2026-07-19 02:59:59.999000+00:00,339440871.5127,175233,106769.703,199653398.02665,0,ETHUSDT,1h
2026-07-19 03:00:00+00:00,1870.77,1872.25,1863.0,1866.33,78469.202,2026-07-19 03:59:59.999000+00:00,146415100.57743,84328,37299.584,69589514.27445,0,ETHUSDT,1h
2026-07-19 04:00:00+00:00,1866.33,1869.56,1863.35,1866.46,40113.863,2026-07-19 04:59:59.999000+00:00,74866688.43494,53471,21267.831,39697067.36205,0,ETHUSDT,1h
2026-07-19 05:00:00+00:00,1866.47,1869.65,1864.75,1867.72,37186.455,2026-07-19 05:59:59.999000+00:00,69455419.07496,46406,18550.423,34646487.17636,0,ETHUSDT,1h
2026-07-19 06:00:00+00:00,1867.72,1870.73,1867.25,1868.4,32653.755,2026-07-19 06:59:59.999000+00:00,61022596.35484,44955,15323.449,28636823.58795,0,ETHUSDT,1h
2026-07-19 07:00:00+00:00,1868.41,1871.2,1866.0,1869.35,39292.539,2026-07-19 07:59:59.999000+00:00,73424947.97007,45677,20354.275,38037192.58927,0,ETHUSDT,1h
2026-07-19 08:00:00+00:00,1869.35,1874.75,1866.87,1872.99,55717.768,2026-07-19 08:59:59.999000+00:00,104200211.89378,57594,29993.158,56094754.40405,0,ETHUSDT,1h
2026-07-19 09:00:00+00:00,1873.0,1873.26,1864.55,1865.45,75153.511,2026-07-19 09:59:59.999000+00:00,140374514.29755,68796,28932.011,54032624.34889,0,ETHUSDT,1h
2026-07-19 10:00:00+00:00,1865.45,1878.76,1863.2,1871.65,106454.809,2026-07-19 10:59:59.999000+00:00,199223320.29548,97737,57555.827,107727715.27348,0,ETHUSDT,1h
2026-07-19 11:00:00+00:00,1871.64,1878.19,1869.0,1870.49,98161.324,2026-07-19 11:59:59.999000+00:00,183924826.60276,103843,49755.411,93237020.93782,0,ETHUSDT,1h
2026-07-19 12:00:00+00:00,1870.49,1873.74,1863.35,1869.58,135647.861,2026-07-19 12:59:59.999000+00:00,253411242.29211,136872,63553.004,118735827.54382,0,ETHUSDT,1h
2026-07-19 13:00:00+00:00,1869.59,1872.99,1865.1,1871.05,56571.544,2026-07-19 13:59:59.999000+00:00,105723683.17141,81806,28498.994,53257761.99641,0,ETHUSDT,1h
2026-07-19 14:00:00+00:00,1871.04,1878.5,1867.76,1873.93,97351.29,2026-07-19 14:59:59.999000+00:00,182341409.07924,115933,53557.946,100316814.44555,0,ETHUSDT,1h
2026-07-19 15:00:00+00:00,1873.93,1875.33,1868.2,1870.12,60772.378,2026-07-19 15:59:59.999000+00:00,113755348.28322,77864,30575.807,57224733.02637,0,ETHUSDT,1h
2026-07-19 16:00:00+00:00,1870.12,1872.87,1865.1,1865.9,54790.373,2026-07-19 16:59:59.999000+00:00,102363715.53948,82868,23964.837,44778619.20363,0,ETHUSDT,1h
2026-07-19 17:00:00+00:00,1865.9,1873.15,1855.84,1866.35,159412.427,2026-07-19 17:59:59.999000+00:00,297270313.6307,164128,70128.376,130823393.76482,0,ETHUSDT,1h
2026-07-19 18:00:00+00:00,1866.35,1866.95,1850.95,1860.31,146162.649,2026-07-19 18:59:59.999000+00:00,271719159.73545,194541,68372.348,127114063.06251,0,ETHUSDT,1h
2026-07-19 19:00:00+00:00,1860.32,1862.19,1853.8,1861.46,46934.38,2026-07-19 19:59:59.999000+00:00,87228129.75061,70249,25815.415,47983474.8757,0,ETHUSDT,1h
2026-07-19 20:00:00+00:00,1861.47,1866.53,1861.34,1866.48,40569.931,2026-07-19 20:59:59.999000+00:00,75612528.56839,65099,20946.097,39040896.30249,0,ETHUSDT,1h
2026-07-19 21:00:00+00:00,1866.48,1867.74,1856.39,1861.2,57378.607,2026-07-19 21:59:59.999000+00:00,106793529.4127,72637,29691.425,55259588.97968,0,ETHUSDT,1h
2026-07-19 22:00:00+00:00,1861.21,1876.46,1856.01,1869.61,186366.836,2026-07-19 22:59:59.999000+00:00,348243436.65902,267742,101289.528,189268515.79614,0,ETHUSDT,1h
2026-07-19 23:00:00+00:00,1869.61,1874.22,1863.87,1871.49,77304.825,2026-07-19 23:59:59.999000+00:00,144457922.16269,152737,38706.082,72327284.59507,0,ETHUSDT,1h
2026-07-20 00:00:00+00:00,1871.49,1891.2,1861.02,1871.29,374283.475,2026-07-20 00:59:59.999000+00:00,703053257.0751,422421,205581.491,386311878.95799,0,ETHUSDT,1h
2026-07-20 01:00:00+00:00,1871.29,1889.44,1864.63,1868.48,232925.794,2026-07-20 01:59:59.999000+00:00,437113267.18176,355038,116217.665,218057712.67183,0,ETHUSDT,1h
2026-07-20 02:00:00+00:00,1868.47,1882.55,1866.76,1878.12,183332.904,2026-07-20 02:59:59.999000+00:00,343900526.84908,282890,82576.517,154840918.25927,0,ETHUSDT,1h
2026-07-20 03:00:00+00:00,1878.13,1881.42,1869.81,1878.88,101703.354,2026-07-20 03:59:59.999000+00:00,190771889.33567,170887,50724.752,95127764.51979,0,ETHUSDT,1h
2026-07-20 04:00:00+00:00,1878.88,1879.25,1867.32,1868.0,120030.799,2026-07-20 04:59:59.999000+00:00,224769654.11934,162255,57529.536,107725037.93878,0,ETHUSDT,1h
2026-07-20 05:00:00+00:00,1868.0,1869.12,1850.4,1854.51,240986.015,2026-07-20 05:59:59.999000+00:00,447858069.67581,346758,110756.951,205855526.72343,0,ETHUSDT,1h
2026-07-20 06:00:00+00:00,1854.51,1859.09,1841.84,1848.71,232618.46,2026-07-20 06:59:59.999000+00:00,430163434.17213,290594,107095.081,198110950.91215,0,ETHUSDT,1h
2026-07-20 07:00:00+00:00,1848.71,1864.81,1848.11,1863.11,165906.209,2026-07-20 07:59:59.999000+00:00,308190144.97343,197285,86058.793,159848941.45217,0,ETHUSDT,1h
2026-07-20 08:00:00+00:00,1863.11,1867.95,1853.2,1859.96,197568.183,2026-07-20 08:59:59.999000+00:00,367625655.90313,191513,89888.581,167272484.2132,0,ETHUSDT,1h
2026-07-20 09:00:00+00:00,1859.95,1866.88,1856.93,1863.43,79003.509,2026-07-20 09:59:59.999000+00:00,147177036.44745,109300,38516.518,71754735.43985,0,ETHUSDT,1h
2026-07-20 10:00:00+00:00,1863.44,1871.92,1861.88,1867.98,78014.749,2026-07-20 10:59:59.999000+00:00,145707257.87291,113281,40009.349,74728673.35732,0,ETHUSDT,1h
2026-07-20 11:00:00+00:00,1867.97,1896.21,1866.94,1892.43,412630.917,2026-07-20 11:59:59.999000+00:00,777989826.64757,384665,236695.357,446256528.78568,0,ETHUSDT,1h
2026-07-20 12:00:00+00:00,1892.43,1892.95,1870.67,1872.43,288142.826,2026-07-20 12:59:59.999000+00:00,541422433.99439,279722,127115.715,238805464.3697,0,ETHUSDT,1h
2026-07-20 13:00:00+00:00,1872.43,1879.77,1856.34,1861.58,307243.753,2026-07-20 13:59:59.999000+00:00,574219825.94478,402659,150034.838,280464746.08443,0,ETHUSDT,1h
2026-07-20 14:00:00+00:00,1861.59,1871.17,1852.66,1867.41,212801.263,2026-07-20 14:59:59.999000+00:00,396239360.79177,395806,102369.094,190643110.47274,0,ETHUSDT,1h
2026-07-20 15:00:00+00:00,1867.42,1905.0,1866.47,1901.58,489810.228,2026-07-20 15:59:59.999000+00:00,925366735.02067,538076,270480.085,511095696.66335,0,ETHUSDT,1h
2026-07-20 16:00:00+00:00,1901.58,1906.38,1892.62,1898.55,302096.706,2026-07-20 16:59:59.999000+00:00,573627156.84084,303141,142298.3,270226292.98932,0,ETHUSDT,1h
2026-07-20 17:00:00+00:00,1898.55,1909.63,1894.64,1906.94,186655.116,2026-07-20 17:59:59.999000+00:00,355054187.11027,207912,110376.325,209967891.98639,0,ETHUSDT,1h
2026-07-20 18:00:00+00:00,1906.94,1917.92,1896.41,1898.53,294320.83,2026-07-20 18:59:59.999000+00:00,561691186.5299,285406,148926.575,284272477.18132,0,ETHUSDT,1h
2026-07-20 19:00:00+00:00,1898.53,1900.37,1888.62,1897.69,156052.552,2026-07-20 19:59:59.999000+00:00,295688620.86276,192122,82519.486,156362842.01849,0,ETHUSDT,1h
2026-07-20 20:00:00+00:00,1897.68,1906.11,1895.2,1903.96,77529.381,2026-07-20 20:59:59.999000+00:00,147460742.11765,109293,41495.476,78934815.4572,0,ETHUSDT,1h
2026-07-20 21:00:00+00:00,1903.97,1906.76,1900.8,1901.41,45377.073,2026-07-20 21:59:59.999000+00:00,86398399.95205,73034,20593.044,39211272.20337,0,ETHUSDT,1h
2026-07-20 22:00:00+00:00,1901.42,1901.71,1893.33,1894.75,80741.195,2026-07-20 22:59:59.999000+00:00,153110995.1591,94025,39656.87,75187567.48166,0,ETHUSDT,1h
2026-07-20 23:00:00+00:00,1894.75,1904.19,1894.23,1903.5,67965.447,2026-07-20 23:59:59.999000+00:00,129143557.75166,89503,35467.235,67374990.72209,0,ETHUSDT,1h
2026-07-21 00:00:00+00:00,1903.51,1917.23,1899.44,1914.05,132413.488,2026-07-21 00:59:59.999000+00:00,252793156.37295,216305,73735.706,140788631.82979,0,ETHUSDT,1h
2026-07-21 01:00:00+00:00,1914.04,1917.69,1906.08,1906.55,98756.282,2026-07-21 01:59:59.999000+00:00,188786994.20515,144374,41323.847,79003178.98072,0,ETHUSDT,1h
2026-07-21 02:00:00+00:00,1906.55,1924.58,1903.58,1916.45,129590.834,2026-07-21 02:59:59.999000+00:00,248086062.66367,155532,68257.518,130720627.56227,0,ETHUSDT,1h
2026-07-21 03:00:00+00:00,1916.45,1927.96,1916.05,1925.81,161963.187,2026-07-21 03:59:59.999000+00:00,311614858.69584,198620,86386.323,166215516.44406,0,ETHUSDT,1h
2026-07-21 04:00:00+00:00,1925.81,1931.0,1921.8,1923.7,128102.886,2026-07-21 04:59:59.999000+00:00,246697392.42835,138857,63186.579,121722061.75124,0,ETHUSDT,1h
2026-07-21 05:00:00+00:00,1923.7,1935.41,1920.9,1929.64,137594.574,2026-07-21 05:59:59.999000+00:00,265248988.98611,144368,74480.429,143612610.27286,0,ETHUSDT,1h
2026-07-21 06:00:00+00:00,1929.63,1939.14,1926.82,1934.07,167682.28,2026-07-21 06:59:59.999000+00:00,324316259.61507,174384,96652.398,186958636.34397,0,ETHUSDT,1h
2026-07-21 07:00:00+00:00,1934.07,1939.51,1932.35,1933.29,122300.39,2026-07-21 07:59:59.999000+00:00,236649331.24802,132424,64423.121,124669239.39524,0,ETHUSDT,1h
2026-07-21 08:00:00+00:00,1933.29,1953.64,1930.66,1939.0,426659.162,2026-07-21 08:59:59.999000+00:00,828580736.82433,293890,238546.702,463357552.20758,0,ETHUSDT,1h
2026-07-21 09:00:00+00:00,1939.01,1942.7,1935.55,1941.1,157498.217,2026-07-21 09:59:59.999000+00:00,305337375.73712,112185,94203.59,182640399.18102,0,ETHUSDT,1h
2026-07-21 10:00:00+00:00,1941.09,1945.98,1930.72,1932.99,146983.346,2026-07-21 10:59:59.999000+00:00,285000196.6313,151303,63731.792,123625737.80118,0,ETHUSDT,1h
2026-07-21 11:00:00+00:00,1933.0,1936.46,1925.28,1934.85,171426.191,2026-07-21 11:59:59.999000+00:00,330970715.49212,146797,85836.78,165745729.93415,0,ETHUSDT,1h
2026-07-21 12:00:00+00:00,1934.86,1944.58,1931.98,1941.75,175280.4,2026-07-21 12:59:59.999000+00:00,339972233.98395,174564,91904.031,178247982.02556,0,ETHUSDT,1h
2026-07-21 13:00:00+00:00,1941.75,1943.7,1926.18,1939.53,202586.395,2026-07-21 13:59:59.999000+00:00,392028317.62764,264360,103855.382,200968123.55697,0,ETHUSDT,1h
2026-07-21 14:00:00+00:00,1939.53,1943.3,1926.76,1930.9,195637.537,2026-07-21 14:59:59.999000+00:00,378591879.97096,272723,90355.235,174857792.83851,0,ETHUSDT,1h
2026-07-21 15:00:00+00:00,1930.9,1931.74,1922.58,1930.89,171443.937,2026-07-21 15:59:59.999000+00:00,330394504.0277,216686,89763.261,172997915.7874,0,ETHUSDT,1h
2026-07-21 16:00:00+00:00,1930.89,1934.58,1920.67,1925.57,134570.075,2026-07-21 16:59:59.999000+00:00,259198968.7093,165078,61294.638,118059402.60896,0,ETHUSDT,1h
2026-07-21 17:00:00+00:00,1925.57,1927.7,1912.44,1917.94,179072.591,2026-07-21 17:59:59.999000+00:00,343895736.90943,188644,64857.302,124579051.03966,0,ETHUSDT,1h
2026-07-21 18:00:00+00:00,1917.94,1922.27,1913.6,1919.24,95478.547,2026-07-21 18:59:59.999000+00:00,183197836.12683,140651,46106.564,88476296.71189,0,ETHUSDT,1h
2026-07-21 19:00:00+00:00,1919.23,1925.28,1917.32,1922.4,79256.913,2026-07-21 19:59:59.999000+00:00,152329688.31645,112317,42888.678,82429890.49382,0,ETHUSDT,1h
2026-07-21 20:00:00+00:00,1922.39,1925.34,1920.33,1922.26,52919.054,2026-07-21 20:59:59.999000+00:00,101733072.58414,66430,25778.854,49560283.16589,0,ETHUSDT,1h
2026-07-21 21:00:00+00:00,1922.26,1925.76,1918.63,1923.1,51587.104,2026-07-21 21:59:59.999000+00:00,99190112.95649,65508,26370.607,50701456.99838,0,ETHUSDT,1h
2026-07-21 22:00:00+00:00,1923.1,1923.1,1916.98,1919.75,51787.827,2026-07-21 22:59:59.999000+00:00,99444510.76277,83999,22741.105,43669264.47086,0,ETHUSDT,1h
2026-07-21 23:00:00+00:00,1919.75,1931.01,1915.51,1929.29,117155.804,2026-07-21 23:59:59.999000+00:00,225437960.48085,128389,76417.071,147102107.22696,0,ETHUSDT,1h
2026-07-22 00:00:00+00:00,1929.29,1943.98,1928.12,1938.55,233883.125,2026-07-22 00:59:59.999000+00:00,453006446.62486,252833,148263.558,287181257.08545,0,ETHUSDT,1h
2026-07-22 01:00:00+00:00,1938.55,1939.98,1927.1,1932.8,103188.244,2026-07-22 01:59:59.999000+00:00,199501754.28106,153386,47927.194,92662777.06667,0,ETHUSDT,1h
2026-07-22 02:00:00+00:00,1932.81,1935.77,1925.83,1929.35,58917.67,2026-07-22 02:59:59.999000+00:00,113720135.86943,128534,27637.474,53347373.51102,0,ETHUSDT,1h
2026-07-22 03:00:00+00:00,1929.34,1935.45,1925.8,1927.65,68640.366,2026-07-22 03:59:59.999000+00:00,132495066.10973,118606,31368.942,60556221.6773,0,ETHUSDT,1h
2026-07-22 04:00:00+00:00,1927.66,1938.5,1927.1,1935.79,66674.906,2026-07-22 04:59:59.999000+00:00,128986456.64343,98451,31751.797,61431027.23481,0,ETHUSDT,1h
2026-07-22 05:00:00+00:00,1935.79,1935.98,1917.15,1918.49,147320.369,2026-07-22 05:59:59.999000+00:00,283339882.20607,186948,63276.209,121686622.53387,0,ETHUSDT,1h
2026-07-22 06:00:00+00:00,1918.48,1920.01,1912.22,1916.49,120884.36,2026-07-22 06:59:59.999000+00:00,231634497.80937,168049,60608.446,116147564.18087,0,ETHUSDT,1h
2026-07-22 07:00:00+00:00,1916.49,1918.0,1909.32,1913.26,127126.249,2026-07-22 07:59:59.999000+00:00,243205305.43973,141823,58144.06,111243694.37188,0,ETHUSDT,1h
2026-07-22 08:00:00+00:00,1913.27,1924.21,1912.86,1920.26,112779.041,2026-07-22 08:59:59.999000+00:00,216510305.12006,125429,60918.908,116946574.82952,0,ETHUSDT,1h
2026-07-22 09:00:00+00:00,1920.27,1925.87,1918.39,1923.57,92175.982,2026-07-22 09:59:59.999000+00:00,177221892.95884,99001,52998.685,101910886.85629,0,ETHUSDT,1h
2026-07-22 10:00:00+00:00,1923.57,1932.9,1922.27,1929.88,114102.05,2026-07-22 10:59:59.999000+00:00,219982555.78347,120423,61140.844,117873379.63302,0,ETHUSDT,1h
2026-07-22 11:00:00+00:00,1929.89,1930.68,1921.37,1926.42,82281.86,2026-07-22 11:59:59.999000+00:00,158502074.27425,105128,39534.99,76149991.66574,0,ETHUSDT,1h
2026-07-22 12:00:00+00:00,1926.42,1926.63,1912.28,1916.09,117310.743,2026-07-22 12:59:59.999000+00:00,225203260.69108,149447,51126.092,98150064.53998,0,ETHUSDT,1h
2026-07-22 13:00:00+00:00,1916.1,1942.0,1915.84,1939.05,300318.387,2026-07-22 13:59:59.999000+00:00,580101086.55359,345684,164480.374,317691394.91442,0,ETHUSDT,1h
2026-07-22 14:00:00+00:00,1939.05,1958.75,1921.77,1932.4,485295.462,2026-07-22 14:59:59.999000+00:00,940636826.33157,497109,263890.554,511829661.82874,0,ETHUSDT,1h
2026-07-22 15:00:00+00:00,1932.39,1951.87,1932.0,1942.06,311191.235,2026-07-22 15:59:59.999000+00:00,604980981.03878,386227,158411.155,307956073.69574,0,ETHUSDT,1h
2026-07-22 16:00:00+00:00,1942.07,1955.8,1934.01,1949.0,284437.067,2026-07-22 16:59:59.999000+00:00,553868935.88465,317761,155033.215,302002638.4949,0,ETHUSDT,1h
2026-07-22 17:00:00+00:00,1949.0,1949.45,1933.85,1937.7,159697.246,2026-07-22 17:59:59.999000+00:00,309959730.08985,214594,74555.106,144698194.63902,0,ETHUSDT,1h
2026-07-22 18:00:00+00:00,1937.7,1939.28,1922.0,1929.61,203816.182,2026-07-22 18:59:59.999000+00:00,393276112.07007,231761,92359.546,178231586.17869,0,ETHUSDT,1h
2026-07-22 19:00:00+00:00,1929.62,1931.19,1919.7,1924.01,87858.244,2026-07-22 19:59:59.999000+00:00,169128632.02588,138199,44118.745,84941021.34561,0,ETHUSDT,1h
2026-07-22 20:00:00+00:00,1924.01,1929.49,1921.63,1925.79,56998.37,2026-07-22 20:59:59.999000+00:00,109778325.4791,118780,29056.502,55967647.61695,0,ETHUSDT,1h
2026-07-22 21:00:00+00:00,1925.78,1938.8,1925.68,1937.7,60794.561,2026-07-22 21:59:59.999000+00:00,117471593.24926,90356,33545.529,64806881.33154,0,ETHUSDT,1h
2026-07-22 22:00:00+00:00,1937.7,1938.25,1929.54,1937.34,69388.001,2026-07-22 22:59:59.999000+00:00,134180313.69119,110546,30722.503,59404282.77737,0,ETHUSDT,1h
2026-07-22 23:00:00+00:00,1937.33,1937.5,1922.37,1933.31,123005.286,2026-07-22 23:59:59.999000+00:00,237177537.30331,113253,64884.388,125075483.18591,0,ETHUSDT,1h
2026-07-23 00:00:00+00:00,1933.31,1940.66,1931.04,1931.04,94676.968,2026-07-23 00:59:59.999000+00:00,183237820.4139,140182,42577.571,82416551.6445,0,ETHUSDT,1h
2026-07-23 01:00:00+00:00,1931.04,1935.68,1925.51,1927.27,77968.45,2026-07-23 01:59:59.999000+00:00,150445538.86988,135963,37204.1,71784015.26831,0,ETHUSDT,1h
2026-07-23 02:00:00+00:00,1927.28,1928.56,1920.74,1926.5,69644.362,2026-07-23 02:59:59.999000+00:00,134060443.66377,111657,34705.233,66812868.88331,0,ETHUSDT,1h
2026-07-23 03:00:00+00:00,1926.51,1926.98,1916.49,1919.46,108828.512,2026-07-23 03:59:59.999000+00:00,208992962.99372,119265,42659.336,81922776.95899,0,ETHUSDT,1h
2026-07-23 04:00:00+00:00,1919.46,1925.0,1917.58,1918.78,76524.903,2026-07-23 04:59:59.999000+00:00,147008344.88885,90417,35809.576,68793185.88397,0,ETHUSDT,1h
2026-07-23 05:00:00+00:00,1918.79,1927.79,1917.15,1921.92,75585.883,2026-07-23 05:59:59.999000+00:00,145276416.83646,89766,40631.61,78095857.93937,0,ETHUSDT,1h
2026-07-23 06:00:00+00:00,1921.92,1925.88,1920.04,1924.4,46138.975,2026-07-23 06:59:59.999000+00:00,88741164.71092,67199,25877.33,49772026.55327,0,ETHUSDT,1h
2026-07-23 07:00:00+00:00,1924.4,1924.4,1911.44,1914.61,175062.793,2026-07-23 07:59:59.999000+00:00,335308928.56126,161588,84506.667,161854644.90573,0,ETHUSDT,1h
2026-07-23 08:00:00+00:00,1914.62,1926.49,1913.39,1925.53,113682.487,2026-07-23 08:59:59.999000+00:00,218341010.56199,106906,62292.251,119606280.28691,0,ETHUSDT,1h
2026-07-23 09:00:00+00:00,1925.53,1930.74,1922.37,1923.1,134516.528,2026-07-23 09:59:59.999000+00:00,259249679.4891,111491,64134.644,123622420.54933,0,ETHUSDT,1h
2026-07-23 10:00:00+00:00,1923.1,1929.35,1920.95,1927.04,65954.107,2026-07-23 10:59:59.999000+00:00,127015177.66953,76923,36186.114,69691719.1018,0,ETHUSDT,1h
2026-07-23 11:00:00+00:00,1927.05,1928.19,1923.36,1924.65,56010.322,2026-07-23 11:59:59.999000+00:00,107841913.74162,75353,25558.319,49209336.56236,0,ETHUSDT,1h
2026-07-23 12:00:00+00:00,1924.64,1926.93,1893.17,1903.5,472351.506,2026-07-23 12:59:59.999000+00:00,900319470.55108,376422,207576.727,395648677.84133,0,ETHUSDT,1h
2026-07-23 13:00:00+00:00,1903.5,1908.0,1894.1,1897.69,294884.812,2026-07-23 13:59:59.999000+00:00,560701500.44293,386053,145917.325,277468477.29684,0,ETHUSDT,1h
2026-07-23 14:00:00+00:00,1897.69,1906.24,1890.72,1895.42,238750.651,2026-07-23 14:59:59.999000+00:00,453283120.05788,307148,109934.228,208791741.62859,0,ETHUSDT,1h
2026-07-23 15:00:00+00:00,1895.42,1897.0,1882.0,1894.49,409921.954,2026-07-23 15:59:59.999000+00:00,774751180.14447,343350,190330.557,359752458.92006,0,ETHUSDT,1h
2026-07-23 16:00:00+00:00,1894.49,1894.7,1883.45,1886.98,205689.405,2026-07-23 16:59:59.999000+00:00,388370872.00871,181451,86197.745,162738376.85747,0,ETHUSDT,1h
2026-07-23 17:00:00+00:00,1886.98,1891.34,1872.95,1877.73,196154.764,2026-07-23 17:59:59.999000+00:00,369256479.65053,195143,81471.241,153486761.32787,0,ETHUSDT,1h
2026-07-23 18:00:00+00:00,1877.73,1883.48,1875.0,1880.3,123244.106,2026-07-23 18:59:59.999000+00:00,231571464.90299,160057,63462.909,119258019.01468,0,ETHUSDT,1h
2026-07-23 19:00:00+00:00,1880.3,1882.67,1868.18,1874.74,150662.457,2026-07-23 19:59:59.999000+00:00,282397367.11184,172496,73015.493,136885497.46726,0,ETHUSDT,1h
2026-07-23 20:00:00+00:00,1874.74,1887.98,1873.93,1885.0,97113.225,2026-07-23 20:59:59.999000+00:00,182892092.91821,107576,57661.77,108597563.33951,0,ETHUSDT,1h
2026-07-23 21:00:00+00:00,1884.99,1887.95,1879.62,1881.64,58397.705,2026-07-23 21:59:59.999000+00:00,109960589.93515,77352,27008.515,50859690.35367,0,ETHUSDT,1h
2026-07-23 22:00:00+00:00,1881.64,1883.3,1873.0,1882.43,82866.821,2026-07-23 22:59:59.999000+00:00,155665523.72721,97924,33826.857,63562939.20174,0,ETHUSDT,1h
2026-07-23 23:00:00+00:00,1882.43,1883.8,1874.62,1877.42,49203.359,2026-07-23 23:59:59.999000+00:00,92501627.32587,77954,23954.505,45041985.10153,0,ETHUSDT,1h
2026-07-24 00:00:00+00:00,1877.42,1878.18,1858.0,1870.66,260220.237,2026-07-24 00:59:59.999000+00:00,485982879.84775,250212,112412.555,210005214.59129,0,ETHUSDT,1h
2026-07-24 01:00:00+00:00,1870.66,1876.98,1869.54,1871.96,88964.565,2026-07-24 01:59:59.999000+00:00,166689344.59995,158346,50037.721,93763223.60285,0,ETHUSDT,1h
2026-07-24 02:00:00+00:00,1871.96,1877.86,1863.68,1868.84,89259.403,2026-07-24 02:59:59.999000+00:00,166904041.69391,153537,47726.352,89259413.90904,0,ETHUSDT,1h
2026-07-24 03:00:00+00:00,1868.83,1881.07,1867.46,1879.71,123597.074,2026-07-24 03:59:59.999000+00:00,231999126.51065,148998,71903.583,134973167.40468,0,ETHUSDT,1h
2026-07-24 04:00:00+00:00,1879.7,1881.17,1873.84,1875.05,53960.665,2026-07-24 04:59:59.999000+00:00,101314629.74664,80564,23398.813,43935298.52786,0,ETHUSDT,1h
2026-07-24 05:00:00+00:00,1875.04,1881.42,1872.47,1880.15,106749.314,2026-07-24 05:59:59.999000+00:00,200553083.3634,80577,54929.881,103192847.5758,0,ETHUSDT,1h
2026-07-24 06:00:00+00:00,1880.14,1887.57,1878.02,1887.28,140240.793,2026-07-24 06:59:59.999000+00:00,264148587.89975,109825,70373.231,132596277.28699,0,ETHUSDT,1h
2026-07-24 07:00:00+00:00,1887.28,1909.32,1887.27,1895.0,474376.982,2026-07-24 07:59:59.999000+00:00,900421104.36282,312350,266226.273,505337867.70178,0,ETHUSDT,1h
2026-07-24 08:00:00+00:00,1895.0,1895.0,1885.18,1887.07,98241.525,2026-07-24 08:59:59.999000+00:00,185740165.21714,103608,38759.99,73279558.80514,0,ETHUSDT,1h
2026-07-24 09:00:00+00:00,1887.06,1887.89,1875.95,1887.07,146349.071,2026-07-24 09:59:59.999000+00:00,275575680.08428,150158,65418.991,123196957.26203,0,ETHUSDT,1h
2026-07-24 10:00:00+00:00,1887.08,1887.91,1879.29,1882.8,57188.452,2026-07-24 10:59:59.999000+00:00,107727301.74724,83013,25614.065,48248800.21155,0,ETHUSDT,1h
2026-07-24 11:00:00+00:00,1882.8,1883.78,1875.22,1883.03,103864.975,2026-07-24 11:59:59.999000+00:00,195269619.38838,130597,51699.545,97214551.90168,0,ETHUSDT,1h
2026-07-24 12:00:00+00:00,1883.02,1885.2,1871.0,1871.89,130121.557,2026-07-24 12:59:59.999000+00:00,244296591.00419,146251,52663.287,98910104.27763,0,ETHUSDT,1h
2026-07-24 13:00:00+00:00,1871.9,1874.62,1847.0,1856.83,520370.014,2026-07-24 13:59:59.999000+00:00,967898368.10938,501975,232604.633,432688882.38172,0,ETHUSDT,1h
2026-07-24 14:00:00+00:00,1856.82,1862.3,1846.17,1861.92,318953.313,2026-07-24 14:59:59.999000+00:00,591644079.58988,387179,155099.49,287776972.5375,0,ETHUSDT,1h
2026-07-24 15:00:00+00:00,1861.91,1868.71,1853.0,1861.28,238297.372,2026-07-24 15:59:59.999000+00:00,443830367.56645,280810,114299.924,212917748.5532,0,ETHUSDT,1h
2026-07-24 16:00:00+00:00,1861.28,1865.26,1852.56,1856.74,120332.457,2026-07-24 16:59:59.999000+00:00,223609867.99784,142263,52414.61,97395281.82655,0,ETHUSDT,1h
2026-07-24 17:00:00+00:00,1856.75,1865.71,1854.21,1865.69,91106.237,2026-07-24 17:59:59.999000+00:00,169497680.83393,119206,50908.984,94712895.42314,0,ETHUSDT,1h
2026-07-24 18:00:00+00:00,1865.68,1865.81,1857.68,1861.76,72744.079,2026-07-24 18:59:59.999000+00:00,135430649.7203,82816,35105.299,65359357.5218,0,ETHUSDT,1h
2026-07-24 19:00:00+00:00,1861.75,1863.97,1856.97,1862.74,50166.896,2026-07-24 19:59:59.999000+00:00,93344203.94504,90374,28794.047,53579633.2536,0,ETHUSDT,1h
2026-07-24 20:00:00+00:00,1862.75,1864.51,1857.3,1860.05,49085.347,2026-07-24 20:59:59.999000+00:00,91342642.61419,62011,19960.301,37151308.60816,0,ETHUSDT,1h
2026-07-24 21:00:00+00:00,1860.04,1860.88,1856.1,1856.69,43307.631,2026-07-24 21:59:59.999000+00:00,80512803.79629,65165,22128.869,41141293.40398,0,ETHUSDT,1h
2026-07-24 22:00:00+00:00,1856.69,1860.82,1855.75,1858.75,32029.724,2026-07-24 22:59:59.999000+00:00,59528771.05439,46236,14711.035,27339819.10516,0,ETHUSDT,1h
2026-07-24 23:00:00+00:00,1858.75,1860.98,1858.13,1860.57,22767.498,2026-07-24 23:59:59.999000+00:00,42339997.81304,34684,11056.086,20560772.78949,0,ETHUSDT,1h
2026-07-25 00:00:00+00:00,1860.58,1863.86,1855.81,1859.36,76506.485,2026-07-25 00:59:59.999000+00:00,142280465.14603,66959,37401.853,69560183.09806,0,ETHUSDT,1h
2026-07-25 01:00:00+00:00,1859.35,1862.77,1855.96,1859.27,40202.157,2026-07-25 01:59:59.999000+00:00,74742290.13914,52063,17983.355,33435424.09195,0,ETHUSDT,1h
2026-07-25 02:00:00+00:00,1859.27,1860.89,1857.41,1858.58,22995.782,2026-07-25 02:59:59.999000+00:00,42745875.44636,38875,9624.355,17889797.94865,0,ETHUSDT,1h
2026-07-25 03:00:00+00:00,1858.58,1859.7,1854.27,1857.83,28826.613,2026-07-25 03:59:59.999000+00:00,53547017.55654,46980,14019.559,26044065.44439,0,ETHUSDT,1h
2026-07-25 04:00:00+00:00,1857.84,1861.84,1857.65,1860.44,24169.322,2026-07-25 04:59:59.999000+00:00,44952435.42019,36145,12210.704,22712035.91291,0,ETHUSDT,1h
2026-07-25 05:00:00+00:00,1860.43,1862.2,1856.0,1857.57,33686.386,2026-07-25 05:59:59.999000+00:00,62599599.6587,42582,15930.006,29603406.28563,0,ETHUSDT,1h
2026-07-25 06:00:00+00:00,1857.57,1859.41,1853.44,1857.64,48543.398,2026-07-25 06:59:59.999000+00:00,90103189.35669,55998,22165.053,41145520.4572,0,ETHUSDT,1h
2026-07-25 07:00:00+00:00,1857.65,1857.91,1854.99,1855.11,19484.15,2026-07-25 07:59:59.999000+00:00,36170391.95878,27741,8406.795,15607105.0548,0,ETHUSDT,1h
2026-07-25 08:00:00+00:00,1855.1,1855.33,1850.26,1852.89,63650.093,2026-07-25 08:59:59.999000+00:00,117959098.89528,68783,25243.994,46786090.08253,0,ETHUSDT,1h
2026-07-25 09:00:00+00:00,1852.89,1858.19,1850.74,1857.5,40409.343,2026-07-25 09:59:59.999000+00:00,74944199.65145,46936,23018.565,42696100.25637,0,ETHUSDT,1h
2026-07-25 10:00:00+00:00,1857.5,1858.5,1855.71,1857.72,27332.041,2026-07-25 10:59:59.999000+00:00,50760616.22681,35445,14052.228,26097899.04679,0,ETHUSDT,1h
2026-07-25 11:00:00+00:00,1857.72,1859.38,1856.56,1857.05,23986.615,2026-07-25 11:59:59.999000+00:00,44570048.61736,36323,10512.674,19533668.18329,0,ETHUSDT,1h
2026-07-25 12:00:00+00:00,1857.04,1859.78,1856.05,1859.51,25204.11,2026-07-25 12:59:59.999000+00:00,46817363.27393,37572,13731.465,25507739.96288,0,ETHUSDT,1h
2026-07-25 13:00:00+00:00,1859.5,1871.73,1859.11,1866.38,162079.173,2026-07-25 13:59:59.999000+00:00,302354573.8105,114332,96219.296,179515743.17417,0,ETHUSDT,1h
2026-07-25 14:00:00+00:00,1866.37,1868.52,1864.06,1867.88,48403.08,2026-07-25 14:59:59.999000+00:00,90330348.07964,59478,23628.483,44100358.70387,0,ETHUSDT,1h
2026-07-25 15:00:00+00:00,1867.88,1870.68,1866.3,1867.03,50418.59,2026-07-25 15:59:59.999000+00:00,94200057.57731,67484,25374.761,47415454.35081,0,ETHUSDT,1h
2026-07-25 16:00:00+00:00,1867.04,1870.23,1863.54,1867.19,54148.097,2026-07-25 16:59:59.999000+00:00,101079056.7242,63355,24033.754,44862595.74058,0,ETHUSDT,1h
2026-07-25 17:00:00+00:00,1867.19,1874.43,1867.17,1872.29,87663.278,2026-07-25 17:59:59.999000+00:00,164089791.90121,86523,48450.604,90695468.07163,0,ETHUSDT,1h
2026-07-25 18:00:00+00:00,1872.29,1876.42,1871.37,1874.39,61782.403,2026-07-25 18:59:59.999000+00:00,115770768.08716,72950,30312.878,56808565.28961,0,ETHUSDT,1h
2026-07-25 19:00:00+00:00,1874.38,1875.63,1873.16,1873.8,27548.861,2026-07-25 19:59:59.999000+00:00,51638517.21063,40823,12574.376,23570377.11554,0,ETHUSDT,1h
2026-07-25 20:00:00+00:00,1873.8,1873.97,1869.65,1871.26,33903.021,2026-07-25 20:59:59.999000+00:00,63435085.35431,38056,10919.548,20432276.74094,0,ETHUSDT,1h
2026-07-25 21:00:00+00:00,1871.26,1875.26,1866.59,1871.7,46425.008,2026-07-25 21:59:59.999000+00:00,86841469.28565,54623,23968.267,44842379.06176,0,ETHUSDT,1h
2026-07-25 22:00:00+00:00,1871.69,1876.25,1871.41,1875.01,27029.945,2026-07-25 22:59:59.999000+00:00,50653667.48152,40087,15457.757,28968366.75819,0,ETHUSDT,1h
2026-07-25 23:00:00+00:00,1875.01,1875.43,1872.63,1873.92,22227.469,2026-07-25 23:59:59.999000+00:00,41652606.26181,29623,9825.353,18412797.50049,0,ETHUSDT,1h
2026-07-26 00:00:00+00:00,1873.93,1880.93,1873.0,1880.18,62423.111,2026-07-26 00:59:59.999000+00:00,117210086.73406,70550,36332.707,68225961.24239,0,ETHUSDT,1h
2026-07-26 01:00:00+00:00,1880.17,1880.95,1876.94,1877.8,42294.491,2026-07-26 01:59:59.999000+00:00,79464753.96453,50320,19806.1,37213219.90793,0,ETHUSDT,1h
2026-07-26 02:00:00+00:00,1877.79,1880.87,1876.01,1880.1,27992.886,2026-07-26 02:59:59.999000+00:00,52579739.2805,41422,16174.582,30383602.27706,0,ETHUSDT,1h
2026-07-26 03:00:00+00:00,1880.09,1883.17,1878.02,1881.4,46665.509,2026-07-26 03:59:59.999000+00:00,87793882.0977,52269,26537.119,49926713.43933,0,ETHUSDT,1h
2026-07-26 04:00:00+00:00,1881.4,1888.67,1878.97,1885.38,84159.313,2026-07-26 04:59:59.999000+00:00,158581809.70335,81731,46997.663,88576830.7723,0,ETHUSDT,1h
2026-07-26 05:00:00+00:00,1885.38,1886.6,1881.44,1882.52,49568.546,2026-07-26 05:59:59.999000+00:00,93394402.93455,53636,19249.849,36272461.54215,0,ETHUSDT,1h
2026-07-26 06:00:00+00:00,1882.53,1884.55,1877.24,1884.07,74298.935,2026-07-26 06:59:59.999000+00:00,139736731.47501,68656,31277.928,58828039.70691,0,ETHUSDT,1h
2026-07-26 07:00:00+00:00,1884.07,1885.52,1879.62,1880.85,41692.864,2026-07-26 07:59:59.999000+00:00,78484049.69291,46235,18495.715,34820486.10191,0,ETHUSDT,1h
2026-07-26 08:00:00+00:00,1880.85,1881.76,1878.27,1880.57,35731.125,2026-07-26 08:59:59.999000+00:00,67175112.90711,36894,17545.424,32987119.20396,0,ETHUSDT,1h
2026-07-26 09:00:00+00:00,1880.57,1884.91,1880.49,1882.99,42399.716,2026-07-26 09:59:59.999000+00:00,79833459.63934,39701,20775.131,39115764.17998,0,ETHUSDT,1h
2026-07-26 10:00:00+00:00,1882.99,1887.0,1881.07,1885.24,39404.631,2026-07-26 10:59:59.999000+00:00,74258701.64627,41693,20671.133,38955393.06772,0,ETHUSDT,1h
2026-07-26 11:00:00+00:00,1885.23,1887.0,1883.76,1884.99,37741.931,2026-07-26 11:59:59.999000+00:00,71169052.40123,39533,17269.587,32566649.221,0,ETHUSDT,1h
2026-07-26 12:00:00+00:00,1885.0,1893.0,1884.71,1885.49,119359.81,2026-07-26 12:59:59.999000+00:00,225459512.2919,87984,65716.922,124155758.4534,0,ETHUSDT,1h
2026-07-26 13:00:00+00:00,1885.48,1888.0,1880.66,1885.71,82498.679,2026-07-26 13:59:59.999000+00:00,155469717.29274,71310,39426.121,74306344.00387,0,ETHUSDT,1h
2026-07-26 14:00:00+00:00,1885.71,1899.9,1885.7,1897.82,217477.247,2026-07-26 14:59:59.999000+00:00,412000776.14008,181239,122985.203,232993464.81894,0,ETHUSDT,1h
2026-07-26 15:00:00+00:00,1897.82,1917.45,1897.03,1913.75,330536.148,2026-07-26 15:59:59.999000+00:00,630828950.366,283175,176531.472,336866461.38326,0,ETHUSDT,1h
2026-07-26 16:00:00+00:00,1913.76,1927.9,1907.99,1915.5,275826.396,2026-07-26 16:59:59.999000+00:00,529174505.60387,239581,147154.748,282339609.01046,0,ETHUSDT,1h
2026-07-26 17:00:00+00:00,1915.5,1917.16,1909.81,1910.55,90985.814,2026-07-26 17:59:59.999000+00:00,174081815.14786,102097,39366.509,75325518.02164,0,ETHUSDT,1h
2026-07-26 18:00:00+00:00,1910.56,1916.14,1910.17,1913.72,42635.218,2026-07-26 18:59:59.999000+00:00,81553283.88688,55513,26363.84,50431095.45117,0,ETHUSDT,1h
2026-07-26 19:00:00+00:00,1913.73,1915.19,1911.21,1913.42,30158.006,2026-07-26 19:59:59.999000+00:00,57700777.5035,44064,14676.556,28080484.54208,0,ETHUSDT,1h
2026-07-26 20:00:00+00:00,1913.43,1913.93,1910.55,1912.85,27540.734,2026-07-26 20:59:59.999000+00:00,52659844.74874,36128,11533.593,22053874.4216,0,ETHUSDT,1h
2026-07-26 21:00:00+00:00,1912.86,1930.44,1912.85,1925.23,117187.261,2026-07-26 21:59:59.999000+00:00,225345268.4301,126974,74205.844,142711273.66219,0,ETHUSDT,1h
2026-07-26 22:00:00+00:00,1925.24,1953.61,1925.24,1949.12,396561.731,2026-07-26 22:59:59.999000+00:00,769886281.89249,361552,234035.912,454356699.32259,0,ETHUSDT,1h
2026-07-26 23:00:00+00:00,1949.11,1966.97,1945.3,1953.79,362816.737,2026-07-26 23:59:59.999000+00:00,709608403.90834,341024,189614.466,370904465.07708,0,ETHUSDT,1h
2026-07-27 00:00:00+00:00,1953.8,1954.83,1938.53,1941.68,174240.675,2026-07-27 00:59:59.999000+00:00,338966452.85595,210545,81811.199,159157847.87286,0,ETHUSDT,1h
2026-07-27 01:00:00+00:00,1941.68,1947.89,1935.29,1947.58,144920.972,2026-07-27 01:59:59.999000+00:00,281550854.21581,185880,71477.682,138911067.07836,0,ETHUSDT,1h
2026-07-27 02:00:00+00:00,1947.58,1948.58,1940.77,1942.52,97221.912,2026-07-27 02:59:59.999000+00:00,189124442.27798,129714,44845.8,87255698.87353,0,ETHUSDT,1h
2026-07-27 03:00:00+00:00,1942.52,1951.65,1941.43,1948.92,71704.218,2026-07-27 03:59:59.999000+00:00,139535857.08275,94462,45044.051,87677608.73558,0,ETHUSDT,1h
2026-07-27 04:00:00+00:00,1948.92,1962.5,1947.66,1952.6,208532.305,2026-07-27 04:59:59.999000+00:00,407448572.73406,197083,109602.88,214161355.25397,0,ETHUSDT,1h
2026-07-27 05:00:00+00:00,1952.61,1969.99,1951.66,1964.5,147809.652,2026-07-27 05:59:59.999000+00:00,289745577.65223,159290,82676.517,162131515.31432,0,ETHUSDT,1h
2026-07-27 06:00:00+00:00,1964.51,1982.0,1962.56,1967.5,279511.749,2026-07-27 06:59:59.999000+00:00,550824294.46683,288549,148482.836,292709931.95478,0,ETHUSDT,1h
2026-07-27 07:00:00+00:00,1967.51,1970.75,1958.89,1963.58,135496.385,2026-07-27 07:59:59.999000+00:00,266389539.62083,166306,59387.506,116782078.89319,0,ETHUSDT,1h
2026-07-27 08:00:00+00:00,1963.59,1967.99,1961.0,1963.4,111681.615,2026-07-27 08:59:59.999000+00:00,219424704.8337,144141,58567.767,115073486.95382,0,ETHUSDT,1h
2026-07-27 09:00:00+00:00,1963.39,1967.81,1955.46,1964.33,144070.698,2026-07-27 09:59:59.999000+00:00,282469018.40515,162372,75592.472,148212998.59283,0,ETHUSDT,1h
2026-07-27 10:00:00+00:00,1964.33,1971.62,1962.74,1966.66,86378.349,2026-07-27 10:59:59.999000+00:00,169928193.46381,106981,47699.702,93843584.92863,0,ETHUSDT,1h
2026-07-27 11:00:00+00:00,1966.66,1966.66,1957.1,1958.76,82446.354,2026-07-27 11:59:59.999000+00:00,161673950.74967,110932,36034.832,70660981.62542,0,ETHUSDT,1h
2026-07-27 12:00:00+00:00,1958.77,1963.64,1941.8,1956.56,272109.453,2026-07-27 12:59:59.999000+00:00,531049240.72719,258565,132140.463,257917057.63559,0,ETHUSDT,1h
2026-07-27 13:00:00+00:00,1956.57,1977.58,1949.75,1960.13,392517.662,2026-07-27 13:59:59.999000+00:00,771309380.29853,515758,200289.222,393598437.55465,0,ETHUSDT,1h
2026-07-27 14:00:00+00:00,1960.12,1965.81,1917.9,1931.28,727953.955,2026-07-27 14:59:59.999000+00:00,1409620904.62919,792317,339223.258,657067632.47933,0,ETHUSDT,1h
2026-07-27 15:00:00+00:00,1931.28,1936.97,1923.25,1926.77,206950.057,2026-07-27 15:59:59.999000+00:00,399360646.63329,361708,104103.516,200922250.33006,0,ETHUSDT,1h
2026-07-27 16:00:00+00:00,1926.77,1946.12,1921.43,1939.76,236797.76,2026-07-27 16:59:59.999000+00:00,458421521.55557,311067,128836.913,249445082.39043,0,ETHUSDT,1h
2026-07-27 17:00:00+00:00,1939.76,1945.37,1934.12,1942.81,92488.111,2026-07-27 17:59:59.999000+00:00,179494642.47683,174134,44541.817,86448213.7269,0,ETHUSDT,1h
2026-07-27 18:00:00+00:00,1942.81,1943.72,1928.1,1938.22,119707.028,2026-07-27 18:59:59.999000+00:00,231620539.80863,172919,62182.932,120322618.19838,0,ETHUSDT,1h
2026-07-27 19:00:00+00:00,1938.23,1954.48,1936.87,1947.42,170270.249,2026-07-27 19:59:59.999000+00:00,331620001.78102,208017,80273.755,156324074.90241,0,ETHUSDT,1h
2026-07-27 20:00:00+00:00,1947.43,1949.64,1942.57,1945.94,53287.413,2026-07-27 20:59:59.999000+00:00,103681072.83331,80228,26250.16,51081776.08849,0,ETHUSDT,1h
2026-07-27 21:00:00+00:00,1945.94,1949.43,1939.27,1941.23,57149.702,2026-07-27 21:59:59.999000+00:00,111114028.70106,90455,26017.427,50588618.26568,0,ETHUSDT,1h
2026-07-27 22:00:00+00:00,1941.24,1941.29,1890.72,1892.47,425052.83,2026-07-27 22:59:59.999000+00:00,813362426.44881,400290,165692.762,317061973.31666,0,ETHUSDT,1h
2026-07-27 23:00:00+00:00,1892.47,1895.16,1881.16,1891.44,312660.929,2026-07-27 23:59:59.999000+00:00,590572820.76659,371632,160159.476,302562413.08568,0,ETHUSDT,1h
2026-07-28 00:00:00+00:00,1891.43,1893.33,1875.25,1877.8,232707.497,2026-07-28 00:59:59.999000+00:00,438220445.53643,314717,108036.611,203463503.13184,0,ETHUSDT,1h
2026-07-28 01:00:00+00:00,1877.8,1881.72,1865.0,1874.89,268218.153,2026-07-28 01:59:59.999000+00:00,502500696.44379,317287,125661.855,235473109.77709,0,ETHUSDT,1h
2026-07-28 02:00:00+00:00,1874.89,1879.6,1870.41,1874.77,104848.093,2026-07-28 02:59:59.999000+00:00,196628303.84351,149634,55592.031,104271404.69012,0,ETHUSDT,1h
2026-07-28 03:00:00+00:00,1874.76,1882.49,1872.05,1880.35,113490.515,2026-07-28 03:59:59.999000+00:00,213164427.85396,140050,60073.031,112827971.44684,0,ETHUSDT,1h
2026-07-28 04:00:00+00:00,1880.35,1881.74,1875.43,1878.32,89682.929,2026-07-28 04:59:59.999000+00:00,168487105.88916,110010,44665.139,83911274.68534,0,ETHUSDT,1h
2026-07-28 05:00:00+00:00,1878.32,1888.58,1877.26,1882.03,119463.743,2026-07-28 05:59:59.999000+00:00,225137726.42427,149773,61140.041,115222743.6223,0,ETHUSDT,1h
2026-07-28 06:00:00+00:00,1882.04,1888.02,1877.46,1887.61,94783.428,2026-07-28 06:59:59.999000+00:00,178418662.0757,121376,48179.079,90724627.21762,0,ETHUSDT,1h
2026-07-28 07:00:00+00:00,1887.62,1888.08,1879.74,1882.75,70941.201,2026-07-28 07:59:59.999000+00:00,133651588.00911,99600,29788.319,56121300.85611,0,ETHUSDT,1h
2026-07-28 08:00:00+00:00,1882.75,1884.81,1879.01,1883.59,78911.229,2026-07-28 08:59:59.999000+00:00,148518691.32295,104943,38180.57,71863210.04174,0,ETHUSDT,1h
2026-07-28 09:00:00+00:00,1883.6,1884.06,1873.35,1875.29,106874.463,2026-07-28 09:59:59.999000+00:00,200785657.4845,104015,45723.892,85916318.23439,0,ETHUSDT,1h
2026-07-28 10:00:00+00:00,1875.3,1879.99,1872.58,1877.93,110741.366,2026-07-28 10:59:59.999000+00:00,207822244.1781,127036,57732.85,108348734.37837,0,ETHUSDT,1h
2026-07-28 11:00:00+00:00,1877.93,1881.42,1870.66,1875.69,144405.644,2026-07-28 11:59:59.999000+00:00,270805889.21213,179371,78161.323,146600263.24836,0,ETHUSDT,1h
2026-07-28 12:00:00+00:00,1875.7,1892.79,1873.57,1891.59,220626.994,2026-07-28 12:59:59.999000+00:00,415792996.6013,190017,124020.849,233758628.69927,0,ETHUSDT,1h
2026-07-28 13:00:00+00:00,1891.58,1895.82,1855.82,1872.97,583485.938,2026-07-28 13:59:59.999000+00:00,1092490391.68055,531594,268728.64,503207503.32549,0,ETHUSDT,1h
2026-07-28 14:00:00+00:00,1872.97,1892.35,1866.45,1887.84,355161.539,2026-07-28 14:59:59.999000+00:00,667648776.53881,500987,181494.232,341299320.23489,0,ETHUSDT,1h
2026-07-28 15:00:00+00:00,1887.84,1923.79,1883.61,1919.28,666936.386,2026-07-28 15:59:59.999000+00:00,1273286761.32285,657661,375455.808,716874624.46203,0,ETHUSDT,1h
2026-07-28 16:00:00+00:00,1919.27,1928.31,1913.38,1924.86,230729.052,2026-07-28 16:59:59.999000+00:00,443027376.33683,293752,121308.609,232989971.57673,0,ETHUSDT,1h
2026-07-28 17:00:00+00:00,1924.85,1924.86,1890.89,1900.89,389091.253,2026-07-28 17:59:59.999000+00:00,740899032.92448,356799,166914.71,317777673.47633,0,ETHUSDT,1h
2026-07-28 18:00:00+00:00,1900.89,1914.51,1900.5,1910.32,149798.208,2026-07-28 18:59:59.999000+00:00,285939514.58224,217863,83812.899,159971879.29899,0,ETHUSDT,1h
2026-07-28 19:00:00+00:00,1910.32,1921.36,1910.31,1921.34,119103.342,2026-07-28 19:59:59.999000+00:00,228291199.7937,168082,67175.981,128767470.36642,0,ETHUSDT,1h
2026-07-28 20:00:00+00:00,1921.34,1923.0,1915.27,1917.6,95880.766,2026-07-28 20:59:59.999000+00:00,183975985.47424,125665,44677.577,85733013.6688,0,ETHUSDT,1h
2026-07-28 21:00:00+00:00,1917.61,1928.9,1917.5,1923.09,78250.115,2026-07-28 21:59:59.999000+00:00,150485283.90842,100077,47167.507,90723158.6104,0,ETHUSDT,1h
2026-07-28 22:00:00+00:00,1923.09,1926.43,1909.22,1911.09,122838.842,2026-07-28 22:59:59.999000+00:00,235404137.315,157380,59845.826,114675057.57123,0,ETHUSDT,1h
2026-07-28 23:00:00+00:00,1911.09,1922.44,1903.03,1921.13,178376.819,2026-07-28 23:59:59.999000+00:00,340901498.18742,178586,97663.027,186662463.19222,0,ETHUSDT,1h
2026-07-29 00:00:00+00:00,1921.13,1927.98,1915.75,1916.33,136341.5,2026-07-29 00:59:59.999000+00:00,262009040.07202,211894,62985.029,121055124.96837,0,ETHUSDT,1h
2026-07-29 01:00:00+00:00,1916.33,1917.42,1904.0,1904.6,130008.436,2026-07-29 01:59:59.999000+00:00,248380469.1196,218386,63745.176,121802220.48044,0,ETHUSDT,1h
2026-07-29 02:00:00+00:00,1904.59,1919.2,1899.2,1910.12,164913.277,2026-07-29 02:59:59.999000+00:00,314818931.15627,244993,82816.485,158117421.66807,0,ETHUSDT,1h
2026-07-29 03:00:00+00:00,1910.12,1912.37,1890.13,1891.95,177259.209,2026-07-29 03:59:59.999000+00:00,336612913.86702,241500,81864.648,155459795.12803,0,ETHUSDT,1h
2026-07-29 04:00:00+00:00,1891.96,1905.74,1883.38,1904.62,270085.531,2026-07-29 04:59:59.999000+00:00,511699528.03299,295349,146316.941,277298990.49679,0,ETHUSDT,1h
2026-07-29 05:00:00+00:00,1904.63,1914.33,1902.55,1911.81,113802.371,2026-07-29 05:59:59.999000+00:00,217234730.66536,169571,55509.717,105963071.16536,0,ETHUSDT,1h
2026-07-29 06:00:00+00:00,1911.82,1921.3,1908.08,1919.47,160496.16,2026-07-29 06:59:59.999000+00:00,307548018.42634,168853,81276.946,155763543.66008,0,ETHUSDT,1h
2026-07-29 07:00:00+00:00,1919.48,1926.5,1913.2,1924.14,165652.861,2026-07-29 07:59:59.999000+00:00,317910608.27472,128553,88980.089,170795347.42185,0,ETHUSDT,1h
2026-07-29 08:00:00+00:00,1924.13,1924.74,1911.06,1914.43,131190.353,2026-07-29 08:59:59.999000+00:00,251467154.34751,123103,57044.753,109333363.97528,0,ETHUSDT,1h
2026-07-29 09:00:00+00:00,1914.43,1924.11,1914.14,1921.47,93391.821,2026-07-29 09:59:59.999000+00:00,179310258.53257,118335,51310.706,98522489.71886,0,ETHUSDT,1h
2026-07-29 10:00:00+00:00,1921.47,1921.87,1907.66,1911.19,117244.509,2026-07-29 10:59:59.999000+00:00,224587205.11645,105160,44543.094,85348116.9304,0,ETHUSDT,1h
2026-07-29 11:00:00+00:00,1911.2,1916.3,1909.31,1914.32,89627.149,2026-07-29 11:59:59.999000+00:00,171444904.54078,100032,48476.636,92731745.68517,0,ETHUSDT,1h
2026-07-29 12:00:00+00:00,1914.31,1914.31,1902.07,1904.44,111777.407,2026-07-29 12:59:59.999000+00:00,213076906.14601,157262,52148.957,99406255.69194,0,ETHUSDT,1h
2026-07-29 13:00:00+00:00,1904.43,1910.89,1894.64,1908.41,250336.607,2026-07-29 13:59:59.999000+00:00,476514632.6365,343968,127353.323,242478577.18621,0,ETHUSDT,1h
2026-07-29 14:00:00+00:00,1908.4,1910.85,1890.15,1894.29,248041.077,2026-07-29 14:59:59.999000+00:00,470808407.52956,420531,128139.024,243228880.47935,0,ETHUSDT,1h
2026-07-29 15:00:00+00:00,1894.3,1897.86,1886.28,1891.13,182942.266,2026-07-29 15:59:59.999000+00:00,346175168.27139,286657,85528.296,161861033.86122,0,ETHUSDT,1h
2026-07-29 16:00:00+00:00,1891.13,1898.99,1886.48,1894.42,128888.116,2026-07-29 16:59:59.999000+00:00,243917297.25571,222818,69631.514,131778037.35398,0,ETHUSDT,1h
2026-07-29 17:00:00+00:00,1894.42,1917.09,1893.58,1915.53,225590.739,2026-07-29 17:59:59.999000+00:00,429601081.63409,241896,129307.834,246276044.34005,0,ETHUSDT,1h
2026-07-29 18:00:00+00:00,1915.53,1935.0,1892.79,1919.59,714242.791,2026-07-29 18:59:59.999000+00:00,1369905088.4186,804184,360469.191,691592125.75924,0,ETHUSDT,1h
2026-07-29 19:00:00+00:00,1919.6,1922.0,1880.95,1887.91,474423.705,2026-07-29 19:59:59.999000+00:00,901073854.06889,607230,195066.359,370544046.25671,0,ETHUSDT,1h
2026-07-29 20:00:00+00:00,1887.93,1891.13,1876.6,1883.11,238200.342,2026-07-29 20:59:59.999000+00:00,448902856.9522,354876,116264.683,219160075.6404,0,ETHUSDT,1h
2026-07-29 21:00:00+00:00,1883.12,1897.88,1870.26,1897.44,188666.869,2026-07-29 21:59:59.999000+00:00,355433281.21584,201405,90377.099,170418945.85895,0,ETHUSDT,1h
2026-07-29 22:00:00+00:00,1897.44,1910.87,1897.28,1906.43,175799.455,2026-07-29 22:59:59.999000+00:00,334954682.21915,191341,89120.269,169775299.3296,0,ETHUSDT,1h
2026-07-29 23:00:00+00:00,1906.44,1912.5,1901.66,1909.68,92162.965,2026-07-29 23:59:59.999000+00:00,175752822.91898,133857,42716.342,81467690.90428,0,ETHUSDT,1h
2026-07-30 00:00:00+00:00,1909.68,1914.21,1892.99,1897.35,147199.532,2026-07-30 00:59:59.999000+00:00,280136831.16618,197088,63752.952,121343386.47344,0,ETHUSDT,1h
2026-07-30 01:00:00+00:00,1897.35,1921.91,1896.65,1916.28,253586.176,2026-07-30 01:59:59.999000+00:00,484515634.7489,303118,143206.182,273655912.04466,0,ETHUSDT,1h
2026-07-30 02:00:00+00:00,1916.29,1919.43,1909.5,1910.4,106590.571,2026-07-30 02:59:59.999000+00:00,204096433.85052,137112,48211.044,92319335.17188,0,ETHUSDT,1h
2026-07-30 03:00:00+00:00,1910.39,1914.7,1906.81,1909.4,79255.027,2026-07-30 03:59:59.999000+00:00,151450621.68569,110562,35356.434,67564164.80453,0,ETHUSDT,1h
2026-07-30 04:00:00+00:00,1909.4,1910.34,1900.8,1901.39,79118.82,2026-07-30 04:59:59.999000+00:00,150757534.25572,103727,38192.911,72779707.49038,0,ETHUSDT,1h
2026-07-30 05:00:00+00:00,1901.38,1908.95,1899.23,1905.53,103163.299,2026-07-30 05:59:59.999000+00:00,196414211.1153,138978,58318.542,111059455.45143,0,ETHUSDT,1h
2026-07-30 06:00:00+00:00,1905.53,1906.16,1898.57,1900.45,53114.824,2026-07-30 06:59:59.999000+00:00,101034069.05752,89099,27372.343,52070822.32047,0,ETHUSDT,1h
2026-07-30 07:00:00+00:00,1900.45,1907.51,1899.38,1902.38,86313.035,2026-07-30 07:59:59.999000+00:00,164341033.4831,120760,44816.297,85329636.63088,0,ETHUSDT,1h
2026-07-30 08:00:00+00:00,1902.39,1917.49,1899.5,1914.27,137425.669,2026-07-30 08:59:59.999000+00:00,262617549.05134,166541,69251.94,132340484.11289,0,ETHUSDT,1h
2026-07-30 09:00:00+00:00,1914.28,1924.42,1913.29,1917.48,129960.226,2026-07-30 09:59:59.999000+00:00,249349950.4941,135632,66787.544,128164099.274,0,ETHUSDT,1h
2026-07-30 10:00:00+00:00,1917.49,1921.09,1915.45,1917.5,79566.67,2026-07-30 10:59:59.999000+00:00,152635722.41821,79405,39884.536,76515341.39967,0,ETHUSDT,1h
2026-07-30 11:00:00+00:00,1917.5,1925.59,1915.77,1922.3,107194.488,2026-07-30 11:59:59.999000+00:00,205926056.3201,108528,58457.241,112318279.47495,0,ETHUSDT,1h
2026-07-30 12:00:00+00:00,1922.3,1926.89,1918.67,1924.16,142693.909,2026-07-30 12:59:59.999000+00:00,274321101.86573,158019,68002.498,130750263.3656,0,ETHUSDT,1h
2026-07-30 13:00:00+00:00,1924.16,1936.52,1916.1,1928.73,299284.123,2026-07-30 13:59:59.999000+00:00,576839620.5533,322867,160992.793,310357286.50534,0,ETHUSDT,1h
2026-07-30 14:00:00+00:00,1928.73,1929.37,1912.1,1916.47,301185.456,2026-07-30 14:59:59.999000+00:00,578244006.6788,319644,139820.028,268452733.94409,0,ETHUSDT,1h
2026-07-30 15:00:00+00:00,1916.48,1923.33,1913.52,1917.96,114688.947,2026-07-30 15:59:59.999000+00:00,219886834.45137,184850,60797.26,116584070.95058,0,ETHUSDT,1h
2026-07-30 16:00:00+00:00,1917.96,1925.23,1915.0,1918.46,100848.94,2026-07-30 16:59:59.999000+00:00,193684296.07805,146875,55968.349,107492422.42804,0,ETHUSDT,1h
2026-07-30 17:00:00+00:00,1918.47,1924.59,1915.27,1919.89,64767.229,2026-07-30 17:59:59.999000+00:00,124333733.93307,101439,34682.586,66577177.53988,0,ETHUSDT,1h
2026-07-30 18:00:00+00:00,1919.89,1921.89,1914.0,1915.36,53537.163,2026-07-30 18:59:59.999000+00:00,102665406.41857,71654,25303.239,48526207.94101,0,ETHUSDT,1h
2026-07-30 19:00:00+00:00,1915.36,1928.8,1915.01,1922.95,115328.353,2026-07-30 19:59:59.999000+00:00,221868120.11783,117042,55148.589,106083059.95921,0,ETHUSDT,1h
2026-07-30 20:00:00+00:00,1922.96,1926.66,1919.0,1920.77,66433.128,2026-07-30 20:59:59.999000+00:00,127716444.83162,104308,34959.26,67207305.14805,0,ETHUSDT,1h
2026-07-30 21:00:00+00:00,1920.78,1923.79,1916.24,1917.68,46779.968,2026-07-30 21:59:59.999000+00:00,89819914.92066,60637,23163.836,44478407.48653,0,ETHUSDT,1h
2026-07-30 22:00:00+00:00,1917.68,1932.75,1915.12,1924.92,119192.061,2026-07-30 22:59:59.999000+00:00,229642802.36447,139242,62254.279,119953373.11373,0,ETHUSDT,1h
2026-07-30 23:00:00+00:00,1924.91,1936.57,1916.67,1917.31,219896.256,2026-07-30 23:59:59.999000+00:00,423342547.50099,175168,111125.127,213962840.2876,0,ETHUSDT,1h
2026-07-31 00:00:00+00:00,1917.31,1921.25,1914.0,1916.09,110161.111,2026-07-31 00:59:59.999000+00:00,211192892.52637,146032,51163.107,98087898.75311,0,ETHUSDT,1h
2026-07-31 01:00:00+00:00,1916.09,1936.0,1905.87,1909.39,386519.743,2026-07-31 01:59:59.999000+00:00,742644683.59244,389793,190890.927,366849302.42847,0,ETHUSDT,1h
2026-07-31 02:00:00+00:00,1909.38,1911.24,1900.53,1903.14,170134.287,2026-07-31 02:59:59.999000+00:00,324114686.80858,221582,74222.551,141409574.78969,0,ETHUSDT,1h
2026-07-31 03:00:00+00:00,1903.13,1910.63,1898.16,1907.82,121095.771,2026-07-31 03:59:59.999000+00:00,230675493.89704,150990,63750.965,121470458.69303,0,ETHUSDT,1h
2026-07-31 04:00:00+00:00,1907.82,1908.47,1902.19,1904.82,62456.373,2026-07-31 04:59:59.999000+00:00,118971588.27976,78057,30363.29,57838297.33022,0,ETHUSDT,1h
2026-07-31 05:00:00+00:00,1904.82,1908.24,1900.5,1905.35,76663.618,2026-07-31 05:59:59.999000+00:00,145962347.48798,87175,37965.287,72288700.22999,0,ETHUSDT,1h
2026-07-31 06:00:00+00:00,1905.34,1910.53,1899.33,1901.75,86698.591,2026-07-31 06:59:59.999000+00:00,165081944.99393,101997,43376.546,82613047.64745,0,ETHUSDT,1h
2026-07-31 07:00:00+00:00,1901.75,1901.75,1883.18,1888.92,287364.925,2026-07-31 07:59:59.999000+00:00,543119715.14017,233909,129640.266,244977354.01259,0,ETHUSDT,1h
2026-07-31 08:00:00+00:00,1888.93,1892.21,1887.22,1889.48,112626.197,2026-07-31 08:59:59.999000+00:00,212831323.75456,113978,51240.222,96823481.55615,0,ETHUSDT,1h
2026-07-31 09:00:00+00:00,1889.48,1890.29,1880.2,1882.69,109178.269,2026-07-31 09:59:59.999000+00:00,205701078.16092,132592,46750.765,88078336.73397,0,ETHUSDT,1h
2026-07-31 10:00:00+00:00,1882.69,1889.09,1876.68,1886.24,146933.64,2026-07-31 10:59:59.999000+00:00,276709888.37822,140490,76197.43,143528745.32112,0,ETHUSDT,1h
2026-07-31 11:00:00+00:00,1886.24,1888.92,1881.6,1883.55,70063.672,2026-07-31 11:59:59.999000+00:00,132052727.82159,93606,34345.025,64741990.15712,0,ETHUSDT,1h
2026-07-31 12:00:00+00:00,1883.55,1883.86,1872.54,1881.85,233149.116,2026-07-31 12:59:59.999000+00:00,437666463.78282,193139,108051.008,202861240.58567,0,ETHUSDT,1h
2026-07-31 13:00:00+00:00,1881.85,1889.72,1863.78,1866.22,405650.505,2026-07-31 13:59:59.999000+00:00,761055642.35234,387246,191413.794,359285993.9025,0,ETHUSDT,1h
2026-07-31 14:00:00+00:00,1866.22,1869.8,1847.28,1859.21,800020.384,2026-07-31 14:59:59.999000+00:00,1487845358.51265,714912,372929.928,693629958.61504,0,ETHUSDT,1h
2026-07-31 15:00:00+00:00,1859.21,1865.65,1853.59,1861.94,214599.914,2026-07-31 15:59:59.999000+00:00,399131175.64846,278054,124520.954,231663837.67276,0,ETHUSDT,1h
2026-07-31 16:00:00+00:00,1861.94,1866.5,1860.0,1863.74,104185.235,2026-07-31 16:59:59.999000+00:00,194137362.92361,167670,52765.674,98326790.01935,0,ETHUSDT,1h
2026-07-31 17:00:00+00:00,1863.73,1877.4,1862.54,1874.12,137361.763,2026-07-31 17:59:59.999000+00:00,256990767.04772,180353,75807.703,141827626.9319,0,ETHUSDT,1h
2026-07-31 18:00:00+00:00,1874.12,1875.88,1864.14,1870.89,85886.6,2026-07-31 18:59:59.999000+00:00,160626745.4533,117945,36802.074,68835695.53319,0,ETHUSDT,1h
2026-07-31 19:00:00+00:00,1870.88,1873.14,1864.7,1867.4,56513.608,2026-07-31 19:59:59.999000+00:00,105572469.01782,99218,24586.134,45924273.06167,0,ETHUSDT,1h
2026-07-31 20:00:00+00:00,1867.41,1870.0,1860.53,1861.64,78250.258,2026-07-31 20:59:59.999000+00:00,145941273.36892,109111,33232.696,61986740.048,0,ETHUSDT,1h
2026-07-31 21:00:00+00:00,1861.63,1864.26,1858.58,1861.17,61961.514,2026-07-31 21:59:59.999000+00:00,115337886.12396,78667,33229.412,61859223.52815,0,ETHUSDT,1h
2026-07-31 22:00:00+00:00,1861.16,1864.58,1857.89,1860.62,40740.002,2026-07-31 22:59:59.999000+00:00,75842076.26656,60040,19618.714,36523756.82548,0,ETHUSDT,1h
2026-07-31 23:00:00+00:00,1860.62,1864.06,1860.06,1861.68,36692.537,2026-07-31 23:59:59.999000+00:00,68331713.1091,54393,15433.631,28742454.18153,0,ETHUSDT,1h
2026-08-01 00:00:00+00:00,1861.68,1866.9,1861.31,1863.93,50280.16,2026-08-01 00:59:59.999000+00:00,93749731.84092,67723,28902.042,53893145.1863,0,ETHUSDT,1h
2026-08-01 01:00:00+00:00,1863.92,1866.62,1863.92,1866.0,28969.346,2026-08-01 01:59:59.999000+00:00,54043314.18808,42748,15098.822,28167378.05262,0,ETHUSDT,1h
2026-08-01 02:00:00+00:00,1866.0,1869.47,1865.86,1867.48,35508.432,2026-08-01 02:59:59.999000+00:00,66320796.50929,43725,18875.495,35253262.25274,0,ETHUSDT,1h
2026-08-01 03:00:00+00:00,1867.48,1869.09,1865.63,1869.0,28493.138,2026-08-01 03:59:59.999000+00:00,53213341.68538,38352,16550.379,30911057.78763,0,ETHUSDT,1h
2026-08-01 04:00:00+00:00,1869.01,1869.73,1867.0,1868.84,23351.003,2026-08-01 04:59:59.999000+00:00,43641194.44855,29860,12259.62,22912156.73074,0,ETHUSDT,1h
2026-08-01 05:00:00+00:00,1868.84,1870.32,1864.17,1866.6,36342.654,2026-08-01 05:59:59.999000+00:00,67853460.84558,41378,15270.529,28514030.55099,0,ETHUSDT,1h
2026-08-01 06:00:00+00:00,1866.59,1868.94,1865.37,1868.58,10949.519,2026-08-01 06:59:59.999000+00:00,20438800.96958,15422,5722.677,10684059.20573,0,ETHUSDT,1h
