open_time,open,high,low,close,volume,close_time,quote_asset_volume,number_of_trades,taker_buy_base,taker_buy_quote,ignore,symbol,timeframe
2026-02-02 07:00:00+00:00,76511.3,76930.0,76282.2,76612.6,9587.379,2026-02-02 07:59:59.999000+00:00,734148824.4907,463748,5042.421,386167400.0456,0,BTCUSDT,1h
2026-02-02 08:00:00+00:00,76612.6,77157.8,76576.7,76831.2,7340.414,2026-02-02 08:59:59.999000+00:00,564219807.1413,362869,3807.572,292671161.3615,0,BTCUSDT,1h
2026-02-02 09:00:00+00:00,76831.2,77776.7,76610.9,77666.0,11770.136,2026-02-02 09:59:59.999000+00:00,910114441.369,398700,6639.996,513442860.8415,0,BTCUSDT,1h
2026-02-02 10:00:00+00:00,77666.0,77815.8,77420.7,77463.3,6048.22,2026-02-02 10:59:59.999000+00:00,469422296.9124,205577,3263.831,253367114.1194,0,BTCUSDT,1h
2026-02-02 11:00:00+00:00,77463.3,77937.7,77398.2,77716.1,5754.225,2026-02-02 11:59:59.999000+00:00,447226807.156,196006,2909.393,226124352.2613,0,BTCUSDT,1h
2026-02-02 12:00:00+00:00,77716.0,78400.0,77665.0,77947.5,8673.63,2026-02-02 12:59:59.999000+00:00,676535429.0333,277414,4626.425,360965082.6332,0,BTCUSDT,1h
2026-02-02 13:00:00+00:00,77947.5,78452.5,77756.5,78172.1,7190.53,2026-02-02 13:59:59.999000+00:00,560713517.8978,253647,3862.992,301351706.9489,0,BTCUSDT,1h
2026-02-02 14:00:00+00:00,78172.2,78835.5,77570.0,77797.6,21814.005,2026-02-02 14:59:59.999000+00:00,1707067673.8869,736136,10511.304,822662606.2164,0,BTCUSDT,1h
2026-02-02 15:00:00+00:00,77797.8,79311.0,77515.6,78800.6,21275.715,2026-02-02 15:59:59.999000+00:00,1671657119.4166,879868,10999.245,864353123.8788,0,BTCUSDT,1h
2026-02-02 16:00:00+00:00,78800.5,79248.0,78525.7,78588.8,10325.914,2026-02-02 16:59:59.999000+00:00,814775653.5036,479287,5106.665,402971497.1349,0,BTCUSDT,1h
2026-02-02 17:00:00+00:00,78588.8,79166.2,78553.1,78936.8,6248.465,2026-02-02 17:59:59.999000+00:00,493117876.3682,319868,3159.414,249334139.6191,0,BTCUSDT,1h
2026-02-02 18:00:00+00:00,78936.7,78936.7,78318.5,78523.9,6268.72,2026-02-02 18:59:59.999000+00:00,492682757.3744,256842,2933.525,230601268.7044,0,BTCUSDT,1h
2026-02-02 19:00:00+00:00,78523.9,78652.3,78234.9,78299.2,4352.336,2026-02-02 19:59:59.999000+00:00,341293929.7611,212635,2213.356,173560210.155,0,BTCUSDT,1h
2026-02-02 20:00:00+00:00,78299.1,78634.0,77843.2,77976.7,7009.608,2026-02-02 20:59:59.999000+00:00,548137521.0643,282208,3494.579,273339436.8587,0,BTCUSDT,1h
2026-02-02 21:00:00+00:00,77976.9,78520.0,77880.0,78489.0,3649.632,2026-02-02 21:59:59.999000+00:00,285577737.15,157215,2025.938,158514441.4382,0,BTCUSDT,1h
2026-02-02 22:00:00+00:00,78489.0,78818.2,78488.9,78758.2,2505.842,2026-02-02 22:59:59.999000+00:00,197162149.3432,92160,1517.337,119377081.0217,0,BTCUSDT,1h
2026-02-02 23:00:00+00:00,78758.3,78935.9,78520.4,78692.5,3237.243,2026-02-02 23:59:59.999000+00:00,254893480.2955,131655,1621.526,127681465.8906,0,BTCUSDT,1h
2026-02-03 00:00:00+00:00,78692.5,79070.4,78366.6,79031.1,4664.695,2026-02-03 00:59:59.999000+00:00,367285334.2755,178703,2164.399,170464349.047,0,BTCUSDT,1h
2026-02-03 01:00:00+00:00,79031.1,79163.0,78677.0,78980.0,3594.649,2026-02-03 01:59:59.999000+00:00,283575136.0933,177396,1720.927,135768072.0519,0,BTCUSDT,1h
2026-02-03 02:00:00+00:00,78980.0,78980.1,77750.2,77774.8,7063.983,2026-02-03 02:59:59.999000+00:00,552922793.5507,232764,3015.642,236074780.625,0,BTCUSDT,1h
2026-02-03 03:00:00+00:00,77774.8,78874.9,77566.5,78710.7,9532.793,2026-02-03 03:59:59.999000+00:00,745305014.0568,287896,5045.473,394770800.5796,0,BTCUSDT,1h
2026-02-03 04:00:00+00:00,78710.7,78967.9,78431.5,78767.4,5652.949,2026-02-03 04:59:59.999000+00:00,444943041.9682,157609,2710.756,213392926.1361,0,BTCUSDT,1h
2026-02-03 05:00:00+00:00,78767.5,78775.7,78183.8,78202.9,3605.733,2026-02-03 05:59:59.999000+00:00,282771591.2851,134149,1586.354,124414834.9625,0,BTCUSDT,1h
2026-02-03 06:00:00+00:00,78202.8,78635.0,77900.1,78557.3,6181.705,2026-02-03 06:59:59.999000+00:00,483833559.2539,183157,3049.905,238789523.6059,0,BTCUSDT,1h
2026-02-03 07:00:00+00:00,78557.4,78898.9,78448.1,78749.9,4420.11,2026-02-03 07:59:59.999000+00:00,347996703.7234,167603,2362.019,185962423.9084,0,BTCUSDT,1h
2026-02-03 08:00:00+00:00,78750.0,79049.0,78426.0,78708.7,4993.386,2026-02-03 08:59:59.999000+00:00,393417506.0301,177380,2623.507,206726095.6236,0,BTCUSDT,1h
2026-02-03 09:00:00+00:00,78708.7,78803.6,77900.0,78351.5,10554.022,2026-02-03 09:59:59.999000+00:00,825627135.2074,260368,5002.351,391355266.771,0,BTCUSDT,1h
2026-02-03 10:00:00+00:00,78351.4,78520.0,78012.3,78077.2,3743.385,2026-02-03 10:59:59.999000+00:00,292943939.0371,141721,1756.269,137424732.7325,0,BTCUSDT,1h
2026-02-03 11:00:00+00:00,78077.3,78315.9,77960.0,78040.1,3912.604,2026-02-03 11:59:59.999000+00:00,305732997.0072,141942,2015.121,157479533.7877,0,BTCUSDT,1h
2026-02-03 12:00:00+00:00,78040.1,78377.8,77950.0,78289.8,4021.096,2026-02-03 12:59:59.999000+00:00,314465458.0197,143446,2185.369,170899447.0597,0,BTCUSDT,1h
2026-02-03 13:00:00+00:00,78289.8,78425.8,78150.0,78260.4,4227.172,2026-02-03 13:59:59.999000+00:00,331009669.1696,139504,2042.229,159921649.6414,0,BTCUSDT,1h
2026-02-03 14:00:00+00:00,78260.4,78397.5,77131.2,77164.5,18781.526,2026-02-03 14:59:59.999000+00:00,1461365809.6307,566722,8513.067,662673777.0494,0,BTCUSDT,1h
2026-02-03 15:00:00+00:00,77164.5,78184.0,77000.5,78094.1,24417.328,2026-02-03 15:59:59.999000+00:00,1894714235.7811,773075,12326.028,956318958.9538,0,BTCUSDT,1h
2026-02-03 16:00:00+00:00,78094.2,78101.5,76448.0,76458.2,24540.659,2026-02-03 16:59:59.999000+00:00,1887686454.2999,659752,11959.629,920038672.6047,0,BTCUSDT,1h
2026-02-03 17:00:00+00:00,76458.2,76500.0,74844.7,74882.4,28936.029,2026-02-03 17:59:59.999000+00:00,2189505249.1734,769798,13209.304,999385594.7818,0,BTCUSDT,1h
2026-02-03 18:00:00+00:00,74882.4,75267.8,73100.0,73111.7,44143.435,2026-02-03 18:59:59.999000+00:00,3274911371.8014,1087469,18685.485,1386086903.6184,0,BTCUSDT,1h
2026-02-03 19:00:00+00:00,73111.7,75221.4,72889.2,74893.8,40615.508,2026-02-03 19:59:59.999000+00:00,3019804513.3511,1005165,22642.731,1683267012.4694,0,BTCUSDT,1h
2026-02-03 20:00:00+00:00,74893.9,76690.0,74541.0,76431.9,24533.336,2026-02-03 20:59:59.999000+00:00,1861545410.0919,704505,13161.32,998664323.3903,0,BTCUSDT,1h
2026-02-03 21:00:00+00:00,76431.9,76920.7,76069.0,76199.9,9470.027,2026-02-03 21:59:59.999000+00:00,724684007.0655,339852,4766.905,364849279.191,0,BTCUSDT,1h
2026-02-03 22:00:00+00:00,76200.0,76269.6,75377.3,75672.5,9419.354,2026-02-03 22:59:59.999000+00:00,714080923.4901,235235,4525.246,342991317.6774,0,BTCUSDT,1h
2026-02-03 23:00:00+00:00,75672.5,75969.3,75393.4,75732.4,6700.032,2026-02-03 23:59:59.999000+00:00,507144308.6112,239060,3527.292,267020389.731,0,BTCUSDT,1h
2026-02-04 00:00:00+00:00,75732.4,76229.1,75420.0,75871.0,6394.408,2026-02-04 00:59:59.999000+00:00,485135603.4146,218290,3150.652,239042974.7242,0,BTCUSDT,1h
2026-02-04 01:00:00+00:00,75871.0,76786.1,75871.0,76392.0,7247.042,2026-02-04 01:59:59.999000+00:00,554101388.199,250049,3543.626,270866846.3433,0,BTCUSDT,1h
2026-02-04 02:00:00+00:00,76392.1,76571.9,75670.0,75926.8,5834.487,2026-02-04 02:59:59.999000+00:00,444025011.2397,213388,2557.302,194645026.4363,0,BTCUSDT,1h
2026-02-04 03:00:00+00:00,75926.9,76952.5,75870.5,76661.1,5754.356,2026-02-04 03:59:59.999000+00:00,440467211.0138,207418,2996.227,229303781.736,0,BTCUSDT,1h
2026-02-04 04:00:00+00:00,76661.1,76809.4,76385.1,76448.0,2713.172,2026-02-04 04:59:59.999000+00:00,207808687.9115,112528,1247.36,95544546.522,0,BTCUSDT,1h
2026-02-04 05:00:00+00:00,76448.0,76497.2,76072.0,76255.0,3255.829,2026-02-04 05:59:59.999000+00:00,248464354.8711,114897,1513.522,115502538.4851,0,BTCUSDT,1h
2026-02-04 06:00:00+00:00,76255.0,76761.0,76218.5,76616.9,3682.973,2026-02-04 06:59:59.999000+00:00,281874132.319,120385,1857.969,142190269.5075,0,BTCUSDT,1h
2026-02-04 07:00:00+00:00,76616.8,76626.4,76304.0,76478.9,3514.953,2026-02-04 07:59:59.999000+00:00,268772856.3957,126907,1932.495,147766506.0732,0,BTCUSDT,1h
2026-02-04 08:00:00+00:00,76478.9,76557.8,76027.0,76541.3,5698.674,2026-02-04 08:59:59.999000+00:00,434800547.8756,177140,2901.812,221470487.0275,0,BTCUSDT,1h
2026-02-04 09:00:00+00:00,76541.2,76568.0,75925.5,76081.9,5305.818,2026-02-04 09:59:59.999000+00:00,404053542.8259,170496,2430.532,185051995.5451,0,BTCUSDT,1h
2026-02-04 10:00:00+00:00,76082.0,76308.9,76025.6,76266.8,3386.506,2026-02-04 10:59:59.999000+00:00,257938598.0546,128288,1681.093,128039968.2401,0,BTCUSDT,1h
2026-02-04 11:00:00+00:00,76266.7,76266.8,75629.9,75987.6,9441.372,2026-02-04 11:59:59.999000+00:00,716953661.4266,249654,4143.39,314630435.6175,0,BTCUSDT,1h
2026-02-04 12:00:00+00:00,75987.6,76245.5,75968.5,76160.0,5058.132,2026-02-04 12:59:59.999000+00:00,384970997.2245,157319,2574.136,195917629.4163,0,BTCUSDT,1h
2026-02-04 13:00:00+00:00,76160.0,76163.6,74829.6,74838.4,12929.177,2026-02-04 13:59:59.999000+00:00,975441356.4568,337684,5708.777,430578910.0645,0,BTCUSDT,1h
2026-02-04 14:00:00+00:00,74838.3,75764.4,74201.5,74328.9,25722.339,2026-02-04 14:59:59.999000+00:00,1930707968.035,812149,12808.047,961544460.164,0,BTCUSDT,1h
2026-02-04 15:00:00+00:00,74329.0,75299.0,73756.0,74107.0,34340.197,2026-02-04 15:59:59.999000+00:00,2555504977.7058,1120650,17014.908,1266322165.5969,0,BTCUSDT,1h
2026-02-04 16:00:00+00:00,74107.0,74211.8,73038.0,73609.1,30314.166,2026-02-04 16:59:59.999000+00:00,2231398095.5242,741136,14345.221,1056225403.4585,0,BTCUSDT,1h
2026-02-04 17:00:00+00:00,73609.1,73825.7,72101.0,72544.2,35666.746,2026-02-04 17:59:59.999000+00:00,2596617914.5285,1001588,16933.519,1233218904.2424,0,BTCUSDT,1h
2026-02-04 18:00:00+00:00,72544.3,74097.6,72227.8,73398.4,30771.346,2026-02-04 18:59:59.999000+00:00,2252424044.1435,896659,17724.575,1297000256.9506,0,BTCUSDT,1h
2026-02-04 19:00:00+00:00,73398.4,73987.4,73004.0,73895.3,13987.103,2026-02-04 19:59:59.999000+00:00,1028203579.694,534186,7155.701,526185139.2988,0,BTCUSDT,1h
2026-02-04 20:00:00+00:00,73895.2,74141.1,73390.1,73488.9,7235.643,2026-02-04 20:59:59.999000+00:00,533465070.4397,291407,3762.187,277429470.7019,0,BTCUSDT,1h
2026-02-04 21:00:00+00:00,73488.9,73632.0,72150.0,72772.8,10132.452,2026-02-04 21:59:59.999000+00:00,738361052.8162,327182,4498.898,327941607.161,0,BTCUSDT,1h
2026-02-04 22:00:00+00:00,72772.9,73675.3,71838.0,72511.1,15964.689,2026-02-04 22:59:59.999000+00:00,1159569075.0405,467350,7113.577,517054192.4229,0,BTCUSDT,1h
2026-02-04 23:00:00+00:00,72511.0,73500.0,72431.3,73137.4,8773.059,2026-02-04 23:59:59.999000+00:00,641064320.7961,369508,5001.462,365453546.4935,0,BTCUSDT,1h
2026-02-05 00:00:00+00:00,73137.5,73300.0,72724.0,72838.9,6424.887,2026-02-05 00:59:59.999000+00:00,469009882.4658,252253,3357.938,245138861.2999,0,BTCUSDT,1h
2026-02-05 01:00:00+00:00,72838.9,73316.3,71950.0,72389.2,14434.871,2026-02-05 01:59:59.999000+00:00,1048073370.2806,592739,6847.352,497232647.5373,0,BTCUSDT,1h
2026-02-05 02:00:00+00:00,72389.1,72832.5,71263.1,71429.1,24176.335,2026-02-05 02:59:59.999000+00:00,1741249407.1385,766383,9943.695,716727627.8616,0,BTCUSDT,1h
2026-02-05 03:00:00+00:00,71429.1,71850.0,71111.0,71198.9,16641.703,2026-02-05 03:59:59.999000+00:00,1189407787.1759,603781,8291.924,592774727.4404,0,BTCUSDT,1h
2026-02-05 04:00:00+00:00,71199.0,71420.3,70676.3,70873.2,23330.56,2026-02-05 04:59:59.999000+00:00,1657378879.0603,657331,11201.359,796026884.9723,0,BTCUSDT,1h
2026-02-05 05:00:00+00:00,70863.9,71122.0,70085.3,70694.9,21443.23,2026-02-05 05:59:59.999000+00:00,1513549347.7604,626477,8472.18,598282069.3856,0,BTCUSDT,1h
2026-02-05 06:00:00+00:00,70694.8,70955.0,70367.1,70911.4,11973.932,2026-02-05 06:59:59.999000+00:00,846235509.5739,430295,5898.745,416941946.9653,0,BTCUSDT,1h
2026-02-05 07:00:00+00:00,70911.5,71600.0,70587.5,70716.1,13881.524,2026-02-05 07:59:59.999000+00:00,988083921.7632,449381,7276.275,518117575.6566,0,BTCUSDT,1h
2026-02-05 08:00:00+00:00,70716.1,71511.0,70639.7,71020.9,9452.816,2026-02-05 08:59:59.999000+00:00,672303159.9652,376940,4596.722,326898462.988,0,BTCUSDT,1h
2026-02-05 09:00:00+00:00,71020.9,71944.4,71006.5,71531.7,11658.845,2026-02-05 09:59:59.999000+00:00,834805899.5056,393031,5918.166,423702556.445,0,BTCUSDT,1h
2026-02-05 10:00:00+00:00,71531.6,71693.3,70609.4,70820.3,9242.383,2026-02-05 10:59:59.999000+00:00,657477822.101,298548,4174.96,297020874.8696,0,BTCUSDT,1h
2026-02-05 11:00:00+00:00,70820.3,71020.0,69862.0,70279.0,24802.093,2026-02-05 11:59:59.999000+00:00,1744223523.0088,700713,11074.066,778849297.8694,0,BTCUSDT,1h
2026-02-05 12:00:00+00:00,70279.1,70566.6,69112.1,69532.9,35071.848,2026-02-05 12:59:59.999000+00:00,2439437821.4671,942225,16831.51,1170637411.268,0,BTCUSDT,1h
2026-02-05 13:00:00+00:00,69532.9,69798.6,69223.0,69656.3,12997.128,2026-02-05 13:59:59.999000+00:00,903258204.9069,510720,6658.247,462763984.9786,0,BTCUSDT,1h
2026-02-05 14:00:00+00:00,69656.3,70848.6,69247.3,69365.5,30259.452,2026-02-05 14:59:59.999000+00:00,2120560044.4682,1077971,16001.608,1121654246.5039,0,BTCUSDT,1h
2026-02-05 15:00:00+00:00,69365.4,69569.6,66666.0,67451.9,90464.247,2026-02-05 15:59:59.999000+00:00,6130341249.267,2032761,43023.187,2913246059.7091,0,BTCUSDT,1h
2026-02-05 16:00:00+00:00,67452.0,68667.4,66904.2,68262.7,36078.283,2026-02-05 16:59:59.999000+00:00,2446333931.9678,1039484,18726.875,1270061775.3298,0,BTCUSDT,1h
2026-02-05 17:00:00+00:00,68262.7,68348.6,66125.0,66153.9,42861.988,2026-02-05 17:59:59.999000+00:00,2873001931.4753,1099054,19779.626,1326195205.8631,0,BTCUSDT,1h
2026-02-05 18:00:00+00:00,66153.8,66519.2,65359.1,66312.1,37138.161,2026-02-05 18:59:59.999000+00:00,2447637642.5326,1119764,17359.095,1144309837.9129,0,BTCUSDT,1h
2026-02-05 19:00:00+00:00,66312.1,66615.3,65160.0,65237.4,22706.81,2026-02-05 19:59:59.999000+00:00,1496026635.5856,854570,11118.538,732678885.2675,0,BTCUSDT,1h
2026-02-05 20:00:00+00:00,65237.5,65678.1,62233.3,63750.9,77533.689,2026-02-05 20:59:59.999000+00:00,4947369613.8,1772175,35097.693,2239436359.3015,0,BTCUSDT,1h
2026-02-05 21:00:00+00:00,63750.9,64759.2,62853.9,63188.8,45680.642,2026-02-05 21:59:59.999000+00:00,2913764025.9759,1270068,25106.632,1601726320.9641,0,BTCUSDT,1h
2026-02-05 22:00:00+00:00,63188.8,64591.1,62644.3,63878.7,25968.909,2026-02-05 22:59:59.999000+00:00,1651949325.2753,838465,13403.881,853190866.2905,0,BTCUSDT,1h
2026-02-05 23:00:00+00:00,63878.7,64866.0,62666.3,62868.1,25865.405,2026-02-05 23:59:59.999000+00:00,1651974235.2956,876431,11948.99,764362533.71,0,BTCUSDT,1h
2026-02-06 00:00:00+00:00,62868.1,63812.5,59800.0,63460.4,94089.579,2026-02-06 00:59:59.999000+00:00,5808759615.9333,1958948,44292.351,2736275859.8639,0,BTCUSDT,1h
2026-02-06 01:00:00+00:00,63460.4,65741.4,63458.1,65666.0,39678.824,2026-02-06 01:59:59.999000+00:00,2560681881.6264,1184054,21118.222,1363197885.2096,0,BTCUSDT,1h
2026-02-06 02:00:00+00:00,65666.0,65969.5,64124.9,64955.6,28572.122,2026-02-06 02:59:59.999000+00:00,1854835620.1429,862510,14094.957,915225409.4614,0,BTCUSDT,1h
2026-02-06 03:00:00+00:00,64955.6,65126.9,63702.3,64138.1,14629.783,2026-02-06 03:59:59.999000+00:00,942392760.5366,601318,6780.578,436898431.5218,0,BTCUSDT,1h
2026-02-06 04:00:00+00:00,64138.1,64974.8,63924.7,64865.1,9945.249,2026-02-06 04:59:59.999000+00:00,642422994.3237,468568,5170.841,334035691.1829,0,BTCUSDT,1h
2026-02-06 05:00:00+00:00,64865.1,66783.0,64767.3,66365.3,19082.992,2026-02-06 05:59:59.999000+00:00,1257763647.2107,575761,10574.473,697091659.2214,0,BTCUSDT,1h
2026-02-06 06:00:00+00:00,66365.3,66753.7,64805.3,64947.6,23433.626,2026-02-06 06:59:59.999000+00:00,1538852082.768,593587,10487.535,687938571.1927,0,BTCUSDT,1h
2026-02-06 07:00:00+00:00,64947.6,65509.6,64590.1,64811.2,17636.101,2026-02-06 07:59:59.999000+00:00,1145906769.9996,481400,9203.506,598166836.3935,0,BTCUSDT,1h
2026-02-06 08:00:00+00:00,64811.2,65168.9,64438.9,64850.1,13883.424,2026-02-06 08:59:59.999000+00:00,899602715.8032,468614,6244.083,404674739.287,0,BTCUSDT,1h
2026-02-06 09:00:00+00:00,64850.2,66119.2,64716.6,65757.9,15267.607,2026-02-06 09:59:59.999000+00:00,1000706593.9588,438639,7629.366,499894056.6083,0,BTCUSDT,1h
2026-02-06 10:00:00+00:00,65757.9,66198.7,65500.0,65929.4,11219.667,2026-02-06 10:59:59.999000+00:00,739268065.4015,311162,4837.085,318760610.5682,0,BTCUSDT,1h
2026-02-06 11:00:00+00:00,65929.5,66773.4,65732.1,66586.1,13740.05,2026-02-06 11:59:59.999000+00:00,909885135.1946,315820,8439.07,559076017.9116,0,BTCUSDT,1h
2026-02-06 12:00:00+00:00,66586.1,66588.0,66072.0,66522.6,9918.345,2026-02-06 12:59:59.999000+00:00,657820261.4448,305876,5031.695,333759360.6481,0,BTCUSDT,1h
2026-02-06 13:00:00+00:00,66522.7,67661.8,66440.8,67274.9,24032.659,2026-02-06 13:59:59.999000+00:00,1611746392.125,682728,13430.564,900900323.2869,0,BTCUSDT,1h
2026-02-06 14:00:00+00:00,67274.9,68588.0,66539.3,68149.1,39719.043,2026-02-06 14:59:59.999000+00:00,2689301088.7766,1143992,19898.351,1347792671.8776,0,BTCUSDT,1h
2026-02-06 15:00:00+00:00,68149.1,69157.9,67715.0,68577.5,32017.004,2026-02-06 15:59:59.999000+00:00,2188046233.4307,1075854,16748.365,1144895472.4834,0,BTCUSDT,1h
2026-02-06 16:00:00+00:00,68577.5,70188.8,68348.0,69896.0,35363.519,2026-02-06 16:59:59.999000+00:00,2458941258.7673,977385,18827.57,1309169749.5454,0,BTCUSDT,1h
2026-02-06 17:00:00+00:00,69896.0,71451.6,69536.0,70707.3,33804.794,2026-02-06 17:59:59.999000+00:00,2388529300.5343,994033,18987.777,1341751538.6664,0,BTCUSDT,1h
2026-02-06 18:00:00+00:00,70707.3,70772.1,69301.8,69728.7,26679.981,2026-02-06 18:59:59.999000+00:00,1865912250.1399,841749,12163.199,850712720.0447,0,BTCUSDT,1h
2026-02-06 19:00:00+00:00,69728.7,70927.8,69608.0,70675.5,12127.002,2026-02-06 19:59:59.999000+00:00,851795612.3992,484407,6546.826,460075725.2843,0,BTCUSDT,1h
2026-02-06 20:00:00+00:00,70675.5,70954.7,69925.3,69939.0,13222.419,2026-02-06 20:59:59.999000+00:00,931074931.1471,517525,6468.504,455568823.633,0,BTCUSDT,1h
2026-02-06 21:00:00+00:00,69939.0,70454.8,69764.7,70308.7,6390.025,2026-02-06 21:59:59.999000+00:00,448085297.8276,292404,3365.183,236019441.8587,0,BTCUSDT,1h
2026-02-06 22:00:00+00:00,70308.7,71550.0,70227.7,71321.1,12899.943,2026-02-06 22:59:59.999000+00:00,915352320.2025,383401,7829.705,555447699.4767,0,BTCUSDT,1h
2026-02-06 23:00:00+00:00,71321.2,71714.4,70469.1,70544.5,11829.011,2026-02-06 23:59:59.999000+00:00,839471846.2719,373169,5304.165,376619856.9587,0,BTCUSDT,1h
2026-02-07 00:00:00+00:00,70544.5,70569.4,69674.5,69917.1,14132.531,2026-02-07 00:59:59.999000+00:00,990138273.7562,483512,6744.375,472494384.8543,0,BTCUSDT,1h
2026-02-07 01:00:00+00:00,69917.2,70665.1,69695.9,70431.1,7386.123,2026-02-07 01:59:59.999000+00:00,518385565.4642,269981,4112.331,288767250.95,0,BTCUSDT,1h
2026-02-07 02:00:00+00:00,70431.0,70589.1,70101.1,70319.0,4176.687,2026-02-07 02:59:59.999000+00:00,293831818.9698,189778,2021.685,142259124.7276,0,BTCUSDT,1h
2026-02-07 03:00:00+00:00,70319.1,70899.5,70237.4,70887.1,6160.414,2026-02-07 03:59:59.999000+00:00,435315899.9617,237227,3052.567,215715286.5423,0,BTCUSDT,1h
2026-02-07 04:00:00+00:00,70887.2,71690.0,70564.0,70728.7,12773.123,2026-02-07 04:59:59.999000+00:00,908274590.9794,414484,6736.658,479190525.3923,0,BTCUSDT,1h
2026-02-07 05:00:00+00:00,70728.6,71150.0,69906.4,70124.6,11941.722,2026-02-07 05:59:59.999000+00:00,841324355.1944,355123,4779.414,336798422.4333,0,BTCUSDT,1h
2026-02-07 06:00:00+00:00,70124.6,70274.5,68700.0,68733.6,19458.749,2026-02-07 06:59:59.999000+00:00,1353523440.7789,497458,6470.967,450541245.9174,0,BTCUSDT,1h
2026-02-07 07:00:00+00:00,68733.6,69050.0,67250.0,68050.5,44529.556,2026-02-07 07:59:59.999000+00:00,3031064447.6708,1197819,22115.547,1504866439.8772,0,BTCUSDT,1h
2026-02-07 08:00:00+00:00,68050.5,68797.8,67710.8,68458.5,16734.464,2026-02-07 08:59:59.999000+00:00,1143682992.5533,497300,9921.722,678326478.6058,0,BTCUSDT,1h
2026-02-07 09:00:00+00:00,68458.6,68732.0,67855.0,68107.4,9297.469,2026-02-07 09:59:59.999000+00:00,634563675.7394,334843,4593.569,313588581.5108,0,BTCUSDT,1h
2026-02-07 10:00:00+00:00,68107.3,68288.0,67550.2,67954.8,7765.738,2026-02-07 10:59:59.999000+00:00,527136692.7552,283249,3636.363,246909987.2548,0,BTCUSDT,1h
2026-02-07 11:00:00+00:00,67954.8,68132.1,67639.2,67935.1,6036.474,2026-02-07 11:59:59.999000+00:00,409799476.9345,221203,3421.471,232268481.4938,0,BTCUSDT,1h
2026-02-07 12:00:00+00:00,67935.0,70000.0,67870.2,68988.7,30337.618,2026-02-07 12:59:59.999000+00:00,2097129780.0655,835443,16140.069,1116046542.3682,0,BTCUSDT,1h
2026-02-07 13:00:00+00:00,68988.7,69333.0,68771.8,69062.8,7345.268,2026-02-07 13:59:59.999000+00:00,507042335.2914,293364,3855.957,266249961.4998,0,BTCUSDT,1h
2026-02-07 14:00:00+00:00,69062.9,69154.9,68290.0,68615.9,8372.204,2026-02-07 14:59:59.999000+00:00,575343593.8734,335124,3629.991,249558690.3578,0,BTCUSDT,1h
2026-02-07 15:00:00+00:00,68615.8,69776.9,68519.9,69122.1,13671.289,2026-02-07 15:59:59.999000+00:00,946294856.9617,470798,7384.175,511108748.8637,0,BTCUSDT,1h
2026-02-07 16:00:00+00:00,69122.1,69887.7,68801.0,68924.3,18840.729,2026-02-07 16:59:59.999000+00:00,1306707168.4291,644043,9367.733,649868003.6233,0,BTCUSDT,1h
2026-02-07 17:00:00+00:00,68924.4,69399.2,68478.1,69154.3,7519.676,2026-02-07 17:59:59.999000+00:00,518449427.1469,300834,3649.534,251813006.8464,0,BTCUSDT,1h
2026-02-07 18:00:00+00:00,69154.2,69672.6,68966.9,69475.0,4883.362,2026-02-07 18:59:59.999000+00:00,338658919.1432,234964,2629.609,182384676.2141,0,BTCUSDT,1h
2026-02-07 19:00:00+00:00,69475.0,69555.2,69222.3,69341.4,2843.488,2026-02-07 19:59:59.999000+00:00,197267778.2057,144635,1514.659,105078629.5705,0,BTCUSDT,1h
2026-02-07 20:00:00+00:00,69341.3,69688.2,69216.6,69596.5,2410.976,2026-02-07 20:59:59.999000+00:00,167498903.3429,121978,1262.237,87701138.132,0,BTCUSDT,1h
2026-02-07 21:00:00+00:00,69596.5,69669.7,69312.0,69466.3,2010.778,2026-02-07 21:59:59.999000+00:00,139705787.5957,115466,983.367,68326123.1648,0,BTCUSDT,1h
2026-02-07 22:00:00+00:00,69466.2,69673.6,69273.5,69368.2,1928.806,2026-02-07 22:59:59.999000+00:00,133971711.9547,91024,989.086,68703185.1842,0,BTCUSDT,1h
2026-02-07 23:00:00+00:00,69368.2,69436.8,68734.6,69254.2,6106.407,2026-02-07 23:59:59.999000+00:00,421747839.2298,214595,2772.454,191517676.2957,0,BTCUSDT,1h
2026-02-08 00:00:00+00:00,69254.3,69399.4,68843.7,69100.2,4054.301,2026-02-08 00:59:59.999000+00:00,280084118.2042,172965,2039.205,140888207.0907,0,BTCUSDT,1h
2026-02-08 01:00:00+00:00,69100.3,69478.2,69057.4,69341.5,3303.609,2026-02-08 01:59:59.999000+00:00,228832151.5706,152800,1748.168,121087987.4984,0,BTCUSDT,1h
2026-02-08 02:00:00+00:00,69341.4,69666.0,69111.0,69335.7,4375.413,2026-02-08 02:59:59.999000+00:00,303561924.0366,163474,2183.739,151536687.9098,0,BTCUSDT,1h
2026-02-08 03:00:00+00:00,69335.7,69418.2,69026.5,69064.7,3178.329,2026-02-08 03:59:59.999000+00:00,220053600.6459,124190,1506.713,104324915.4548,0,BTCUSDT,1h
2026-02-08 04:00:00+00:00,69064.7,69348.8,68928.0,69303.4,2424.538,2026-02-08 04:59:59.999000+00:00,167687775.2426,114746,1245.601,86159093.6582,0,BTCUSDT,1h
2026-02-08 05:00:00+00:00,69303.4,69397.1,69112.2,69190.7,2627.932,2026-02-08 05:59:59.999000+00:00,181959917.338,94504,1453.32,100644110.3691,0,BTCUSDT,1h
2026-02-08 06:00:00+00:00,69190.8,69391.1,69055.0,69321.8,2808.127,2026-02-08 06:59:59.999000+00:00,194511477.6051,127294,1454.393,100738183.282,0,BTCUSDT,1h
2026-02-08 07:00:00+00:00,69321.7,69693.0,69175.9,69665.0,4242.838,2026-02-08 07:59:59.999000+00:00,294679770.6502,150058,2413.501,167636715.03,0,BTCUSDT,1h
2026-02-08 08:00:00+00:00,69665.1,70790.0,69467.9,70624.5,16299.522,2026-02-08 08:59:59.999000+00:00,1144049398.8596,468142,9583.577,672748088.8282,0,BTCUSDT,1h
2026-02-08 09:00:00+00:00,70624.4,70671.5,70058.0,70066.8,6897.388,2026-02-08 09:59:59.999000+00:00,484903834.7012,262833,3215.904,226115613.6415,0,BTCUSDT,1h
2026-02-08 10:00:00+00:00,70066.9,70422.2,69839.1,70231.1,10093.15,2026-02-08 10:59:59.999000+00:00,707651713.8252,277003,4996.471,350330139.2172,0,BTCUSDT,1h
2026-02-08 11:00:00+00:00,70231.1,71199.9,70182.1,70954.0,10531.788,2026-02-08 11:59:59.999000+00:00,745472175.9156,339261,5743.155,406557999.903,0,BTCUSDT,1h
2026-02-08 12:00:00+00:00,70954.0,71281.3,70653.0,71203.4,7465.325,2026-02-08 12:59:59.999000+00:00,529518614.0132,259961,4254.763,301910347.6133,0,BTCUSDT,1h
2026-02-08 13:00:00+00:00,71203.4,71479.7,70921.6,71472.6,7550.342,2026-02-08 13:59:59.999000+00:00,537968724.7771,270723,3730.214,265802050.3339,0,BTCUSDT,1h
2026-02-08 14:00:00+00:00,71472.5,71524.9,71047.1,71218.3,5452.751,2026-02-08 14:59:59.999000+00:00,388533158.6267,221512,2620.007,186725700.5233,0,BTCUSDT,1h
2026-02-08 15:00:00+00:00,71218.3,71433.2,70730.2,71152.6,7786.826,2026-02-08 15:59:59.999000+00:00,553446461.0334,321702,3779.864,268714019.0591,0,BTCUSDT,1h
2026-02-08 16:00:00+00:00,71152.5,71225.5,70220.1,70388.7,9205.941,2026-02-08 16:59:59.999000+00:00,650619733.7452,331130,4109.977,290479540.6574,0,BTCUSDT,1h
2026-02-08 17:00:00+00:00,70388.6,70840.9,70374.8,70754.5,5510.516,2026-02-08 17:59:59.999000+00:00,389362585.3363,238590,2825.583,199651514.3392,0,BTCUSDT,1h
2026-02-08 18:00:00+00:00,70754.4,71376.3,70710.4,71103.1,5755.059,2026-02-08 18:59:59.999000+00:00,409010618.256,238908,3145.873,223574061.0214,0,BTCUSDT,1h
2026-02-08 19:00:00+00:00,71103.0,71480.0,71100.5,71381.0,2974.356,2026-02-08 19:59:59.999000+00:00,212046110.8051,145452,1470.592,104853609.0739,0,BTCUSDT,1h
2026-02-08 20:00:00+00:00,71381.0,71381.3,70657.7,70801.5,4304.587,2026-02-08 20:59:59.999000+00:00,305533129.5701,174061,2006.598,142436233.0209,0,BTCUSDT,1h
2026-02-08 21:00:00+00:00,70801.5,71103.8,70500.0,70665.4,3400.505,2026-02-08 21:59:59.999000+00:00,240718703.2368,152510,1649.154,116781785.4421,0,BTCUSDT,1h
2026-02-08 22:00:00+00:00,70665.5,71076.4,70607.4,71036.2,2602.596,2026-02-08 22:59:59.999000+00:00,184361697.518,121498,1406.184,99625776.637,0,BTCUSDT,1h
2026-02-08 23:00:00+00:00,71036.2,72300.0,69913.3,70288.1,29907.848,2026-02-08 23:59:59.999000+00:00,2122927632.7445,835420,15498.632,1101187775.8515,0,BTCUSDT,1h
2026-02-09 00:00:00+00:00,70288.2,70738.5,70065.8,70454.1,7449.806,2026-02-09 00:59:59.999000+00:00,524627262.9815,365328,4165.18,293345635.6699,0,BTCUSDT,1h
2026-02-09 01:00:00+00:00,70453.8,70892.8,70013.3,70328.0,7691.265,2026-02-09 01:59:59.999000+00:00,541683901.1271,371637,3804.337,267942906.8268,0,BTCUSDT,1h
2026-02-09 02:00:00+00:00,70327.9,70979.8,70175.1,70593.0,5502.864,2026-02-09 02:59:59.999000+00:00,388398199.8989,273573,2852.519,201328857.7873,0,BTCUSDT,1h
2026-02-09 03:00:00+00:00,70593.1,71434.9,70571.4,71269.9,7431.204,2026-02-09 03:59:59.999000+00:00,527908135.3106,287084,4269.991,303343989.1253,0,BTCUSDT,1h
2026-02-09 04:00:00+00:00,71269.8,71320.0,70875.0,70967.0,4094.329,2026-02-09 04:59:59.999000+00:00,291014586.709,184310,2100.673,149323758.8903,0,BTCUSDT,1h
2026-02-09 05:00:00+00:00,70966.9,71079.0,70766.8,71014.2,3491.471,2026-02-09 05:59:59.999000+00:00,247605288.5822,151971,2007.987,142416609.5629,0,BTCUSDT,1h
2026-02-09 06:00:00+00:00,71014.1,71014.2,70251.1,70622.4,6532.962,2026-02-09 06:59:59.999000+00:00,460879715.4166,226003,3406.811,240328156.0923,0,BTCUSDT,1h
2026-02-09 07:00:00+00:00,70622.4,70868.1,70317.8,70393.5,5044.225,2026-02-09 07:59:59.999000+00:00,355887422.0521,184963,2577.245,181832814.9009,0,BTCUSDT,1h
2026-02-09 08:00:00+00:00,70393.5,70583.3,69358.6,69832.2,13254.842,2026-02-09 08:59:59.999000+00:00,926354470.9602,410681,5837.848,408009555.3168,0,BTCUSDT,1h
2026-02-09 09:00:00+00:00,69832.1,70081.9,69429.5,69588.0,7835.646,2026-02-09 09:59:59.999000+00:00,546326521.5897,263797,3699.745,258028124.8166,0,BTCUSDT,1h
2026-02-09 10:00:00+00:00,69587.9,69698.9,68373.9,68694.0,19882.71,2026-02-09 10:59:59.999000+00:00,1370202646.3707,547073,8907.306,613736071.0446,0,BTCUSDT,1h
2026-02-09 11:00:00+00:00,68694.1,68997.6,68550.0,68899.9,8037.784,2026-02-09 11:59:59.999000+00:00,553059879.3121,276814,4162.061,286420505.7368,0,BTCUSDT,1h
2026-02-09 12:00:00+00:00,68900.0,69220.0,68822.2,69109.7,8382.834,2026-02-09 12:59:59.999000+00:00,578883547.0485,244782,4758.509,328626073.7023,0,BTCUSDT,1h
2026-02-09 13:00:00+00:00,69109.7,69275.7,68548.3,68556.9,8131.572,2026-02-09 13:59:59.999000+00:00,560862857.0227,263398,3553.742,245223429.2702,0,BTCUSDT,1h
2026-02-09 14:00:00+00:00,68557.0,69740.4,68271.7,69232.4,23586.094,2026-02-09 14:59:59.999000+00:00,1625710701.5969,829755,12305.929,848489409.1584,0,BTCUSDT,1h
2026-02-09 15:00:00+00:00,69232.5,69843.7,68767.6,69528.9,16427.319,2026-02-09 15:59:59.999000+00:00,1139011692.5547,599670,8240.598,571447527.2523,0,BTCUSDT,1h
2026-02-09 16:00:00+00:00,69528.9,70389.5,69050.0,70049.1,14912.022,2026-02-09 16:59:59.999000+00:00,1040468615.4874,537512,8206.112,572700864.4811,0,BTCUSDT,1h
2026-02-09 17:00:00+00:00,70049.1,71008.0,69824.4,70570.6,15731.566,2026-02-09 17:59:59.999000+00:00,1107333568.5119,483372,8244.012,580583890.6773,0,BTCUSDT,1h
2026-02-09 18:00:00+00:00,70570.6,70978.6,70045.9,70379.9,9082.287,2026-02-09 18:59:59.999000+00:00,639446628.6136,392512,4516.894,318011582.3043,0,BTCUSDT,1h
2026-02-09 19:00:00+00:00,70379.9,71041.0,70213.1,70912.7,7258.748,2026-02-09 19:59:59.999000+00:00,513343450.9474,289237,3320.424,234774841.7343,0,BTCUSDT,1h
2026-02-09 20:00:00+00:00,70912.6,71085.0,70450.0,70683.9,7956.699,2026-02-09 20:59:59.999000+00:00,562701607.8063,295713,3529.314,249602547.027,0,BTCUSDT,1h
2026-02-09 21:00:00+00:00,70683.9,70758.0,69776.1,70362.4,8040.421,2026-02-09 21:59:59.999000+00:00,564131659.1586,247939,3864.502,271179673.7517,0,BTCUSDT,1h
2026-02-09 22:00:00+00:00,70362.4,70687.9,70236.3,70334.2,3671.125,2026-02-09 22:59:59.999000+00:00,258582009.6607,141997,1741.172,122642637.4952,0,BTCUSDT,1h
2026-02-09 23:00:00+00:00,70334.2,70542.9,70042.1,70110.5,3013.033,2026-02-09 23:59:59.999000+00:00,211808602.0959,131426,1426.014,100247988.1325,0,BTCUSDT,1h
2026-02-10 00:00:00+00:00,70110.6,70226.3,69705.8,69793.3,5042.715,2026-02-10 00:59:59.999000+00:00,352687306.308,174097,2373.729,166031125.3099,0,BTCUSDT,1h
2026-02-10 01:00:00+00:00,69793.3,70499.9,69793.3,70454.7,5037.602,2026-02-10 01:59:59.999000+00:00,353799223.3523,197353,2763.329,194052360.299,0,BTCUSDT,1h
2026-02-10 02:00:00+00:00,70454.7,70454.7,69952.8,70068.4,3527.539,2026-02-10 02:59:59.999000+00:00,247593514.2048,145457,1715.627,120423650.307,0,BTCUSDT,1h
2026-02-10 03:00:00+00:00,70068.5,70137.4,69155.8,69473.3,8925.251,2026-02-10 03:59:59.999000+00:00,620653373.3977,288743,3887.683,270315187.6994,0,BTCUSDT,1h
2026-02-10 04:00:00+00:00,69473.2,69886.1,69432.9,69800.5,5095.792,2026-02-10 04:59:59.999000+00:00,355189607.424,162751,2887.097,201249346.4673,0,BTCUSDT,1h
2026-02-10 05:00:00+00:00,69800.5,69832.1,69169.1,69415.3,5921.583,2026-02-10 05:59:59.999000+00:00,411377966.9034,203173,2680.256,186220238.9213,0,BTCUSDT,1h
2026-02-10 06:00:00+00:00,69415.4,69469.8,68633.3,68872.4,9749.316,2026-02-10 06:59:59.999000+00:00,672869491.6278,309713,3953.578,272949244.0593,0,BTCUSDT,1h
2026-02-10 07:00:00+00:00,68872.4,69173.4,68800.1,68882.1,6144.663,2026-02-10 07:59:59.999000+00:00,423908454.667,194931,3024.851,208691478.6953,0,BTCUSDT,1h
2026-02-10 08:00:00+00:00,68882.2,69195.2,68686.9,69091.9,6812.081,2026-02-10 08:59:59.999000+00:00,469700194.2733,201465,3537.944,243991721.0636,0,BTCUSDT,1h
2026-02-10 09:00:00+00:00,69091.8,69376.3,68913.9,69115.0,6222.059,2026-02-10 09:59:59.999000+00:00,430466257.7522,180262,3504.678,242513389.6462,0,BTCUSDT,1h
2026-02-10 10:00:00+00:00,69115.0,69232.7,68876.5,68884.8,3084.9,2026-02-10 10:59:59.999000+00:00,212988659.7759,112343,1500.161,103591138.2607,0,BTCUSDT,1h
2026-02-10 11:00:00+00:00,68884.8,69048.9,68406.4,68489.9,8671.396,2026-02-10 11:59:59.999000+00:00,595508642.8284,214801,3742.448,257066810.9846,0,BTCUSDT,1h
2026-02-10 12:00:00+00:00,68489.9,68819.1,68370.3,68564.8,6344.953,2026-02-10 12:59:59.999000+00:00,435331996.7533,200346,3206.5,220018844.3013,0,BTCUSDT,1h
2026-02-10 13:00:00+00:00,68564.7,69099.6,68318.0,68981.9,8027.556,2026-02-10 13:59:59.999000+00:00,551926908.9381,264390,4113.186,282841255.6982,0,BTCUSDT,1h
2026-02-10 14:00:00+00:00,68981.8,69554.7,67883.0,68426.3,27724.225,2026-02-10 14:59:59.999000+00:00,1901977472.2636,751581,13768.267,944924930.894,0,BTCUSDT,1h
2026-02-10 15:00:00+00:00,68426.3,69485.0,68258.7,69251.5,19063.302,2026-02-10 15:59:59.999000+00:00,1315030098.2601,679188,9526.797,657167339.1315,0,BTCUSDT,1h
2026-02-10 16:00:00+00:00,69251.4,69778.0,68889.7,69473.5,10899.266,2026-02-10 16:59:59.999000+00:00,756088315.3047,422775,5633.532,390847148.7861,0,BTCUSDT,1h
2026-02-10 17:00:00+00:00,69473.5,69957.9,69267.8,69886.6,8006.235,2026-02-10 17:59:59.999000+00:00,557895230.9232,300406,4002.121,278955210.8388,0,BTCUSDT,1h
2026-02-10 18:00:00+00:00,69886.5,69910.1,68555.6,68860.0,10012.65,2026-02-10 18:59:59.999000+00:00,691940189.6429,381260,4786.744,330734979.1765,0,BTCUSDT,1h
2026-02-10 19:00:00+00:00,68860.0,69278.2,68658.9,69031.4,5821.034,2026-02-10 19:59:59.999000+00:00,401445745.3405,261036,3112.213,214649199.7405,0,BTCUSDT,1h
2026-02-10 20:00:00+00:00,69031.3,69116.9,68585.6,68719.2,4464.833,2026-02-10 20:59:59.999000+00:00,307208022.6574,203261,2176.428,149769640.9793,0,BTCUSDT,1h
2026-02-10 21:00:00+00:00,68719.2,68980.0,68322.1,68623.3,4547.422,2026-02-10 21:59:59.999000+00:00,311951587.3172,174679,2194.171,150539935.7402,0,BTCUSDT,1h
2026-02-10 22:00:00+00:00,68623.3,68833.5,68526.6,68662.7,2536.382,2026-02-10 22:59:59.999000+00:00,174143320.0956,102825,1313.033,90150651.8649,0,BTCUSDT,1h
2026-02-10 23:00:00+00:00,68662.7,68830.8,68468.9,68805.3,2189.854,2026-02-10 23:59:59.999000+00:00,150348509.1246,108745,1105.147,75881261.3347,0,BTCUSDT,1h
2026-02-11 00:00:00+00:00,68805.3,69218.3,68750.0,69156.8,3950.544,2026-02-11 00:59:59.999000+00:00,272572292.1285,152558,2175.896,150144063.3569,0,BTCUSDT,1h
2026-02-11 01:00:00+00:00,69156.9,69262.7,68868.8,68947.5,2672.496,2026-02-11 01:59:59.999000+00:00,184481498.509,124995,1279.474,88332072.3705,0,BTCUSDT,1h
2026-02-11 02:00:00+00:00,68947.5,69132.7,68563.8,68641.3,3918.734,2026-02-11 02:59:59.999000+00:00,269713582.4831,155687,1681.228,115701820.7105,0,BTCUSDT,1h
2026-02-11 03:00:00+00:00,68641.3,68718.0,67951.8,68143.6,8603.423,2026-02-11 03:59:59.999000+00:00,587563415.4812,273279,3781.706,258272877.2794,0,BTCUSDT,1h
2026-02-11 04:00:00+00:00,68143.6,68288.0,67320.0,67548.8,13524.481,2026-02-11 04:59:59.999000+00:00,915307616.294,419865,5952.596,402877750.6759,0,BTCUSDT,1h
2026-02-11 05:00:00+00:00,67548.8,67781.4,67357.0,67367.8,5558.451,2026-02-11 05:59:59.999000+00:00,375508239.0137,208633,2695.263,182110492.765,0,BTCUSDT,1h
2026-02-11 06:00:00+00:00,67367.8,67463.4,66511.0,66788.0,15850.0,2026-02-11 06:59:59.999000+00:00,1061057394.5628,450524,7206.705,482417186.0153,0,BTCUSDT,1h
2026-02-11 07:00:00+00:00,66786.3,67225.0,66600.1,67000.0,8187.628,2026-02-11 07:59:59.999000+00:00,548025776.3753,261285,4438.837,297120704.0711,0,BTCUSDT,1h
2026-02-11 08:00:00+00:00,67000.0,67094.4,66755.2,66950.3,5194.714,2026-02-11 08:59:59.999000+00:00,347639777.6125,203461,2690.74,180081189.1497,0,BTCUSDT,1h
2026-02-11 09:00:00+00:00,66950.3,67085.5,66682.1,66848.6,4120.254,2026-02-11 09:59:59.999000+00:00,275454452.7019,156785,2048.898,136988592.1745,0,BTCUSDT,1h
2026-02-11 10:00:00+00:00,66848.6,66864.8,66342.6,66506.0,8850.049,2026-02-11 10:59:59.999000+00:00,589291803.1196,270097,3896.234,259469168.1697,0,BTCUSDT,1h
2026-02-11 11:00:00+00:00,66506.1,67087.4,66477.9,67023.0,7071.645,2026-02-11 11:59:59.999000+00:00,472880814.9464,230540,3853.178,257662001.0736,0,BTCUSDT,1h
2026-02-11 12:00:00+00:00,67022.9,67400.0,66922.5,67099.2,9017.22,2026-02-11 12:59:59.999000+00:00,605612922.629,238950,5060.693,339904280.052,0,BTCUSDT,1h
2026-02-11 13:00:00+00:00,67099.2,67638.4,66757.9,67424.2,16779.184,2026-02-11 13:59:59.999000+00:00,1127223673.4294,490363,8849.975,594645253.941,0,BTCUSDT,1h
2026-02-11 14:00:00+00:00,67424.1,68821.1,66400.0,66559.9,39554.805,2026-02-11 14:59:59.999000+00:00,2677194904.5171,1095076,20388.731,1380269954.9231,0,BTCUSDT,1h
2026-02-11 15:00:00+00:00,66559.8,66788.7,65718.5,66489.3,29237.621,2026-02-11 15:59:59.999000+00:00,1937023688.6002,947675,14247.239,944078324.4376,0,BTCUSDT,1h
2026-02-11 16:00:00+00:00,66489.4,67250.0,65910.0,66008.0,16888.019,2026-02-11 16:59:59.999000+00:00,1123544440.8147,585251,8704.219,579137564.9863,0,BTCUSDT,1h
2026-02-11 17:00:00+00:00,66008.0,66895.0,65834.5,66489.1,11145.115,2026-02-11 17:59:59.999000+00:00,740716640.897,441524,5261.542,349599248.7938,0,BTCUSDT,1h
2026-02-11 18:00:00+00:00,66489.1,67274.6,66114.5,67239.2,8778.468,2026-02-11 18:59:59.999000+00:00,586406148.6817,365902,4491.908,300074670.3365,0,BTCUSDT,1h
2026-02-11 19:00:00+00:00,67239.2,67831.4,67069.4,67547.7,10690.909,2026-02-11 19:59:59.999000+00:00,721773830.6509,384886,5225.417,352787091.1855,0,BTCUSDT,1h
2026-02-11 20:00:00+00:00,67547.6,67720.0,67138.4,67523.2,5348.964,2026-02-11 20:59:59.999000+00:00,360628853.7816,243475,2568.982,173228917.6587,0,BTCUSDT,1h
2026-02-11 21:00:00+00:00,67523.3,68315.0,67371.5,67780.6,10323.114,2026-02-11 21:59:59.999000+00:00,701640740.7566,289795,5664.444,384991468.969,0,BTCUSDT,1h
2026-02-11 22:00:00+00:00,67780.6,67844.1,67352.6,67392.0,4026.619,2026-02-11 22:59:59.999000+00:00,272136637.3296,152543,1988.129,134371972.9681,0,BTCUSDT,1h
2026-02-11 23:00:00+00:00,67392.1,67528.7,66757.4,67054.4,7333.067,2026-02-11 23:59:59.999000+00:00,491764358.6951,218399,3111.649,208726532.8168,0,BTCUSDT,1h
2026-02-12 00:00:00+00:00,67054.8,67685.0,67016.6,67431.6,6121.49,2026-02-12 00:59:59.999000+00:00,412347658.0648,196854,3297.782,222058440.7071,0,BTCUSDT,1h
2026-02-12 01:00:00+00:00,67431.7,68021.0,67430.5,67668.4,6103.855,2026-02-12 01:59:59.999000+00:00,413328332.1968,216407,3074.922,208214431.0687,0,BTCUSDT,1h
2026-02-12 02:00:00+00:00,67668.3,67769.1,67370.7,67408.3,4180.768,2026-02-12 02:59:59.999000+00:00,282479041.2221,175287,1976.467,133550751.0163,0,BTCUSDT,1h
2026-02-12 03:00:00+00:00,67408.3,67564.1,67267.1,67550.2,2723.961,2026-02-12 03:59:59.999000+00:00,183634938.4428,122361,1239.024,83536339.5204,0,BTCUSDT,1h
2026-02-12 04:00:00+00:00,67550.3,67659.6,66962.8,66989.9,6024.71,2026-02-12 04:59:59.999000+00:00,405506439.8691,177209,2438.213,164009153.5876,0,BTCUSDT,1h
2026-02-12 05:00:00+00:00,66989.8,67178.2,66640.0,67110.1,5661.38,2026-02-12 05:59:59.999000+00:00,378815342.3938,201449,2929.782,196046861.0318,0,BTCUSDT,1h
2026-02-12 06:00:00+00:00,67110.1,67329.0,66976.8,67096.1,3145.66,2026-02-12 06:59:59.999000+00:00,211320836.4683,134757,1687.646,113389056.1399,0,BTCUSDT,1h
2026-02-12 07:00:00+00:00,67096.1,67296.8,66902.6,67181.5,3137.466,2026-02-12 07:59:59.999000+00:00,210516411.6877,111976,1529.262,102617201.5924,0,BTCUSDT,1h
2026-02-12 08:00:00+00:00,67181.5,67313.9,66860.0,67107.3,3535.509,2026-02-12 08:59:59.999000+00:00,237079964.3396,132811,1859.942,124732856.9312,0,BTCUSDT,1h
2026-02-12 09:00:00+00:00,67107.4,67699.9,67012.5,67517.7,5312.339,2026-02-12 09:59:59.999000+00:00,357833023.6252,167538,2825.032,190313990.005,0,BTCUSDT,1h
2026-02-12 10:00:00+00:00,67517.7,67998.8,67372.1,67979.5,5671.9,2026-02-12 10:59:59.999000+00:00,383866594.8293,184995,2957.525,200200814.7761,0,BTCUSDT,1h
2026-02-12 11:00:00+00:00,67979.4,68265.5,67650.1,68031.8,9190.079,2026-02-12 11:59:59.999000+00:00,624810928.6745,243491,4256.139,289464535.1914,0,BTCUSDT,1h
2026-02-12 12:00:00+00:00,68031.8,68125.8,67684.8,67832.4,6241.212,2026-02-12 12:59:59.999000+00:00,423701193.7595,170375,3031.072,205787089.1901,0,BTCUSDT,1h
2026-02-12 13:00:00+00:00,67832.4,68375.9,67643.3,68339.9,8579.923,2026-02-12 13:59:59.999000+00:00,583136407.1295,248903,4460.118,303155551.7062,0,BTCUSDT,1h
2026-02-12 14:00:00+00:00,68340.0,68385.0,67448.4,67547.5,12764.267,2026-02-12 14:59:59.999000+00:00,866081833.2961,439861,6002.987,407361943.6917,0,BTCUSDT,1h
2026-02-12 15:00:00+00:00,67547.8,67970.9,66958.0,67107.0,17537.156,2026-02-12 15:59:59.999000+00:00,1182205547.3423,591331,8859.667,597213143.4785,0,BTCUSDT,1h
2026-02-12 16:00:00+00:00,67107.0,67221.9,65503.2,65825.7,32467.878,2026-02-12 16:59:59.999000+00:00,2151885816.6641,902742,14880.525,986639514.4651,0,BTCUSDT,1h
2026-02-12 17:00:00+00:00,65825.7,66238.8,65320.4,65383.9,16841.36,2026-02-12 17:59:59.999000+00:00,1108283471.847,517356,8001.033,526715904.9557,0,BTCUSDT,1h
2026-02-12 18:00:00+00:00,65383.8,65763.0,65081.0,65559.4,12697.179,2026-02-12 18:59:59.999000+00:00,830825218.647,448266,6119.674,400527498.5349,0,BTCUSDT,1h
2026-02-12 19:00:00+00:00,65559.4,66090.8,65234.0,65760.7,8965.275,2026-02-12 19:59:59.999000+00:00,589468938.3144,305802,4762.824,313201072.8624,0,BTCUSDT,1h
2026-02-12 20:00:00+00:00,65760.7,66008.7,65177.8,65401.0,7181.946,2026-02-12 20:59:59.999000+00:00,470687292.023,287573,3527.116,231204541.0846,0,BTCUSDT,1h
2026-02-12 21:00:00+00:00,65401.0,65873.3,65400.1,65821.8,3994.025,2026-02-12 21:59:59.999000+00:00,262219231.9073,165009,2072.47,136079595.7449,0,BTCUSDT,1h
2026-02-12 22:00:00+00:00,65821.7,66382.0,65610.0,66262.4,6146.564,2026-02-12 22:59:59.999000+00:00,405911098.3096,152406,3223.577,212843808.6528,0,BTCUSDT,1h
2026-02-12 23:00:00+00:00,66262.4,66460.8,66131.1,66243.1,5767.357,2026-02-12 23:59:59.999000+00:00,382345279.2365,186073,2610.987,173101445.2569,0,BTCUSDT,1h
2026-02-13 00:00:00+00:00,66243.2,66498.4,65833.9,65881.4,5842.004,2026-02-13 00:59:59.999000+00:00,386268941.5382,194183,2917.53,192914637.6507,0,BTCUSDT,1h
2026-02-13 01:00:00+00:00,65881.5,66595.2,65881.5,66423.4,4784.428,2026-02-13 01:59:59.999000+00:00,317235086.5903,183363,2471.147,163843928.2796,0,BTCUSDT,1h
2026-02-13 02:00:00+00:00,66423.4,66732.8,66345.1,66627.9,3555.029,2026-02-13 02:59:59.999000+00:00,236556059.215,144679,1728.566,115024959.8673,0,BTCUSDT,1h
2026-02-13 03:00:00+00:00,66628.0,66778.5,66423.1,66519.6,3869.004,2026-02-13 03:59:59.999000+00:00,257568809.3321,142787,1832.05,121961126.8355,0,BTCUSDT,1h
2026-02-13 04:00:00+00:00,66519.6,66650.2,66273.4,66299.9,3143.937,2026-02-13 04:59:59.999000+00:00,208825198.237,118600,1457.06,96786923.4534,0,BTCUSDT,1h
2026-02-13 05:00:00+00:00,66300.0,66477.1,66151.5,66151.5,3317.222,2026-02-13 05:59:59.999000+00:00,219971566.7486,118784,1523.867,101066308.8921,0,BTCUSDT,1h
2026-02-13 06:00:00+00:00,66151.5,66367.5,65964.2,66333.7,3966.275,2026-02-13 06:59:59.999000+00:00,262263533.7219,139043,1905.091,125979358.7803,0,BTCUSDT,1h
2026-02-13 07:00:00+00:00,66333.7,66545.7,66012.2,66183.3,5353.404,2026-02-13 07:59:59.999000+00:00,354925122.5969,160378,2980.835,197627279.966,0,BTCUSDT,1h
2026-02-13 08:00:00+00:00,66183.3,66723.0,66159.9,66673.0,5100.09,2026-02-13 08:59:59.999000+00:00,338900737.0102,168642,2634.026,175049634.5515,0,BTCUSDT,1h
2026-02-13 09:00:00+00:00,66673.0,67046.2,66574.9,66924.3,6938.023,2026-02-13 09:59:59.999000+00:00,463520550.7965,190400,3621.437,241956998.852,0,BTCUSDT,1h
2026-02-13 10:00:00+00:00,66924.4,67095.1,66766.1,66939.4,5500.592,2026-02-13 10:59:59.999000+00:00,368059350.446,161083,2594.255,173608382.1307,0,BTCUSDT,1h
2026-02-13 11:00:00+00:00,66939.5,67196.8,66750.0,67137.8,5321.733,2026-02-13 11:59:59.999000+00:00,356370975.5698,163575,2811.189,188309161.4816,0,BTCUSDT,1h
2026-02-13 12:00:00+00:00,67137.8,67180.1,66887.0,67050.0,3807.097,2026-02-13 12:59:59.999000+00:00,255213908.9572,132600,1871.209,125448071.9065,0,BTCUSDT,1h
2026-02-13 13:00:00+00:00,67050.1,67600.0,66903.0,67238.2,12858.003,2026-02-13 13:59:59.999000+00:00,865288609.9399,346647,6509.625,438124601.6834,0,BTCUSDT,1h
2026-02-13 14:00:00+00:00,67238.1,67999.9,66823.6,67709.5,20175.242,2026-02-13 14:59:59.999000+00:00,1361059707.3151,583423,9759.882,658567167.2426,0,BTCUSDT,1h
2026-02-13 15:00:00+00:00,67709.6,69289.5,67653.0,68652.0,34623.808,2026-02-13 15:59:59.999000+00:00,2373783869.7043,881335,19246.926,1319725014.5083,0,BTCUSDT,1h
2026-02-13 16:00:00+00:00,68652.1,69473.7,68500.0,68920.8,17731.884,2026-02-13 16:59:59.999000+00:00,1223876365.937,484155,9019.689,622799986.5498,0,BTCUSDT,1h
2026-02-13 17:00:00+00:00,68920.9,69215.7,68593.8,69003.9,8251.271,2026-02-13 17:59:59.999000+00:00,568830467.9203,287464,3948.753,272301906.8616,0,BTCUSDT,1h
2026-02-13 18:00:00+00:00,69004.0,69378.8,68853.9,69086.7,7384.669,2026-02-13 18:59:59.999000+00:00,510264255.3167,255582,3452.546,238574024.8786,0,BTCUSDT,1h
2026-02-13 19:00:00+00:00,69086.8,69197.0,68865.2,68904.2,4796.435,2026-02-13 19:59:59.999000+00:00,331087847.7349,169833,2208.661,152478040.0403,0,BTCUSDT,1h
2026-02-13 20:00:00+00:00,68904.3,68936.1,68639.7,68750.1,5954.506,2026-02-13 20:59:59.999000+00:00,409599688.7684,190954,3043.404,209346119.6046,0,BTCUSDT,1h
2026-02-13 21:00:00+00:00,68750.1,69055.9,68700.1,68869.2,4475.315,2026-02-13 21:59:59.999000+00:00,308268816.418,106870,2354.226,162170118.6884,0,BTCUSDT,1h
2026-02-13 22:00:00+00:00,68869.2,68975.9,68674.6,68968.9,3534.643,2026-02-13 22:59:59.999000+00:00,243347107.3051,100239,1612.238,111010580.1213,0,BTCUSDT,1h
2026-02-13 23:00:00+00:00,68968.9,68985.4,68784.1,68821.5,2758.675,2026-02-13 23:59:59.999000+00:00,190015818.161,81805,1330.74,91661750.5258,0,BTCUSDT,1h
2026-02-14 00:00:00+00:00,68821.5,69118.1,68736.2,69062.2,3401.089,2026-02-14 00:59:59.999000+00:00,234423125.9517,100138,1830.1,126154525.9236,0,BTCUSDT,1h
2026-02-14 01:00:00+00:00,69062.2,69082.8,68888.1,68932.0,2790.614,2026-02-14 01:59:59.999000+00:00,192524602.6464,80286,1509.257,104123969.4981,0,BTCUSDT,1h
2026-02-14 02:00:00+00:00,68932.0,68981.1,68817.2,68849.2,2150.014,2026-02-14 02:59:59.999000+00:00,148122792.8248,63382,1080.594,74444018.4229,0,BTCUSDT,1h
2026-02-14 03:00:00+00:00,68849.3,68994.1,68818.0,68947.7,1300.98,2026-02-14 03:59:59.999000+00:00,89623612.884,46414,763.99,52630667.2879,0,BTCUSDT,1h
2026-02-14 04:00:00+00:00,68947.7,68967.3,68755.6,68763.6,1524.606,2026-02-14 04:59:59.999000+00:00,104955703.4434,52738,633.077,43582659.1823,0,BTCUSDT,1h
2026-02-14 05:00:00+00:00,68763.5,68878.3,68712.8,68738.1,1721.191,2026-02-14 05:59:59.999000+00:00,118406697.8752,55023,785.113,54016334.4405,0,BTCUSDT,1h
2026-02-14 06:00:00+00:00,68738.2,68897.6,68689.1,68895.3,1668.924,2026-02-14 06:59:59.999000+00:00,114828113.1576,50342,925.768,63702719.1603,0,BTCUSDT,1h
2026-02-14 07:00:00+00:00,68895.4,69318.2,68848.1,69182.2,4212.664,2026-02-14 07:59:59.999000+00:00,291076914.5879,94338,2625.274,181408522.5396,0,BTCUSDT,1h
2026-02-14 08:00:00+00:00,69182.1,69847.1,69174.5,69707.3,9014.765,2026-02-14 08:59:59.999000+00:00,627120263.1666,234680,5319.876,370073943.6614,0,BTCUSDT,1h
2026-02-14 09:00:00+00:00,69707.3,69868.6,69532.3,69675.6,3644.123,2026-02-14 09:59:59.999000+00:00,253976635.573,116253,1791.505,124874643.7466,0,BTCUSDT,1h
2026-02-14 10:00:00+00:00,69675.6,69675.6,69542.3,69633.8,1814.741,2026-02-14 10:59:59.999000+00:00,126301039.551,58263,843.326,58693766.6657,0,BTCUSDT,1h
2026-02-14 11:00:00+00:00,69633.8,70557.7,69633.7,70464.8,12955.143,2026-02-14 11:59:59.999000+00:00,908979114.5039,300036,7890.666,553638235.7143,0,BTCUSDT,1h
2026-02-14 12:00:00+00:00,70464.8,70499.4,69525.6,69602.2,13120.622,2026-02-14 12:59:59.999000+00:00,918430679.2858,284118,4743.204,332182424.2616,0,BTCUSDT,1h
2026-02-14 13:00:00+00:00,69602.2,69734.0,69163.7,69430.1,12223.314,2026-02-14 13:59:59.999000+00:00,848857132.6235,304645,5062.429,351568889.0965,0,BTCUSDT,1h
2026-02-14 14:00:00+00:00,69430.0,69825.0,69295.0,69667.3,6006.689,2026-02-14 14:59:59.999000+00:00,417856086.6703,172463,3153.443,219410909.9456,0,BTCUSDT,1h
2026-02-14 15:00:00+00:00,69667.3,70010.6,69528.3,69754.2,5019.742,2026-02-14 15:59:59.999000+00:00,350294745.8843,160483,2636.492,183999625.252,0,BTCUSDT,1h
2026-02-14 16:00:00+00:00,69754.2,69787.3,69259.1,69731.3,7558.442,2026-02-14 16:59:59.999000+00:00,525574959.0646,219021,4181.703,290826456.3165,0,BTCUSDT,1h
2026-02-14 17:00:00+00:00,69731.2,69903.3,69581.9,69710.9,3909.046,2026-02-14 17:59:59.999000+00:00,272629128.4632,143484,2186.965,152528138.0599,0,BTCUSDT,1h
2026-02-14 18:00:00+00:00,69710.9,69832.0,69641.6,69741.0,2188.209,2026-02-14 18:59:59.999000+00:00,152608757.0328,75467,1087.615,75851319.9081,0,BTCUSDT,1h
2026-02-14 19:00:00+00:00,69741.1,69897.1,69573.8,69849.0,2297.747,2026-02-14 19:59:59.999000+00:00,160348489.6314,86696,1290.607,90077643.3586,0,BTCUSDT,1h
2026-02-14 20:00:00+00:00,69848.9,69999.0,69682.0,69987.4,3403.725,2026-02-14 20:59:59.999000+00:00,237831057.3754,86753,2126.698,148607803.058,0,BTCUSDT,1h
2026-02-14 21:00:00+00:00,69987.5,70230.6,69600.0,69896.4,6008.469,2026-02-14 21:59:59.999000+00:00,420180024.2694,139281,3150.356,220374441.4609,0,BTCUSDT,1h
2026-02-14 22:00:00+00:00,69896.4,70065.0,69737.0,69927.3,2899.885,2026-02-14 22:59:59.999000+00:00,202695844.4015,80320,1514.508,105854686.1934,0,BTCUSDT,1h
2026-02-14 23:00:00+00:00,69927.3,69984.6,69678.1,69795.4,3699.502,2026-02-14 23:59:59.999000+00:00,258288673.2864,96877,1998.887,139571901.1592,0,BTCUSDT,1h
2026-02-15 00:00:00+00:00,69795.4,69827.3,69562.0,69743.4,3238.879,2026-02-15 00:59:59.999000+00:00,225685486.4385,99953,1787.648,124570717.6253,0,BTCUSDT,1h
2026-02-15 01:00:00+00:00,69743.4,69872.1,69316.0,69684.9,4637.493,2026-02-15 01:59:59.999000+00:00,322542190.2432,142192,1956.13,136080387.2818,0,BTCUSDT,1h
2026-02-15 02:00:00+00:00,69684.9,69726.9,69325.9,69450.6,2795.265,2026-02-15 02:59:59.999000+00:00,194249730.9963,111556,1266.775,88033627.9248,0,BTCUSDT,1h
2026-02-15 03:00:00+00:00,69450.6,69967.4,69212.2,69926.0,7900.26,2026-02-15 03:59:59.999000+00:00,550100517.1244,192287,5154.439,359016627.3441,0,BTCUSDT,1h
2026-02-15 04:00:00+00:00,69925.9,70499.8,69925.9,70157.0,11091.112,2026-02-15 04:59:59.999000+00:00,778568543.6062,252022,6016.287,422438190.6814,0,BTCUSDT,1h
2026-02-15 05:00:00+00:00,70156.9,70467.8,70101.5,70235.9,3563.703,2026-02-15 05:59:59.999000+00:00,250507387.0785,111557,2074.067,145793966.0267,0,BTCUSDT,1h
2026-02-15 06:00:00+00:00,70235.9,70514.8,70150.0,70370.2,3469.854,2026-02-15 06:59:59.999000+00:00,244083548.9479,107945,1920.521,135109746.8186,0,BTCUSDT,1h
2026-02-15 07:00:00+00:00,70370.2,70907.7,70275.5,70784.0,8122.703,2026-02-15 07:59:59.999000+00:00,574204763.5365,232631,4249.016,300381864.5219,0,BTCUSDT,1h
2026-02-15 08:00:00+00:00,70784.0,70938.5,70114.8,70405.1,9186.136,2026-02-15 08:59:59.999000+00:00,647375873.8202,237184,4246.929,299284967.6513,0,BTCUSDT,1h
2026-02-15 09:00:00+00:00,70405.1,70628.0,70330.7,70382.5,3031.758,2026-02-15 09:59:59.999000+00:00,213691471.1306,110121,1423.158,100318863.7051,0,BTCUSDT,1h
2026-02-15 10:00:00+00:00,70382.5,70487.8,70166.9,70389.5,3119.24,2026-02-15 10:59:59.999000+00:00,219392227.734,112505,1609.59,113214307.9593,0,BTCUSDT,1h
2026-02-15 11:00:00+00:00,70389.6,70514.6,70237.1,70268.7,2979.669,2026-02-15 11:59:59.999000+00:00,209569808.0768,72764,1105.342,77749515.9113,0,BTCUSDT,1h
2026-02-15 12:00:00+00:00,70268.6,70391.0,69266.1,69284.9,13184.43,2026-02-15 12:59:59.999000+00:00,921056866.4549,269575,5977.544,417689880.6828,0,BTCUSDT,1h
2026-02-15 13:00:00+00:00,69285.0,69593.2,68741.4,68907.2,17152.7,2026-02-15 13:59:59.999000+00:00,1186048272.6498,367005,8520.665,589282618.7556,0,BTCUSDT,1h
2026-02-15 14:00:00+00:00,68907.2,69180.0,68811.5,69140.0,6859.823,2026-02-15 14:59:59.999000+00:00,473534440.4453,196531,3442.059,237627137.2685,0,BTCUSDT,1h
2026-02-15 15:00:00+00:00,69139.9,69230.0,68845.0,69068.1,4590.096,2026-02-15 15:59:59.999000+00:00,316893908.8691,143629,2333.393,161133641.5682,0,BTCUSDT,1h
2026-02-15 16:00:00+00:00,69068.1,69074.0,68753.0,68977.6,4280.153,2026-02-15 16:59:59.999000+00:00,295040821.6933,133408,1960.739,135164610.2245,0,BTCUSDT,1h
2026-02-15 17:00:00+00:00,68977.6,69050.4,68152.0,68607.8,10221.126,2026-02-15 17:59:59.999000+00:00,700769314.482,241643,4540.178,311313431.4085,0,BTCUSDT,1h
2026-02-15 18:00:00+00:00,68607.8,68770.9,68313.6,68420.0,7148.019,2026-02-15 18:59:59.999000+00:00,489882246.3858,228678,3634.753,249103986.4974,0,BTCUSDT,1h
2026-02-15 19:00:00+00:00,68420.0,68542.6,68029.6,68263.6,8934.921,2026-02-15 19:59:59.999000+00:00,610042139.8493,253887,3956.868,270162208.9729,0,BTCUSDT,1h
2026-02-15 20:00:00+00:00,68263.7,68535.4,68100.2,68420.1,2740.043,2026-02-15 20:59:59.999000+00:00,187321234.6159,108887,1578.27,107905544.0241,0,BTCUSDT,1h
2026-02-15 21:00:00+00:00,68420.1,68934.0,68420.1,68809.0,4572.847,2026-02-15 21:59:59.999000+00:00,314313318.6373,124887,2795.098,192116773.6048,0,BTCUSDT,1h
2026-02-15 22:00:00+00:00,68809.0,69049.2,68756.3,68962.2,2987.689,2026-02-15 22:59:59.999000+00:00,205915424.3464,93548,1483.059,102222338.4698,0,BTCUSDT,1h
2026-02-15 23:00:00+00:00,68962.2,68962.2,68291.1,68796.9,5442.211,2026-02-15 23:59:59.999000+00:00,373190590.7476,186675,2388.107,163754455.8402,0,BTCUSDT,1h
2026-02-16 00:00:00+00:00,68796.9,69033.6,68656.9,68810.4,3489.707,2026-02-16 00:59:59.999000+00:00,240252811.9496,133513,1740.435,119830666.1143,0,BTCUSDT,1h
2026-02-16 01:00:00+00:00,68810.4,69010.0,68409.3,68590.8,3231.459,2026-02-16 01:59:59.999000+00:00,221926653.8258,126695,1430.428,98233671.1754,0,BTCUSDT,1h
2026-02-16 02:00:00+00:00,68590.8,68697.9,68210.8,68295.1,3433.838,2026-02-16 02:59:59.999000+00:00,234874750.7743,130207,1578.805,107998265.1954,0,BTCUSDT,1h
2026-02-16 03:00:00+00:00,68295.2,68439.9,68112.2,68392.6,3282.435,2026-02-16 03:59:59.999000+00:00,224120170.497,106658,1721.543,117547985.0503,0,BTCUSDT,1h
2026-02-16 04:00:00+00:00,68392.6,68869.8,68385.0,68832.4,3560.902,2026-02-16 04:59:59.999000+00:00,244492515.1797,104878,1998.094,137177727.0504,0,BTCUSDT,1h
2026-02-16 05:00:00+00:00,68832.4,68860.7,68255.0,68350.1,3036.166,2026-02-16 05:59:59.999000+00:00,207820128.774,95476,1454.964,99559148.7874,0,BTCUSDT,1h
2026-02-16 06:00:00+00:00,68350.1,68496.9,68183.3,68414.8,2336.176,2026-02-16 06:59:59.999000+00:00,159704405.2878,69105,1188.205,81242129.7414,0,BTCUSDT,1h
2026-02-16 07:00:00+00:00,68414.8,68637.1,68330.4,68552.4,3390.245,2026-02-16 07:59:59.999000+00:00,232255688.5094,92778,1848.007,126595254.7108,0,BTCUSDT,1h
2026-02-16 08:00:00+00:00,68552.5,68769.5,68503.2,68724.5,2757.79,2026-02-16 08:59:59.999000+00:00,189354799.8416,85008,1460.628,100300746.0805,0,BTCUSDT,1h
2026-02-16 09:00:00+00:00,68724.5,69029.9,68707.0,68961.1,4388.67,2026-02-16 09:59:59.999000+00:00,302359802.2893,124580,2379.918,163978366.9369,0,BTCUSDT,1h
2026-02-16 10:00:00+00:00,68961.0,68961.0,68656.9,68762.0,2408.932,2026-02-16 10:59:59.999000+00:00,165749645.0655,89349,1068.683,73528498.8772,0,BTCUSDT,1h
2026-02-16 11:00:00+00:00,68762.0,68899.3,68300.0,68769.4,6290.391,2026-02-16 11:59:59.999000+00:00,431448138.2099,165167,3250.771,222959750.7882,0,BTCUSDT,1h
2026-02-16 12:00:00+00:00,68769.4,69826.0,68769.0,69739.3,15011.463,2026-02-16 12:59:59.999000+00:00,1041617307.6655,353721,8329.794,578028878.224,0,BTCUSDT,1h
2026-02-16 13:00:00+00:00,69739.3,70110.9,68180.0,68355.6,25343.395,2026-02-16 13:59:59.999000+00:00,1748419789.0926,603042,12041.06,830974278.9792,0,BTCUSDT,1h
2026-02-16 14:00:00+00:00,68355.5,68684.4,68208.6,68386.7,8923.954,2026-02-16 14:59:59.999000+00:00,610597499.8924,315755,4451.244,304601217.4188,0,BTCUSDT,1h
2026-02-16 15:00:00+00:00,68386.6,68578.4,67250.0,67505.5,20303.632,2026-02-16 15:59:59.999000+00:00,1374658905.4004,506224,8774.559,593952536.1116,0,BTCUSDT,1h
2026-02-16 16:00:00+00:00,67505.5,67950.0,67475.0,67854.0,7786.366,2026-02-16 16:59:59.999000+00:00,527248437.0986,252642,4339.249,293836337.9108,0,BTCUSDT,1h
2026-02-16 17:00:00+00:00,67854.1,68048.3,67557.2,67917.2,4993.367,2026-02-16 17:59:59.999000+00:00,338796300.9207,167840,2499.831,169607164.6299,0,BTCUSDT,1h
2026-02-16 18:00:00+00:00,67917.2,68221.7,67800.0,67833.0,5756.956,2026-02-16 18:59:59.999000+00:00,391634071.3584,138067,2439.86,166021041.1455,0,BTCUSDT,1h
2026-02-16 19:00:00+00:00,67833.0,68108.9,67785.4,67883.6,2130.03,2026-02-16 19:59:59.999000+00:00,144731185.4844,85785,1144.717,77788663.8644,0,BTCUSDT,1h
2026-02-16 20:00:00+00:00,67883.5,68544.0,67788.6,68508.9,5435.593,2026-02-16 20:59:59.999000+00:00,370714553.6009,139985,2999.037,204615742.3431,0,BTCUSDT,1h
2026-02-16 21:00:00+00:00,68508.9,68928.6,68400.0,68835.1,4982.79,2026-02-16 21:59:59.999000+00:00,341680876.1094,157312,2704.902,185540550.1574,0,BTCUSDT,1h
2026-02-16 22:00:00+00:00,68835.2,68870.7,68471.0,68561.1,3838.864,2026-02-16 22:59:59.999000+00:00,263643435.4156,122553,1752.255,120348903.0101,0,BTCUSDT,1h
2026-02-16 23:00:00+00:00,68561.1,68962.1,68508.0,68862.5,3466.627,2026-02-16 23:59:59.999000+00:00,238250363.1594,114740,2015.764,138544465.7088,0,BTCUSDT,1h
2026-02-17 00:00:00+00:00,68862.6,69033.0,68667.1,68849.9,3837.321,2026-02-17 00:59:59.999000+00:00,264255231.3151,143511,2123.181,146234491.8239,0,BTCUSDT,1h
2026-02-17 01:00:00+00:00,68849.9,68972.3,68537.0,68582.6,3318.034,2026-02-17 01:59:59.999000+00:00,228209834.5195,124390,1367.567,94084896.8975,0,BTCUSDT,1h
2026-02-17 02:00:00+00:00,68582.7,69228.6,68350.0,68806.3,5999.397,2026-02-17 02:59:59.999000+00:00,413148496.3514,210458,3028.123,208564415.3681,0,BTCUSDT,1h
2026-02-17 03:00:00+00:00,68806.3,68832.7,68435.7,68443.6,3323.125,2026-02-17 03:59:59.999000+00:00,228016574.0284,123669,1428.005,97978801.4059,0,BTCUSDT,1h
2026-02-17 04:00:00+00:00,68443.6,68681.8,68251.0,68450.1,3559.07,2026-02-17 04:59:59.999000+00:00,243633150.9227,108905,1660.074,113652849.5645,0,BTCUSDT,1h
2026-02-17 05:00:00+00:00,68450.0,68485.1,67854.2,68207.3,6793.287,2026-02-17 05:59:59.999000+00:00,462572960.0478,175836,3102.528,211248106.7844,0,BTCUSDT,1h
2026-02-17 06:00:00+00:00,68207.2,68496.4,68191.9,68370.8,2312.074,2026-02-17 06:59:59.999000+00:00,158046113.5674,84833,1165.639,79681851.9547,0,BTCUSDT,1h
2026-02-17 07:00:00+00:00,68370.7,68451.8,68133.1,68353.4,2771.063,2026-02-17 07:59:59.999000+00:00,189290136.2886,91680,1428.478,97580392.0101,0,BTCUSDT,1h
2026-02-17 08:00:00+00:00,68353.4,68445.8,68093.0,68140.0,2540.194,2026-02-17 08:59:59.999000+00:00,173351253.85,93937,1226.707,83721641.0523,0,BTCUSDT,1h
2026-02-17 09:00:00+00:00,68139.9,68277.0,67951.6,68087.1,3457.198,2026-02-17 09:59:59.999000+00:00,235297376.0579,107661,1796.432,122270401.1027,0,BTCUSDT,1h
2026-02-17 10:00:00+00:00,68087.0,68164.6,67655.0,67822.1,5253.726,2026-02-17 10:59:59.999000+00:00,356504271.5731,149950,2403.283,163104024.64,0,BTCUSDT,1h
2026-02-17 11:00:00+00:00,67822.1,67905.8,67656.5,67824.4,3948.353,2026-02-17 11:59:59.999000+00:00,267733960.7718,115380,1898.121,128708956.8351,0,BTCUSDT,1h
2026-02-17 12:00:00+00:00,67824.3,68272.5,67795.0,67893.2,6084.282,2026-02-17 12:59:59.999000+00:00,414051689.1708,156287,3177.524,216229526.9625,0,BTCUSDT,1h
2026-02-17 13:00:00+00:00,67893.3,68350.0,67700.3,68105.3,7085.474,2026-02-17 13:59:59.999000+00:00,482116793.4979,216881,3788.844,257841831.5385,0,BTCUSDT,1h
2026-02-17 14:00:00+00:00,68105.3,68319.5,66676.1,66846.7,21218.988,2026-02-17 14:59:59.999000+00:00,1427762163.5553,581802,9468.382,637119856.2367,0,BTCUSDT,1h
2026-02-17 15:00:00+00:00,66846.8,67381.5,66588.0,67363.6,16794.164,2026-02-17 15:59:59.999000+00:00,1124937544.7668,517069,8500.744,569519829.2126,0,BTCUSDT,1h
2026-02-17 16:00:00+00:00,67363.6,68127.9,67286.4,67493.1,15426.984,2026-02-17 16:59:59.999000+00:00,1044879964.6855,458425,7552.118,511589867.932,0,BTCUSDT,1h
2026-02-17 17:00:00+00:00,67493.1,67697.2,66824.5,67208.6,10398.168,2026-02-17 17:59:59.999000+00:00,698825961.6583,346611,4877.744,327902098.9556,0,BTCUSDT,1h
2026-02-17 18:00:00+00:00,67208.5,68209.0,67088.7,68063.3,9173.279,2026-02-17 18:59:59.999000+00:00,621636125.418,285894,5012.052,339698717.0449,0,BTCUSDT,1h
2026-02-17 19:00:00+00:00,68063.3,68220.1,67703.5,67766.9,5922.669,2026-02-17 19:59:59.999000+00:00,402422864.9498,220674,2597.175,176476142.3087,0,BTCUSDT,1h
2026-02-17 20:00:00+00:00,67766.9,67896.1,67426.4,67719.3,4106.759,2026-02-17 20:59:59.999000+00:00,277851071.446,176962,1917.895,129765915.6566,0,BTCUSDT,1h
2026-02-17 21:00:00+00:00,67718.0,67897.6,67500.0,67642.4,2203.405,2026-02-17 21:59:59.999000+00:00,149094487.8201,96809,1059.239,71671062.5149,0,BTCUSDT,1h
2026-02-17 22:00:00+00:00,67642.4,67755.0,67473.2,67498.2,1511.448,2026-02-17 22:59:59.999000+00:00,102166712.2527,57134,753.457,50935329.9749,0,BTCUSDT,1h
2026-02-17 23:00:00+00:00,67498.1,67592.8,67355.7,67475.9,2146.66,2026-02-17 23:59:59.999000+00:00,144809044.7322,90893,1155.362,77941354.7387,0,BTCUSDT,1h
2026-02-18 00:00:00+00:00,67475.9,67595.5,67241.7,67263.9,2525.282,2026-02-18 00:59:59.999000+00:00,170233833.3407,97168,1277.384,86117445.6942,0,BTCUSDT,1h
2026-02-18 01:00:00+00:00,67267.0,67346.5,66850.1,67137.2,5545.605,2026-02-18 01:59:59.999000+00:00,371955997.8732,157157,2489.82,166983506.3487,0,BTCUSDT,1h
2026-02-18 02:00:00+00:00,67137.2,67398.2,67115.2,67297.9,2734.463,2026-02-18 02:59:59.999000+00:00,183955273.8033,97565,1490.734,100284442.7907,0,BTCUSDT,1h
2026-02-18 03:00:00+00:00,67298.0,67683.4,67294.7,67590.2,3054.107,2026-02-18 03:59:59.999000+00:00,206232887.9813,97540,1600.204,108074876.2427,0,BTCUSDT,1h
2026-02-18 04:00:00+00:00,67590.3,67872.8,67456.6,67790.9,3496.315,2026-02-18 04:59:59.999000+00:00,236514484.7657,96989,1856.952,125635279.5492,0,BTCUSDT,1h
2026-02-18 05:00:00+00:00,67790.9,67909.9,67572.0,67613.4,3560.92,2026-02-18 05:59:59.999000+00:00,241181205.226,94365,1814.578,122908840.0125,0,BTCUSDT,1h
2026-02-18 06:00:00+00:00,67613.3,67948.0,67577.0,67813.5,2411.858,2026-02-18 06:59:59.999000+00:00,163539783.1863,77563,1281.958,86924180.3814,0,BTCUSDT,1h
2026-02-18 07:00:00+00:00,67813.6,68190.2,67655.9,68078.4,4282.272,2026-02-18 07:59:59.999000+00:00,291116803.3562,118092,2481.948,168743699.195,0,BTCUSDT,1h
2026-02-18 08:00:00+00:00,68078.5,68438.0,68033.0,68099.9,7161.381,2026-02-18 08:59:59.999000+00:00,488459599.2634,168870,3785.151,258187253.4496,0,BTCUSDT,1h
2026-02-18 09:00:00+00:00,68099.9,68249.2,67966.0,68128.4,3514.59,2026-02-18 09:59:59.999000+00:00,239468489.2374,87834,1650.776,112479964.4412,0,BTCUSDT,1h
2026-02-18 10:00:00+00:00,68128.4,68153.7,67704.0,67771.2,4581.366,2026-02-18 10:59:59.999000+00:00,311100372.0853,119381,1952.709,132584466.7598,0,BTCUSDT,1h
2026-02-18 11:00:00+00:00,67771.2,67781.4,67037.2,67345.4,12045.744,2026-02-18 11:59:59.999000+00:00,811224330.5491,258304,6134.44,413036220.0681,0,BTCUSDT,1h
2026-02-18 12:00:00+00:00,67345.4,67658.0,67312.0,67429.8,4101.002,2026-02-18 12:59:59.999000+00:00,276783871.3602,142353,1941.409,131026709.8968,0,BTCUSDT,1h
2026-02-18 13:00:00+00:00,67429.9,67566.4,67007.0,67202.2,5965.911,2026-02-18 13:59:59.999000+00:00,401434128.9156,162975,2656.403,178761827.0436,0,BTCUSDT,1h
2026-02-18 14:00:00+00:00,67202.3,67329.9,66666.2,67190.5,12931.349,2026-02-18 14:59:59.999000+00:00,867037869.1297,403872,6332.157,424690850.6854,0,BTCUSDT,1h
2026-02-18 15:00:00+00:00,67190.4,68336.0,67159.5,67671.0,20144.567,2026-02-18 15:59:59.999000+00:00,1365314580.6462,460595,10623.185,719914955.7243,0,BTCUSDT,1h
2026-02-18 16:00:00+00:00,67671.1,67684.6,66933.0,67104.8,13995.137,2026-02-18 16:59:59.999000+00:00,940388106.6637,347609,6928.215,465513874.4312,0,BTCUSDT,1h
2026-02-18 17:00:00+00:00,67104.8,67455.7,67021.8,67156.3,5566.242,2026-02-18 17:59:59.999000+00:00,373853247.5421,185470,2817.604,189246156.4563,0,BTCUSDT,1h
2026-02-18 18:00:00+00:00,67156.6,67203.7,66129.6,66327.2,15106.978,2026-02-18 18:59:59.999000+00:00,1006205539.3828,353663,6274.536,417964560.0886,0,BTCUSDT,1h
2026-02-18 19:00:00+00:00,66327.2,66588.0,65826.1,66138.2,13685.695,2026-02-18 19:59:59.999000+00:00,905726246.6968,373677,6671.851,441712861.5597,0,BTCUSDT,1h
2026-02-18 20:00:00+00:00,66138.3,66528.8,66098.9,66230.2,7627.587,2026-02-18 20:59:59.999000+00:00,505574834.6581,219394,3844.231,254791282.438,0,BTCUSDT,1h
2026-02-18 21:00:00+00:00,66230.3,66466.8,65993.1,66300.6,5568.422,2026-02-18 21:59:59.999000+00:00,368876551.2267,139174,2828.173,187424893.713,0,BTCUSDT,1h
2026-02-18 22:00:00+00:00,66300.5,66451.5,66192.7,66379.0,1860.076,2026-02-18 22:59:59.999000+00:00,123369600.2856,66788,1016.969,67455799.9605,0,BTCUSDT,1h
2026-02-18 23:00:00+00:00,66379.0,66472.6,66240.0,66422.8,2506.522,2026-02-18 23:59:59.999000+00:00,166354622.3801,88536,1232.498,81798960.8532,0,BTCUSDT,1h
2026-02-19 00:00:00+00:00,66422.8,66573.6,66301.8,66410.7,2414.967,2026-02-19 00:59:59.999000+00:00,160436522.6469,88614,1296.459,86131374.8213,0,BTCUSDT,1h
2026-02-19 01:00:00+00:00,66410.8,66842.6,66407.9,66830.3,4017.947,2026-02-19 01:59:59.999000+00:00,267904253.5129,127034,2342.664,156193229.745,0,BTCUSDT,1h
2026-02-19 02:00:00+00:00,66830.4,66933.0,66610.5,66800.7,3376.35,2026-02-19 02:59:59.999000+00:00,225462998.7441,113915,1680.141,112204588.1549,0,BTCUSDT,1h
2026-02-19 03:00:00+00:00,66800.8,66975.0,66690.1,66950.4,2140.167,2026-02-19 03:59:59.999000+00:00,143093630.2247,77853,1065.368,71233678.3006,0,BTCUSDT,1h
2026-02-19 04:00:00+00:00,66950.4,67042.3,66721.7,66776.4,3540.004,2026-02-19 04:59:59.999000+00:00,236748152.4438,98272,1652.106,110499223.7263,0,BTCUSDT,1h
2026-02-19 05:00:00+00:00,66776.5,66867.7,66651.8,66847.6,2124.787,2026-02-19 05:59:59.999000+00:00,141811516.0373,84390,1051.672,70200425.2475,0,BTCUSDT,1h
2026-02-19 06:00:00+00:00,66847.6,67275.4,66836.5,67123.8,4125.633,2026-02-19 06:59:59.999000+00:00,276754584.7043,126730,2259.961,151600698.5769,0,BTCUSDT,1h
2026-02-19 07:00:00+00:00,67123.8,67299.4,67001.6,67180.4,3197.407,2026-02-19 07:59:59.999000+00:00,214713426.9534,98294,1698.652,114069330.3689,0,BTCUSDT,1h
2026-02-19 08:00:00+00:00,67180.4,67180.4,66769.0,66937.7,4992.942,2026-02-19 08:59:59.999000+00:00,334209089.5389,137957,2359.177,157903843.1551,0,BTCUSDT,1h
2026-02-19 09:00:00+00:00,66937.7,67173.8,66724.6,66811.8,4295.724,2026-02-19 09:59:59.999000+00:00,287573301.7646,126078,1928.719,129136908.1054,0,BTCUSDT,1h
2026-02-19 10:00:00+00:00,66811.7,66942.5,66711.6,66810.1,2682.196,2026-02-19 10:59:59.999000+00:00,179243746.901,103363,1290.815,86262145.7928,0,BTCUSDT,1h
2026-02-19 11:00:00+00:00,66810.0,66907.4,66431.1,66468.9,5663.747,2026-02-19 11:59:59.999000+00:00,377342981.2595,122776,2187.757,145788715.0935,0,BTCUSDT,1h
2026-02-19 12:00:00+00:00,66468.8,66655.5,66272.4,66489.6,6977.581,2026-02-19 12:59:59.999000+00:00,463938712.0532,162500,3116.262,207233380.3513,0,BTCUSDT,1h
2026-02-19 13:00:00+00:00,66489.5,66529.4,65716.7,65871.2,15683.408,2026-02-19 13:59:59.999000+00:00,1036490930.5093,355835,6670.139,440829348.6942,0,BTCUSDT,1h
2026-02-19 14:00:00+00:00,65871.2,66635.5,65595.7,66381.9,17468.809,2026-02-19 14:59:59.999000+00:00,1154655122.8521,480373,8888.139,587600130.3185,0,BTCUSDT,1h
2026-02-19 15:00:00+00:00,66382.0,66723.0,65931.2,66362.7,13215.867,2026-02-19 15:59:59.999000+00:00,875922616.2396,405471,6522.672,432332821.0326,0,BTCUSDT,1h
2026-02-19 16:00:00+00:00,66362.6,66494.7,65863.8,66267.6,8870.021,2026-02-19 16:59:59.999000+00:00,587468887.9973,284773,4548.241,301244037.7883,0,BTCUSDT,1h
2026-02-19 17:00:00+00:00,66267.6,67035.0,66140.9,66336.1,12509.252,2026-02-19 17:59:59.999000+00:00,833351103.7846,334489,6463.341,430505354.9716,0,BTCUSDT,1h
2026-02-19 18:00:00+00:00,66336.0,67067.3,66215.1,67003.2,11054.245,2026-02-19 18:59:59.999000+00:00,737897634.1784,285507,6133.117,409276288.3814,0,BTCUSDT,1h
2026-02-19 19:00:00+00:00,67003.2,67174.0,66667.0,67022.9,6888.18,2026-02-19 19:59:59.999000+00:00,461045057.1595,218622,3651.001,244364421.8665,0,BTCUSDT,1h
2026-02-19 20:00:00+00:00,67022.8,67147.8,66784.3,67118.7,4095.459,2026-02-19 20:59:59.999000+00:00,274389712.9145,148886,2222.149,148910068.414,0,BTCUSDT,1h
2026-02-19 21:00:00+00:00,67118.6,67144.0,66867.5,66893.2,2482.746,2026-02-19 21:59:59.999000+00:00,166360650.3018,83109,1187.842,79603235.5413,0,BTCUSDT,1h
2026-02-19 22:00:00+00:00,66893.1,66975.9,66618.2,66873.9,3481.079,2026-02-19 22:59:59.999000+00:00,232467677.865,99965,1687.651,112709037.652,0,BTCUSDT,1h
2026-02-19 23:00:00+00:00,66873.9,66997.9,66784.1,66974.0,2134.083,2026-02-19 23:59:59.999000+00:00,142782037.5995,78795,1163.135,77820756.3107,0,BTCUSDT,1h
2026-02-20 00:00:00+00:00,66973.9,67490.0,66912.4,67190.1,7309.963,2026-02-20 00:59:59.999000+00:00,491511049.91,176876,4063.512,273238754.2775,0,BTCUSDT,1h
2026-02-20 01:00:00+00:00,67190.2,67326.0,67115.2,67249.2,3013.908,2026-02-20 01:59:59.999000+00:00,202622295.6945,99068,1363.378,91667474.6619,0,BTCUSDT,1h
2026-02-20 02:00:00+00:00,67249.3,67318.9,67137.5,67208.1,2188.245,2026-02-20 02:59:59.999000+00:00,147135466.3683,68891,1182.186,79495549.9147,0,BTCUSDT,1h
2026-02-20 03:00:00+00:00,67208.0,67466.8,67206.6,67327.2,3650.977,2026-02-20 03:59:59.999000+00:00,245864429.9704,89951,1871.209,126004061.7983,0,BTCUSDT,1h
2026-02-20 04:00:00+00:00,67327.2,67359.3,67079.3,67228.4,4206.018,2026-02-20 04:59:59.999000+00:00,282780125.4337,96056,1783.503,119914761.0167,0,BTCUSDT,1h
2026-02-20 05:00:00+00:00,67228.5,67999.9,67166.1,67756.0,10525.63,2026-02-20 05:59:59.999000+00:00,712252509.5885,201170,5853.139,396018409.1411,0,BTCUSDT,1h
2026-02-20 06:00:00+00:00,67756.1,67865.2,67612.9,67809.4,4648.2,2026-02-20 06:59:59.999000+00:00,314959375.6667,116287,2305.795,156269158.9026,0,BTCUSDT,1h
2026-02-20 07:00:00+00:00,67809.5,67956.3,67704.5,67794.7,3751.544,2026-02-20 07:59:59.999000+00:00,254504902.6912,90708,1947.862,132161739.0265,0,BTCUSDT,1h
2026-02-20 08:00:00+00:00,67794.8,67920.0,67716.6,67839.9,2681.315,2026-02-20 08:59:59.999000+00:00,181816853.4975,76564,1281.324,86888168.1217,0,BTCUSDT,1h
2026-02-20 09:00:00+00:00,67839.8,68199.4,67839.8,68174.1,7335.101,2026-02-20 09:59:59.999000+00:00,499536293.7456,176823,4029.81,274422103.565,0,BTCUSDT,1h
2026-02-20 10:00:00+00:00,68174.2,68283.7,67733.8,67909.7,7861.981,2026-02-20 10:59:59.999000+00:00,535101389.9125,171899,3178.531,216453390.5041,0,BTCUSDT,1h
2026-02-20 11:00:00+00:00,67909.8,67945.1,67250.0,67290.5,9755.627,2026-02-20 11:59:59.999000+00:00,659792783.4077,193490,4401.712,297723284.7131,0,BTCUSDT,1h
2026-02-20 12:00:00+00:00,67290.4,67577.1,67222.7,67498.9,7385.525,2026-02-20 12:59:59.999000+00:00,497736920.3358,150818,3641.55,245428294.1613,0,BTCUSDT,1h
2026-02-20 13:00:00+00:00,67498.9,67503.3,66408.1,66784.8,27320.453,2026-02-20 13:59:59.999000+00:00,1826042614.2218,488503,13319.03,889824056.1705,0,BTCUSDT,1h
2026-02-20 14:00:00+00:00,66784.8,67299.9,66629.9,67043.2,15720.31,2026-02-20 14:59:59.999000+00:00,1052708640.9652,400387,7847.453,525492058.0039,0,BTCUSDT,1h
2026-02-20 15:00:00+00:00,67043.2,68099.9,66500.8,67547.6,38584.584,2026-02-20 15:59:59.999000+00:00,2597048659.8135,821049,19443.661,1308889081.1547,0,BTCUSDT,1h
2026-02-20 16:00:00+00:00,67547.6,67888.0,67253.0,67763.2,13764.663,2026-02-20 16:59:59.999000+00:00,930476988.0862,370671,6900.671,466456418.8699,0,BTCUSDT,1h
2026-02-20 17:00:00+00:00,67763.2,67763.2,66915.0,67582.0,23395.274,2026-02-20 17:59:59.999000+00:00,1573621446.3608,468187,12648.239,850600614.4674,0,BTCUSDT,1h
2026-02-20 18:00:00+00:00,67581.9,67998.9,67437.6,67901.1,11853.491,2026-02-20 18:59:59.999000+00:00,802544817.087,330058,6299.269,426561005.4046,0,BTCUSDT,1h
2026-02-20 19:00:00+00:00,67901.0,67983.0,67506.8,67616.5,4978.617,2026-02-20 19:59:59.999000+00:00,336994759.3932,171312,2250.996,152382362.8221,0,BTCUSDT,1h
2026-02-20 20:00:00+00:00,67616.5,67800.0,67486.6,67719.7,3337.43,2026-02-20 20:59:59.999000+00:00,225817961.4416,108292,1631.703,110406823.9689,0,BTCUSDT,1h
2026-02-20 21:00:00+00:00,67719.4,67816.4,67600.0,67792.3,3179.969,2026-02-20 21:59:59.999000+00:00,215362069.795,82200,1938.527,131284589.537,0,BTCUSDT,1h
2026-02-20 22:00:00+00:00,67792.3,68115.9,67603.2,68049.8,4592.295,2026-02-20 22:59:59.999000+00:00,311881114.9668,113279,2602.671,176761849.1194,0,BTCUSDT,1h
2026-02-20 23:00:00+00:00,68049.8,68220.0,67880.0,67979.3,4262.851,2026-02-20 23:59:59.999000+00:00,289997750.9934,101612,2028.691,138046269.9294,0,BTCUSDT,1h
2026-02-21 00:00:00+00:00,67979.3,68023.7,67745.3,67805.2,3433.568,2026-02-21 00:59:59.999000+00:00,233117910.4696,77148,1699.241,115383729.1879,0,BTCUSDT,1h
2026-02-21 01:00:00+00:00,67805.1,67981.7,67805.1,67916.1,1705.546,2026-02-21 01:59:59.999000+00:00,115790610.4595,50161,926.731,62918493.2413,0,BTCUSDT,1h
2026-02-21 02:00:00+00:00,67916.2,68079.0,67875.3,67970.3,1973.738,2026-02-21 02:59:59.999000+00:00,134196282.9741,50594,1068.874,72677476.109,0,BTCUSDT,1h
2026-02-21 03:00:00+00:00,67970.3,67970.5,67488.9,67637.0,6371.533,2026-02-21 03:59:59.999000+00:00,431199997.5216,122831,2335.224,158016621.3286,0,BTCUSDT,1h
2026-02-21 04:00:00+00:00,67636.9,67823.1,67555.2,67782.2,2706.041,2026-02-21 04:59:59.999000+00:00,183099115.8442,59297,1363.79,92298407.0186,0,BTCUSDT,1h
2026-02-21 05:00:00+00:00,67782.3,67859.2,67757.1,67827.1,1563.808,2026-02-21 05:59:59.999000+00:00,106048738.1984,40973,746.639,50635104.4477,0,BTCUSDT,1h
2026-02-21 06:00:00+00:00,67827.2,67899.0,67711.4,67759.5,1514.282,2026-02-21 06:59:59.999000+00:00,102670193.6236,43754,665.415,45121227.4454,0,BTCUSDT,1h
2026-02-21 07:00:00+00:00,67759.6,67852.5,67712.6,67821.0,1050.925,2026-02-21 07:59:59.999000+00:00,71254870.8433,29680,562.956,38169891.3,0,BTCUSDT,1h
2026-02-21 08:00:00+00:00,67821.0,68047.5,67776.2,68016.9,2736.752,2026-02-21 08:59:59.999000+00:00,185925819.8394,55632,1641.246,111510619.5249,0,BTCUSDT,1h
2026-02-21 09:00:00+00:00,68016.9,68280.0,67933.3,68115.8,7484.627,2026-02-21 09:59:59.999000+00:00,510151610.7164,107331,4101.183,279595214.7065,0,BTCUSDT,1h
2026-02-21 10:00:00+00:00,68115.7,68221.6,68108.6,68184.6,2217.915,2026-02-21 10:59:59.999000+00:00,151187784.9939,54390,1110.267,75685853.3526,0,BTCUSDT,1h
2026-02-21 11:00:00+00:00,68184.6,68259.4,68045.5,68060.9,3985.621,2026-02-21 11:59:59.999000+00:00,271645194.5186,75553,1958.262,133477047.1071,0,BTCUSDT,1h
2026-02-21 12:00:00+00:00,68061.0,68186.9,67882.8,68175.9,5452.278,2026-02-21 12:59:59.999000+00:00,370707527.4083,82941,3233.149,219823907.4863,0,BTCUSDT,1h
2026-02-21 13:00:00+00:00,68175.9,68250.0,68073.0,68223.3,2021.15,2026-02-21 13:59:59.999000+00:00,137770274.0595,52087,1072.135,73086670.9869,0,BTCUSDT,1h
2026-02-21 14:00:00+00:00,68223.3,68651.4,68146.6,68416.6,10117.936,2026-02-21 14:59:59.999000+00:00,692570404.7507,175798,5617.999,384538780.2708,0,BTCUSDT,1h
2026-02-21 15:00:00+00:00,68416.6,68687.0,68382.7,68571.5,4347.469,2026-02-21 15:59:59.999000+00:00,297921282.6356,101093,2584.47,177124775.077,0,BTCUSDT,1h
2026-02-21 16:00:00+00:00,68571.5,68599.3,68066.0,68292.4,8096.719,2026-02-21 16:59:59.999000+00:00,552949854.2517,170033,3611.298,246585765.1485,0,BTCUSDT,1h
2026-02-21 17:00:00+00:00,68292.3,68444.4,68156.4,68408.8,2897.726,2026-02-21 17:59:59.999000+00:00,197951023.5975,76709,1731.013,118267955.0372,0,BTCUSDT,1h
2026-02-21 18:00:00+00:00,68408.8,68616.8,68339.5,68547.2,3353.44,2026-02-21 18:59:59.999000+00:00,229659670.8975,83105,1919.985,131509842.951,0,BTCUSDT,1h
2026-02-21 19:00:00+00:00,68547.3,68632.5,68490.0,68516.3,2162.678,2026-02-21 19:59:59.999000+00:00,148267070.3058,54077,1162.443,79700348.9258,0,BTCUSDT,1h
2026-02-21 20:00:00+00:00,68516.3,68568.1,68114.4,68180.9,3241.815,2026-02-21 20:59:59.999000+00:00,221588647.0541,69929,1355.718,92673096.1638,0,BTCUSDT,1h
2026-02-21 21:00:00+00:00,68180.9,68373.6,68152.2,68351.0,2122.309,2026-02-21 21:59:59.999000+00:00,144904339.1893,54657,1231.641,84100472.5969,0,BTCUSDT,1h
2026-02-21 22:00:00+00:00,68351.1,68412.9,67860.0,67936.6,4302.123,2026-02-21 22:59:59.999000+00:00,292914887.2415,90379,1976.201,134548536.312,0,BTCUSDT,1h
2026-02-21 23:00:00+00:00,67936.7,68095.4,67900.8,67933.1,2635.494,2026-02-21 23:59:59.999000+00:00,179182676.7047,68477,1468.808,99871521.9299,0,BTCUSDT,1h
2026-02-22 00:00:00+00:00,67933.2,68035.7,67763.7,67912.0,2995.986,2026-02-22 00:59:59.999000+00:00,203350072.2657,84501,1402.429,95196524.785,0,BTCUSDT,1h
2026-02-22 01:00:00+00:00,67912.0,68147.6,67902.6,68132.3,2782.492,2026-02-22 01:59:59.999000+00:00,189321435.3227,64036,1426.104,97039641.8802,0,BTCUSDT,1h
2026-02-22 02:00:00+00:00,68132.3,68198.5,67836.7,67871.5,3333.311,2026-02-22 02:59:59.999000+00:00,226627751.2421,78251,1534.77,104355003.0274,0,BTCUSDT,1h
2026-02-22 03:00:00+00:00,67871.5,68031.7,67781.2,68010.5,3389.282,2026-02-22 03:59:59.999000+00:00,230156025.5837,73397,1619.627,109995507.7884,0,BTCUSDT,1h
2026-02-22 04:00:00+00:00,68010.5,68060.0,67931.0,67950.2,1721.132,2026-02-22 04:59:59.999000+00:00,117032250.8398,40425,590.502,40148711.9973,0,BTCUSDT,1h
2026-02-22 05:00:00+00:00,67950.2,67983.3,67850.4,67944.5,1744.866,2026-02-22 05:59:59.999000+00:00,118488950.8576,38635,762.019,51744632.6243,0,BTCUSDT,1h
2026-02-22 06:00:00+00:00,67944.5,68204.3,67933.9,68006.4,3623.535,2026-02-22 06:59:59.999000+00:00,246636206.9485,57211,2063.571,140480662.0494,0,BTCUSDT,1h
2026-02-22 07:00:00+00:00,68006.3,68067.2,67954.6,67973.0,1853.053,2026-02-22 07:59:59.999000+00:00,126009072.8499,42112,880.732,59889707.6745,0,BTCUSDT,1h
2026-02-22 08:00:00+00:00,67973.0,67986.9,67877.0,67909.3,2839.387,2026-02-22 08:59:59.999000+00:00,192907791.5268,44247,1304.291,88612551.7479,0,BTCUSDT,1h
2026-02-22 09:00:00+00:00,67909.3,68081.9,67909.3,68022.4,1792.941,2026-02-22 09:59:59.999000+00:00,121918779.6025,45749,840.36,57154021.2613,0,BTCUSDT,1h
2026-02-22 10:00:00+00:00,68022.4,68134.0,67982.3,68096.6,2034.918,2026-02-22 10:59:59.999000+00:00,138500801.1634,41525,1110.043,75560390.3038,0,BTCUSDT,1h
2026-02-22 11:00:00+00:00,68096.6,68220.0,68096.6,68183.4,2418.754,2026-02-22 11:59:59.999000+00:00,164885415.5378,46767,1414.725,96437963.0018,0,BTCUSDT,1h
2026-02-22 12:00:00+00:00,68183.4,68205.1,67836.4,67892.4,4777.343,2026-02-22 12:59:59.999000+00:00,324688473.0225,98320,2143.815,145712053.3997,0,BTCUSDT,1h
2026-02-22 13:00:00+00:00,67892.4,68011.4,67538.0,67622.4,8419.02,2026-02-22 13:59:59.999000+00:00,570097209.1601,168526,4194.651,284044027.3591,0,BTCUSDT,1h
2026-02-22 14:00:00+00:00,67622.3,67664.1,67310.6,67420.1,9264.553,2026-02-22 14:59:59.999000+00:00,625389656.3854,179628,4877.572,329266960.8467,0,BTCUSDT,1h
2026-02-22 15:00:00+00:00,67420.0,67800.0,67275.0,67659.9,8713.428,2026-02-22 15:59:59.999000+00:00,588796214.5804,162585,4295.854,290243748.0655,0,BTCUSDT,1h
2026-02-22 16:00:00+00:00,67660.0,67712.0,67486.2,67601.6,2777.038,2026-02-22 16:59:59.999000+00:00,187659751.9567,75418,1324.967,89530703.1698,0,BTCUSDT,1h
2026-02-22 17:00:00+00:00,67601.7,67602.5,67150.0,67365.0,6481.384,2026-02-22 17:59:59.999000+00:00,436420045.4093,139527,3213.785,216360896.04,0,BTCUSDT,1h
2026-02-22 18:00:00+00:00,67364.9,67444.5,67288.9,67392.3,2383.208,2026-02-22 18:59:59.999000+00:00,160548639.547,70693,1349.702,90922738.9808,0,BTCUSDT,1h
2026-02-22 19:00:00+00:00,67392.2,67458.5,67372.6,67402.2,1339.505,2026-02-22 19:59:59.999000+00:00,90307967.6975,39429,695.371,46881924.778,0,BTCUSDT,1h
2026-02-22 20:00:00+00:00,67402.1,67464.3,67324.1,67374.9,1764.705,2026-02-22 20:59:59.999000+00:00,118919933.2814,52187,1030.199,69422706.5717,0,BTCUSDT,1h
2026-02-22 21:00:00+00:00,67375.0,67617.0,67375.0,67576.2,1649.612,2026-02-22 21:59:59.999000+00:00,111370942.4048,43427,949.915,64132305.3292,0,BTCUSDT,1h
2026-02-22 22:00:00+00:00,67576.2,67728.0,67450.1,67631.2,2858.429,2026-02-22 22:59:59.999000+00:00,193191112.7711,75091,1583.59,107028391.4857,0,BTCUSDT,1h
2026-02-22 23:00:00+00:00,67631.2,67707.7,67435.5,67613.5,3385.54,2026-02-22 23:59:59.999000+00:00,228688792.4359,102019,1940.267,131057810.0059,0,BTCUSDT,1h
2026-02-23 00:00:00+00:00,67613.6,67655.8,66680.1,66705.8,8139.611,2026-02-23 00:59:59.999000+00:00,546392831.4675,192211,3451.885,231783516.1716,0,BTCUSDT,1h
2026-02-23 01:00:00+00:00,66705.8,66705.8,64232.8,64387.2,58774.078,2026-02-23 01:59:59.999000+00:00,3836457036.66,1265591,26844.275,1751977822.6196,0,BTCUSDT,1h
2026-02-23 02:00:00+00:00,64387.2,64877.2,64273.8,64742.4,14329.587,2026-02-23 02:59:59.999000+00:00,926273136.7221,385902,7579.762,490035350.3174,0,BTCUSDT,1h
2026-02-23 03:00:00+00:00,64742.5,65071.7,64658.0,64894.0,7843.597,2026-02-23 03:59:59.999000+00:00,508699453.5422,201839,4081.27,264699114.3717,0,BTCUSDT,1h
2026-02-23 04:00:00+00:00,64894.1,64989.9,64628.5,64777.3,4946.411,2026-02-23 04:59:59.999000+00:00,320560418.6849,131423,2236.368,144930102.0184,0,BTCUSDT,1h
2026-02-23 05:00:00+00:00,64777.2,65189.3,64768.8,65031.9,6877.93,2026-02-23 05:59:59.999000+00:00,447170960.2066,163082,3475.538,225974531.0441,0,BTCUSDT,1h
2026-02-23 06:00:00+00:00,65031.9,65775.0,64990.8,65717.7,11459.287,2026-02-23 06:59:59.999000+00:00,749680570.0838,227314,5983.528,391537145.2416,0,BTCUSDT,1h
2026-02-23 07:00:00+00:00,65717.7,65980.0,65597.5,65915.8,8197.238,2026-02-23 07:59:59.999000+00:00,539331752.9398,187619,4245.888,279361139.8764,0,BTCUSDT,1h
2026-02-23 08:00:00+00:00,65915.7,65922.9,65534.6,65639.0,6455.79,2026-02-23 08:59:59.999000+00:00,424014160.1089,152469,2839.673,186499058.729,0,BTCUSDT,1h
2026-02-23 09:00:00+00:00,65639.0,66432.9,65633.8,66374.8,11681.811,2026-02-23 09:59:59.999000+00:00,772326008.1399,234873,6542.227,432454926.597,0,BTCUSDT,1h
2026-02-23 10:00:00+00:00,66374.9,66574.5,66182.4,66291.1,7254.377,2026-02-23 10:59:59.999000+00:00,481395336.6397,167958,3499.054,232230157.9594,0,BTCUSDT,1h
2026-02-23 11:00:00+00:00,66291.2,66462.1,66072.5,66170.8,5334.809,2026-02-23 11:59:59.999000+00:00,353278704.6981,117303,2325.282,153992565.757,0,BTCUSDT,1h
2026-02-23 12:00:00+00:00,66170.8,66490.0,65860.9,66249.9,10192.338,2026-02-23 12:59:59.999000+00:00,674562233.5826,204789,5077.938,336133451.6863,0,BTCUSDT,1h
2026-02-23 13:00:00+00:00,66250.0,66397.8,66067.7,66099.9,6492.762,2026-02-23 13:59:59.999000+00:00,429890692.9984,153934,3863.892,255825721.6605,0,BTCUSDT,1h
2026-02-23 14:00:00+00:00,66099.9,66234.6,65500.0,65895.5,16521.43,2026-02-23 14:59:59.999000+00:00,1088474386.9966,397972,7777.533,512444346.6878,0,BTCUSDT,1h
2026-02-23 15:00:00+00:00,65895.6,66240.4,65556.6,65633.1,10861.521,2026-02-23 15:59:59.999000+00:00,715114477.3641,356416,5981.055,393836453.4973,0,BTCUSDT,1h
2026-02-23 16:00:00+00:00,65633.1,65701.2,65155.0,65343.1,13293.019,2026-02-23 16:59:59.999000+00:00,869635212.8978,371256,6501.116,425267849.7239,0,BTCUSDT,1h
2026-02-23 17:00:00+00:00,65343.0,65431.4,64111.8,64787.3,21891.512,2026-02-23 17:59:59.999000+00:00,1415460073.534,493672,10746.933,694871318.9143,0,BTCUSDT,1h
2026-02-23 18:00:00+00:00,64787.2,65149.0,64553.3,64602.9,10623.736,2026-02-23 18:59:59.999000+00:00,688477108.9302,283379,5610.923,363681287.2101,0,BTCUSDT,1h
2026-02-23 19:00:00+00:00,64602.9,64822.9,64050.0,64273.9,11253.569,2026-02-23 19:59:59.999000+00:00,724437647.7006,293809,5556.685,357730010.7356,0,BTCUSDT,1h
2026-02-23 20:00:00+00:00,64273.9,64460.0,63860.0,64445.9,10007.41,2026-02-23 20:59:59.999000+00:00,641786636.7758,273777,5008.223,321283364.9496,0,BTCUSDT,1h
2026-02-23 21:00:00+00:00,64445.9,64758.0,64427.5,64554.6,5109.025,2026-02-23 21:59:59.999000+00:00,329927965.688,135869,2659.905,171767354.4068,0,BTCUSDT,1h
2026-02-23 22:00:00+00:00,64554.6,64989.0,64526.9,64694.3,5115.153,2026-02-23 22:59:59.999000+00:00,331604017.7978,136207,2556.139,165704445.8221,0,BTCUSDT,1h
2026-02-23 23:00:00+00:00,64694.4,64873.6,64484.2,64625.8,4495.295,2026-02-23 23:59:59.999000+00:00,290801699.6279,101955,2483.388,160644121.5557,0,BTCUSDT,1h
2026-02-24 00:00:00+00:00,64625.8,64980.0,64625.7,64910.2,4047.921,2026-02-24 00:59:59.999000+00:00,262461833.7973,115648,2187.326,141808089.8434,0,BTCUSDT,1h
2026-02-24 01:00:00+00:00,64910.2,64910.2,63375.6,64131.0,22474.378,2026-02-24 01:59:59.999000+00:00,1439809129.7109,533201,10166.328,651320192.8004,0,BTCUSDT,1h
2026-02-24 02:00:00+00:00,64131.0,64480.0,63962.2,64080.3,6227.529,2026-02-24 02:59:59.999000+00:00,399638758.3958,219609,3030.037,194466681.4413,0,BTCUSDT,1h
2026-02-24 03:00:00+00:00,64080.2,64080.2,63303.9,63570.5,12030.927,2026-02-24 03:59:59.999000+00:00,765955950.5978,339838,5422.671,345268785.4233,0,BTCUSDT,1h
2026-02-24 04:00:00+00:00,63570.5,63606.3,62818.0,63338.2,18580.85,2026-02-24 04:59:59.999000+00:00,1173615820.5002,416656,8316.676,525315603.0018,0,BTCUSDT,1h
2026-02-24 05:00:00+00:00,63338.1,63514.4,62655.0,63067.5,12128.199,2026-02-24 05:59:59.999000+00:00,763864328.0789,317088,5452.553,343479065.2665,0,BTCUSDT,1h
2026-02-24 06:00:00+00:00,63067.5,63290.9,62848.5,63050.4,6001.515,2026-02-24 06:59:59.999000+00:00,378741166.0552,194495,2942.968,185723661.4243,0,BTCUSDT,1h
2026-02-24 07:00:00+00:00,63050.4,63333.0,62885.4,63155.3,6451.535,2026-02-24 07:59:59.999000+00:00,407338653.6872,180508,3222.164,203436355.5075,0,BTCUSDT,1h
2026-02-24 08:00:00+00:00,63155.4,63432.4,62965.2,63357.2,5545.127,2026-02-24 08:59:59.999000+00:00,350705323.0388,152897,2905.591,183761739.5607,0,BTCUSDT,1h
2026-02-24 09:00:00+00:00,63357.2,63384.0,62900.0,63213.3,5799.677,2026-02-24 09:59:59.999000+00:00,366071145.1996,154410,2687.649,169654936.1628,0,BTCUSDT,1h
2026-02-24 10:00:00+00:00,63213.4,63341.6,63068.6,63250.0,3115.546,2026-02-24 10:59:59.999000+00:00,196937129.0241,100499,1609.666,101756435.8522,0,BTCUSDT,1h
2026-02-24 11:00:00+00:00,63250.0,63295.9,63027.0,63192.2,3404.0,2026-02-24 11:59:59.999000+00:00,214986871.7246,107012,1581.01,99856634.7236,0,BTCUSDT,1h
2026-02-24 12:00:00+00:00,63192.1,63319.2,62923.0,62936.0,5583.868,2026-02-24 12:59:59.999000+00:00,352432381.263,135945,2479.941,156522165.5125,0,BTCUSDT,1h
2026-02-24 13:00:00+00:00,62935.9,63083.7,62401.7,62877.0,16775.853,2026-02-24 13:59:59.999000+00:00,1053980529.7624,320413,8493.449,533749486.2892,0,BTCUSDT,1h
2026-02-24 14:00:00+00:00,62877.0,63807.5,62727.0,63422.0,19172.078,2026-02-24 14:59:59.999000+00:00,1212903651.6115,516076,10066.557,637033462.1284,0,BTCUSDT,1h
2026-02-24 15:00:00+00:00,63422.0,63993.1,63270.6,63933.4,14213.937,2026-02-24 15:59:59.999000+00:00,905471163.8798,428675,7235.225,460945145.7035,0,BTCUSDT,1h
2026-02-24 16:00:00+00:00,63933.4,64388.0,63664.8,64227.3,17533.603,2026-02-24 16:59:59.999000+00:00,1122708272.0857,425566,9240.245,591763475.2476,0,BTCUSDT,1h
2026-02-24 17:00:00+00:00,64227.4,64491.0,64013.5,64188.8,10364.42,2026-02-24 17:59:59.999000+00:00,666012424.7339,241783,5022.036,322747795.3532,0,BTCUSDT,1h
2026-02-24 18:00:00+00:00,64188.8,64478.5,63850.0,64395.1,8711.554,2026-02-24 18:59:59.999000+00:00,559568530.4062,208439,4644.63,298456108.8463,0,BTCUSDT,1h
2026-02-24 19:00:00+00:00,64395.1,64719.1,64214.3,64405.4,7655.551,2026-02-24 19:59:59.999000+00:00,493262084.3868,200315,4127.023,265946561.4333,0,BTCUSDT,1h
2026-02-24 20:00:00+00:00,64405.4,64566.5,64281.5,64430.8,3535.966,2026-02-24 20:59:59.999000+00:00,227821843.4473,116543,1661.4,107062251.5075,0,BTCUSDT,1h
2026-02-24 21:00:00+00:00,64430.8,64430.8,63769.2,64009.2,7279.071,2026-02-24 21:59:59.999000+00:00,466119246.8064,156095,3496.689,223897186.3726,0,BTCUSDT,1h
2026-02-24 22:00:00+00:00,64009.2,64200.0,63943.5,64091.8,2811.42,2026-02-24 22:59:59.999000+00:00,180197265.7857,74162,1360.287,87203329.709,0,BTCUSDT,1h
2026-02-24 23:00:00+00:00,64091.8,64217.2,63821.5,64031.3,3706.044,2026-02-24 23:59:59.999000+00:00,237259252.5065,102583,1899.317,121577354.4113,0,BTCUSDT,1h
2026-02-25 00:00:00+00:00,64031.4,64288.0,63876.0,64188.9,3357.423,2026-02-25 00:59:59.999000+00:00,215159993.078,106784,1765.083,113126145.1946,0,BTCUSDT,1h
2026-02-25 01:00:00+00:00,64189.0,66283.1,64106.0,65860.4,33987.242,2026-02-25 01:59:59.999000+00:00,2229904157.2068,723085,18507.536,1213299339.6388,0,BTCUSDT,1h
2026-02-25 02:00:00+00:00,65860.4,66279.1,65817.2,65852.0,10049.211,2026-02-25 02:59:59.999000+00:00,663804050.8326,280351,5264.103,347809379.0525,0,BTCUSDT,1h
2026-02-25 03:00:00+00:00,65852.0,65928.7,65310.5,65361.7,9461.209,2026-02-25 03:59:59.999000+00:00,620201588.0923,241749,4419.255,289652854.6946,0,BTCUSDT,1h
2026-02-25 04:00:00+00:00,65361.7,65627.5,65053.9,65427.9,7601.452,2026-02-25 04:59:59.999000+00:00,497145822.2763,186575,4020.944,262983481.2223,0,BTCUSDT,1h
2026-02-25 05:00:00+00:00,65428.0,65488.2,64720.4,64847.9,9492.636,2026-02-25 05:59:59.999000+00:00,616947979.2144,218819,4436.789,288352629.0629,0,BTCUSDT,1h
2026-02-25 06:00:00+00:00,64847.9,65098.5,64828.8,64862.6,4110.235,2026-02-25 06:59:59.999000+00:00,267054336.5465,111407,2174.392,141292446.8013,0,BTCUSDT,1h
2026-02-25 07:00:00+00:00,64862.6,65160.4,64735.5,65001.1,5408.19,2026-02-25 07:59:59.999000+00:00,351496159.5224,131956,2940.14,191148971.0824,0,BTCUSDT,1h
2026-02-25 08:00:00+00:00,65001.2,65550.0,64929.7,65490.9,6516.588,2026-02-25 08:59:59.999000+00:00,425511603.9424,162181,3791.523,247557611.6479,0,BTCUSDT,1h
2026-02-25 09:00:00+00:00,65491.0,65674.1,65389.4,65524.2,5041.966,2026-02-25 09:59:59.999000+00:00,330254032.6256,122566,2507.909,164278105.253,0,BTCUSDT,1h
2026-02-25 10:00:00+00:00,65524.2,65640.0,65303.7,65364.4,3393.598,2026-02-25 10:59:59.999000+00:00,222003672.699,95265,1489.981,97473861.3553,0,BTCUSDT,1h
2026-02-25 11:00:00+00:00,65364.5,65457.3,65161.0,65396.7,4109.429,2026-02-25 11:59:59.999000+00:00,268335700.2871,104954,1956.875,127790367.4905,0,BTCUSDT,1h
2026-02-25 12:00:00+00:00,65396.6,66222.0,65280.1,66038.7,12344.16,2026-02-25 12:59:59.999000+00:00,812524152.7446,253403,6758.208,444796192.2191,0,BTCUSDT,1h
2026-02-25 13:00:00+00:00,66038.7,66687.1,65987.3,66209.5,16065.453,2026-02-25 13:59:59.999000+00:00,1064795862.3996,282233,9705.925,643501152.9232,0,BTCUSDT,1h
2026-02-25 14:00:00+00:00,66209.5,66985.5,66179.2,66936.9,17904.632,2026-02-25 14:59:59.999000+00:00,1191372456.2057,440044,9508.409,632868266.6511,0,BTCUSDT,1h
2026-02-25 15:00:00+00:00,66936.7,67548.0,66680.0,67362.3,23031.077,2026-02-25 15:59:59.999000+00:00,1546277178.5697,550371,12351.844,829252539.3062,0,BTCUSDT,1h
2026-02-25 16:00:00+00:00,67362.4,68300.5,67354.2,68249.9,20141.855,2026-02-25 16:59:59.999000+00:00,1366346790.3798,465856,11077.498,751642350.9391,0,BTCUSDT,1h
2026-02-25 17:00:00+00:00,68249.9,68842.0,67977.7,68625.6,21743.254,2026-02-25 17:59:59.999000+00:00,1488993815.7935,499591,11339.045,776586726.2278,0,BTCUSDT,1h
2026-02-25 18:00:00+00:00,68625.6,69531.3,68340.0,69293.3,23250.448,2026-02-25 18:59:59.999000+00:00,1605380714.5554,493470,12679.387,875738984.4908,0,BTCUSDT,1h
2026-02-25 19:00:00+00:00,69293.3,69375.1,68720.8,69005.2,12030.281,2026-02-25 19:59:59.999000+00:00,829762921.1301,292806,5884.933,405888557.9394,0,BTCUSDT,1h
2026-02-25 20:00:00+00:00,69005.2,69350.0,68567.9,69104.9,11219.91,2026-02-25 20:59:59.999000+00:00,773461622.7836,255932,5701.123,393080537.388,0,BTCUSDT,1h
2026-02-25 21:00:00+00:00,69104.9,69999.0,68720.0,68874.2,16882.927,2026-02-25 21:59:59.999000+00:00,1168970041.2012,409373,8707.525,603328036.8744,0,BTCUSDT,1h
2026-02-25 22:00:00+00:00,68874.2,69149.7,68014.8,68402.0,10522.275,2026-02-25 22:59:59.999000+00:00,721190191.254,259892,5015.196,343751924.8172,0,BTCUSDT,1h
2026-02-25 23:00:00+00:00,68402.0,68665.2,67557.0,67952.5,11573.367,2026-02-25 23:59:59.999000+00:00,787651652.071,308177,5403.851,367757197.2478,0,BTCUSDT,1h
2026-02-26 00:00:00+00:00,67952.5,68504.3,67690.1,68294.4,9314.348,2026-02-26 00:59:59.999000+00:00,634969947.0848,313603,4854.411,330908192.4521,0,BTCUSDT,1h
2026-02-26 01:00:00+00:00,68294.3,68666.0,68172.6,68213.9,5815.129,2026-02-26 01:59:59.999000+00:00,397842259.7393,206847,2952.871,202107375.6113,0,BTCUSDT,1h
2026-02-26 02:00:00+00:00,68213.9,68346.4,67756.8,68219.2,5909.991,2026-02-26 02:59:59.999000+00:00,401973297.1161,211888,2986.322,203131862.5473,0,BTCUSDT,1h
2026-02-26 03:00:00+00:00,68219.1,68350.0,68003.7,68187.5,3139.778,2026-02-26 03:59:59.999000+00:00,213987541.3964,128971,1476.775,100664074.2058,0,BTCUSDT,1h
2026-02-26 04:00:00+00:00,68187.4,68850.0,68150.0,68533.1,6339.379,2026-02-26 04:59:59.999000+00:00,434711934.2091,191067,3425.421,234877336.9117,0,BTCUSDT,1h
2026-02-26 05:00:00+00:00,68533.1,68534.3,68080.0,68408.2,5313.482,2026-02-26 05:59:59.999000+00:00,362916178.8808,170891,2702.376,184569571.5242,0,BTCUSDT,1h
2026-02-26 06:00:00+00:00,68408.3,68487.8,68025.5,68146.1,3448.274,2026-02-26 06:59:59.999000+00:00,235262551.3785,129068,1547.328,105571513.4382,0,BTCUSDT,1h
2026-02-26 07:00:00+00:00,68146.1,68269.9,67780.0,67800.0,4904.038,2026-02-26 07:59:59.999000+00:00,333478716.532,141019,1958.159,133176405.046,0,BTCUSDT,1h
2026-02-26 08:00:00+00:00,67800.0,68218.3,67750.0,67923.3,5660.488,2026-02-26 08:59:59.999000+00:00,384850319.05,168130,3057.723,207925572.9721,0,BTCUSDT,1h
2026-02-26 09:00:00+00:00,67923.4,68617.3,67900.0,68553.0,7564.554,2026-02-26 09:59:59.999000+00:00,516873563.1527,179486,4299.814,293728237.1359,0,BTCUSDT,1h
2026-02-26 10:00:00+00:00,68553.0,68689.7,68221.9,68271.9,5677.056,2026-02-26 10:59:59.999000+00:00,388418636.5,151020,2600.615,177946527.1355,0,BTCUSDT,1h
2026-02-26 11:00:00+00:00,68272.0,68371.3,67952.0,68025.2,4131.917,2026-02-26 11:59:59.999000+00:00,281556612.0461,120615,1940.62,132246245.3105,0,BTCUSDT,1h
2026-02-26 12:00:00+00:00,68025.2,68270.9,67968.2,68140.9,4562.323,2026-02-26 12:59:59.999000+00:00,310902320.4422,143981,2418.066,164778532.904,0,BTCUSDT,1h
2026-02-26 13:00:00+00:00,68140.9,68187.0,67810.2,67877.8,5085.134,2026-02-26 13:59:59.999000+00:00,345874550.5543,157011,2414.077,164222451.773,0,BTCUSDT,1h
2026-02-26 14:00:00+00:00,67877.8,68263.5,67235.8,67659.8,18560.813,2026-02-26 14:59:59.999000+00:00,1256401135.3032,535621,8549.594,578797129.8801,0,BTCUSDT,1h
2026-02-26 15:00:00+00:00,67659.8,67707.8,66730.7,67353.4,22208.114,2026-02-26 15:59:59.999000+00:00,1491706554.2312,604765,10217.13,686335096.5339,0,BTCUSDT,1h
2026-02-26 16:00:00+00:00,67353.3,67558.7,66462.0,66617.3,17506.162,2026-02-26 16:59:59.999000+00:00,1172023353.3593,467561,8582.965,574751352.3874,0,BTCUSDT,1h
2026-02-26 17:00:00+00:00,66617.3,67026.8,66567.9,66795.5,9250.342,2026-02-26 17:59:59.999000+00:00,617977124.1717,306320,4229.022,282566634.2699,0,BTCUSDT,1h
2026-02-26 18:00:00+00:00,66795.4,67347.4,66536.1,67268.9,10783.8,2026-02-26 18:59:59.999000+00:00,722943828.43,293187,6141.753,411880104.868,0,BTCUSDT,1h
2026-02-26 19:00:00+00:00,67268.8,67888.0,67246.3,67550.7,9781.421,2026-02-26 19:59:59.999000+00:00,660912502.2587,262828,5329.739,360145036.9493,0,BTCUSDT,1h
2026-02-26 20:00:00+00:00,67550.7,67790.1,67250.3,67386.5,5013.719,2026-02-26 20:59:59.999000+00:00,338503003.4659,163016,2311.596,156075143.5155,0,BTCUSDT,1h
2026-02-26 21:00:00+00:00,67386.6,67549.9,67114.0,67432.1,3217.343,2026-02-26 21:59:59.999000+00:00,216647689.5897,115348,1543.992,103982628.4552,0,BTCUSDT,1h
2026-02-26 22:00:00+00:00,67432.1,67592.9,67269.1,67531.4,2128.634,2026-02-26 22:59:59.999000+00:00,143578143.866,71456,1023.302,69028653.1909,0,BTCUSDT,1h
2026-02-26 23:00:00+00:00,67531.3,67618.1,67352.3,67448.2,2520.816,2026-02-26 23:59:59.999000+00:00,170106249.5997,103869,1212.898,81849756.0435,0,BTCUSDT,1h
2026-02-27 00:00:00+00:00,67448.1,67502.9,66959.0,67190.3,5416.236,2026-02-27 00:59:59.999000+00:00,363901058.063,167068,2509.249,168583433.0339,0,BTCUSDT,1h
2026-02-27 01:00:00+00:00,67190.3,67344.6,66841.6,67315.9,7510.213,2026-02-27 01:59:59.999000+00:00,503944075.2623,208278,3558.826,238840572.708,0,BTCUSDT,1h
2026-02-27 02:00:00+00:00,67315.9,67500.0,67220.0,67226.5,4414.605,2026-02-27 02:59:59.999000+00:00,297414876.7895,146507,2173.46,146460428.0803,0,BTCUSDT,1h
2026-02-27 03:00:00+00:00,67226.4,67670.0,67050.0,67557.4,4966.812,2026-02-27 03:59:59.999000+00:00,334476377.5054,142477,2517.538,169514391.3988,0,BTCUSDT,1h
2026-02-27 04:00:00+00:00,67557.4,68188.8,67533.8,67709.2,11610.448,2026-02-27 04:59:59.999000+00:00,787540115.1914,252442,5503.064,373385036.5816,0,BTCUSDT,1h
2026-02-27 05:00:00+00:00,67709.1,67887.9,67634.0,67685.8,3511.289,2026-02-27 05:59:59.999000+00:00,237880741.3999,106705,1809.487,122594186.8322,0,BTCUSDT,1h
2026-02-27 06:00:00+00:00,67685.8,67787.3,67470.0,67617.1,3421.47,2026-02-27 06:59:59.999000+00:00,231395342.3713,104925,1588.874,107474172.3842,0,BTCUSDT,1h
2026-02-27 07:00:00+00:00,67617.1,67733.7,67417.4,67644.1,4247.954,2026-02-27 07:59:59.999000+00:00,287001908.7696,124395,2159.074,145893224.5333,0,BTCUSDT,1h
2026-02-27 08:00:00+00:00,67644.1,68050.0,67618.5,67897.4,5538.297,2026-02-27 08:59:59.999000+00:00,375882789.7266,166988,2951.004,200296801.6331,0,BTCUSDT,1h
2026-02-27 09:00:00+00:00,67897.5,68127.8,67245.0,67318.4,8171.319,2026-02-27 09:59:59.999000+00:00,553147516.1985,227009,3509.49,237656428.4486,0,BTCUSDT,1h
2026-02-27 10:00:00+00:00,67318.3,67381.0,66540.4,66575.1,17347.378,2026-02-27 10:59:59.999000+00:00,1160068237.51,341572,8270.158,552898481.1234,0,BTCUSDT,1h
2026-02-27 11:00:00+00:00,66575.2,66762.6,65923.0,66094.1,19157.119,2026-02-27 11:59:59.999000+00:00,1269809283.7394,381678,8621.25,571409622.3147,0,BTCUSDT,1h
2026-02-27 12:00:00+00:00,66094.0,66198.0,65714.2,65902.4,10737.721,2026-02-27 12:59:59.999000+00:00,707723160.4589,258445,5049.057,332828581.9567,0,BTCUSDT,1h
2026-02-27 13:00:00+00:00,65902.5,66320.0,65626.1,66240.0,15499.709,2026-02-27 13:59:59.999000+00:00,1022891085.4983,335974,8389.742,553835022.9014,0,BTCUSDT,1h
2026-02-27 14:00:00+00:00,66240.0,66300.0,65656.0,65855.5,16692.908,2026-02-27 14:59:59.999000+00:00,1101481989.2851,415337,8384.354,553168299.6298,0,BTCUSDT,1h
2026-02-27 15:00:00+00:00,65855.4,66289.8,65804.8,66072.6,10996.948,2026-02-27 15:59:59.999000+00:00,726379091.3778,330375,6340.852,418856725.8359,0,BTCUSDT,1h
2026-02-27 16:00:00+00:00,66072.5,66095.2,65433.2,65449.3,13536.014,2026-02-27 16:59:59.999000+00:00,889792845.389,348588,5738.44,377194489.521,0,BTCUSDT,1h
2026-02-27 17:00:00+00:00,65449.3,65724.3,65080.0,65673.0,12844.531,2026-02-27 17:59:59.999000+00:00,840054044.2955,387255,6859.638,448728959.3884,0,BTCUSDT,1h
2026-02-27 18:00:00+00:00,65672.9,65772.4,65180.0,65284.8,6397.309,2026-02-27 18:59:59.999000+00:00,418890504.6911,235444,3154.137,206579795.0908,0,BTCUSDT,1h
2026-02-27 19:00:00+00:00,65284.8,65433.7,65135.3,65365.4,4953.94,2026-02-27 19:59:59.999000+00:00,323494698.4455,169170,2655.842,173418598.8115,0,BTCUSDT,1h
2026-02-27 20:00:00+00:00,65365.4,65638.0,65365.4,65564.2,4137.96,2026-02-27 20:59:59.999000+00:00,271199409.0336,155819,2217.152,145311722.3228,0,BTCUSDT,1h
2026-02-27 21:00:00+00:00,65564.3,65721.6,65366.5,65502.3,3322.086,2026-02-27 21:59:59.999000+00:00,217863217.7949,109310,1740.875,114184802.7628,0,BTCUSDT,1h
2026-02-27 22:00:00+00:00,65502.2,65647.2,64875.6,65609.0,7159.562,2026-02-27 22:59:59.999000+00:00,467199649.5461,165763,3265.697,213308610.3914,0,BTCUSDT,1h
2026-02-27 23:00:00+00:00,65609.0,65921.7,65517.6,65836.0,4365.536,2026-02-27 23:59:59.999000+00:00,287220415.6395,120865,2536.817,166916134.8698,0,BTCUSDT,1h
2026-02-28 00:00:00+00:00,65836.0,65990.0,65681.9,65906.3,3731.321,2026-02-28 00:59:59.999000+00:00,245757673.5923,94913,1961.16,129184392.6307,0,BTCUSDT,1h
2026-02-28 01:00:00+00:00,65906.3,65943.6,65701.2,65747.2,2477.01,2026-02-28 01:59:59.999000+00:00,163049816.7543,70598,1011.733,66602129.3777,0,BTCUSDT,1h
2026-02-28 02:00:00+00:00,65747.3,65994.7,65734.2,65926.9,1986.768,2026-02-28 02:59:59.999000+00:00,130918635.4637,58586,1028.053,67752623.6277,0,BTCUSDT,1h
2026-02-28 03:00:00+00:00,65927.0,65949.7,65700.9,65763.8,2469.945,2026-02-28 03:59:59.999000+00:00,162565344.6732,61935,853.782,56192735.3141,0,BTCUSDT,1h
2026-02-28 04:00:00+00:00,65763.8,65786.8,65441.0,65632.0,4292.979,2026-02-28 04:59:59.999000+00:00,281691345.0947,86443,1712.45,112375866.5122,0,BTCUSDT,1h
2026-02-28 05:00:00+00:00,65632.1,65700.0,65462.1,65558.6,2751.317,2026-02-28 05:59:59.999000+00:00,180383591.6988,67430,1266.735,83056360.7298,0,BTCUSDT,1h
2026-02-28 06:00:00+00:00,65558.6,65560.0,62979.5,63173.8,43103.63,2026-02-28 06:59:59.999000+00:00,2766509810.4727,937901,17687.949,1134719103.8317,0,BTCUSDT,1h
2026-02-28 07:00:00+00:00,63173.8,64298.7,62981.2,63788.4,27050.351,2026-02-28 07:59:59.999000+00:00,1722992765.0474,573640,13806.329,879550483.9985,0,BTCUSDT,1h
2026-02-28 08:00:00+00:00,63787.4,63851.3,63356.1,63439.7,11400.498,2026-02-28 08:59:59.999000+00:00,724887112.1008,285554,4906.223,312021211.7409,0,BTCUSDT,1h
2026-02-28 09:00:00+00:00,63439.6,63923.6,63313.9,63621.4,7329.197,2026-02-28 09:59:59.999000+00:00,466366251.0836,231359,3768.902,239838017.6064,0,BTCUSDT,1h
2026-02-28 10:00:00+00:00,63621.3,64030.0,63377.5,63964.5,7531.393,2026-02-28 10:59:59.999000+00:00,480211545.9169,210609,3968.149,253147623.223,0,BTCUSDT,1h
2026-02-28 11:00:00+00:00,63964.5,64267.9,63736.0,63810.4,9652.625,2026-02-28 11:59:59.999000+00:00,617996687.9694,226531,5345.882,342325268.2505,0,BTCUSDT,1h
2026-02-28 12:00:00+00:00,63810.4,64053.3,63782.2,63980.0,4061.843,2026-02-28 12:59:59.999000+00:00,259653360.1281,129658,2033.274,129983372.736,0,BTCUSDT,1h
2026-02-28 13:00:00+00:00,63979.9,65190.0,63865.6,65069.5,19174.396,2026-02-28 13:59:59.999000+00:00,1238242743.6511,375670,11360.086,733758140.7688,0,BTCUSDT,1h
2026-02-28 14:00:00+00:00,65069.5,65335.8,64239.3,64402.4,22265.916,2026-02-28 14:59:59.999000+00:00,1442338609.255,524138,10682.921,692424581.8012,0,BTCUSDT,1h
2026-02-28 15:00:00+00:00,64402.5,64991.8,64175.8,64800.0,10106.884,2026-02-28 15:59:59.999000+00:00,652549046.9538,273704,5509.908,355826051.2698,0,BTCUSDT,1h
2026-02-28 16:00:00+00:00,64800.1,65170.5,64635.0,65053.8,5441.518,2026-02-28 16:59:59.999000+00:00,353371681.0021,185404,2953.927,191886022.8927,0,BTCUSDT,1h
2026-02-28 17:00:00+00:00,65053.7,65581.3,64800.0,65395.4,7093.869,2026-02-28 17:59:59.999000+00:00,461820587.5523,179816,3468.992,226042021.3575,0,BTCUSDT,1h
2026-02-28 18:00:00+00:00,65395.3,66165.8,65139.4,65873.0,11466.289,2026-02-28 18:59:59.999000+00:00,752480449.0066,321119,6177.809,405541008.3425,0,BTCUSDT,1h
2026-02-28 19:00:00+00:00,65872.9,66642.8,65557.3,66318.1,15159.578,2026-02-28 19:59:59.999000+00:00,1003162536.0978,386084,8409.089,556505815.9602,0,BTCUSDT,1h
2026-02-28 20:00:00+00:00,66318.1,67138.0,66150.0,66918.6,12499.792,2026-02-28 20:59:59.999000+00:00,834081166.2172,355496,6944.21,463429781.9863,0,BTCUSDT,1h
2026-02-28 21:00:00+00:00,66918.6,67009.9,66329.7,66684.8,10109.567,2026-02-28 21:59:59.999000+00:00,673639352.909,271974,4983.444,332141810.3828,0,BTCUSDT,1h
2026-02-28 22:00:00+00:00,66684.8,67735.0,66579.1,67081.4,11439.266,2026-02-28 22:59:59.999000+00:00,768707756.3691,338343,6289.418,422607896.66,0,BTCUSDT,1h
2026-02-28 23:00:00+00:00,67081.4,67183.3,66688.3,66937.1,5326.834,2026-02-28 23:59:59.999000+00:00,356568486.5854,162858,2381.84,159444684.2818,0,BTCUSDT,1h
2026-03-01 00:00:00+00:00,66937.0,67089.6,66578.3,66755.6,5453.855,2026-03-01 00:59:59.999000+00:00,364278666.1558,171222,2318.933,154892312.8078,0,BTCUSDT,1h
2026-03-01 01:00:00+00:00,66755.5,67686.7,65812.0,67311.6,22231.963,2026-03-01 01:59:59.999000+00:00,1485682589.0891,451697,11333.257,758258488.296,0,BTCUSDT,1h
2026-03-01 02:00:00+00:00,67311.7,68189.0,67305.2,67588.3,21306.568,2026-03-01 02:59:59.999000+00:00,1445351587.0869,538766,10846.032,735720738.5972,0,BTCUSDT,1h
2026-03-01 03:00:00+00:00,67588.3,67793.4,67351.0,67474.7,7567.478,2026-03-01 03:59:59.999000+00:00,511193166.0203,218410,3675.339,248344076.7361,0,BTCUSDT,1h
2026-03-01 04:00:00+00:00,67474.8,67582.2,67017.4,67313.0,7115.379,2026-03-01 04:59:59.999000+00:00,478727678.7546,191562,3325.615,223734380.0185,0,BTCUSDT,1h
2026-03-01 05:00:00+00:00,67313.1,67547.3,67163.5,67264.2,4624.974,2026-03-01 05:59:59.999000+00:00,311568760.988,124233,2313.737,155896753.4883,0,BTCUSDT,1h
2026-03-01 06:00:00+00:00,67264.2,67320.0,66757.2,66890.1,8291.891,2026-03-01 06:59:59.999000+00:00,555493898.6158,210347,3221.641,215795993.3697,0,BTCUSDT,1h
2026-03-01 07:00:00+00:00,66890.0,67201.2,66757.9,67113.9,4429.365,2026-03-01 07:59:59.999000+00:00,296854689.2786,145182,2570.903,172332833.9281,0,BTCUSDT,1h
2026-03-01 08:00:00+00:00,67114.0,67275.5,66429.8,66535.0,7870.48,2026-03-01 08:59:59.999000+00:00,526044902.8385,231480,3645.691,243742182.3787,0,BTCUSDT,1h
2026-03-01 09:00:00+00:00,66535.0,66745.4,66205.8,66380.1,7940.514,2026-03-01 09:59:59.999000+00:00,527755365.5784,253259,3824.962,254237111.0766,0,BTCUSDT,1h
2026-03-01 10:00:00+00:00,66380.1,66720.2,66160.4,66430.0,6282.75,2026-03-01 10:59:59.999000+00:00,417584224.9456,171436,3236.813,215133039.4499,0,BTCUSDT,1h
2026-03-01 11:00:00+00:00,66429.9,66638.0,66344.0,66439.0,3236.298,2026-03-01 11:59:59.999000+00:00,215154403.3606,90600,1870.687,124369570.0798,0,BTCUSDT,1h
2026-03-01 12:00:00+00:00,66439.0,66525.9,66211.6,66270.6,3458.03,2026-03-01 12:59:59.999000+00:00,229517659.6532,119014,1716.292,113917827.6619,0,BTCUSDT,1h
2026-03-01 13:00:00+00:00,66270.5,67333.0,66100.0,66907.1,13102.466,2026-03-01 13:59:59.999000+00:00,874833620.4118,331870,6911.71,461600209.1195,0,BTCUSDT,1h
2026-03-01 14:00:00+00:00,66907.2,67280.0,66702.9,66817.5,8503.088,2026-03-01 14:59:59.999000+00:00,569143605.9631,331228,4216.05,282261253.8412,0,BTCUSDT,1h
2026-03-01 15:00:00+00:00,66817.5,67219.1,66770.2,66810.8,6402.057,2026-03-01 15:59:59.999000+00:00,429211525.8586,213984,3287.064,220398061.5422,0,BTCUSDT,1h
2026-03-01 16:00:00+00:00,66810.8,67083.0,65777.0,66112.2,14881.785,2026-03-01 16:59:59.999000+00:00,987760185.0714,368487,6508.547,432233868.8772,0,BTCUSDT,1h
2026-03-01 17:00:00+00:00,66112.2,66200.0,65681.3,65956.8,10459.874,2026-03-01 17:59:59.999000+00:00,690074544.1739,303074,5190.065,342470499.574,0,BTCUSDT,1h
2026-03-01 18:00:00+00:00,65956.7,66656.0,65954.2,66288.1,8012.274,2026-03-01 18:59:59.999000+00:00,531755344.6641,216026,4273.378,283634749.2145,0,BTCUSDT,1h
2026-03-01 19:00:00+00:00,66288.0,66325.8,65750.0,65926.0,5738.349,2026-03-01 19:59:59.999000+00:00,378663043.6499,150486,2000.713,132077246.4968,0,BTCUSDT,1h
2026-03-01 20:00:00+00:00,65925.9,65932.0,65030.3,65255.7,11496.845,2026-03-01 20:59:59.999000+00:00,751571572.2762,317349,5077.422,331883262.7428,0,BTCUSDT,1h
2026-03-01 21:00:00+00:00,65255.7,65726.7,65242.0,65629.3,4805.846,2026-03-01 21:59:59.999000+00:00,314814230.2098,158345,2691.653,176338524.7725,0,BTCUSDT,1h
2026-03-01 22:00:00+00:00,65629.2,66888.0,65011.0,65241.0,16839.769,2026-03-01 22:59:59.999000+00:00,1107664024.2472,343279,9681.793,637653297.6488,0,BTCUSDT,1h
2026-03-01 23:00:00+00:00,65241.0,66052.6,65092.4,65750.0,9059.538,2026-03-01 23:59:59.999000+00:00,594840752.6745,310027,5276.388,346290839.9772,0,BTCUSDT,1h
2026-03-02 00:00:00+00:00,65749.9,66766.0,65726.0,66472.5,9209.574,2026-03-02 00:59:59.999000+00:00,610057871.3528,342243,4962.324,328712588.2585,0,BTCUSDT,1h
2026-03-02 01:00:00+00:00,66472.6,67082.5,66326.7,66500.0,7438.848,2026-03-02 01:59:59.999000+00:00,496041218.2727,335384,3794.195,253079502.0059,0,BTCUSDT,1h
2026-03-02 02:00:00+00:00,66500.0,66585.0,65842.5,66242.2,6462.206,2026-03-02 02:59:59.999000+00:00,427607332.7159,242514,2908.796,192483072.3981,0,BTCUSDT,1h
2026-03-02 03:00:00+00:00,66242.2,67014.9,66071.0,66787.3,6935.105,2026-03-02 03:59:59.999000+00:00,462450930.8434,259575,3810.69,254116639.9878,0,BTCUSDT,1h
2026-03-02 04:00:00+00:00,66787.3,66950.0,66600.1,66825.1,4900.156,2026-03-02 04:59:59.999000+00:00,327087078.3363,173653,2457.273,164022022.1392,0,BTCUSDT,1h
2026-03-02 05:00:00+00:00,66825.2,66966.0,66513.8,66701.2,4040.023,2026-03-02 05:59:59.999000+00:00,269644657.9777,153484,1923.683,128408786.1234,0,BTCUSDT,1h
2026-03-02 06:00:00+00:00,66701.2,66703.1,66015.0,66176.9,6189.233,2026-03-02 06:59:59.999000+00:00,410227247.5254,227743,3010.325,199484542.2279,0,BTCUSDT,1h
2026-03-02 07:00:00+00:00,66176.8,66182.9,65509.0,65981.3,8780.148,2026-03-02 07:59:59.999000+00:00,577540634.2173,263013,3944.242,259479777.8183,0,BTCUSDT,1h
2026-03-02 08:00:00+00:00,65981.2,66279.2,65612.4,66247.9,7684.981,2026-03-02 08:59:59.999000+00:00,506562443.4221,254091,3893.562,256732250.3156,0,BTCUSDT,1h
2026-03-02 09:00:00+00:00,66247.9,66707.5,66118.8,66132.3,8485.67,2026-03-02 09:59:59.999000+00:00,563165629.8166,251465,4285.461,284456052.4172,0,BTCUSDT,1h
2026-03-02 10:00:00+00:00,66132.3,66368.5,66039.6,66284.0,3720.637,2026-03-02 10:59:59.999000+00:00,246291473.6411,137856,1938.431,128334894.3402,0,BTCUSDT,1h
2026-03-02 11:00:00+00:00,66284.0,66455.7,65973.1,66329.9,5955.186,2026-03-02 11:59:59.999000+00:00,394078548.6104,180667,2943.03,194779622.7176,0,BTCUSDT,1h
2026-03-02 12:00:00+00:00,66329.8,66369.1,65879.6,65927.8,4353.668,2026-03-02 12:59:59.999000+00:00,287729011.1641,146510,1959.42,129491951.8599,0,BTCUSDT,1h
2026-03-02 13:00:00+00:00,65927.7,66111.9,65319.9,65412.3,10340.986,2026-03-02 13:59:59.999000+00:00,679204222.7436,307270,4546.438,298641936.9112,0,BTCUSDT,1h
2026-03-02 14:00:00+00:00,65412.3,67188.0,65234.4,67128.7,27469.276,2026-03-02 14:59:59.999000+00:00,1821077342.9965,718101,14586.842,967169803.3888,0,BTCUSDT,1h
2026-03-02 15:00:00+00:00,67128.6,69588.0,66911.2,69089.1,58354.38,2026-03-02 15:59:59.999000+00:00,4000693054.5786,1159625,31357.234,2148965814.9412,0,BTCUSDT,1h
2026-03-02 16:00:00+00:00,69089.1,70100.0,68871.6,69395.6,34435.94,2026-03-02 16:59:59.999000+00:00,2393757525.9798,721689,18225.58,1267423181.8165,0,BTCUSDT,1h
2026-03-02 17:00:00+00:00,69395.2,69549.2,68757.6,69170.3,14982.278,2026-03-02 17:59:59.999000+00:00,1036395117.2995,362956,7295.729,504749104.4646,0,BTCUSDT,1h
2026-03-02 18:00:00+00:00,69170.0,69247.1,68700.1,68853.8,9943.864,2026-03-02 18:59:59.999000+00:00,686174118.7061,277167,4935.446,340565661.7535,0,BTCUSDT,1h
2026-03-02 19:00:00+00:00,68853.8,69039.1,68519.8,68928.4,9926.528,2026-03-02 19:59:59.999000+00:00,682784533.974,245359,5022.154,345453448.8443,0,BTCUSDT,1h
2026-03-02 20:00:00+00:00,68928.4,69468.4,68529.5,69054.2,11481.181,2026-03-02 20:59:59.999000+00:00,792407377.0701,332481,5943.174,410237010.8999,0,BTCUSDT,1h
2026-03-02 21:00:00+00:00,69054.1,69500.0,68953.9,69366.9,4924.284,2026-03-02 21:59:59.999000+00:00,341067607.6381,165688,2704.409,187309388.1759,0,BTCUSDT,1h
2026-03-02 22:00:00+00:00,69366.9,69459.0,69103.0,69414.2,4427.311,2026-03-02 22:59:59.999000+00:00,306837317.0374,134730,2426.323,168161689.3119,0,BTCUSDT,1h
2026-03-02 23:00:00+00:00,69414.2,69453.8,68700.0,68801.8,6936.569,2026-03-02 23:59:59.999000+00:00,478520370.5729,201136,3326.446,229452948.0774,0,BTCUSDT,1h
2026-03-03 00:00:00+00:00,68801.8,69132.2,68600.0,69051.9,5873.573,2026-03-03 00:59:59.999000+00:00,404611555.4285,191640,3060.834,210886862.0396,0,BTCUSDT,1h
2026-03-03 01:00:00+00:00,69051.8,69221.6,68717.4,68724.6,4829.284,2026-03-03 01:59:59.999000+00:00,332976720.3731,193899,2666.531,183873418.9746,0,BTCUSDT,1h
2026-03-03 02:00:00+00:00,68724.5,68744.0,68142.1,68478.1,10001.474,2026-03-03 02:59:59.999000+00:00,684407897.3456,264484,4764.319,326050686.7597,0,BTCUSDT,1h
2026-03-03 03:00:00+00:00,68478.0,68516.2,68186.4,68349.3,3949.677,2026-03-03 03:59:59.999000+00:00,269971254.6954,131688,2069.455,141461603.7757,0,BTCUSDT,1h
2026-03-03 04:00:00+00:00,68349.4,68425.7,68018.0,68093.0,4139.493,2026-03-03 04:59:59.999000+00:00,282292348.5191,130806,1864.033,127151690.7847,0,BTCUSDT,1h
2026-03-03 05:00:00+00:00,68093.1,68561.9,67801.0,67911.6,9362.483,2026-03-03 05:59:59.999000+00:00,637843854.2321,229458,4614.325,314511270.7664,0,BTCUSDT,1h
2026-03-03 06:00:00+00:00,67911.6,68248.0,67759.6,68070.0,6540.543,2026-03-03 06:59:59.999000+00:00,444260594.4842,176289,3515.416,238845976.3576,0,BTCUSDT,1h
2026-03-03 07:00:00+00:00,68070.0,68264.2,67915.2,68138.3,5141.807,2026-03-03 07:59:59.999000+00:00,350224008.7,157253,2920.946,198963896.5777,0,BTCUSDT,1h
2026-03-03 08:00:00+00:00,68138.2,68281.6,66853.5,66972.7,18782.595,2026-03-03 08:59:59.999000+00:00,1267346988.8754,381823,8070.417,544712365.7855,0,BTCUSDT,1h
2026-03-03 09:00:00+00:00,66972.8,67157.0,66270.7,66614.5,19131.814,2026-03-03 09:59:59.999000+00:00,1276839963.1504,402443,9770.743,652294788.8062,0,BTCUSDT,1h
2026-03-03 10:00:00+00:00,66614.4,67035.6,66400.0,66826.3,10902.445,2026-03-03 10:59:59.999000+00:00,726629560.2629,261805,6166.595,411097143.8225,0,BTCUSDT,1h
2026-03-03 11:00:00+00:00,66826.4,67134.8,66729.0,67000.0,8766.398,2026-03-03 11:59:59.999000+00:00,586835407.386,244719,4645.841,311052049.1403,0,BTCUSDT,1h
2026-03-03 12:00:00+00:00,67000.0,68000.0,67000.0,67360.1,14562.66,2026-03-03 12:59:59.999000+00:00,982537116.695,344907,7562.052,510274064.7456,0,BTCUSDT,1h
2026-03-03 13:00:00+00:00,67360.1,67400.0,66600.5,66893.6,11113.994,2026-03-03 13:59:59.999000+00:00,744135320.4621,302563,4833.137,323569137.8702,0,BTCUSDT,1h
2026-03-03 14:00:00+00:00,66893.7,67559.0,66080.0,66539.9,22608.56,2026-03-03 14:59:59.999000+00:00,1510136824.161,646728,10896.764,728112503.1152,0,BTCUSDT,1h
2026-03-03 15:00:00+00:00,66539.9,67830.9,66424.1,67692.5,19647.813,2026-03-03 15:59:59.999000+00:00,1320545914.0886,625405,10132.949,681248757.9008,0,BTCUSDT,1h
2026-03-03 16:00:00+00:00,67692.5,68972.9,67440.0,68137.4,29658.399,2026-03-03 16:59:59.999000+00:00,2023081786.2887,793438,15640.381,1066880519.266,0,BTCUSDT,1h
2026-03-03 17:00:00+00:00,68137.4,68377.9,67582.6,68280.5,12272.207,2026-03-03 17:59:59.999000+00:00,834392627.7112,415374,6320.319,429747286.5441,0,BTCUSDT,1h
2026-03-03 18:00:00+00:00,68280.5,68885.0,67934.2,68589.9,9732.567,2026-03-03 18:59:59.999000+00:00,666440549.3091,333859,5063.07,346697416.9319,0,BTCUSDT,1h
2026-03-03 19:00:00+00:00,68590.0,68845.8,68260.0,68395.9,9839.05,2026-03-03 19:59:59.999000+00:00,674529553.3229,337984,4847.357,332379041.2233,0,BTCUSDT,1h
2026-03-03 20:00:00+00:00,68395.9,68557.4,68042.4,68232.9,5543.55,2026-03-03 20:59:59.999000+00:00,378529381.0556,236454,2489.241,169984214.0958,0,BTCUSDT,1h
2026-03-03 21:00:00+00:00,68233.3,68233.3,67778.4,67976.5,5601.34,2026-03-03 21:59:59.999000+00:00,380718955.7579,155840,2891.001,196506979.6149,0,BTCUSDT,1h
2026-03-03 22:00:00+00:00,67976.5,68485.5,67976.5,68275.1,3828.395,2026-03-03 22:59:59.999000+00:00,261434234.188,137019,1757.102,119980424.9534,0,BTCUSDT,1h
2026-03-03 23:00:00+00:00,68275.2,68821.5,68206.4,68295.3,5639.779,2026-03-03 23:59:59.999000+00:00,386348979.6355,160206,3120.412,213786384.1616,0,BTCUSDT,1h
2026-03-04 00:00:00+00:00,68295.2,68383.4,67826.0,68065.8,6011.63,2026-03-04 00:59:59.999000+00:00,409428893.7672,209192,2889.42,196868867.5288,0,BTCUSDT,1h
2026-03-04 01:00:00+00:00,68065.8,68887.9,67922.4,68377.9,11304.59,2026-03-04 01:59:59.999000+00:00,773202906.3016,300236,6108.492,417919576.88,0,BTCUSDT,1h
2026-03-04 02:00:00+00:00,68384.6,68419.7,67950.0,68286.0,5555.688,2026-03-04 02:59:59.999000+00:00,378735226.0529,210037,2615.647,178307263.2677,0,BTCUSDT,1h
2026-03-04 03:00:00+00:00,68286.0,68360.2,67350.0,67700.1,10820.92,2026-03-04 03:59:59.999000+00:00,733462292.1958,337479,4991.568,338260362.1695,0,BTCUSDT,1h
2026-03-04 04:00:00+00:00,67700.1,67926.9,67421.9,67755.8,8295.566,2026-03-04 04:59:59.999000+00:00,561171485.8841,241797,4654.784,314893845.4118,0,BTCUSDT,1h
2026-03-04 05:00:00+00:00,67755.8,68353.9,67635.4,68173.2,6613.261,2026-03-04 05:59:59.999000+00:00,449622134.9508,216627,3571.029,242858804.9065,0,BTCUSDT,1h
2026-03-04 06:00:00+00:00,68173.2,68650.1,68001.7,68472.2,8162.03,2026-03-04 06:59:59.999000+00:00,557823920.0484,231871,4245.86,290257142.9975,0,BTCUSDT,1h
2026-03-04 07:00:00+00:00,68472.3,69676.4,68316.0,69464.5,16259.938,2026-03-04 07:59:59.999000+00:00,1122457621.6434,347231,10019.947,691959556.433,0,BTCUSDT,1h
2026-03-04 08:00:00+00:00,69464.5,71200.0,69100.2,70993.7,30573.652,2026-03-04 08:59:59.999000+00:00,2143406745.489,672349,17773.208,1247170418.3835,0,BTCUSDT,1h
2026-03-04 09:00:00+00:00,70993.7,71887.9,70700.0,71487.1,36488.931,2026-03-04 09:59:59.999000+00:00,2603179531.0106,763460,19291.599,1376693753.6601,0,BTCUSDT,1h
2026-03-04 10:00:00+00:00,71487.1,71844.0,71155.1,71310.9,16418.918,2026-03-04 10:59:59.999000+00:00,1173050802.542,451594,7723.202,551838880.0564,0,BTCUSDT,1h
2026-03-04 11:00:00+00:00,71310.8,71468.0,70893.1,71082.4,11129.631,2026-03-04 11:59:59.999000+00:00,791926421.1121,272263,5403.148,384541816.7844,0,BTCUSDT,1h
2026-03-04 12:00:00+00:00,71082.3,71340.0,70559.7,71307.8,14975.823,2026-03-04 12:59:59.999000+00:00,1062010252.3265,346651,7960.649,564623513.764,0,BTCUSDT,1h
2026-03-04 13:00:00+00:00,71307.9,71589.8,71177.7,71447.9,9645.846,2026-03-04 13:59:59.999000+00:00,688537582.4034,296059,5399.508,385473543.0094,0,BTCUSDT,1h
2026-03-04 14:00:00+00:00,71448.0,72630.0,71234.6,71580.5,36307.387,2026-03-04 14:59:59.999000+00:00,2608831049.1202,825822,20136.413,1447373172.3678,0,BTCUSDT,1h
2026-03-04 15:00:00+00:00,71580.4,73436.4,71527.6,73339.7,31689.444,2026-03-04 15:59:59.999000+00:00,2300992062.8267,808546,17636.842,1280956878.7011,0,BTCUSDT,1h
2026-03-04 16:00:00+00:00,73339.7,73473.0,72467.2,73241.2,19384.847,2026-03-04 16:59:59.999000+00:00,1415460648.249,557841,9191.697,671256176.2098,0,BTCUSDT,1h
2026-03-04 17:00:00+00:00,73241.2,73702.1,72858.0,73174.2,18949.695,2026-03-04 17:59:59.999000+00:00,1387904714.4381,478621,10152.252,743822065.113,0,BTCUSDT,1h
2026-03-04 18:00:00+00:00,73174.3,73686.6,72854.0,73651.4,11649.014,2026-03-04 18:59:59.999000+00:00,853941998.4858,306452,6016.028,441046431.2402,0,BTCUSDT,1h
2026-03-04 19:00:00+00:00,73651.3,74046.5,73470.0,73580.2,17042.452,2026-03-04 19:59:59.999000+00:00,1256828601.0121,415446,9516.333,701883949.6029,0,BTCUSDT,1h
2026-03-04 20:00:00+00:00,73580.3,73678.2,72961.8,72971.8,7734.423,2026-03-04 20:59:59.999000+00:00,567364380.3915,251006,3828.786,280907267.3252,0,BTCUSDT,1h
2026-03-04 21:00:00+00:00,72973.3,73290.8,72830.8,73273.5,6584.225,2026-03-04 21:59:59.999000+00:00,481125205.9998,181004,3812.944,278617703.8661,0,BTCUSDT,1h
2026-03-04 22:00:00+00:00,73273.6,73495.0,72601.2,72678.9,6322.508,2026-03-04 22:59:59.999000+00:00,461698518.1234,161169,2823.89,206218441.3126,0,BTCUSDT,1h
2026-03-04 23:00:00+00:00,72678.9,72885.1,72273.0,72641.4,9223.077,2026-03-04 23:59:59.999000+00:00,669347261.6215,230543,4524.492,328450441.3121,0,BTCUSDT,1h
2026-03-05 00:00:00+00:00,72641.4,72972.8,72511.5,72725.0,5461.309,2026-03-05 00:59:59.999000+00:00,397448015.4679,203453,2821.967,205367790.9024,0,BTCUSDT,1h
2026-03-05 01:00:00+00:00,72725.1,73295.7,72369.3,72507.8,8015.49,2026-03-05 01:59:59.999000+00:00,583700225.3483,275688,3936.98,286789878.9982,0,BTCUSDT,1h
2026-03-05 02:00:00+00:00,72507.8,72856.3,72300.0,72468.9,5624.209,2026-03-05 02:59:59.999000+00:00,407975139.3275,202867,2919.26,211775277.8991,0,BTCUSDT,1h
2026-03-05 03:00:00+00:00,72469.0,72718.1,72305.8,72469.6,4490.677,2026-03-05 03:59:59.999000+00:00,325605006.4372,150486,2309.585,167474292.5561,0,BTCUSDT,1h
2026-03-05 04:00:00+00:00,72469.5,73060.0,72412.8,72784.0,7056.768,2026-03-05 04:59:59.999000+00:00,513284385.1809,195335,3909.267,284403399.8121,0,BTCUSDT,1h
2026-03-05 05:00:00+00:00,72784.1,72897.9,72200.6,72374.9,5711.142,2026-03-05 05:59:59.999000+00:00,413847611.393,165379,2833.064,205286406.4563,0,BTCUSDT,1h
2026-03-05 06:00:00+00:00,72375.0,72637.8,72000.1,72520.3,9364.676,2026-03-05 06:59:59.999000+00:00,677274430.754,248525,4209.154,304445774.1675,0,BTCUSDT,1h
2026-03-05 07:00:00+00:00,72520.3,72650.0,71740.0,72025.5,10496.501,2026-03-05 07:59:59.999000+00:00,757319515.7061,229567,4343.276,313390883.2002,0,BTCUSDT,1h
2026-03-05 08:00:00+00:00,72025.4,72340.0,71716.3,72307.6,7873.804,2026-03-05 08:59:59.999000+00:00,567007255.3826,250141,3788.79,272897226.7454,0,BTCUSDT,1h
2026-03-05 09:00:00+00:00,72307.6,72863.0,72272.0,72563.2,8980.675,2026-03-05 09:59:59.999000+00:00,651562816.3821,274639,4648.051,337269094.8071,0,BTCUSDT,1h
2026-03-05 10:00:00+00:00,72563.1,73539.1,72480.6,73347.0,13356.231,2026-03-05 10:59:59.999000+00:00,977035746.9844,334484,7581.027,554585388.6029,0,BTCUSDT,1h
2026-03-05 11:00:00+00:00,73346.9,73410.9,72745.4,72879.9,8191.802,2026-03-05 11:59:59.999000+00:00,598000476.2813,246567,3648.005,266330586.73,0,BTCUSDT,1h
2026-03-05 12:00:00+00:00,72880.0,73032.0,72625.1,72842.2,6507.231,2026-03-05 12:59:59.999000+00:00,473972427.2087,218754,3232.936,235522658.2924,0,BTCUSDT,1h
2026-03-05 13:00:00+00:00,72842.2,72896.8,72150.1,72435.5,11672.873,2026-03-05 13:59:59.999000+00:00,846355768.9435,293713,5686.259,412334053.0311,0,BTCUSDT,1h
2026-03-05 14:00:00+00:00,72435.5,72817.0,71900.1,72574.7,15877.66,2026-03-05 14:59:59.999000+00:00,1148682555.7529,472840,8136.441,588923971.0011,0,BTCUSDT,1h
2026-03-05 15:00:00+00:00,72574.7,72741.4,71136.2,71611.7,28134.123,2026-03-05 15:59:59.999000+00:00,2014632540.324,622237,14251.849,1020457889.3663,0,BTCUSDT,1h
2026-03-05 16:00:00+00:00,71611.7,71620.6,70753.3,71267.9,23809.25,2026-03-05 16:59:59.999000+00:00,1692648689.7753,440436,11096.739,789239941.4521,0,BTCUSDT,1h
2026-03-05 17:00:00+00:00,71267.9,71537.2,70612.8,70668.5,11791.622,2026-03-05 17:59:59.999000+00:00,836252207.3158,336463,5346.196,379283726.3277,0,BTCUSDT,1h
2026-03-05 18:00:00+00:00,70668.5,71052.5,70622.1,70962.8,7008.813,2026-03-05 18:59:59.999000+00:00,496776562.8134,246006,3829.791,271441662.1265,0,BTCUSDT,1h
2026-03-05 19:00:00+00:00,70962.9,71444.8,70836.0,70875.5,8352.6,2026-03-05 19:59:59.999000+00:00,594085789.2454,226390,4439.486,315858589.5339,0,BTCUSDT,1h
2026-03-05 20:00:00+00:00,70875.5,71360.9,70805.9,71206.2,5278.268,2026-03-05 20:59:59.999000+00:00,375389333.4073,212931,2544.988,180992352.1013,0,BTCUSDT,1h
2026-03-05 21:00:00+00:00,71205.8,71530.4,70974.5,71099.7,5394.081,2026-03-05 21:59:59.999000+00:00,384502963.5513,143669,2673.149,190584760.363,0,BTCUSDT,1h
2026-03-05 22:00:00+00:00,71099.6,71340.0,71022.1,71170.9,3506.972,2026-03-05 22:59:59.999000+00:00,249633093.6861,98493,1865.237,132786378.522,0,BTCUSDT,1h
2026-03-05 23:00:00+00:00,71170.9,71268.1,70737.9,70854.8,4211.503,2026-03-05 23:59:59.999000+00:00,298975327.0513,118972,2143.634,152214904.7174,0,BTCUSDT,1h
2026-03-06 00:00:00+00:00,70854.8,71024.9,70740.0,70952.5,3722.132,2026-03-06 00:59:59.999000+00:00,263905431.7729,115501,2045.096,145001273.3853,0,BTCUSDT,1h
2026-03-06 01:00:00+00:00,70952.5,71257.6,70339.6,71217.0,10302.634,2026-03-06 01:59:59.999000+00:00,729511920.381,260768,5244.282,371543413.027,0,BTCUSDT,1h
2026-03-06 02:00:00+00:00,71217.0,71387.5,70976.8,71204.1,5832.058,2026-03-06 02:59:59.999000+00:00,415291733.5896,186977,2750.956,195900139.183,0,BTCUSDT,1h
2026-03-06 03:00:00+00:00,71204.0,71253.0,70955.0,71045.4,3423.096,2026-03-06 03:59:59.999000+00:00,243361066.0673,120642,1615.988,114895703.3279,0,BTCUSDT,1h
2026-03-06 04:00:00+00:00,71045.4,71081.5,70212.1,70578.1,8042.787,2026-03-06 04:59:59.999000+00:00,567692180.2538,188949,3525.72,248836454.7663,0,BTCUSDT,1h
2026-03-06 05:00:00+00:00,70578.2,70628.7,70100.0,70396.4,8954.235,2026-03-06 05:59:59.999000+00:00,629776464.3037,234338,4203.527,295677617.8979,0,BTCUSDT,1h
2026-03-06 06:00:00+00:00,70396.4,70830.9,70220.9,70565.5,5493.066,2026-03-06 06:59:59.999000+00:00,387224114.2772,146018,3010.297,212212901.3246,0,BTCUSDT,1h
2026-03-06 07:00:00+00:00,70565.5,71168.0,70430.7,71026.7,7121.896,2026-03-06 07:59:59.999000+00:00,504657413.848,185555,3948.631,279845385.8818,0,BTCUSDT,1h
2026-03-06 08:00:00+00:00,71026.7,71035.3,70696.4,70750.2,5540.301,2026-03-06 08:59:59.999000+00:00,392728338.8511,159262,2363.036,167512245.6628,0,BTCUSDT,1h
2026-03-06 09:00:00+00:00,70750.2,70789.9,70254.5,70521.4,7216.33,2026-03-06 09:59:59.999000+00:00,508515909.2109,213013,3387.119,238685853.5072,0,BTCUSDT,1h
2026-03-06 10:00:00+00:00,70521.3,70768.2,70430.2,70506.8,5855.599,2026-03-06 10:59:59.999000+00:00,413416286.6613,142463,2866.584,202387206.2147,0,BTCUSDT,1h
2026-03-06 11:00:00+00:00,70506.8,70621.0,70164.9,70185.6,6456.736,2026-03-06 11:59:59.999000+00:00,454462473.8653,153044,3191.092,224648964.5481,0,BTCUSDT,1h
2026-03-06 12:00:00+00:00,70185.6,70200.7,69617.0,69895.2,16131.245,2026-03-06 12:59:59.999000+00:00,1127805176.0251,338136,7715.104,539403456.5372,0,BTCUSDT,1h
2026-03-06 13:00:00+00:00,69895.2,70328.5,69179.4,69189.6,19434.724,2026-03-06 13:59:59.999000+00:00,1356699093.9814,412738,8241.579,575636068.9631,0,BTCUSDT,1h
2026-03-06 14:00:00+00:00,69189.6,69241.1,68121.6,68367.6,32722.829,2026-03-06 14:59:59.999000+00:00,2249017171.927,737455,15400.48,1058567030.358,0,BTCUSDT,1h
2026-03-06 15:00:00+00:00,68367.7,69079.6,68258.8,68468.4,16443.814,2026-03-06 15:59:59.999000+00:00,1128493196.8368,443430,8526.131,585169354.4828,0,BTCUSDT,1h
2026-03-06 16:00:00+00:00,68468.3,68759.5,68186.0,68410.2,9474.656,2026-03-06 16:59:59.999000+00:00,648559361.6872,313951,4813.237,329475284.7506,0,BTCUSDT,1h
2026-03-06 17:00:00+00:00,68410.2,68611.4,67712.3,67930.7,13802.563,2026-03-06 17:59:59.999000+00:00,939374125.5422,345811,6287.189,427961298.6226,0,BTCUSDT,1h
2026-03-06 18:00:00+00:00,67930.6,68444.0,67921.5,68144.0,7159.918,2026-03-06 18:59:59.999000+00:00,488693559.0656,231073,3347.05,228471395.282,0,BTCUSDT,1h
2026-03-06 19:00:00+00:00,68143.9,68450.0,67967.2,68101.0,4463.33,2026-03-06 19:59:59.999000+00:00,304354688.9146,158299,2335.695,159312068.6668,0,BTCUSDT,1h
2026-03-06 20:00:00+00:00,68100.9,68259.0,67731.0,68078.2,6522.438,2026-03-06 20:59:59.999000+00:00,443271959.158,206350,3147.096,213916853.6738,0,BTCUSDT,1h
2026-03-06 21:00:00+00:00,68078.1,68306.6,67890.7,68258.3,3942.37,2026-03-06 21:59:59.999000+00:00,268546634.1132,105404,2074.218,141301028.0798,0,BTCUSDT,1h
2026-03-06 22:00:00+00:00,68258.3,68406.6,68190.0,68291.2,2405.901,2026-03-06 22:59:59.999000+00:00,164339992.8419,67201,1332.978,91059068.0498,0,BTCUSDT,1h
2026-03-06 23:00:00+00:00,68291.2,68343.4,68059.7,68083.0,2918.045,2026-03-06 23:59:59.999000+00:00,199075723.8003,72378,1496.967,102135833.47,0,BTCUSDT,1h
2026-03-07 00:00:00+00:00,68083.0,68372.3,68075.3,68243.2,3947.187,2026-03-07 00:59:59.999000+00:00,269308262.0247,87412,2313.004,157817196.9398,0,BTCUSDT,1h
2026-03-07 01:00:00+00:00,68243.1,68332.0,68140.0,68222.2,2165.539,2026-03-07 01:59:59.999000+00:00,147760199.8301,64865,1034.991,70623582.6781,0,BTCUSDT,1h
2026-03-07 02:00:00+00:00,68222.2,68346.6,68018.7,68320.1,3311.096,2026-03-07 02:59:59.999000+00:00,225715778.7955,76329,1687.257,115018892.9632,0,BTCUSDT,1h
2026-03-07 03:00:00+00:00,68320.0,68524.9,68063.0,68063.2,4750.837,2026-03-07 03:59:59.999000+00:00,324430797.954,104953,2195.046,149921532.9502,0,BTCUSDT,1h
2026-03-07 04:00:00+00:00,68063.3,68130.7,67764.1,68028.0,4612.641,2026-03-07 04:59:59.999000+00:00,313466804.5602,108329,2079.907,141365310.5774,0,BTCUSDT,1h
2026-03-07 05:00:00+00:00,68028.0,68111.2,67867.4,67990.1,3104.785,2026-03-07 05:59:59.999000+00:00,211103691.2156,79031,1502.393,102144193.5266,0,BTCUSDT,1h
2026-03-07 06:00:00+00:00,67990.0,67998.0,67570.3,67665.7,5214.52,2026-03-07 06:59:59.999000+00:00,353473012.1247,118112,2096.852,142161357.9734,0,BTCUSDT,1h
2026-03-07 07:00:00+00:00,67665.9,67837.4,67411.0,67809.4,7321.815,2026-03-07 07:59:59.999000+00:00,495117381.7348,161924,3897.776,263653525.3831,0,BTCUSDT,1h
2026-03-07 08:00:00+00:00,67809.5,68035.3,67675.0,67767.6,4204.746,2026-03-07 08:59:59.999000+00:00,285397076.1266,100664,2093.16,142077785.9597,0,BTCUSDT,1h
2026-03-07 09:00:00+00:00,67767.6,68045.3,67700.0,67970.5,2627.49,2026-03-07 09:59:59.999000+00:00,178468935.9862,78160,1392.971,94616963.0677,0,BTCUSDT,1h
2026-03-07 10:00:00+00:00,67970.5,68078.0,67835.1,67851.6,2423.835,2026-03-07 10:59:59.999000+00:00,164701147.3573,64896,1209.505,82197988.4696,0,BTCUSDT,1h
2026-03-07 11:00:00+00:00,67851.7,68215.6,67808.4,67975.9,4583.017,2026-03-07 11:59:59.999000+00:00,311977999.522,106723,2381.915,162130760.1212,0,BTCUSDT,1h
2026-03-07 12:00:00+00:00,67976.0,68050.6,67855.2,67954.6,2241.462,2026-03-07 12:59:59.999000+00:00,152329311.675,58781,1109.059,75376555.6196,0,BTCUSDT,1h
2026-03-07 13:00:00+00:00,67954.6,68042.3,67810.0,67891.3,2874.732,2026-03-07 13:59:59.999000+00:00,195291223.5694,70238,1425.318,96830905.0497,0,BTCUSDT,1h
2026-03-07 14:00:00+00:00,67891.2,68061.1,67568.4,67980.1,5505.818,2026-03-07 14:59:59.999000+00:00,373365526.1397,147444,2714.929,184131289.0306,0,BTCUSDT,1h
2026-03-07 15:00:00+00:00,67980.1,68000.0,67732.1,67844.8,2756.401,2026-03-07 15:59:59.999000+00:00,187097680.0176,91627,1268.251,86091123.4817,0,BTCUSDT,1h
2026-03-07 16:00:00+00:00,67844.8,67859.1,67663.3,67757.5,2484.1,2026-03-07 16:59:59.999000+00:00,168354477.8889,75242,1238.564,83942062.9723,0,BTCUSDT,1h
2026-03-07 17:00:00+00:00,67757.6,67913.6,67728.1,67749.7,1634.56,2026-03-07 17:59:59.999000+00:00,110855049.9532,48191,790.446,53606982.4187,0,BTCUSDT,1h
2026-03-07 18:00:00+00:00,67749.7,67749.8,67400.0,67530.8,5378.419,2026-03-07 18:59:59.999000+00:00,363351832.9832,130564,2304.076,155679601.296,0,BTCUSDT,1h
2026-03-07 19:00:00+00:00,67530.8,67537.4,66850.1,67042.6,10028.411,2026-03-07 19:59:59.999000+00:00,673910320.6915,221993,4027.269,270629714.353,0,BTCUSDT,1h
2026-03-07 20:00:00+00:00,67042.6,67397.5,67028.0,67354.4,4183.176,2026-03-07 20:59:59.999000+00:00,281337304.9351,101432,2421.158,162821173.2799,0,BTCUSDT,1h
2026-03-07 21:00:00+00:00,67354.4,67445.9,67233.5,67416.4,2984.912,2026-03-07 21:59:59.999000+00:00,201036790.8256,78118,1525.329,102728020.7468,0,BTCUSDT,1h
2026-03-07 22:00:00+00:00,67416.3,67434.3,67058.0,67220.0,3495.084,2026-03-07 22:59:59.999000+00:00,235038924.2071,75200,1784.147,119983485.7925,0,BTCUSDT,1h
2026-03-07 23:00:00+00:00,67220.0,67373.9,67137.4,67232.1,2735.579,2026-03-07 23:59:59.999000+00:00,184044696.5425,60529,1361.744,91624125.4242,0,BTCUSDT,1h
2026-03-08 00:00:00+00:00,67232.1,67459.0,67138.0,67161.0,3238.005,2026-03-08 00:59:59.999000+00:00,217875052.5021,80049,1832.732,123340252.0606,0,BTCUSDT,1h
2026-03-08 01:00:00+00:00,67161.0,67329.7,67055.3,67266.3,3186.835,2026-03-08 01:59:59.999000+00:00,214167346.1906,81573,1472.075,98930049.5004,0,BTCUSDT,1h
2026-03-08 02:00:00+00:00,67266.2,67399.8,66720.8,66894.8,6471.532,2026-03-08 02:59:59.999000+00:00,434041964.3669,144859,3134.298,210318299.5302,0,BTCUSDT,1h
2026-03-08 03:00:00+00:00,66894.9,67060.5,66804.0,66974.9,3989.017,2026-03-08 03:59:59.999000+00:00,267097613.9758,105766,1869.416,125177784.8029,0,BTCUSDT,1h
2026-03-08 04:00:00+00:00,66974.9,67059.9,66508.0,66602.7,6115.794,2026-03-08 04:59:59.999000+00:00,408477015.7354,137614,2582.037,172532593.4505,0,BTCUSDT,1h
2026-03-08 05:00:00+00:00,66602.7,67221.1,66584.0,67115.4,5510.805,2026-03-08 05:59:59.999000+00:00,369274364.6255,135303,3277.733,219664457.8364,0,BTCUSDT,1h
2026-03-08 06:00:00+00:00,67115.3,67202.5,67002.4,67134.3,2597.991,2026-03-08 06:59:59.999000+00:00,174317347.9359,72079,1378.084,92471456.8584,0,BTCUSDT,1h
2026-03-08 07:00:00+00:00,67134.4,67430.0,67121.3,67277.2,4329.469,2026-03-08 07:59:59.999000+00:00,291401034.5916,101252,2448.409,164795815.6718,0,BTCUSDT,1h
2026-03-08 08:00:00+00:00,67277.1,67565.3,67121.1,67490.9,4182.357,2026-03-08 08:59:59.999000+00:00,281786987.7183,102660,2470.9,166510568.8808,0,BTCUSDT,1h
2026-03-08 09:00:00+00:00,67491.0,67888.0,67432.7,67662.9,7791.766,2026-03-08 09:59:59.999000+00:00,527447850.3713,157780,4495.506,304302638.6928,0,BTCUSDT,1h
2026-03-08 10:00:00+00:00,67663.0,68171.6,67659.5,67869.1,7938.315,2026-03-08 10:59:59.999000+00:00,539437327.0694,163797,4552.741,309400197.55,0,BTCUSDT,1h
2026-03-08 11:00:00+00:00,67869.0,67869.0,67377.0,67490.0,7889.439,2026-03-08 11:59:59.999000+00:00,532976539.5816,189869,3903.078,263669927.8777,0,BTCUSDT,1h
2026-03-08 12:00:00+00:00,67490.1,67623.0,66851.3,67286.0,9841.173,2026-03-08 12:59:59.999000+00:00,661280868.3545,242183,4600.981,309164601.8179,0,BTCUSDT,1h
2026-03-08 13:00:00+00:00,67286.0,67411.3,66730.0,67196.9,9377.126,2026-03-08 13:59:59.999000+00:00,628665765.3517,240603,4437.533,297528491.914,0,BTCUSDT,1h
2026-03-08 14:00:00+00:00,67196.8,67399.9,67018.0,67304.1,4444.089,2026-03-08 14:59:59.999000+00:00,298779022.9673,147303,2300.165,154665472.0664,0,BTCUSDT,1h
2026-03-08 15:00:00+00:00,67304.1,67333.1,67030.1,67174.7,3677.216,2026-03-08 15:59:59.999000+00:00,247053631.4116,124684,1882.362,126459762.4893,0,BTCUSDT,1h
2026-03-08 16:00:00+00:00,67174.6,67232.0,66761.8,66829.9,5456.96,2026-03-08 16:59:59.999000+00:00,365408888.037,144145,2452.427,164231394.3119,0,BTCUSDT,1h
2026-03-08 17:00:00+00:00,66830.0,67151.7,66752.5,67017.0,4587.48,2026-03-08 17:59:59.999000+00:00,307445501.5919,135820,2554.352,171188534.196,0,BTCUSDT,1h
2026-03-08 18:00:00+00:00,67017.1,67047.3,66707.0,66777.5,3290.315,2026-03-08 18:59:59.999000+00:00,219937570.6758,108176,1379.586,92219229.3862,0,BTCUSDT,1h
2026-03-08 19:00:00+00:00,66777.6,67459.2,66746.0,67299.0,5520.081,2026-03-08 19:59:59.999000+00:00,370739848.9639,162126,3160.663,212305595.0301,0,BTCUSDT,1h
2026-03-08 20:00:00+00:00,67299.0,67496.4,67000.0,67195.7,5379.717,2026-03-08 20:59:59.999000+00:00,361709034.2454,146387,2539.712,170756959.0397,0,BTCUSDT,1h
2026-03-08 21:00:00+00:00,67195.6,67231.9,66666.6,66977.1,4698.142,2026-03-08 21:59:59.999000+00:00,314378529.527,122540,2082.025,139319892.5488,0,BTCUSDT,1h
2026-03-08 22:00:00+00:00,66977.1,66978.3,65569.2,66198.4,28794.349,2026-03-08 22:59:59.999000+00:00,1900485979.4551,615945,12290.629,811114081.2412,0,BTCUSDT,1h
2026-03-08 23:00:00+00:00,66198.4,66527.2,65880.0,65934.3,7440.0,2026-03-08 23:59:59.999000+00:00,492712517.8516,273462,3730.401,247074502.1827,0,BTCUSDT,1h
2026-03-09 00:00:00+00:00,65934.3,66730.0,65770.5,66326.9,9031.717,2026-03-09 00:59:59.999000+00:00,598527267.586,331457,4851.21,321571880.9215,0,BTCUSDT,1h
2026-03-09 01:00:00+00:00,66326.8,66655.5,66081.5,66150.1,8094.46,2026-03-09 01:59:59.999000+00:00,537258410.0541,292077,3759.148,249521139.1001,0,BTCUSDT,1h
2026-03-09 02:00:00+00:00,66150.1,66678.2,65916.9,66500.0,8121.416,2026-03-09 02:59:59.999000+00:00,538600559.0819,265638,4170.235,276556030.38,0,BTCUSDT,1h
2026-03-09 03:00:00+00:00,66500.1,67646.0,66476.9,67165.3,16188.39,2026-03-09 03:59:59.999000+00:00,1087643387.5087,411366,8955.63,601639765.598,0,BTCUSDT,1h
2026-03-09 04:00:00+00:00,67165.3,67593.0,67067.3,67100.3,6821.112,2026-03-09 04:59:59.999000+00:00,459264086.7747,202860,3339.719,224886605.5938,0,BTCUSDT,1h
2026-03-09 05:00:00+00:00,67100.3,68038.4,67080.2,67869.6,19434.419,2026-03-09 05:59:59.999000+00:00,1316611361.436,305871,9983.925,676279760.1098,0,BTCUSDT,1h
2026-03-09 06:00:00+00:00,67869.7,67894.0,67177.0,67229.8,7260.539,2026-03-09 06:59:59.999000+00:00,490001535.1624,211603,3171.792,214075396.2595,0,BTCUSDT,1h
2026-03-09 07:00:00+00:00,67229.9,67536.9,66833.9,67504.8,9142.616,2026-03-09 07:59:59.999000+00:00,614518355.1318,247893,5035.112,338512795.5468,0,BTCUSDT,1h
2026-03-09 08:00:00+00:00,67504.9,67885.3,67344.4,67772.4,7326.334,2026-03-09 08:59:59.999000+00:00,495662367.9733,239996,3828.747,259029065.5098,0,BTCUSDT,1h
2026-03-09 09:00:00+00:00,67772.4,68441.5,67523.0,67946.5,12990.961,2026-03-09 09:59:59.999000+00:00,884087273.1602,304108,6999.816,476415415.4968,0,BTCUSDT,1h
2026-03-09 10:00:00+00:00,67946.4,68058.2,67518.0,67571.2,7279.91,2026-03-09 10:59:59.999000+00:00,493523821.4529,217818,3502.764,237454785.283,0,BTCUSDT,1h
2026-03-09 11:00:00+00:00,67571.3,67832.6,67301.0,67723.3,5816.612,2026-03-09 11:59:59.999000+00:00,393040969.5364,175764,3052.991,206314160.9092,0,BTCUSDT,1h
2026-03-09 12:00:00+00:00,67723.3,68311.7,67714.2,68124.1,9150.791,2026-03-09 12:59:59.999000+00:00,622823747.0016,217883,4743.611,322874685.1903,0,BTCUSDT,1h
2026-03-09 13:00:00+00:00,68124.1,69273.9,68102.2,68939.9,25828.099,2026-03-09 13:59:59.999000+00:00,1776627373.7069,566248,13655.845,939421986.6948,0,BTCUSDT,1h
2026-03-09 14:00:00+00:00,68940.0,69449.1,68641.5,69112.8,19049.533,2026-03-09 14:59:59.999000+00:00,1315986534.9078,506448,9528.165,658471810.5082,0,BTCUSDT,1h
2026-03-09 15:00:00+00:00,69112.8,69215.0,68688.4,68832.3,10472.653,2026-03-09 15:59:59.999000+00:00,722028487.1786,297628,4807.204,331463468.448,0,BTCUSDT,1h
2026-03-09 16:00:00+00:00,68832.4,69188.0,68586.4,68920.5,8276.447,2026-03-09 16:59:59.999000+00:00,570073026.9368,262681,4490.322,309326937.9233,0,BTCUSDT,1h
2026-03-09 17:00:00+00:00,68920.6,69056.1,68217.0,68570.0,9203.08,2026-03-09 17:59:59.999000+00:00,631345569.9941,260509,4531.411,310864724.328,0,BTCUSDT,1h
2026-03-09 18:00:00+00:00,68570.0,68673.0,68200.1,68327.4,5898.916,2026-03-09 18:59:59.999000+00:00,403778659.8077,180347,3014.753,206381875.4945,0,BTCUSDT,1h
2026-03-09 19:00:00+00:00,68327.5,69498.0,68327.5,68951.8,16556.025,2026-03-09 19:59:59.999000+00:00,1141931831.5781,418479,8859.783,611015231.9618,0,BTCUSDT,1h
2026-03-09 20:00:00+00:00,68951.8,69100.2,68718.0,68916.3,4040.448,2026-03-09 20:59:59.999000+00:00,278410478.0501,151729,2180.413,150252704.7114,0,BTCUSDT,1h
2026-03-09 21:00:00+00:00,68916.3,69064.1,68621.4,68882.7,4209.388,2026-03-09 21:59:59.999000+00:00,289995669.1229,109458,2231.719,153758459.1058,0,BTCUSDT,1h
2026-03-09 22:00:00+00:00,68882.7,69000.0,68554.2,68602.2,3669.173,2026-03-09 22:59:59.999000+00:00,252180863.2793,119126,1674.497,115071011.1758,0,BTCUSDT,1h
2026-03-09 23:00:00+00:00,68602.2,68663.0,68333.0,68394.1,3348.508,2026-03-09 23:59:59.999000+00:00,229421688.785,105149,1604.575,109948604.353,0,BTCUSDT,1h
2026-03-10 00:00:00+00:00,68394.0,69259.9,68345.0,69113.1,9307.003,2026-03-10 00:59:59.999000+00:00,640790106.5228,209488,5002.053,344435317.628,0,BTCUSDT,1h
2026-03-10 01:00:00+00:00,69113.2,69362.9,68721.4,69229.0,6185.545,2026-03-10 01:59:59.999000+00:00,427183195.5185,173324,3217.321,222267228.8926,0,BTCUSDT,1h
2026-03-10 02:00:00+00:00,69229.0,70555.0,69064.0,70242.0,21185.276,2026-03-10 02:59:59.999000+00:00,1482796663.0066,429500,12539.429,877759898.9975,0,BTCUSDT,1h
2026-03-10 03:00:00+00:00,70242.0,70348.1,69338.5,69391.0,14851.618,2026-03-10 03:59:59.999000+00:00,1036820804.6257,284398,5819.14,406233375.0973,0,BTCUSDT,1h
2026-03-10 04:00:00+00:00,69391.0,70094.7,69391.0,70035.8,7588.522,2026-03-10 04:59:59.999000+00:00,529297205.452,204991,3990.182,278397756.2916,0,BTCUSDT,1h
2026-03-10 05:00:00+00:00,70035.8,70330.4,69842.7,69938.3,5896.564,2026-03-10 05:59:59.999000+00:00,413238046.0329,176379,3070.734,215249696.3233,0,BTCUSDT,1h
2026-03-10 06:00:00+00:00,69938.3,70160.3,69719.4,69879.6,5295.311,2026-03-10 06:59:59.999000+00:00,370298903.7879,142371,2629.773,183907150.964,0,BTCUSDT,1h
2026-03-10 07:00:00+00:00,69879.6,70500.0,69793.7,70374.7,9538.167,2026-03-10 07:59:59.999000+00:00,670109478.1729,219255,5570.554,391342685.169,0,BTCUSDT,1h
2026-03-10 08:00:00+00:00,70374.7,71067.2,70332.2,70650.9,17259.654,2026-03-10 08:59:59.999000+00:00,1221464817.0328,347495,9415.286,666374902.3046,0,BTCUSDT,1h
2026-03-10 09:00:00+00:00,70650.9,71272.4,70615.5,71030.4,9706.299,2026-03-10 09:59:59.999000+00:00,688816455.9398,228713,5200.284,369060420.3866,0,BTCUSDT,1h
2026-03-10 10:00:00+00:00,71030.5,71049.9,70619.5,70737.6,6456.746,2026-03-10 10:59:59.999000+00:00,457055155.0026,164659,2913.445,206261382.6431,0,BTCUSDT,1h
2026-03-10 11:00:00+00:00,70737.6,70837.1,70505.3,70570.1,5481.434,2026-03-10 11:59:59.999000+00:00,387166800.005,137249,2909.941,205559935.5647,0,BTCUSDT,1h
2026-03-10 12:00:00+00:00,70570.1,70602.5,70250.2,70486.8,7433.234,2026-03-10 12:59:59.999000+00:00,523553890.7362,174977,3647.624,256924354.9439,0,BTCUSDT,1h
2026-03-10 13:00:00+00:00,70486.9,70888.0,69680.0,69883.7,21024.626,2026-03-10 13:59:59.999000+00:00,1475145725.3917,465047,10072.758,706897963.3587,0,BTCUSDT,1h
2026-03-10 14:00:00+00:00,69883.7,71499.9,69184.8,71435.7,29703.516,2026-03-10 14:59:59.999000+00:00,2085944707.2339,661854,16014.398,1125556187.4391,0,BTCUSDT,1h
2026-03-10 15:00:00+00:00,71435.7,71748.1,70856.3,71296.9,21662.665,2026-03-10 15:59:59.999000+00:00,1543505192.5489,508129,10432.926,743610834.588,0,BTCUSDT,1h
2026-03-10 16:00:00+00:00,71296.9,71665.8,70900.0,71224.5,11120.174,2026-03-10 16:59:59.999000+00:00,792652919.7619,325462,5341.441,380788868.4842,0,BTCUSDT,1h
2026-03-10 17:00:00+00:00,71224.5,71412.3,70465.1,70827.1,10212.15,2026-03-10 17:59:59.999000+00:00,723754038.6667,304149,5010.022,355086114.8581,0,BTCUSDT,1h
2026-03-10 18:00:00+00:00,70827.1,70871.7,69854.7,69975.2,13175.467,2026-03-10 18:59:59.999000+00:00,925548033.6905,428595,6520.477,457969908.8554,0,BTCUSDT,1h
2026-03-10 19:00:00+00:00,69975.2,70249.1,69688.0,70005.2,8965.888,2026-03-10 19:59:59.999000+00:00,627404024.1564,272920,4671.893,326961768.3848,0,BTCUSDT,1h
2026-03-10 20:00:00+00:00,70005.1,70311.4,69958.1,70192.9,4454.993,2026-03-10 20:59:59.999000+00:00,312494291.4179,124384,2458.827,172479757.4869,0,BTCUSDT,1h
2026-03-10 21:00:00+00:00,70192.9,70375.4,69485.7,69712.8,8217.244,2026-03-10 21:59:59.999000+00:00,573660668.6472,171649,3519.601,245764058.0028,0,BTCUSDT,1h
2026-03-10 22:00:00+00:00,69712.9,69830.2,69388.0,69653.9,5305.285,2026-03-10 22:59:59.999000+00:00,369103518.8748,143232,2551.035,177482240.5033,0,BTCUSDT,1h
2026-03-10 23:00:00+00:00,69653.9,69938.2,69644.6,69901.9,5647.103,2026-03-10 23:59:59.999000+00:00,394187362.1993,149675,3362.294,234707770.1902,0,BTCUSDT,1h
2026-03-11 00:00:00+00:00,69901.8,70139.6,69707.8,69998.1,6635.47,2026-03-11 00:59:59.999000+00:00,463969422.4759,183695,3155.061,220654847.7285,0,BTCUSDT,1h
2026-03-11 01:00:00+00:00,69998.1,70114.2,69829.4,70027.8,3919.19,2026-03-11 01:59:59.999000+00:00,274293754.6531,135782,2080.799,145638516.9245,0,BTCUSDT,1h
2026-03-11 02:00:00+00:00,70027.9,70087.5,69563.3,69778.2,4765.802,2026-03-11 02:59:59.999000+00:00,332644184.8011,145506,2106.173,147031976.5781,0,BTCUSDT,1h
2026-03-11 03:00:00+00:00,69778.2,69863.0,69455.6,69517.0,4613.949,2026-03-11 03:59:59.999000+00:00,321106487.9481,131875,2202.031,153263584.9061,0,BTCUSDT,1h
2026-03-11 04:00:00+00:00,69517.0,70249.1,69462.1,70089.7,6002.448,2026-03-11 04:59:59.999000+00:00,419472816.9514,160539,3605.332,251991283.2748,0,BTCUSDT,1h
2026-03-11 05:00:00+00:00,70089.8,70162.4,69329.7,69463.7,6668.643,2026-03-11 05:59:59.999000+00:00,464724181.6854,170944,2880.264,200722603.7235,0,BTCUSDT,1h
2026-03-11 06:00:00+00:00,69463.7,69970.2,69454.9,69907.0,5019.578,2026-03-11 06:59:59.999000+00:00,350008103.1273,135851,3048.13,212543786.7366,0,BTCUSDT,1h
2026-03-11 07:00:00+00:00,69907.1,69986.8,69456.4,69622.1,4738.076,2026-03-11 07:59:59.999000+00:00,330120198.9839,130766,2314.038,161222308.189,0,BTCUSDT,1h
2026-03-11 08:00:00+00:00,69622.2,69750.0,69464.0,69617.4,4399.906,2026-03-11 08:59:59.999000+00:00,306118358.6155,141705,2252.041,156684557.6812,0,BTCUSDT,1h
2026-03-11 09:00:00+00:00,69617.4,69729.0,69324.1,69431.2,5367.111,2026-03-11 09:59:59.999000+00:00,373081218.402,130555,2596.88,180544876.7845,0,BTCUSDT,1h
2026-03-11 10:00:00+00:00,69431.3,69689.8,69350.5,69570.5,4089.022,2026-03-11 10:59:59.999000+00:00,284170389.3574,109631,2109.56,146615536.6192,0,BTCUSDT,1h
2026-03-11 11:00:00+00:00,69570.5,69641.6,69098.0,69144.0,5735.532,2026-03-11 11:59:59.999000+00:00,397845641.0957,150845,2298.433,159489861.1782,0,BTCUSDT,1h
2026-03-11 12:00:00+00:00,69144.0,69767.8,68932.9,69319.0,13495.2,2026-03-11 12:59:59.999000+00:00,934924891.0018,302402,7334.322,508294564.4929,0,BTCUSDT,1h
2026-03-11 13:00:00+00:00,69318.9,71060.7,69294.1,70134.8,30965.931,2026-03-11 13:59:59.999000+00:00,2175728482.8467,627591,16061.829,1128538464.0992,0,BTCUSDT,1h
2026-03-11 14:00:00+00:00,70134.8,70938.1,69917.5,70536.6,21395.633,2026-03-11 14:59:59.999000+00:00,1508260748.5285,533108,11086.734,781664599.11,0,BTCUSDT,1h
2026-03-11 15:00:00+00:00,70536.7,70612.5,69618.6,70186.9,15405.756,2026-03-11 15:59:59.999000+00:00,1080056540.9538,426001,7410.419,519499283.6375,0,BTCUSDT,1h
2026-03-11 16:00:00+00:00,70187.0,70799.9,70093.2,70538.9,9608.144,2026-03-11 16:59:59.999000+00:00,677258687.3186,315524,5003.593,352686850.3096,0,BTCUSDT,1h
2026-03-11 17:00:00+00:00,70539.0,71286.0,70474.2,70745.1,16496.708,2026-03-11 17:59:59.999000+00:00,1169368751.2702,406708,9542.49,676353169.8233,0,BTCUSDT,1h
2026-03-11 18:00:00+00:00,70745.1,70866.5,70353.5,70582.2,7697.976,2026-03-11 18:59:59.999000+00:00,543663060.4281,234907,2931.767,207079812.3384,0,BTCUSDT,1h
2026-03-11 19:00:00+00:00,70582.1,70700.0,70333.3,70600.8,3502.006,2026-03-11 19:59:59.999000+00:00,246957671.5796,139322,1856.25,130896970.8328,0,BTCUSDT,1h
2026-03-11 20:00:00+00:00,70600.7,70692.8,70349.5,70586.1,3275.618,2026-03-11 20:59:59.999000+00:00,230923535.302,95198,1879.393,132504739.7565,0,BTCUSDT,1h
2026-03-11 21:00:00+00:00,70586.1,70766.7,70451.8,70702.3,2629.442,2026-03-11 21:59:59.999000+00:00,185678604.9766,71460,1428.566,100889107.6321,0,BTCUSDT,1h
2026-03-11 22:00:00+00:00,70702.4,70931.9,70200.2,70329.1,5275.465,2026-03-11 22:59:59.999000+00:00,371690044.6945,148644,2614.135,184187067.4052,0,BTCUSDT,1h
2026-03-11 23:00:00+00:00,70329.2,70466.0,70078.6,70150.0,3925.35,2026-03-11 23:59:59.999000+00:00,275796155.2792,125410,2054.747,144374111.3545,0,BTCUSDT,1h
2026-03-12 00:00:00+00:00,70150.0,70314.1,70087.1,70176.9,2964.321,2026-03-12 00:59:59.999000+00:00,208080542.1142,111559,1599.827,112301574.8418,0,BTCUSDT,1h
2026-03-12 01:00:00+00:00,70176.9,70188.1,69706.1,69800.8,7061.504,2026-03-12 01:59:59.999000+00:00,493456613.9829,175707,3392.026,237013387.4996,0,BTCUSDT,1h
2026-03-12 02:00:00+00:00,69800.7,69851.5,69180.0,69242.9,8560.615,2026-03-12 02:59:59.999000+00:00,594906557.4851,202778,4178.245,290360267.3543,0,BTCUSDT,1h
2026-03-12 03:00:00+00:00,69243.0,69595.9,69187.6,69402.6,6091.142,2026-03-12 03:59:59.999000+00:00,422695382.4358,142850,3487.146,242011770.5879,0,BTCUSDT,1h
2026-03-12 04:00:00+00:00,69402.6,69640.3,69250.1,69330.1,3849.667,2026-03-12 04:59:59.999000+00:00,267318284.2579,105234,2051.069,142443720.3129,0,BTCUSDT,1h
2026-03-12 05:00:00+00:00,69330.1,69514.6,69150.0,69429.9,4753.901,2026-03-12 05:59:59.999000+00:00,329582862.818,111427,2172.081,150644555.8032,0,BTCUSDT,1h
2026-03-12 06:00:00+00:00,69430.0,69526.6,69320.0,69461.5,2909.494,2026-03-12 06:59:59.999000+00:00,202014387.4036,83949,1420.259,98616630.4592,0,BTCUSDT,1h
2026-03-12 07:00:00+00:00,69461.4,69818.8,69370.7,69782.6,6108.768,2026-03-12 07:59:59.999000+00:00,425390560.8616,130999,3703.273,257873977.1735,0,BTCUSDT,1h
2026-03-12 08:00:00+00:00,69782.7,70079.1,69667.3,69865.1,8311.135,2026-03-12 08:59:59.999000+00:00,580449776.3819,170792,4402.824,307512452.7399,0,BTCUSDT,1h
2026-03-12 09:00:00+00:00,69865.1,70377.7,69540.9,69914.9,9674.587,2026-03-12 09:59:59.999000+00:00,676516355.0932,202162,4560.277,318902705.7117,0,BTCUSDT,1h
2026-03-12 10:00:00+00:00,69915.0,70477.0,69815.4,70372.3,8357.019,2026-03-12 10:59:59.999000+00:00,586549453.4039,212730,4429.378,310884039.6042,0,BTCUSDT,1h
2026-03-12 11:00:00+00:00,70372.4,70756.5,70321.7,70388.5,8697.954,2026-03-12 11:59:59.999000+00:00,613321175.4802,211563,4649.855,327935691.7104,0,BTCUSDT,1h
2026-03-12 12:00:00+00:00,70388.6,70584.2,70244.7,70348.6,6574.59,2026-03-12 12:59:59.999000+00:00,462566328.1146,180319,3008.621,211693177.5392,0,BTCUSDT,1h
2026-03-12 13:00:00+00:00,70348.6,70490.0,69614.8,69930.5,15650.398,2026-03-12 13:59:59.999000+00:00,1096020522.1209,414332,7094.426,496881195.473,0,BTCUSDT,1h
2026-03-12 14:00:00+00:00,69930.4,70625.0,69303.8,69549.4,21443.973,2026-03-12 14:59:59.999000+00:00,1497900063.9915,556112,10607.884,741116696.6462,0,BTCUSDT,1h
2026-03-12 15:00:00+00:00,69549.3,70532.0,69430.0,70282.9,16693.319,2026-03-12 15:59:59.999000+00:00,1170359935.4468,464641,8049.346,564216948.734,0,BTCUSDT,1h
2026-03-12 16:00:00+00:00,70282.8,70530.0,69856.4,70328.3,13571.222,2026-03-12 16:59:59.999000+00:00,953155344.3869,401640,6489.438,455768953.1944,0,BTCUSDT,1h
2026-03-12 17:00:00+00:00,70328.3,70499.9,70017.4,70167.3,6725.804,2026-03-12 17:59:59.999000+00:00,472866539.6656,243605,3360.645,236289344.1604,0,BTCUSDT,1h
2026-03-12 18:00:00+00:00,70167.3,70256.5,69754.8,69781.0,6054.058,2026-03-12 18:59:59.999000+00:00,423610566.234,216252,3079.39,215449717.9963,0,BTCUSDT,1h
2026-03-12 19:00:00+00:00,69781.1,70511.2,69725.0,70393.7,6687.861,2026-03-12 19:59:59.999000+00:00,469304479.7393,212106,3609.475,253275041.3824,0,BTCUSDT,1h
2026-03-12 20:00:00+00:00,70393.7,70508.8,70063.7,70127.0,3586.321,2026-03-12 20:59:59.999000+00:00,252022337.4843,108047,1634.661,114878627.1401,0,BTCUSDT,1h
2026-03-12 21:00:00+00:00,70127.1,70433.4,70127.1,70244.5,2145.981,2026-03-12 21:59:59.999000+00:00,150796147.4692,68413,1136.931,79882576.6664,0,BTCUSDT,1h
2026-03-12 22:00:00+00:00,70244.4,70281.5,69974.7,70141.1,2678.993,2026-03-12 22:59:59.999000+00:00,187868552.7939,101658,1275.028,89406257.0983,0,BTCUSDT,1h
2026-03-12 23:00:00+00:00,70141.1,70727.9,70122.7,70480.1,7337.966,2026-03-12 23:59:59.999000+00:00,517235205.0552,198777,4081.589,287710535.3432,0,BTCUSDT,1h
2026-03-13 00:00:00+00:00,70480.1,71979.2,70342.7,71443.3,28271.449,2026-03-13 00:59:59.999000+00:00,2017733292.6428,594424,15666.55,1117804074.5135,0,BTCUSDT,1h
2026-03-13 01:00:00+00:00,71443.4,71738.6,71240.0,71629.9,8176.876,2026-03-13 01:59:59.999000+00:00,584899896.0612,249673,4171.013,298376760.3135,0,BTCUSDT,1h
2026-03-13 02:00:00+00:00,71630.0,71665.2,71006.5,71114.6,6723.88,2026-03-13 02:59:59.999000+00:00,479409040.5217,188857,3020.03,215326410.0131,0,BTCUSDT,1h
2026-03-13 03:00:00+00:00,71114.6,71485.6,70920.1,71366.3,5902.39,2026-03-13 03:59:59.999000+00:00,420239367.7569,172031,3305.694,235439987.5168,0,BTCUSDT,1h
2026-03-13 04:00:00+00:00,71366.3,71469.0,71200.0,71352.5,3522.549,2026-03-13 04:59:59.999000+00:00,251189414.0063,110208,1887.023,134566620.0109,0,BTCUSDT,1h
2026-03-13 05:00:00+00:00,71352.6,71616.0,71201.0,71515.4,5486.551,2026-03-13 05:59:59.999000+00:00,392021743.7525,148126,2866.584,204852427.7381,0,BTCUSDT,1h
2026-03-13 06:00:00+00:00,71515.5,71568.5,71150.0,71315.9,5496.209,2026-03-13 06:59:59.999000+00:00,391927413.3413,149460,2272.099,162030143.7293,0,BTCUSDT,1h
2026-03-13 07:00:00+00:00,71315.9,71649.7,71208.0,71585.3,8265.269,2026-03-13 07:59:59.999000+00:00,590757958.7994,168445,5534.758,395578144.046,0,BTCUSDT,1h
2026-03-13 08:00:00+00:00,71585.2,72156.4,71347.1,71790.0,13687.535,2026-03-13 08:59:59.999000+00:00,982617728.1703,257558,7815.706,561134399.2032,0,BTCUSDT,1h
2026-03-13 09:00:00+00:00,71790.0,72060.0,71549.9,71960.0,8154.063,2026-03-13 09:59:59.999000+00:00,585938624.5609,179098,4156.167,298667747.6458,0,BTCUSDT,1h
2026-03-13 10:00:00+00:00,71959.9,72547.0,71953.0,72421.2,15033.044,2026-03-13 10:59:59.999000+00:00,1087056796.6433,283255,8297.801,599900120.0047,0,BTCUSDT,1h
2026-03-13 11:00:00+00:00,72421.1,72491.0,72150.0,72189.9,6918.892,2026-03-13 11:59:59.999000+00:00,500158449.7597,158895,3068.435,221794109.9457,0,BTCUSDT,1h
2026-03-13 12:00:00+00:00,72189.8,72882.8,72166.1,72735.3,11703.434,2026-03-13 12:59:59.999000+00:00,848875757.824,260428,6581.851,477507065.6875,0,BTCUSDT,1h
2026-03-13 13:00:00+00:00,72735.3,73568.0,72635.8,73344.8,25615.346,2026-03-13 13:59:59.999000+00:00,1872577071.4773,533232,13853.174,1012809156.8114,0,BTCUSDT,1h
2026-03-13 14:00:00+00:00,73344.7,73870.0,72328.4,72353.4,33755.741,2026-03-13 14:59:59.999000+00:00,2469765652.6313,634701,16905.926,1237004809.9764,0,BTCUSDT,1h
2026-03-13 15:00:00+00:00,72353.3,72828.2,71700.0,71800.0,24440.083,2026-03-13 15:59:59.999000+00:00,1765856492.34,514913,12471.304,901534179.8247,0,BTCUSDT,1h
2026-03-13 16:00:00+00:00,71800.1,72090.2,71130.6,71846.0,30212.328,2026-03-13 16:59:59.999000+00:00,2163447818.5857,503486,15946.63,1141940280.1971,0,BTCUSDT,1h
2026-03-13 17:00:00+00:00,71846.0,72215.1,70862.3,70999.5,20572.14,2026-03-13 17:59:59.999000+00:00,1469629683.3518,395183,9430.145,673937429.8113,0,BTCUSDT,1h
2026-03-13 18:00:00+00:00,70999.5,71318.8,70811.0,71020.1,11260.354,2026-03-13 18:59:59.999000+00:00,800184204.1626,247896,6079.747,432022835.8858,0,BTCUSDT,1h
2026-03-13 19:00:00+00:00,71020.0,71273.1,70963.0,71148.0,5744.749,2026-03-13 19:59:59.999000+00:00,408570352.6317,168088,3268.522,232468800.1622,0,BTCUSDT,1h
2026-03-13 20:00:00+00:00,71148.1,71447.2,71111.1,71307.4,4345.861,2026-03-13 20:59:59.999000+00:00,309859658.5944,101888,2238.364,159603907.117,0,BTCUSDT,1h
2026-03-13 21:00:00+00:00,71307.5,71452.1,71021.2,71063.1,3524.914,2026-03-13 21:59:59.999000+00:00,251048185.1512,89940,1647.161,117312852.1202,0,BTCUSDT,1h
2026-03-13 22:00:00+00:00,71063.1,71150.0,70510.8,70785.8,8860.743,2026-03-13 22:59:59.999000+00:00,626847426.2628,188864,3825.926,270608423.9618,0,BTCUSDT,1h
2026-03-13 23:00:00+00:00,70785.7,70982.9,70658.9,70895.5,4557.721,2026-03-13 23:59:59.999000+00:00,322895843.1732,114140,2552.4,180801800.5018,0,BTCUSDT,1h
2026-03-14 00:00:00+00:00,70895.5,70920.0,70520.5,70600.0,5679.351,2026-03-14 00:59:59.999000+00:00,401498677.2421,126737,2790.608,197286265.3289,0,BTCUSDT,1h
2026-03-14 01:00:00+00:00,70600.0,70872.5,70436.2,70790.3,5009.742,2026-03-14 01:59:59.999000+00:00,353998444.398,112239,2449.719,173144452.5342,0,BTCUSDT,1h
2026-03-14 02:00:00+00:00,70790.3,70870.0,70690.1,70749.2,2354.624,2026-03-14 02:59:59.999000+00:00,166658619.7053,68868,1378.553,97580393.5651,0,BTCUSDT,1h
2026-03-14 03:00:00+00:00,70749.2,71141.7,70749.2,71034.3,4867.581,2026-03-14 03:59:59.999000+00:00,345565582.458,111882,2857.35,202828351.7924,0,BTCUSDT,1h
2026-03-14 04:00:00+00:00,71034.3,71272.3,70977.0,70996.3,4016.781,2026-03-14 04:59:59.999000+00:00,285707234.5375,97249,2138.43,152130250.2979,0,BTCUSDT,1h
2026-03-14 05:00:00+00:00,70996.3,71119.0,70871.1,70980.7,2745.678,2026-03-14 05:59:59.999000+00:00,194943681.9558,73696,1090.146,77407028.7054,0,BTCUSDT,1h
2026-03-14 06:00:00+00:00,70980.7,70980.7,70256.0,70591.9,9801.249,2026-03-14 06:59:59.999000+00:00,691921189.757,187271,4367.317,308309832.465,0,BTCUSDT,1h
2026-03-14 07:00:00+00:00,70591.9,70706.0,70444.0,70565.6,4206.031,2026-03-14 07:59:59.999000+00:00,296789175.631,103308,1864.244,131567704.518,0,BTCUSDT,1h
2026-03-14 08:00:00+00:00,70565.6,70672.9,70495.0,70550.6,2289.069,2026-03-14 08:59:59.999000+00:00,161564510.0754,68791,1108.401,78234353.491,0,BTCUSDT,1h
2026-03-14 09:00:00+00:00,70550.6,70707.0,70360.0,70474.7,4012.78,2026-03-14 09:59:59.999000+00:00,283114335.1255,87707,1933.426,136420602.9586,0,BTCUSDT,1h
2026-03-14 10:00:00+00:00,70474.7,70550.7,70350.0,70531.8,2990.127,2026-03-14 10:59:59.999000+00:00,210686122.5081,73295,1285.828,90592489.9716,0,BTCUSDT,1h
2026-03-14 11:00:00+00:00,70531.8,70745.1,70521.5,70705.0,2512.142,2026-03-14 11:59:59.999000+00:00,177474331.1165,65481,1512.383,106846915.1363,0,BTCUSDT,1h
2026-03-14 12:00:00+00:00,70705.0,70800.0,70568.0,70733.4,2977.484,2026-03-14 12:59:59.999000+00:00,210485838.7041,71396,1410.761,99742485.9606,0,BTCUSDT,1h
2026-03-14 13:00:00+00:00,70733.5,70900.0,70661.0,70813.4,3496.382,2026-03-14 13:59:59.999000+00:00,247551142.7679,76673,2029.225,143680203.3894,0,BTCUSDT,1h
2026-03-14 14:00:00+00:00,70813.3,70914.6,70532.3,70566.8,3209.641,2026-03-14 14:59:59.999000+00:00,226930390.4764,84469,1336.051,94466993.6097,0,BTCUSDT,1h
2026-03-14 15:00:00+00:00,70566.8,70695.7,70444.1,70554.6,3042.084,2026-03-14 15:59:59.999000+00:00,214688904.1025,76714,1507.721,106409287.7409,0,BTCUSDT,1h
2026-03-14 16:00:00+00:00,70554.7,70674.5,70455.6,70636.7,2249.613,2026-03-14 16:59:59.999000+00:00,158756561.7565,60316,1121.151,79126503.4169,0,BTCUSDT,1h
2026-03-14 17:00:00+00:00,70636.7,70707.9,70545.9,70586.1,1292.443,2026-03-14 17:59:59.999000+00:00,91282124.308,38285,625.649,44189440.9532,0,BTCUSDT,1h
2026-03-14 18:00:00+00:00,70586.2,70662.9,70515.2,70623.5,1067.167,2026-03-14 18:59:59.999000+00:00,75331089.1367,31931,619.268,43716608.5435,0,BTCUSDT,1h
2026-03-14 19:00:00+00:00,70623.5,70705.7,70552.6,70664.1,1101.622,2026-03-14 19:59:59.999000+00:00,77815766.1005,31439,530.469,37473279.3147,0,BTCUSDT,1h
2026-03-14 20:00:00+00:00,70664.1,70835.0,70607.7,70765.3,1658.468,2026-03-14 20:59:59.999000+00:00,117317623.7814,42538,872.318,61706607.4047,0,BTCUSDT,1h
2026-03-14 21:00:00+00:00,70765.3,70784.6,70611.9,70769.6,1404.215,2026-03-14 21:59:59.999000+00:00,99269756.6429,38314,680.31,48096357.9627,0,BTCUSDT,1h
2026-03-14 22:00:00+00:00,70769.5,70772.7,70661.9,70678.5,1023.816,2026-03-14 22:59:59.999000+00:00,72393452.997,33957,455.98,32243130.4788,0,BTCUSDT,1h
2026-03-14 23:00:00+00:00,70678.5,71221.9,70678.5,71174.4,6274.924,2026-03-14 23:59:59.999000+00:00,445696000.1507,123907,3758.646,266977340.2601,0,BTCUSDT,1h
2026-03-15 00:00:00+00:00,71174.4,71186.8,70912.8,70950.4,2792.203,2026-03-15 00:59:59.999000+00:00,198343234.844,86893,1212.117,86106203.7343,0,BTCUSDT,1h
2026-03-15 01:00:00+00:00,70950.5,71000.0,70815.7,70960.8,2167.676,2026-03-15 01:59:59.999000+00:00,153739133.8984,65414,1016.698,72107703.5083,0,BTCUSDT,1h
2026-03-15 02:00:00+00:00,70960.8,71599.9,70960.8,71404.4,8104.479,2026-03-15 02:59:59.999000+00:00,578048382.1233,181748,4666.943,332859454.1249,0,BTCUSDT,1h
2026-03-15 03:00:00+00:00,71404.3,71489.6,71166.3,71314.8,4055.312,2026-03-15 03:59:59.999000+00:00,289243575.5591,98817,1672.836,119327297.3904,0,BTCUSDT,1h
2026-03-15 04:00:00+00:00,71314.8,71629.6,71277.1,71546.3,4456.508,2026-03-15 04:59:59.999000+00:00,318644310.4667,111144,2526.831,180658803.185,0,BTCUSDT,1h
2026-03-15 05:00:00+00:00,71546.4,71750.0,71428.1,71448.6,5405.75,2026-03-15 05:59:59.999000+00:00,386984874.1601,121507,2753.024,197104251.6518,0,BTCUSDT,1h
2026-03-15 06:00:00+00:00,71448.5,71549.0,71343.5,71415.2,2755.295,2026-03-15 06:59:59.999000+00:00,196810021.5847,71549,1139.54,81402880.0601,0,BTCUSDT,1h
2026-03-15 07:00:00+00:00,71415.1,71626.1,71370.0,71420.8,3413.868,2026-03-15 07:59:59.999000+00:00,244119051.899,83426,1741.359,124514571.9743,0,BTCUSDT,1h
2026-03-15 08:00:00+00:00,71420.8,71679.9,71420.8,71674.8,3017.447,2026-03-15 08:59:59.999000+00:00,215931527.5008,84268,1747.926,125089409.4916,0,BTCUSDT,1h
2026-03-15 09:00:00+00:00,71674.9,71897.9,71651.7,71751.3,6049.378,2026-03-15 09:59:59.999000+00:00,434320152.6659,132536,3323.878,238649865.5499,0,BTCUSDT,1h
2026-03-15 10:00:00+00:00,71751.3,71878.9,71676.0,71740.6,1908.317,2026-03-15 10:59:59.999000+00:00,136970385.886,65071,959.019,68838509.4741,0,BTCUSDT,1h
2026-03-15 11:00:00+00:00,71740.5,71850.0,71612.4,71800.0,3127.999,2026-03-15 11:59:59.999000+00:00,224344157.0351,72006,1667.852,119628830.7725,0,BTCUSDT,1h
2026-03-15 12:00:00+00:00,71800.1,71800.1,71526.9,71578.8,2657.858,2026-03-15 12:59:59.999000+00:00,190394128.0912,69726,1155.844,82797320.319,0,BTCUSDT,1h
2026-03-15 13:00:00+00:00,71578.8,71650.0,71220.1,71575.3,10762.788,2026-03-15 13:59:59.999000+00:00,768468389.7031,211847,5548.418,396174046.2345,0,BTCUSDT,1h
2026-03-15 14:00:00+00:00,71575.3,71600.1,71311.0,71588.0,3755.556,2026-03-15 14:59:59.999000+00:00,268416040.5638,97951,1911.524,136601410.0775,0,BTCUSDT,1h
2026-03-15 15:00:00+00:00,71588.0,71590.0,71375.7,71444.4,2293.764,2026-03-15 15:59:59.999000+00:00,163981537.6886,69670,1041.015,74421833.8839,0,BTCUSDT,1h
2026-03-15 16:00:00+00:00,71444.4,71556.4,71275.0,71405.5,3825.282,2026-03-15 16:59:59.999000+00:00,273064417.4963,99538,1817.515,129738700.8459,0,BTCUSDT,1h
2026-03-15 17:00:00+00:00,71405.5,71971.8,71373.3,71788.0,5865.921,2026-03-15 17:59:59.999000+00:00,420619228.7624,115244,3792.165,271994980.3914,0,BTCUSDT,1h
2026-03-15 18:00:00+00:00,71787.9,71856.0,71275.0,71346.8,4854.116,2026-03-15 18:59:59.999000+00:00,347417345.8428,122498,2269.77,162507471.5401,0,BTCUSDT,1h
2026-03-15 19:00:00+00:00,71346.7,71547.7,71300.0,71515.2,2570.18,2026-03-15 19:59:59.999000+00:00,183564579.3342,77768,1437.166,102642559.2452,0,BTCUSDT,1h
2026-03-15 20:00:00+00:00,71515.2,71899.6,71396.4,71690.1,3727.199,2026-03-15 20:59:59.999000+00:00,267257697.5482,100351,1891.519,135637796.8763,0,BTCUSDT,1h
2026-03-15 21:00:00+00:00,71690.0,72200.0,71587.6,72074.6,6268.383,2026-03-15 21:59:59.999000+00:00,451184841.9904,156916,3789.216,272740897.0575,0,BTCUSDT,1h
2026-03-15 22:00:00+00:00,72074.6,73130.2,71681.4,72715.6,17191.267,2026-03-15 22:59:59.999000+00:00,1244728090.792,372010,10330.246,748308781.283,0,BTCUSDT,1h
2026-03-15 23:00:00+00:00,72715.7,73199.9,72376.2,72778.9,15447.696,2026-03-15 23:59:59.999000+00:00,1123854267.5687,377679,7516.939,547030806.514,0,BTCUSDT,1h
2026-03-16 00:00:00+00:00,72778.8,72980.1,72417.9,72497.4,6246.679,2026-03-16 00:59:59.999000+00:00,454048788.032,201831,2824.253,205299262.0792,0,BTCUSDT,1h
2026-03-16 01:00:00+00:00,72497.4,72819.2,72235.6,72724.1,5724.735,2026-03-16 01:59:59.999000+00:00,415125120.2442,196991,3013.409,218528952.7277,0,BTCUSDT,1h
2026-03-16 02:00:00+00:00,72724.2,72823.5,72333.0,72481.1,3663.383,2026-03-16 02:59:59.999000+00:00,265716822.1568,119642,1792.539,130006806.8582,0,BTCUSDT,1h
2026-03-16 03:00:00+00:00,72481.0,74307.3,72400.0,73539.5,35246.124,2026-03-16 03:59:59.999000+00:00,2595488795.3079,546795,20086.391,1478931458.3452,0,BTCUSDT,1h
2026-03-16 04:00:00+00:00,73539.5,74444.0,73539.4,73799.5,25110.534,2026-03-16 04:59:59.999000+00:00,1854052046.5477,364958,13931.54,1028488443.9672,0,BTCUSDT,1h
2026-03-16 05:00:00+00:00,73799.4,74237.0,73677.9,74176.5,15191.963,2026-03-16 05:59:59.999000+00:00,1122974834.4388,270730,8582.658,634458593.0289,0,BTCUSDT,1h
2026-03-16 06:00:00+00:00,74176.6,74181.4,73549.7,73680.7,8310.378,2026-03-16 06:59:59.999000+00:00,612979782.807,182562,3729.207,275061754.4242,0,BTCUSDT,1h
2026-03-16 07:00:00+00:00,73680.6,73886.0,73345.9,73427.7,7332.282,2026-03-16 07:59:59.999000+00:00,539587934.4994,176523,3447.053,253693830.036,0,BTCUSDT,1h
2026-03-16 08:00:00+00:00,73427.8,73755.8,72841.9,73098.3,13412.886,2026-03-16 08:59:59.999000+00:00,981905489.2413,266303,6636.33,485832361.9334,0,BTCUSDT,1h
2026-03-16 09:00:00+00:00,73098.4,73299.7,73030.0,73219.7,4018.36,2026-03-16 09:59:59.999000+00:00,294055801.8164,128659,1897.695,138875995.0944,0,BTCUSDT,1h
2026-03-16 10:00:00+00:00,73219.7,73762.9,73159.2,73745.5,8333.953,2026-03-16 10:59:59.999000+00:00,612067083.3206,212916,4827.321,354626875.7999,0,BTCUSDT,1h
2026-03-16 11:00:00+00:00,73745.5,73856.6,73466.3,73515.3,5218.038,2026-03-16 11:59:59.999000+00:00,384164234.0198,144328,2856.176,210296408.8629,0,BTCUSDT,1h
2026-03-16 12:00:00+00:00,73515.3,74043.0,73420.4,73830.0,10877.388,2026-03-16 12:59:59.999000+00:00,802022867.0119,262142,6175.694,455405605.4651,0,BTCUSDT,1h
2026-03-16 13:00:00+00:00,73830.0,74481.5,73746.3,74075.0,16330.868,2026-03-16 13:59:59.999000+00:00,1210502325.3709,394923,8975.3,665405882.6758,0,BTCUSDT,1h
2026-03-16 14:00:00+00:00,74075.0,74450.0,72926.4,73519.8,25291.011,2026-03-16 14:59:59.999000+00:00,1859535095.3947,594833,11425.846,840618291.2519,0,BTCUSDT,1h
2026-03-16 15:00:00+00:00,73519.8,74000.0,73141.1,73240.2,12751.139,2026-03-16 15:59:59.999000+00:00,938040583.9397,367889,6399.696,470857286.7099,0,BTCUSDT,1h
2026-03-16 16:00:00+00:00,73240.2,73887.5,73122.0,73726.3,8627.214,2026-03-16 16:59:59.999000+00:00,633933719.8495,283725,5218.38,383489330.4977,0,BTCUSDT,1h
2026-03-16 17:00:00+00:00,73726.4,74066.0,73614.4,73911.7,6751.767,2026-03-16 17:59:59.999000+00:00,498482098.4019,231806,3660.311,270255094.6399,0,BTCUSDT,1h
2026-03-16 18:00:00+00:00,73911.7,74330.6,73818.7,73883.0,9104.554,2026-03-16 18:59:59.999000+00:00,674836076.7636,266809,4714.146,349493510.366,0,BTCUSDT,1h
2026-03-16 19:00:00+00:00,73883.1,74399.9,73715.0,73928.8,7461.842,2026-03-16 19:59:59.999000+00:00,552376257.6394,244961,3687.067,272981405.8283,0,BTCUSDT,1h
2026-03-16 20:00:00+00:00,73928.8,74200.0,73819.0,74191.5,3463.303,2026-03-16 20:59:59.999000+00:00,256320251.4646,109442,2078.31,153831656.3665,0,BTCUSDT,1h
2026-03-16 21:00:00+00:00,74191.4,74777.7,74094.3,74360.3,12807.692,2026-03-16 21:59:59.999000+00:00,953297480.0345,247973,7181.228,534626668.0674,0,BTCUSDT,1h
2026-03-16 22:00:00+00:00,74360.3,74875.0,74331.8,74718.9,9380.607,2026-03-16 22:59:59.999000+00:00,700966380.282,242822,4894.261,365724381.8133,0,BTCUSDT,1h
2026-03-16 23:00:00+00:00,74719.0,74880.0,74201.1,74846.4,8420.29,2026-03-16 23:59:59.999000+00:00,627677977.6157,208960,4160.311,310141886.316,0,BTCUSDT,1h
2026-03-17 00:00:00+00:00,74846.4,75488.0,74567.1,75283.9,18886.662,2026-03-17 00:59:59.999000+00:00,1417874728.1942,446804,10717.223,804608052.8395,0,BTCUSDT,1h
2026-03-17 01:00:00+00:00,75283.8,75998.9,75028.5,75584.7,17772.292,2026-03-17 01:59:59.999000+00:00,1344581846.9579,466515,9526.655,720832542.1828,0,BTCUSDT,1h
2026-03-17 02:00:00+00:00,75584.6,75641.3,75068.0,75157.3,8038.383,2026-03-17 02:59:59.999000+00:00,604884537.1137,215570,4027.44,303038224.6623,0,BTCUSDT,1h
2026-03-17 03:00:00+00:00,75157.3,75287.9,74231.6,74424.9,13778.491,2026-03-17 03:59:59.999000+00:00,1027880830.8521,338017,6341.86,473105933.1323,0,BTCUSDT,1h
2026-03-17 04:00:00+00:00,74424.9,74652.2,73943.3,74203.3,13603.837,2026-03-17 04:59:59.999000+00:00,1010237684.2583,275964,6898.951,512327756.4283,0,BTCUSDT,1h
2026-03-17 05:00:00+00:00,74203.3,74428.7,73723.4,73996.0,10540.132,2026-03-17 05:59:59.999000+00:00,780867950.9471,222508,4658.003,345146323.9605,0,BTCUSDT,1h
2026-03-17 06:00:00+00:00,73996.0,74242.0,73835.4,74045.1,6338.871,2026-03-17 06:59:59.999000+00:00,469385578.6852,173631,3004.265,222538390.4543,0,BTCUSDT,1h
2026-03-17 07:00:00+00:00,74045.0,74415.7,74026.3,74212.7,4432.188,2026-03-17 07:59:59.999000+00:00,329214600.8353,131553,2503.865,185969589.9176,0,BTCUSDT,1h
2026-03-17 08:00:00+00:00,74212.8,74418.5,74057.5,74150.0,4444.943,2026-03-17 08:59:59.999000+00:00,330063022.9538,135850,2055.366,152643459.6585,0,BTCUSDT,1h
2026-03-17 09:00:00+00:00,74150.1,74362.0,73791.8,73890.1,6385.859,2026-03-17 09:59:59.999000+00:00,473065295.5571,165229,3092.492,229139025.792,0,BTCUSDT,1h
2026-03-17 10:00:00+00:00,73890.0,73922.2,73512.0,73706.1,11119.234,2026-03-17 10:59:59.999000+00:00,819199560.5223,198215,5129.857,377942202.1302,0,BTCUSDT,1h
2026-03-17 11:00:00+00:00,73705.8,74230.7,73651.1,73997.1,7533.879,2026-03-17 11:59:59.999000+00:00,557291024.9653,171008,4616.911,341539383.562,0,BTCUSDT,1h
2026-03-17 12:00:00+00:00,73997.1,74150.0,73643.5,73711.1,7602.062,2026-03-17 12:59:59.999000+00:00,561495490.1986,189709,4300.165,317611580.6796,0,BTCUSDT,1h
2026-03-17 13:00:00+00:00,73711.0,74167.2,73330.3,73580.6,16715.18,2026-03-17 13:59:59.999000+00:00,1232602042.8606,349346,8657.646,638616843.9595,0,BTCUSDT,1h
2026-03-17 14:00:00+00:00,73580.7,74388.0,73389.0,74340.2,11501.167,2026-03-17 14:59:59.999000+00:00,850927936.992,374047,6006.024,444432624.643,0,BTCUSDT,1h
2026-03-17 15:00:00+00:00,74340.2,74856.2,73616.2,73878.5,15875.715,2026-03-17 15:59:59.999000+00:00,1178163414.1269,427660,8086.765,600225736.3329,0,BTCUSDT,1h
2026-03-17 16:00:00+00:00,73878.5,74314.0,73826.8,74120.0,7027.845,2026-03-17 16:59:59.999000+00:00,520780553.8251,229573,3746.517,277661374.6079,0,BTCUSDT,1h
2026-03-17 17:00:00+00:00,74120.0,74555.0,73961.5,74480.1,7718.785,2026-03-17 17:59:59.999000+00:00,573522375.7981,181484,4752.402,353076247.2944,0,BTCUSDT,1h
2026-03-17 18:00:00+00:00,74480.1,74723.7,74330.8,74637.0,6723.015,2026-03-17 18:59:59.999000+00:00,501207807.4885,177213,3215.978,239768013.914,0,BTCUSDT,1h
2026-03-17 19:00:00+00:00,74637.1,74763.6,74364.4,74460.8,5842.572,2026-03-17 19:59:59.999000+00:00,435831267.7359,166884,2666.769,198948257.1866,0,BTCUSDT,1h
2026-03-17 20:00:00+00:00,74460.8,74648.6,74325.0,74469.9,3125.502,2026-03-17 20:59:59.999000+00:00,232753801.5459,91520,1528.005,113801213.1716,0,BTCUSDT,1h
2026-03-17 21:00:00+00:00,74470.0,74777.0,74413.1,74650.3,3729.501,2026-03-17 21:59:59.999000+00:00,278339580.5228,82781,2091.826,156125647.5464,0,BTCUSDT,1h
2026-03-17 22:00:00+00:00,74650.2,74739.4,73893.5,74265.8,5839.468,2026-03-17 22:59:59.999000+00:00,433469726.3521,138941,2687.236,199427173.625,0,BTCUSDT,1h
2026-03-17 23:00:00+00:00,74265.8,74360.0,73829.5,73872.4,3703.39,2026-03-17 23:59:59.999000+00:00,274267913.2779,129856,1745.845,129310708.2268,0,BTCUSDT,1h
2026-03-18 00:00:00+00:00,73872.3,74027.8,73492.0,73821.3,6333.021,2026-03-18 00:59:59.999000+00:00,467054091.154,200353,3124.025,230425696.4284,0,BTCUSDT,1h
2026-03-18 01:00:00+00:00,73821.3,74167.5,73780.0,74035.2,3766.059,2026-03-18 01:59:59.999000+00:00,278664744.487,136847,2034.062,150502592.2969,0,BTCUSDT,1h
2026-03-18 02:00:00+00:00,74035.2,74437.0,73999.2,74300.0,3298.644,2026-03-18 02:59:59.999000+00:00,244916308.1577,112496,1665.175,123639510.5583,0,BTCUSDT,1h
2026-03-18 03:00:00+00:00,74299.9,74633.0,74202.0,74414.6,4455.363,2026-03-18 03:59:59.999000+00:00,331606358.0898,125684,2315.551,172359412.4621,0,BTCUSDT,1h
2026-03-18 04:00:00+00:00,74414.7,74455.7,74100.0,74139.6,3277.02,2026-03-18 04:59:59.999000+00:00,243301554.6547,90271,1321.21,98097161.0262,0,BTCUSDT,1h
2026-03-18 05:00:00+00:00,74139.5,74271.0,73785.0,73911.2,4726.67,2026-03-18 05:59:59.999000+00:00,349829519.8284,114285,2091.444,154787724.3936,0,BTCUSDT,1h
2026-03-18 06:00:00+00:00,73911.2,74190.1,73892.0,73910.0,3289.509,2026-03-18 06:59:59.999000+00:00,243545105.1536,90703,1657.028,122692692.3228,0,BTCUSDT,1h
2026-03-18 07:00:00+00:00,73910.1,73959.4,73636.5,73840.0,4764.118,2026-03-18 07:59:59.999000+00:00,351532639.1467,107445,2380.746,175680933.0281,0,BTCUSDT,1h
2026-03-18 08:00:00+00:00,73840.1,74080.1,73814.3,74005.8,3907.408,2026-03-18 08:59:59.999000+00:00,289066067.1036,101265,2032.62,150359941.1445,0,BTCUSDT,1h
2026-03-18 09:00:00+00:00,74005.9,74246.2,73991.1,74136.0,3205.114,2026-03-18 09:59:59.999000+00:00,237606240.1617,79328,1687.607,125106912.1919,0,BTCUSDT,1h
2026-03-18 10:00:00+00:00,74136.0,74220.0,73761.5,73895.0,4121.247,2026-03-18 10:59:59.999000+00:00,304826621.8426,105416,1847.106,136608864.2775,0,BTCUSDT,1h
2026-03-18 11:00:00+00:00,73895.0,74034.8,72731.6,72906.4,23087.977,2026-03-18 11:59:59.999000+00:00,1689315898.5254,440120,10726.449,784908297.8537,0,BTCUSDT,1h
2026-03-18 12:00:00+00:00,72906.4,72947.4,72237.5,72325.1,21114.301,2026-03-18 12:59:59.999000+00:00,1531750784.9472,472246,10326.732,749213417.946,0,BTCUSDT,1h
2026-03-18 13:00:00+00:00,72325.1,72547.5,71938.6,72104.4,22977.528,2026-03-18 13:59:59.999000+00:00,1660280287.4094,448512,11579.553,836860530.8204,0,BTCUSDT,1h
2026-03-18 14:00:00+00:00,72104.5,72194.1,70975.1,71160.3,25339.969,2026-03-18 14:59:59.999000+00:00,1814594828.2623,535498,10617.576,760822168.6575,0,BTCUSDT,1h
2026-03-18 15:00:00+00:00,71160.4,71497.0,70821.2,71436.4,24860.847,2026-03-18 15:59:59.999000+00:00,1770632275.4536,426726,12281.446,874791732.0318,0,BTCUSDT,1h
2026-03-18 16:00:00+00:00,71436.3,71536.0,71001.8,71289.5,10289.98,2026-03-18 16:59:59.999000+00:00,733245102.6964,269424,5344.484,380894305.6979,0,BTCUSDT,1h
2026-03-18 17:00:00+00:00,71289.5,71722.2,71164.7,71556.6,7932.424,2026-03-18 17:59:59.999000+00:00,566862762.4734,222282,4074.405,291207708.4954,0,BTCUSDT,1h
2026-03-18 18:00:00+00:00,71556.6,71980.5,70904.5,71066.5,14351.54,2026-03-18 18:59:59.999000+00:00,1026593969.3521,419732,7065.756,505654885.5619,0,BTCUSDT,1h
2026-03-18 19:00:00+00:00,71066.5,71460.3,70858.3,71030.3,8216.553,2026-03-18 19:59:59.999000+00:00,584684769.7287,243824,4322.459,307608562.3576,0,BTCUSDT,1h
2026-03-18 20:00:00+00:00,71030.3,71298.0,70456.0,71172.3,13364.436,2026-03-18 20:59:59.999000+00:00,946694883.8618,274680,6048.542,428706332.1593,0,BTCUSDT,1h
2026-03-18 21:00:00+00:00,71172.3,71438.1,71127.5,71219.7,3158.011,2026-03-18 21:59:59.999000+00:00,225108127.2497,102378,1550.859,110554305.75,0,BTCUSDT,1h
2026-03-18 22:00:00+00:00,71219.7,71233.2,70899.9,71118.0,3553.792,2026-03-18 22:59:59.999000+00:00,252416997.6939,116320,1678.749,119240132.5792,0,BTCUSDT,1h
2026-03-18 23:00:00+00:00,71117.9,71333.1,71024.8,71202.9,3363.938,2026-03-18 23:59:59.999000+00:00,239509200.5186,120289,1816.591,129345390.8859,0,BTCUSDT,1h
2026-03-19 00:00:00+00:00,71202.9,71283.3,70940.0,70970.1,3893.57,2026-03-19 00:59:59.999000+00:00,276824577.28,144578,1977.62,140608146.4779,0,BTCUSDT,1h
2026-03-19 01:00:00+00:00,70970.0,71149.9,70921.5,71078.5,2691.269,2026-03-19 01:59:59.999000+00:00,191170318.4741,118014,1499.329,106510771.4645,0,BTCUSDT,1h
2026-03-19 02:00:00+00:00,71078.5,71226.7,70858.4,71020.6,3181.217,2026-03-19 02:59:59.999000+00:00,226205992.6476,119054,1596.968,113572080.1304,0,BTCUSDT,1h
2026-03-19 03:00:00+00:00,71020.7,71598.3,71020.7,71180.0,7040.244,2026-03-19 03:59:59.999000+00:00,502338611.6967,177848,3767.819,268881346.6827,0,BTCUSDT,1h
2026-03-19 04:00:00+00:00,71180.0,71180.0,70619.3,70790.7,7360.058,2026-03-19 04:59:59.999000+00:00,521127720.5918,188598,3404.739,241057205.5541,0,BTCUSDT,1h
2026-03-19 05:00:00+00:00,70790.7,70879.0,70608.1,70792.8,3273.492,2026-03-19 05:59:59.999000+00:00,231641760.8431,118624,1585.783,112226775.4534,0,BTCUSDT,1h
2026-03-19 06:00:00+00:00,70792.7,70945.5,70468.0,70552.4,5644.206,2026-03-19 06:59:59.999000+00:00,398856428.0527,152961,2350.754,166173993.898,0,BTCUSDT,1h
2026-03-19 07:00:00+00:00,70552.4,70570.0,69421.1,70145.1,29674.655,2026-03-19 07:59:59.999000+00:00,2076542928.9401,511493,11874.429,830759487.2129,0,BTCUSDT,1h
2026-03-19 08:00:00+00:00,70145.0,70255.0,69860.3,69957.4,10244.859,2026-03-19 08:59:59.999000+00:00,717581532.2538,201456,3801.909,266326236.177,0,BTCUSDT,1h
2026-03-19 09:00:00+00:00,69957.4,70535.0,69950.0,70463.0,9450.491,2026-03-19 09:59:59.999000+00:00,664096453.7678,230366,5458.015,383598046.5941,0,BTCUSDT,1h
2026-03-19 10:00:00+00:00,70463.0,70499.0,70082.4,70102.0,4002.772,2026-03-19 10:59:59.999000+00:00,281401678.002,121431,1795.261,126216279.2997,0,BTCUSDT,1h
2026-03-19 11:00:00+00:00,70102.1,70238.7,69872.3,69926.8,5000.304,2026-03-19 11:59:59.999000+00:00,350238702.7155,126285,2419.852,169489874.6395,0,BTCUSDT,1h
2026-03-19 12:00:00+00:00,69926.8,69926.8,69069.0,69264.6,15880.386,2026-03-19 12:59:59.999000+00:00,1104282808.9494,336737,7014.415,487747769.4288,0,BTCUSDT,1h
2026-03-19 13:00:00+00:00,69264.7,70058.0,69050.0,69866.3,17941.572,2026-03-19 13:59:59.999000+00:00,1246437238.6543,504739,9556.171,663940658.7943,0,BTCUSDT,1h
2026-03-19 14:00:00+00:00,69866.2,70144.6,69060.0,69450.1,15442.12,2026-03-19 14:59:59.999000+00:00,1072162490.2241,425907,8106.936,562778219.5377,0,BTCUSDT,1h
2026-03-19 15:00:00+00:00,69450.0,69879.1,68750.0,69372.7,23601.855,2026-03-19 15:59:59.999000+00:00,1634459725.2667,472413,11228.413,777664529.6025,0,BTCUSDT,1h
2026-03-19 16:00:00+00:00,69372.8,69611.6,69124.0,69426.3,9611.965,2026-03-19 16:59:59.999000+00:00,666826844.0717,302491,4306.226,298750326.9301,0,BTCUSDT,1h
2026-03-19 17:00:00+00:00,69426.3,69938.1,69065.4,69820.0,8509.825,2026-03-19 17:59:59.999000+00:00,591595909.4907,267473,4629.573,321950688.7148,0,BTCUSDT,1h
2026-03-19 18:00:00+00:00,69820.0,69900.0,69547.7,69787.5,3893.126,2026-03-19 18:59:59.999000+00:00,271401640.1004,151015,1787.911,124651273.7274,0,BTCUSDT,1h
2026-03-19 19:00:00+00:00,69787.4,70563.5,69765.5,70233.1,14880.105,2026-03-19 19:59:59.999000+00:00,1045642888.8997,408179,8304.887,583616506.3351,0,BTCUSDT,1h
2026-03-19 20:00:00+00:00,70233.0,70655.2,70160.9,70444.3,4006.962,2026-03-19 20:59:59.999000+00:00,282107185.6322,111445,2185.074,153850490.6918,0,BTCUSDT,1h
2026-03-19 21:00:00+00:00,70444.4,70654.4,70331.9,70376.1,3314.339,2026-03-19 21:59:59.999000+00:00,233636310.0801,96178,1664.934,117347958.3546,0,BTCUSDT,1h
2026-03-19 22:00:00+00:00,70376.0,70475.9,69910.2,70157.0,4898.918,2026-03-19 22:59:59.999000+00:00,343668864.4548,132326,1981.621,139009340.2928,0,BTCUSDT,1h
2026-03-19 23:00:00+00:00,70156.9,70260.0,69677.1,69887.4,5207.867,2026-03-19 23:59:59.999000+00:00,364201785.1005,151552,2556.526,178809794.7208,0,BTCUSDT,1h
2026-03-20 00:00:00+00:00,69887.4,70280.6,69801.3,70159.9,4090.204,2026-03-20 00:59:59.999000+00:00,286625705.9629,135472,2432.085,170435764.779,0,BTCUSDT,1h
2026-03-20 01:00:00+00:00,70159.9,70563.8,70150.0,70370.9,4257.968,2026-03-20 01:59:59.999000+00:00,299789610.3366,149723,2319.934,163337999.067,0,BTCUSDT,1h
2026-03-20 02:00:00+00:00,70370.8,70485.1,70030.6,70373.8,4122.069,2026-03-20 02:59:59.999000+00:00,289601978.3653,128112,2003.676,140790901.6542,0,BTCUSDT,1h
2026-03-20 03:00:00+00:00,70373.8,70777.0,70345.2,70696.1,5649.932,2026-03-20 03:59:59.999000+00:00,398943986.3813,163155,3140.395,221752049.0889,0,BTCUSDT,1h
2026-03-20 04:00:00+00:00,70696.1,70944.9,70520.0,70743.4,6625.442,2026-03-20 04:59:59.999000+00:00,468758119.139,171425,3526.459,249554706.0491,0,BTCUSDT,1h
2026-03-20 05:00:00+00:00,70743.3,70833.8,70454.8,70570.2,3678.727,2026-03-20 05:59:59.999000+00:00,259934411.1431,108877,1803.269,127437710.6725,0,BTCUSDT,1h
2026-03-20 06:00:00+00:00,70570.3,70623.7,70307.0,70462.0,3815.846,2026-03-20 06:59:59.999000+00:00,268844895.0295,119638,1801.861,126957818.0909,0,BTCUSDT,1h
2026-03-20 07:00:00+00:00,70461.9,70900.0,70161.0,70811.9,7878.613,2026-03-20 07:59:59.999000+00:00,555992071.9795,191475,4436.869,313176622.233,0,BTCUSDT,1h
2026-03-20 08:00:00+00:00,70812.0,71342.2,70751.9,71000.4,11657.132,2026-03-20 08:59:59.999000+00:00,829048985.2496,260801,5937.682,422260569.2515,0,BTCUSDT,1h
2026-03-20 09:00:00+00:00,71000.4,71001.0,70369.6,70544.9,9569.016,2026-03-20 09:59:59.999000+00:00,675862885.0385,224170,4398.595,310675822.1275,0,BTCUSDT,1h
2026-03-20 10:00:00+00:00,70545.0,70651.2,70175.0,70580.9,7665.232,2026-03-20 10:59:59.999000+00:00,539595084.8218,185055,3913.94,275535976.7459,0,BTCUSDT,1h
2026-03-20 11:00:00+00:00,70580.9,70780.8,70266.0,70439.9,6576.485,2026-03-20 11:59:59.999000+00:00,463676204.9362,157688,3160.144,222849059.754,0,BTCUSDT,1h
2026-03-20 12:00:00+00:00,70440.0,70647.5,70210.1,70304.6,5698.294,2026-03-20 12:59:59.999000+00:00,401251953.8083,158216,2773.383,195309753.8435,0,BTCUSDT,1h
2026-03-20 13:00:00+00:00,70304.7,70580.0,69755.0,69831.1,17011.366,2026-03-20 13:59:59.999000+00:00,1192706865.1061,407607,7948.652,557423029.856,0,BTCUSDT,1h
2026-03-20 14:00:00+00:00,69831.0,70240.0,69562.5,69706.0,25363.363,2026-03-20 14:59:59.999000+00:00,1771438031.2582,510836,13867.835,968823952.1356,0,BTCUSDT,1h
2026-03-20 15:00:00+00:00,69705.9,69983.0,69450.0,69829.5,13612.749,2026-03-20 15:59:59.999000+00:00,949082048.8876,347929,6857.118,478308159.9304,0,BTCUSDT,1h
2026-03-20 16:00:00+00:00,69829.5,70080.0,69577.0,69792.1,6707.506,2026-03-20 16:59:59.999000+00:00,468598080.9057,235030,3401.734,237699126.4449,0,BTCUSDT,1h
2026-03-20 17:00:00+00:00,69792.1,70035.0,69350.0,69970.8,8524.573,2026-03-20 17:59:59.999000+00:00,593934945.3653,252078,4486.699,312710518.0328,0,BTCUSDT,1h
2026-03-20 18:00:00+00:00,69970.9,70048.9,69484.0,69733.3,7316.206,2026-03-20 18:59:59.999000+00:00,510337019.3283,244186,3694.753,257745373.7815,0,BTCUSDT,1h
2026-03-20 19:00:00+00:00,69733.6,70161.0,69634.8,70141.9,5484.211,2026-03-20 19:59:59.999000+00:00,383398170.3038,206677,2892.068,202228286.6454,0,BTCUSDT,1h
2026-03-20 20:00:00+00:00,70141.9,70225.0,69701.3,70019.7,4882.621,2026-03-20 20:59:59.999000+00:00,341675168.4866,140567,2324.203,162644864.359,0,BTCUSDT,1h
2026-03-20 21:00:00+00:00,70019.7,70720.6,69900.9,70498.3,8129.399,2026-03-20 21:59:59.999000+00:00,572205131.379,164022,4670.749,328822436.2887,0,BTCUSDT,1h
2026-03-20 22:00:00+00:00,70498.3,70888.0,70495.7,70739.2,4817.785,2026-03-20 22:59:59.999000+00:00,340790765.8085,130611,2522.612,178455237.3286,0,BTCUSDT,1h
2026-03-20 23:00:00+00:00,70739.2,70739.3,70388.3,70472.7,3106.778,2026-03-20 23:59:59.999000+00:00,219046710.4417,95374,1343.711,94730476.0274,0,BTCUSDT,1h
2026-03-21 00:00:00+00:00,70472.6,70803.1,70430.2,70643.9,2903.318,2026-03-21 00:59:59.999000+00:00,205020160.3172,92477,1455.155,102778246.7746,0,BTCUSDT,1h
2026-03-21 01:00:00+00:00,70643.9,70726.8,70419.4,70430.3,1737.986,2026-03-21 01:59:59.999000+00:00,122640082.2599,69541,727.126,51315053.0431,0,BTCUSDT,1h
2026-03-21 02:00:00+00:00,70430.4,70758.2,70403.2,70703.7,2552.383,2026-03-21 02:59:59.999000+00:00,180160417.5267,82483,1395.262,98487703.9684,0,BTCUSDT,1h
2026-03-21 03:00:00+00:00,70703.7,70752.6,70590.0,70638.0,1573.183,2026-03-21 03:59:59.999000+00:00,111143709.9132,53663,680.912,48107831.6775,0,BTCUSDT,1h
2026-03-21 04:00:00+00:00,70637.9,70798.5,70582.7,70602.7,2350.833,2026-03-21 04:59:59.999000+00:00,166146090.6947,69588,1197.039,84613910.6791,0,BTCUSDT,1h
2026-03-21 05:00:00+00:00,70602.8,70800.0,70598.7,70673.9,1965.17,2026-03-21 05:59:59.999000+00:00,138930715.4827,60651,998.607,70602465.2771,0,BTCUSDT,1h
2026-03-21 06:00:00+00:00,70673.8,70786.1,70655.1,70739.2,1710.307,2026-03-21 06:59:59.999000+00:00,120971929.0476,52687,840.83,59471288.0836,0,BTCUSDT,1h
2026-03-21 07:00:00+00:00,70739.2,70849.2,70639.0,70687.3,2290.09,2026-03-21 07:59:59.999000+00:00,162012617.3984,59267,1104.927,78172759.2412,0,BTCUSDT,1h
2026-03-21 08:00:00+00:00,70687.4,70721.7,70455.6,70563.3,3947.704,2026-03-21 08:59:59.999000+00:00,278608282.7211,82568,1510.465,106594997.5569,0,BTCUSDT,1h
2026-03-21 09:00:00+00:00,70563.3,70711.5,70537.7,70633.5,2079.133,2026-03-21 09:59:59.999000+00:00,146844275.4427,57519,1067.752,75416808.6232,0,BTCUSDT,1h
2026-03-21 10:00:00+00:00,70633.5,70666.0,70521.2,70576.0,1612.02,2026-03-21 10:59:59.999000+00:00,113767078.129,41787,887.576,62639475.7963,0,BTCUSDT,1h
2026-03-21 11:00:00+00:00,70576.0,70619.9,70525.1,70618.3,1200.689,2026-03-21 11:59:59.999000+00:00,84729769.6166,33104,578.57,40831342.6555,0,BTCUSDT,1h
2026-03-21 12:00:00+00:00,70618.2,70769.6,70618.2,70680.0,1926.136,2026-03-21 12:59:59.999000+00:00,136184066.4871,53854,1147.197,81108153.6317,0,BTCUSDT,1h
2026-03-21 13:00:00+00:00,70680.0,70785.1,70668.5,70700.3,1321.546,2026-03-21 13:59:59.999000+00:00,93450374.9476,39106,729.724,51602131.9069,0,BTCUSDT,1h
2026-03-21 14:00:00+00:00,70700.3,71077.7,70550.0,70595.0,7576.268,2026-03-21 14:59:59.999000+00:00,536662445.5633,160793,3901.178,276410778.5159,0,BTCUSDT,1h
2026-03-21 15:00:00+00:00,70595.0,70739.0,70420.0,70599.1,4021.483,2026-03-21 15:59:59.999000+00:00,283853638.8514,104353,1855.08,130952637.5368,0,BTCUSDT,1h
2026-03-21 16:00:00+00:00,70599.1,70620.2,70214.8,70274.9,4396.147,2026-03-21 16:59:59.999000+00:00,309498180.103,106105,1960.578,138020882.2142,0,BTCUSDT,1h
2026-03-21 17:00:00+00:00,70275.0,70399.0,70163.0,70280.1,2927.629,2026-03-21 17:59:59.999000+00:00,205803070.0554,78760,1555.435,109352733.211,0,BTCUSDT,1h
2026-03-21 18:00:00+00:00,70280.0,70504.7,70261.4,70360.6,2015.728,2026-03-21 18:59:59.999000+00:00,141893981.0929,54266,1287.691,90645491.367,0,BTCUSDT,1h
2026-03-21 19:00:00+00:00,70360.6,70417.7,70290.5,70365.9,938.101,2026-03-21 19:59:59.999000+00:00,66009292.0915,31305,497.235,34987992.391,0,BTCUSDT,1h
2026-03-21 20:00:00+00:00,70365.8,70472.9,70332.3,70432.4,1400.832,2026-03-21 20:59:59.999000+00:00,98639112.545,39519,812.93,57244065.3667,0,BTCUSDT,1h
2026-03-21 21:00:00+00:00,70432.5,70482.2,70231.7,70321.6,1334.627,2026-03-21 21:59:59.999000+00:00,93894757.677,39313,652.849,45932170.0941,0,BTCUSDT,1h
2026-03-21 22:00:00+00:00,70321.5,70354.9,70226.7,70253.2,1354.826,2026-03-21 22:59:59.999000+00:00,95210536.2241,42400,610.973,42938241.1714,0,BTCUSDT,1h
2026-03-21 23:00:00+00:00,70253.2,70265.5,68511.3,68881.5,18948.747,2026-03-21 23:59:59.999000+00:00,1313530691.7372,373488,7245.21,502104732.3705,0,BTCUSDT,1h
2026-03-22 00:00:00+00:00,68881.5,69122.5,68189.0,68904.5,19627.927,2026-03-22 00:59:59.999000+00:00,1348399677.1475,482362,9907.865,680746494.5371,0,BTCUSDT,1h
2026-03-22 01:00:00+00:00,68904.5,69065.7,68713.5,68926.1,4491.852,2026-03-22 01:59:59.999000+00:00,309575494.9646,153481,2256.757,155557256.0673,0,BTCUSDT,1h
2026-03-22 02:00:00+00:00,68926.0,69377.9,68899.9,69237.6,5965.106,2026-03-22 02:59:59.999000+00:00,412638249.7421,151003,3359.585,232423685.9871,0,BTCUSDT,1h
2026-03-22 03:00:00+00:00,69237.5,69555.8,69080.3,69307.0,5639.463,2026-03-22 03:59:59.999000+00:00,391034183.8381,153509,2926.769,202987787.9911,0,BTCUSDT,1h
2026-03-22 04:00:00+00:00,69307.1,69493.2,69167.0,69313.4,4300.958,2026-03-22 04:59:59.999000+00:00,298103034.1061,117454,2208.677,153092205.144,0,BTCUSDT,1h
2026-03-22 05:00:00+00:00,69313.3,69317.6,69110.0,69116.4,2453.496,2026-03-22 05:59:59.999000+00:00,169720489.5823,69735,1032.498,71424020.917,0,BTCUSDT,1h
2026-03-22 06:00:00+00:00,69116.3,69215.2,69025.6,69126.9,2360.808,2026-03-22 06:59:59.999000+00:00,163167493.0759,69005,1149.887,79479082.0601,0,BTCUSDT,1h
2026-03-22 07:00:00+00:00,69126.9,69219.4,68846.4,68884.5,4043.791,2026-03-22 07:59:59.999000+00:00,279075797.1301,94406,1656.938,114363709.7266,0,BTCUSDT,1h
2026-03-22 08:00:00+00:00,68884.5,68950.0,68500.1,68756.7,8310.042,2026-03-22 08:59:59.999000+00:00,571141294.8513,195043,3774.652,259444831.0224,0,BTCUSDT,1h
2026-03-22 09:00:00+00:00,68756.6,68862.0,68536.7,68780.1,3327.611,2026-03-22 09:59:59.999000+00:00,228651837.5017,104121,1699.108,116760221.3594,0,BTCUSDT,1h
2026-03-22 10:00:00+00:00,68780.1,68809.5,68539.5,68601.1,2373.528,2026-03-22 10:59:59.999000+00:00,162923419.8695,76469,1141.033,78320481.8221,0,BTCUSDT,1h
2026-03-22 11:00:00+00:00,68601.1,68650.0,68030.0,68177.0,8390.65,2026-03-22 11:59:59.999000+00:00,573388091.5267,198215,3460.154,236506730.8323,0,BTCUSDT,1h
2026-03-22 12:00:00+00:00,68177.0,68740.5,68153.1,68614.5,7278.973,2026-03-22 12:59:59.999000+00:00,498354611.8225,161662,3841.151,262988129.0828,0,BTCUSDT,1h
2026-03-22 13:00:00+00:00,68614.4,68932.8,68500.9,68660.3,5691.479,2026-03-22 13:59:59.999000+00:00,391145423.9272,148314,2909.576,199990131.4196,0,BTCUSDT,1h
2026-03-22 14:00:00+00:00,68660.4,68888.0,68501.0,68675.5,3609.015,2026-03-22 14:59:59.999000+00:00,248042745.3799,111618,1870.391,128553356.1036,0,BTCUSDT,1h
2026-03-22 15:00:00+00:00,68675.5,69000.0,68670.0,68814.9,3931.235,2026-03-22 15:59:59.999000+00:00,270565700.4139,112677,2215.496,152503317.1099,0,BTCUSDT,1h
2026-03-22 16:00:00+00:00,68814.9,68852.3,68627.9,68761.9,1968.113,2026-03-22 16:59:59.999000+00:00,135287475.606,71401,962.784,66189318.558,0,BTCUSDT,1h
2026-03-22 17:00:00+00:00,68761.8,68820.0,68635.0,68635.0,1692.107,2026-03-22 17:59:59.999000+00:00,116286746.5209,66601,740.929,50920279.6889,0,BTCUSDT,1h
2026-03-22 18:00:00+00:00,68635.0,68712.0,68300.1,68580.3,3474.251,2026-03-22 18:59:59.999000+00:00,238016780.0584,110467,1590.073,108946810.4495,0,BTCUSDT,1h
2026-03-22 19:00:00+00:00,68580.2,68595.9,68108.0,68170.6,4201.514,2026-03-22 19:59:59.999000+00:00,286910028.2679,128093,1944.871,132803369.0883,0,BTCUSDT,1h
2026-03-22 20:00:00+00:00,68170.6,68470.6,68044.4,68134.9,3567.592,2026-03-22 20:59:59.999000+00:00,243480665.6773,109436,1803.343,123093487.3705,0,BTCUSDT,1h
2026-03-22 21:00:00+00:00,68135.0,68196.9,67300.0,67864.4,14801.57,2026-03-22 21:59:59.999000+00:00,1001925613.5286,322643,7136.295,482990656.2609,0,BTCUSDT,1h
2026-03-22 22:00:00+00:00,67864.5,68376.9,67528.3,68301.5,8113.744,2026-03-22 22:59:59.999000+00:00,551978972.1736,269094,4091.625,278387625.7409,0,BTCUSDT,1h
2026-03-22 23:00:00+00:00,68301.5,68434.3,67804.1,67830.6,5265.739,2026-03-22 23:59:59.999000+00:00,358629762.6126,179595,2428.822,165468507.4005,0,BTCUSDT,1h
2026-03-23 00:00:00+00:00,67830.7,68130.6,67400.1,67642.5,8708.507,2026-03-23 00:59:59.999000+00:00,590125803.5794,311945,4543.526,307944518.9291,0,BTCUSDT,1h
2026-03-23 01:00:00+00:00,67642.5,68127.0,67500.0,67875.6,5750.364,2026-03-23 01:59:59.999000+00:00,390522445.3338,229448,2828.039,192073228.5518,0,BTCUSDT,1h
2026-03-23 02:00:00+00:00,67875.6,68375.8,67764.2,68282.4,6201.781,2026-03-23 02:59:59.999000+00:00,422518956.0611,185778,3481.487,237217814.891,0,BTCUSDT,1h
2026-03-23 03:00:00+00:00,68282.3,68555.5,68022.6,68045.1,4838.08,2026-03-23 03:59:59.999000+00:00,330305389.4865,156133,2204.364,150527201.7078,0,BTCUSDT,1h
2026-03-23 04:00:00+00:00,68045.2,68517.0,68011.2,68504.5,4255.38,2026-03-23 04:59:59.999000+00:00,290600691.2314,132171,2466.71,168474753.564,0,BTCUSDT,1h
2026-03-23 05:00:00+00:00,68504.4,68872.4,68504.4,68864.2,8866.004,2026-03-23 05:59:59.999000+00:00,608960125.2307,219558,4842.896,332649628.8951,0,BTCUSDT,1h
2026-03-23 06:00:00+00:00,68864.1,68865.2,67653.1,67845.3,11928.68,2026-03-23 06:59:59.999000+00:00,812679163.6947,294786,5275.65,359291775.9302,0,BTCUSDT,1h
2026-03-23 07:00:00+00:00,67845.2,68426.4,67456.7,68306.0,12967.744,2026-03-23 07:59:59.999000+00:00,881483055.9435,355200,6589.235,447952910.1737,0,BTCUSDT,1h
2026-03-23 08:00:00+00:00,68305.9,68670.0,68281.6,68400.1,6548.073,2026-03-23 08:59:59.999000+00:00,448468099.4151,236582,3086.986,211425048.9452,0,BTCUSDT,1h
2026-03-23 09:00:00+00:00,68400.2,68439.6,67880.0,68305.0,5950.262,2026-03-23 09:59:59.999000+00:00,405485129.9342,192258,2818.091,192045439.9323,0,BTCUSDT,1h
2026-03-23 10:00:00+00:00,68304.9,68688.0,68261.0,68512.2,5788.214,2026-03-23 10:59:59.999000+00:00,396311230.3028,182746,2936.903,201102777.8381,0,BTCUSDT,1h
2026-03-23 11:00:00+00:00,68512.2,71468.0,68505.7,70097.3,80533.88,2026-03-23 11:59:59.999000+00:00,5679187571.7987,1189625,41472.959,2923305089.7499,0,BTCUSDT,1h
2026-03-23 12:00:00+00:00,70097.2,70850.0,69644.0,70710.0,22583.079,2026-03-23 12:59:59.999000+00:00,1585766747.6515,600327,12106.41,850270393.5153,0,BTCUSDT,1h
2026-03-23 13:00:00+00:00,70710.0,71564.9,70551.3,71450.0,20003.766,2026-03-23 13:59:59.999000+00:00,1421578798.7436,599877,10895.493,774462490.8554,0,BTCUSDT,1h
2026-03-23 14:00:00+00:00,71449.9,71789.8,71080.9,71409.8,18180.731,2026-03-23 14:59:59.999000+00:00,1298733477.1172,534825,9120.308,651547775.6879,0,BTCUSDT,1h
2026-03-23 15:00:00+00:00,71409.8,71635.5,70074.7,70112.2,21463.132,2026-03-23 15:59:59.999000+00:00,1518446598.5244,477260,9855.304,697314262.4663,0,BTCUSDT,1h
2026-03-23 16:00:00+00:00,70112.2,70736.4,70100.5,70539.6,13490.929,2026-03-23 16:59:59.999000+00:00,949290185.1516,412411,7306.874,514106478.0018,0,BTCUSDT,1h
2026-03-23 17:00:00+00:00,70539.6,71094.2,70325.6,71052.7,7996.099,2026-03-23 17:59:59.999000+00:00,565967726.3085,282055,4411.514,312308717.9923,0,BTCUSDT,1h
2026-03-23 18:00:00+00:00,71052.6,71166.0,70836.4,71040.5,6371.552,2026-03-23 18:59:59.999000+00:00,452457676.3094,219154,3467.18,246238799.2298,0,BTCUSDT,1h
2026-03-23 19:00:00+00:00,71040.5,71232.0,70612.5,70647.1,5709.42,2026-03-23 19:59:59.999000+00:00,404695033.2445,186618,2823.29,200143504.5656,0,BTCUSDT,1h
2026-03-23 20:00:00+00:00,70647.1,70953.5,70509.3,70876.6,3721.269,2026-03-23 20:59:59.999000+00:00,263274877.1904,102887,2000.238,141525735.7307,0,BTCUSDT,1h
2026-03-23 21:00:00+00:00,70876.6,70976.3,70786.1,70813.7,1745.94,2026-03-23 21:59:59.999000+00:00,123757237.3144,54437,890.071,63092603.3609,0,BTCUSDT,1h
2026-03-23 22:00:00+00:00,70813.9,70859.0,70477.1,70745.1,3283.294,2026-03-23 22:59:59.999000+00:00,231940335.5592,120798,1758.334,124219832.726,0,BTCUSDT,1h
2026-03-23 23:00:00+00:00,70745.1,70973.8,70370.0,70865.9,4213.498,2026-03-23 23:59:59.999000+00:00,297703978.6292,143085,2225.576,157258609.0853,0,BTCUSDT,1h
2026-03-24 00:00:00+00:00,70866.0,71080.0,70377.9,70650.0,6199.428,2026-03-24 00:59:59.999000+00:00,438570727.0479,202368,3073.568,217481248.1838,0,BTCUSDT,1h
2026-03-24 01:00:00+00:00,70650.1,70845.7,70232.0,70479.9,4958.563,2026-03-24 01:59:59.999000+00:00,349775285.9472,172676,2400.306,169374532.6329,0,BTCUSDT,1h
2026-03-24 02:00:00+00:00,70479.9,70668.7,70329.9,70416.0,3286.238,2026-03-24 02:59:59.999000+00:00,231634660.7659,134889,1752.117,123506584.1357,0,BTCUSDT,1h
2026-03-24 03:00:00+00:00,70416.0,70558.9,70362.6,70512.1,2460.375,2026-03-24 03:59:59.999000+00:00,173367426.1492,93069,1277.128,89994529.0532,0,BTCUSDT,1h
2026-03-24 04:00:00+00:00,70512.1,70726.4,70214.3,70339.9,4046.127,2026-03-24 04:59:59.999000+00:00,285014058.0597,129552,1666.556,117421384.3742,0,BTCUSDT,1h
2026-03-24 05:00:00+00:00,70340.0,70352.9,70075.5,70249.6,5168.093,2026-03-24 05:59:59.999000+00:00,362825557.8313,144211,2514.932,176567184.3032,0,BTCUSDT,1h
2026-03-24 06:00:00+00:00,70249.6,70544.9,70220.0,70507.8,3416.96,2026-03-24 06:59:59.999000+00:00,240530677.8552,101445,1833.715,129076664.7375,0,BTCUSDT,1h
2026-03-24 07:00:00+00:00,70507.9,71377.5,70439.8,71255.2,12633.339,2026-03-24 07:59:59.999000+00:00,895955065.234,257711,7147.244,507021777.6155,0,BTCUSDT,1h
2026-03-24 08:00:00+00:00,71255.2,71314.3,70823.9,70933.8,6615.475,2026-03-24 08:59:59.999000+00:00,469838956.0498,188219,3118.243,221481943.4782,0,BTCUSDT,1h
2026-03-24 09:00:00+00:00,70933.8,71339.8,70812.7,71288.5,4817.413,2026-03-24 09:59:59.999000+00:00,342425754.058,131868,2746.679,195256883.1497,0,BTCUSDT,1h
2026-03-24 10:00:00+00:00,71288.5,71299.8,71050.1,71237.4,4072.22,2026-03-24 10:59:59.999000+00:00,289882225.4877,109460,1833.5,130523778.6189,0,BTCUSDT,1h
2026-03-24 11:00:00+00:00,71237.4,71301.9,70916.9,71116.4,5395.558,2026-03-24 11:59:59.999000+00:00,383619955.2043,148754,2763.075,196481597.516,0,BTCUSDT,1h
2026-03-24 12:00:00+00:00,71116.4,71144.0,70822.2,70924.4,4417.19,2026-03-24 12:59:59.999000+00:00,313402587.1817,122045,2265.466,160746793.6223,0,BTCUSDT,1h
2026-03-24 13:00:00+00:00,70924.4,71029.2,69888.0,70067.0,19945.411,2026-03-24 13:59:59.999000+00:00,1403562512.7808,428094,8701.688,612417540.3122,0,BTCUSDT,1h
2026-03-24 14:00:00+00:00,70067.0,70449.0,69467.8,69847.6,23659.283,2026-03-24 14:59:59.999000+00:00,1653453768.1209,522086,11936.03,834327230.1577,0,BTCUSDT,1h
2026-03-24 15:00:00+00:00,69847.6,70240.0,69739.5,69837.7,12541.38,2026-03-24 15:59:59.999000+00:00,878161412.1213,319404,6577.033,460605478.0003,0,BTCUSDT,1h
2026-03-24 16:00:00+00:00,69837.6,69979.0,69281.2,69448.3,13279.255,2026-03-24 16:59:59.999000+00:00,924322197.5816,276217,6207.301,432021876.8743,0,BTCUSDT,1h
2026-03-24 17:00:00+00:00,69448.4,69486.0,68884.5,69205.0,14034.956,2026-03-24 17:59:59.999000+00:00,970221468.9356,325292,6921.395,478532221.7352,0,BTCUSDT,1h
2026-03-24 18:00:00+00:00,69205.0,69724.8,69127.4,69399.5,8865.94,2026-03-24 18:59:59.999000+00:00,615274045.1335,218587,4542.7,315277088.0167,0,BTCUSDT,1h
2026-03-24 19:00:00+00:00,69399.5,69668.8,69226.0,69342.6,4274.805,2026-03-24 19:59:59.999000+00:00,296786390.1075,130119,1924.401,133592462.4458,0,BTCUSDT,1h
2026-03-24 20:00:00+00:00,69342.6,70270.0,69257.9,70066.6,12582.894,2026-03-24 20:59:59.999000+00:00,880153649.7268,282955,6610.695,462390333.6885,0,BTCUSDT,1h
2026-03-24 21:00:00+00:00,70066.6,70386.6,69844.3,70296.2,5844.12,2026-03-24 21:59:59.999000+00:00,409834058.116,155719,2966.3,208063899.4411,0,BTCUSDT,1h
2026-03-24 22:00:00+00:00,70296.2,70548.1,70084.0,70277.9,5708.524,2026-03-24 22:59:59.999000+00:00,401541132.8409,162109,2805.334,197369324.1815,0,BTCUSDT,1h
2026-03-24 23:00:00+00:00,70278.0,70800.0,70216.7,70523.9,7968.403,2026-03-24 23:59:59.999000+00:00,562491691.4855,163936,4484.132,316537297.2602,0,BTCUSDT,1h
2026-03-25 00:00:00+00:00,70524.0,71028.0,70422.6,70804.3,6825.485,2026-03-25 00:59:59.999000+00:00,483024274.3353,177417,4002.317,283304504.0361,0,BTCUSDT,1h
2026-03-25 01:00:00+00:00,70804.3,70950.0,70590.6,70643.1,4999.115,2026-03-25 01:59:59.999000+00:00,353618041.4293,150925,2097.816,148425191.2051,0,BTCUSDT,1h
2026-03-25 02:00:00+00:00,70643.1,70741.5,70460.1,70500.0,3665.029,2026-03-25 02:59:59.999000+00:00,258684233.8762,113635,1798.532,126940951.0433,0,BTCUSDT,1h
2026-03-25 03:00:00+00:00,70500.0,70777.9,70375.0,70689.3,4678.112,2026-03-25 03:59:59.999000+00:00,330077922.5176,121001,2317.136,163524446.6662,0,BTCUSDT,1h
2026-03-25 04:00:00+00:00,70689.2,70949.3,70659.9,70938.1,3587.173,2026-03-25 04:59:59.999000+00:00,253960192.2776,95374,1857.904,131544053.5996,0,BTCUSDT,1h
2026-03-25 05:00:00+00:00,70938.1,71319.9,70900.2,71080.1,7548.801,2026-03-25 05:59:59.999000+00:00,537070758.6898,168005,3755.755,267209162.9761,0,BTCUSDT,1h
2026-03-25 06:00:00+00:00,71080.1,71233.7,70928.5,70962.8,4549.668,2026-03-25 06:59:59.999000+00:00,323515597.1366,102361,2039.844,145074289.5796,0,BTCUSDT,1h
2026-03-25 07:00:00+00:00,70962.8,71233.6,70850.0,70900.0,4490.549,2026-03-25 07:59:59.999000+00:00,318868329.3227,108159,2193.618,155793713.5824,0,BTCUSDT,1h
2026-03-25 08:00:00+00:00,70899.9,71478.0,70752.5,71209.1,9095.11,2026-03-25 08:59:59.999000+00:00,647531396.8492,208968,5052.89,359784035.917,0,BTCUSDT,1h
2026-03-25 09:00:00+00:00,71209.2,71376.0,71058.4,71301.5,4503.705,2026-03-25 09:59:59.999000+00:00,320787095.4066,130165,2277.191,162219536.5985,0,BTCUSDT,1h
2026-03-25 10:00:00+00:00,71301.4,71600.0,71250.9,71462.7,5659.848,2026-03-25 10:59:59.999000+00:00,404271632.8931,131539,3227.672,230563272.5257,0,BTCUSDT,1h
2026-03-25 11:00:00+00:00,71462.7,71999.9,71425.0,71650.3,12351.222,2026-03-25 11:59:59.999000+00:00,886121277.2331,250833,6883.635,493939039.6152,0,BTCUSDT,1h
2026-03-25 12:00:00+00:00,71650.3,71933.3,71085.5,71685.4,16689.829,2026-03-25 12:59:59.999000+00:00,1192325388.1266,344341,8443.919,603314824.7665,0,BTCUSDT,1h
2026-03-25 13:00:00+00:00,71685.4,71931.9,71473.3,71546.6,8415.183,2026-03-25 13:59:59.999000+00:00,603458675.3961,284793,3987.958,286020551.8062,0,BTCUSDT,1h
2026-03-25 14:00:00+00:00,71546.6,71666.6,71190.0,71203.6,8453.325,2026-03-25 14:59:59.999000+00:00,603440910.2155,296720,4207.298,300353981.7132,0,BTCUSDT,1h
2026-03-25 15:00:00+00:00,71203.6,71282.3,70531.4,70792.4,16505.57,2026-03-25 15:59:59.999000+00:00,1169604540.3682,387549,8152.228,577716743.7984,0,BTCUSDT,1h
2026-03-25 16:00:00+00:00,70792.4,71742.2,70671.3,71290.0,15025.604,2026-03-25 16:59:59.999000+00:00,1070463998.0802,324478,7913.893,563879608.5447,0,BTCUSDT,1h
2026-03-25 17:00:00+00:00,71290.0,71361.8,70676.8,70752.6,6405.954,2026-03-25 17:59:59.999000+00:00,454652156.7697,210326,2986.537,211969416.937,0,BTCUSDT,1h
2026-03-25 18:00:00+00:00,70752.6,71121.3,70623.4,70786.8,5942.276,2026-03-25 18:59:59.999000+00:00,421160960.1804,166956,3283.321,232725340.6546,0,BTCUSDT,1h
2026-03-25 19:00:00+00:00,70786.8,71082.3,70741.8,70853.2,3149.21,2026-03-25 19:59:59.999000+00:00,223217163.2961,126658,1817.34,128814870.1741,0,BTCUSDT,1h
2026-03-25 20:00:00+00:00,70853.3,71028.0,70603.0,70970.0,3982.23,2026-03-25 20:59:59.999000+00:00,281851311.3755,98178,2068.281,146398643.779,0,BTCUSDT,1h
2026-03-25 21:00:00+00:00,70970.0,71149.6,70889.6,71000.0,2495.037,2026-03-25 21:59:59.999000+00:00,177155219.6128,65816,1223.572,86886526.9344,0,BTCUSDT,1h
2026-03-25 22:00:00+00:00,71000.0,71606.0,70907.1,71330.1,4778.789,2026-03-25 22:59:59.999000+00:00,340512511.478,123758,2698.527,192307798.6781,0,BTCUSDT,1h
2026-03-25 23:00:00+00:00,71330.0,71412.1,71143.5,71297.5,2719.025,2026-03-25 23:59:59.999000+00:00,193845256.6781,88196,1279.299,91207906.2845,0,BTCUSDT,1h
2026-03-26 00:00:00+00:00,71297.5,71408.1,71088.1,71265.8,3747.894,2026-03-26 00:59:59.999000+00:00,267102264.9473,106591,1605.612,114422594.5541,0,BTCUSDT,1h
2026-03-26 01:00:00+00:00,71265.8,71341.0,71116.9,71212.9,2453.274,2026-03-26 01:59:59.999000+00:00,174757616.861,85531,1087.807,77490718.395,0,BTCUSDT,1h
2026-03-26 02:00:00+00:00,71212.9,71257.1,70640.0,70855.0,5808.408,2026-03-26 02:59:59.999000+00:00,411657892.7677,143773,2730.284,193483371.9555,0,BTCUSDT,1h
2026-03-26 03:00:00+00:00,70855.0,70944.9,70650.0,70881.9,3359.798,2026-03-26 03:59:59.999000+00:00,237870135.0316,93841,1682.917,119153483.6994,0,BTCUSDT,1h
2026-03-26 04:00:00+00:00,70882.0,70882.0,70680.0,70737.0,2582.728,2026-03-26 04:59:59.999000+00:00,182819963.0549,67366,1243.976,88050736.2012,0,BTCUSDT,1h
2026-03-26 05:00:00+00:00,70737.0,70767.6,69906.2,69988.7,12385.966,2026-03-26 05:59:59.999000+00:00,870816021.2369,238849,4909.45,345171474.7276,0,BTCUSDT,1h
2026-03-26 06:00:00+00:00,69988.6,70126.6,69815.4,70057.5,7671.515,2026-03-26 06:59:59.999000+00:00,536895581.0349,172541,4114.069,287951351.7789,0,BTCUSDT,1h
2026-03-26 07:00:00+00:00,70057.4,70140.0,69722.6,70053.8,5530.53,2026-03-26 07:59:59.999000+00:00,386995520.2261,134279,2792.557,195452690.3907,0,BTCUSDT,1h
2026-03-26 08:00:00+00:00,70053.8,70095.7,69769.7,69985.9,5593.527,2026-03-26 08:59:59.999000+00:00,391016695.2496,134536,2824.248,197428000.5269,0,BTCUSDT,1h
2026-03-26 09:00:00+00:00,69986.0,70131.5,69366.0,69537.6,12236.506,2026-03-26 09:59:59.999000+00:00,852063691.6146,242250,5296.048,368840640.9031,0,BTCUSDT,1h
2026-03-26 10:00:00+00:00,69537.6,69693.7,69417.0,69480.0,4654.052,2026-03-26 10:59:59.999000+00:00,323663010.5005,120991,2188.996,152254887.6551,0,BTCUSDT,1h
2026-03-26 11:00:00+00:00,69480.0,69620.0,69127.2,69239.3,8815.363,2026-03-26 11:59:59.999000+00:00,611283429.0921,183700,3921.112,271944186.9936,0,BTCUSDT,1h
2026-03-26 12:00:00+00:00,69239.3,69428.0,69187.4,69395.1,5163.581,2026-03-26 12:59:59.999000+00:00,357942983.7243,120461,2821.184,195566634.5514,0,BTCUSDT,1h
2026-03-26 13:00:00+00:00,69395.2,69872.2,69158.9,69617.4,15536.501,2026-03-26 13:59:59.999000+00:00,1080882133.1879,311959,8529.298,593550815.7805,0,BTCUSDT,1h
2026-03-26 14:00:00+00:00,69615.8,69800.0,69217.0,69450.1,9137.728,2026-03-26 14:59:59.999000+00:00,635316611.8649,281400,4686.021,325839012.8218,0,BTCUSDT,1h
2026-03-26 15:00:00+00:00,69450.0,69472.6,68553.4,69054.8,19276.69,2026-03-26 15:59:59.999000+00:00,1329457411.4114,379090,8561.346,590598265.4131,0,BTCUSDT,1h
2026-03-26 16:00:00+00:00,69054.9,69054.9,68797.8,68904.8,6328.572,2026-03-26 16:59:59.999000+00:00,436188974.0433,184766,3095.953,213389911.9188,0,BTCUSDT,1h
2026-03-26 17:00:00+00:00,68904.8,69138.8,68325.2,68456.1,10124.779,2026-03-26 17:59:59.999000+00:00,695889961.7014,208566,4609.991,316993124.6401,0,BTCUSDT,1h
2026-03-26 18:00:00+00:00,68456.2,68581.3,68115.8,68457.0,11417.16,2026-03-26 18:59:59.999000+00:00,780203927.2401,266324,5615.394,383794616.2322,0,BTCUSDT,1h
2026-03-26 19:00:00+00:00,68457.0,68657.4,68317.9,68502.7,4550.355,2026-03-26 19:59:59.999000+00:00,311752052.0014,126096,2078.216,142387144.2094,0,BTCUSDT,1h
2026-03-26 20:00:00+00:00,68502.7,69466.6,68378.5,68973.8,16540.148,2026-03-26 20:59:59.999000+00:00,1143081794.8208,325911,8905.996,615550325.5963,0,BTCUSDT,1h
2026-03-26 21:00:00+00:00,68973.9,69213.3,68849.8,68885.8,4792.691,2026-03-26 21:59:59.999000+00:00,330582622.0539,112982,2173.546,149943043.7991,0,BTCUSDT,1h
2026-03-26 22:00:00+00:00,68885.8,69000.0,68542.5,68862.5,5102.573,2026-03-26 22:59:59.999000+00:00,350907112.9622,143996,2240.281,154078876.402,0,BTCUSDT,1h
2026-03-26 23:00:00+00:00,68862.5,68968.9,68600.0,68788.0,3663.275,2026-03-26 23:59:59.999000+00:00,251895098.721,110075,1661.675,114279812.2251,0,BTCUSDT,1h
2026-03-27 00:00:00+00:00,68788.1,68942.2,68458.5,68746.4,6047.978,2026-03-27 00:59:59.999000+00:00,415606214.9074,148394,3009.444,206816352.1166,0,BTCUSDT,1h
2026-03-27 01:00:00+00:00,68746.4,69033.3,68654.8,69016.4,3407.459,2026-03-27 01:59:59.999000+00:00,234632793.0814,98439,1864.901,128426792.536,0,BTCUSDT,1h
2026-03-27 02:00:00+00:00,69016.5,69142.7,68815.5,68870.8,2719.084,2026-03-27 02:59:59.999000+00:00,187580970.8653,94571,1250.93,86301156.1766,0,BTCUSDT,1h
2026-03-27 03:00:00+00:00,68870.8,68888.4,68621.5,68728.8,3607.926,2026-03-27 03:59:59.999000+00:00,248022800.6422,95386,1765.275,121354926.0564,0,BTCUSDT,1h
2026-03-27 04:00:00+00:00,68728.8,68764.5,68257.2,68540.2,7518.881,2026-03-27 04:59:59.999000+00:00,514763202.2091,160456,3512.625,240507123.533,0,BTCUSDT,1h
2026-03-27 05:00:00+00:00,68540.1,68830.0,68453.6,68588.8,4033.462,2026-03-27 05:59:59.999000+00:00,276811591.7559,114186,2191.052,150377347.7652,0,BTCUSDT,1h
2026-03-27 06:00:00+00:00,68588.8,68811.0,68530.6,68621.5,2797.227,2026-03-27 06:59:59.999000+00:00,192165335.338,81262,1295.535,89000620.0533,0,BTCUSDT,1h
2026-03-27 07:00:00+00:00,68621.5,68925.0,68416.5,68501.7,8267.991,2026-03-27 07:59:59.999000+00:00,567726274.0708,158078,4270.916,293303212.8413,0,BTCUSDT,1h
2026-03-27 08:00:00+00:00,68501.8,68619.9,67560.0,67876.6,18150.811,2026-03-27 08:59:59.999000+00:00,1233654810.6343,342480,7714.206,524324232.6996,0,BTCUSDT,1h
2026-03-27 09:00:00+00:00,67876.7,67912.1,67500.2,67651.9,8934.715,2026-03-27 09:59:59.999000+00:00,605323866.4105,193103,4226.633,286395302.8758,0,BTCUSDT,1h
2026-03-27 10:00:00+00:00,67652.0,67737.9,66257.4,66456.4,26602.953,2026-03-27 10:59:59.999000+00:00,1781286670.2773,479606,10465.8,700590214.7945,0,BTCUSDT,1h
2026-03-27 11:00:00+00:00,66456.4,66810.9,66175.4,66663.2,12567.309,2026-03-27 11:59:59.999000+00:00,836321839.9314,297962,6289.814,418630286.565,0,BTCUSDT,1h
2026-03-27 12:00:00+00:00,66663.3,66742.2,66388.0,66579.4,6083.774,2026-03-27 12:59:59.999000+00:00,404969203.3171,170482,2831.454,188494842.4497,0,BTCUSDT,1h
2026-03-27 13:00:00+00:00,66579.4,66699.9,65950.0,66153.9,15382.501,2026-03-27 13:59:59.999000+00:00,1020664806.698,377359,6914.719,458999913.2004,0,BTCUSDT,1h
2026-03-27 14:00:00+00:00,66153.9,66375.2,65681.5,66162.7,20797.151,2026-03-27 14:59:59.999000+00:00,1372037665.7002,473129,10085.575,665464496.5271,0,BTCUSDT,1h
2026-03-27 15:00:00+00:00,66162.7,66615.0,65930.3,66092.0,17540.701,2026-03-27 15:59:59.999000+00:00,1162326535.8453,332899,7842.178,519775543.9408,0,BTCUSDT,1h
2026-03-27 16:00:00+00:00,66091.9,66149.6,65731.8,65945.5,11439.941,2026-03-27 16:59:59.999000+00:00,754101215.9375,275252,5464.057,360229341.3465,0,BTCUSDT,1h
2026-03-27 17:00:00+00:00,65945.5,66267.4,65550.0,65604.0,10726.045,2026-03-27 17:59:59.999000+00:00,706426355.3147,260227,4977.836,327961908.7352,0,BTCUSDT,1h
2026-03-27 18:00:00+00:00,65604.0,65939.1,65501.0,65804.0,6797.913,2026-03-27 18:59:59.999000+00:00,446798823.6619,217845,3474.262,228365166.0272,0,BTCUSDT,1h
2026-03-27 19:00:00+00:00,65804.0,66119.6,65666.6,66005.4,5796.107,2026-03-27 19:59:59.999000+00:00,382032058.9544,178936,3061.575,201823443.7893,0,BTCUSDT,1h
2026-03-27 20:00:00+00:00,66005.5,66125.8,65766.1,65983.0,4697.996,2026-03-27 20:59:59.999000+00:00,309937544.1903,129074,2273.506,149997382.5546,0,BTCUSDT,1h
2026-03-27 21:00:00+00:00,65983.1,66148.0,65972.6,66040.3,2232.358,2026-03-27 21:59:59.999000+00:00,147493790.9528,65496,1203.935,79544012.6403,0,BTCUSDT,1h
2026-03-27 22:00:00+00:00,66040.4,66053.2,65874.4,65981.1,2472.071,2026-03-27 22:59:59.999000+00:00,163088149.3273,62032,1019.131,67234138.5259,0,BTCUSDT,1h
2026-03-27 23:00:00+00:00,65981.1,66384.0,65931.5,66364.2,3728.694,2026-03-27 23:59:59.999000+00:00,246815254.3977,75686,2291.329,151685808.9536,0,BTCUSDT,1h
2026-03-28 00:00:00+00:00,66364.1,66472.4,66239.9,66389.9,3310.686,2026-03-28 00:59:59.999000+00:00,219736694.3332,86219,1618.091,107399517.1947,0,BTCUSDT,1h
2026-03-28 01:00:00+00:00,66389.9,66389.9,66006.1,66137.1,3788.397,2026-03-28 01:59:59.999000+00:00,250610693.7427,92867,1530.427,101241637.4893,0,BTCUSDT,1h
2026-03-28 02:00:00+00:00,66137.2,66214.0,65888.0,66020.1,3887.024,2026-03-28 02:59:59.999000+00:00,256648825.0471,111254,1755.921,115943290.9637,0,BTCUSDT,1h
2026-03-28 03:00:00+00:00,66020.0,66217.5,66020.0,66191.8,2461.721,2026-03-28 03:59:59.999000+00:00,162792010.7291,61245,1383.764,91504358.2863,0,BTCUSDT,1h
2026-03-28 04:00:00+00:00,66191.8,66274.7,66068.3,66243.5,2029.542,2026-03-28 04:59:59.999000+00:00,134327894.8827,52789,1071.416,70918713.2401,0,BTCUSDT,1h
2026-03-28 05:00:00+00:00,66243.6,66349.0,66169.0,66310.0,2222.047,2026-03-28 05:59:59.999000+00:00,147267709.7114,49679,1109.156,73513678.1913,0,BTCUSDT,1h
2026-03-28 06:00:00+00:00,66310.0,66460.0,66270.9,66358.2,2682.148,2026-03-28 06:59:59.999000+00:00,178044652.7541,66417,1270.862,84362831.4552,0,BTCUSDT,1h
2026-03-28 07:00:00+00:00,66358.1,66533.9,66341.3,66520.8,2427.447,2026-03-28 07:59:59.999000+00:00,161274122.7577,50332,1421.997,94482365.91,0,BTCUSDT,1h
2026-03-28 08:00:00+00:00,66520.9,66529.4,66352.1,66374.9,2746.771,2026-03-28 08:59:59.999000+00:00,182538592.9881,59386,1209.344,80373334.1153,0,BTCUSDT,1h
2026-03-28 09:00:00+00:00,66374.9,66374.9,66203.5,66270.9,2795.618,2026-03-28 09:59:59.999000+00:00,185326390.4176,56862,1195.871,79278354.2846,0,BTCUSDT,1h
2026-03-28 10:00:00+00:00,66271.0,66379.9,66087.3,66184.9,2899.948,2026-03-28 10:59:59.999000+00:00,191955173.7243,63112,1276.083,84475695.2131,0,BTCUSDT,1h
2026-03-28 11:00:00+00:00,66184.9,66325.7,66162.0,66288.5,2252.391,2026-03-28 11:59:59.999000+00:00,149239440.0715,42625,1426.506,94516704.3304,0,BTCUSDT,1h
2026-03-28 12:00:00+00:00,66288.4,66498.1,66191.7,66416.7,3513.902,2026-03-28 12:59:59.999000+00:00,233242494.9838,69485,1844.037,122415906.444,0,BTCUSDT,1h
2026-03-28 13:00:00+00:00,66416.7,67148.7,66363.6,66813.3,13186.355,2026-03-28 13:59:59.999000+00:00,880633557.3999,221774,7578.232,506087369.8263,0,BTCUSDT,1h
2026-03-28 14:00:00+00:00,66813.4,66942.3,66631.5,66716.2,5360.55,2026-03-28 14:59:59.999000+00:00,357974936.7189,128656,2699.469,180301938.833,0,BTCUSDT,1h
2026-03-28 15:00:00+00:00,66716.1,67284.0,66678.1,66982.3,9848.298,2026-03-28 15:59:59.999000+00:00,660333165.1347,180975,5440.631,364828875.6536,0,BTCUSDT,1h
2026-03-28 16:00:00+00:00,66982.4,67065.0,66821.3,66894.3,3986.863,2026-03-28 16:59:59.999000+00:00,266944706.1316,92126,2105.485,140992167.1765,0,BTCUSDT,1h
2026-03-28 17:00:00+00:00,66894.3,66965.7,66644.0,66808.6,3473.794,2026-03-28 17:59:59.999000+00:00,232055622.295,85615,1671.045,111642756.6729,0,BTCUSDT,1h
2026-03-28 18:00:00+00:00,66808.6,66920.0,66801.0,66871.1,2489.409,2026-03-28 18:59:59.999000+00:00,166465977.9161,44321,1476.825,98758288.5311,0,BTCUSDT,1h
2026-03-28 19:00:00+00:00,66871.2,66916.5,66764.7,66873.0,1312.886,2026-03-28 19:59:59.999000+00:00,87749258.611,34330,572.701,38274267.8598,0,BTCUSDT,1h
2026-03-28 20:00:00+00:00,66873.0,66978.0,66868.3,66885.5,1862.549,2026-03-28 20:59:59.999000+00:00,124654641.0262,49983,1003.052,67134457.6538,0,BTCUSDT,1h
2026-03-28 21:00:00+00:00,66885.6,66890.0,66526.8,66644.8,2392.101,2026-03-28 21:59:59.999000+00:00,159589938.8952,60086,871.122,58129609.699,0,BTCUSDT,1h
2026-03-28 22:00:00+00:00,66644.9,66758.9,66562.0,66729.0,2394.618,2026-03-28 22:59:59.999000+00:00,159641301.3472,61115,1076.215,71761835.1715,0,BTCUSDT,1h
2026-03-28 23:00:00+00:00,66729.0,66729.0,66233.6,66334.8,6048.427,2026-03-28 23:59:59.999000+00:00,401530205.2197,115058,3256.29,216145335.6238,0,BTCUSDT,1h
2026-03-29 00:00:00+00:00,66334.8,66468.6,66235.6,66444.4,2548.004,2026-03-29 00:59:59.999000+00:00,169126317.338,74829,1355.506,89980637.5147,0,BTCUSDT,1h
2026-03-29 01:00:00+00:00,66444.3,66585.9,66344.2,66536.1,3135.536,2026-03-29 01:59:59.999000+00:00,208473668.759,77427,1535.742,102115448.9631,0,BTCUSDT,1h
2026-03-29 02:00:00+00:00,66536.0,66820.0,66500.4,66773.7,3493.131,2026-03-29 02:59:59.999000+00:00,232817505.3317,77336,2051.308,136725386.2599,0,BTCUSDT,1h
2026-03-29 03:00:00+00:00,66773.7,67100.0,66724.0,66875.7,5860.433,2026-03-29 03:59:59.999000+00:00,392116167.5053,98255,3061.634,204850955.9604,0,BTCUSDT,1h
2026-03-29 04:00:00+00:00,66875.7,66907.5,66683.3,66701.9,2363.996,2026-03-29 04:59:59.999000+00:00,157909720.9735,52545,761.975,50898067.5859,0,BTCUSDT,1h
2026-03-29 05:00:00+00:00,66701.9,66799.5,66565.0,66741.3,3093.997,2026-03-29 05:59:59.999000+00:00,206274966.9351,74708,1513.495,100921455.5953,0,BTCUSDT,1h
2026-03-29 06:00:00+00:00,66741.3,66845.0,66601.1,66704.4,2055.614,2026-03-29 06:59:59.999000+00:00,137139087.1888,57769,995.153,66392650.2604,0,BTCUSDT,1h
2026-03-29 07:00:00+00:00,66704.4,66720.0,66521.4,66632.5,3044.013,2026-03-29 07:59:59.999000+00:00,202796227.0204,58712,1106.486,73700850.2974,0,BTCUSDT,1h
2026-03-29 08:00:00+00:00,66632.4,66743.7,66560.0,66689.5,1886.205,2026-03-29 08:59:59.999000+00:00,125749598.6174,46400,965.142,64345303.5187,0,BTCUSDT,1h
2026-03-29 09:00:00+00:00,66689.4,66740.0,66500.9,66600.1,2076.043,2026-03-29 09:59:59.999000+00:00,138276213.6995,59523,981.79,65398944.5511,0,BTCUSDT,1h
2026-03-29 10:00:00+00:00,66600.0,66600.0,66375.5,66473.4,3040.43,2026-03-29 10:59:59.999000+00:00,202114093.3436,73730,1260.936,83823652.2088,0,BTCUSDT,1h
2026-03-29 11:00:00+00:00,66473.4,66986.8,66473.3,66780.8,4790.749,2026-03-29 11:59:59.999000+00:00,319920976.6497,117969,2655.85,177338333.2004,0,BTCUSDT,1h
2026-03-29 12:00:00+00:00,66780.8,66844.3,66668.0,66818.6,2808.839,2026-03-29 12:59:59.999000+00:00,187510171.4241,63828,1219.814,81436009.0505,0,BTCUSDT,1h
2026-03-29 13:00:00+00:00,66818.7,66849.0,66483.9,66546.0,3973.71,2026-03-29 13:59:59.999000+00:00,264671259.7739,110741,1817.332,121041753.5653,0,BTCUSDT,1h
2026-03-29 14:00:00+00:00,66546.1,66764.9,66420.0,66556.2,4257.793,2026-03-29 14:59:59.999000+00:00,283338309.7491,106829,2187.889,145617284.7131,0,BTCUSDT,1h
2026-03-29 15:00:00+00:00,66556.3,66695.0,66288.1,66500.0,5548.023,2026-03-29 15:59:59.999000+00:00,368740463.7057,135633,2706.077,179876561.1142,0,BTCUSDT,1h
2026-03-29 16:00:00+00:00,66499.9,66639.0,66400.0,66467.8,2852.833,2026-03-29 16:59:59.999000+00:00,189789035.8967,93956,1475.41,98166509.6357,0,BTCUSDT,1h
2026-03-29 17:00:00+00:00,66467.8,66518.2,66111.0,66356.6,5384.339,2026-03-29 17:59:59.999000+00:00,356850561.4711,120622,2290.482,151840417.832,0,BTCUSDT,1h
2026-03-29 18:00:00+00:00,66356.6,66524.0,66291.2,66397.2,1725.593,2026-03-29 18:59:59.999000+00:00,114586480.1311,59653,937.989,62290295.8821,0,BTCUSDT,1h
2026-03-29 19:00:00+00:00,66397.1,66453.4,66282.1,66320.2,2175.189,2026-03-29 19:59:59.999000+00:00,144383281.1288,48865,922.035,61198104.3575,0,BTCUSDT,1h
2026-03-29 20:00:00+00:00,66320.3,66767.9,66312.7,66578.6,4462.303,2026-03-29 20:59:59.999000+00:00,297133455.713,77576,2464.161,164036019.1184,0,BTCUSDT,1h
2026-03-29 21:00:00+00:00,66578.6,66734.5,66477.5,66678.8,2390.255,2026-03-29 21:59:59.999000+00:00,159252115.1074,55948,1423.293,94837738.4746,0,BTCUSDT,1h
2026-03-29 22:00:00+00:00,66678.8,66686.1,64918.2,65820.3,25831.762,2026-03-29 22:59:59.999000+00:00,1695094498.1549,494964,10887.246,714407245.9167,0,BTCUSDT,1h
2026-03-29 23:00:00+00:00,65820.2,66350.4,65819.0,65977.9,11479.606,2026-03-29 23:59:59.999000+00:00,758027209.3288,331429,5589.465,369144835.6889,0,BTCUSDT,1h
2026-03-30 00:00:00+00:00,65978.0,67043.2,65754.2,66251.2,16555.213,2026-03-30 00:59:59.999000+00:00,1100120250.6331,473571,8642.297,574489804.6518,0,BTCUSDT,1h
2026-03-30 01:00:00+00:00,66251.2,66806.1,66251.1,66624.1,7416.652,2026-03-30 01:59:59.999000+00:00,493595403.4102,255129,3861.36,257017957.9354,0,BTCUSDT,1h
2026-03-30 02:00:00+00:00,66624.2,67487.7,66538.5,67087.0,14215.662,2026-03-30 02:59:59.999000+00:00,953312300.5244,316294,8082.46,542084646.8404,0,BTCUSDT,1h
2026-03-30 03:00:00+00:00,67087.1,67288.8,66934.7,67139.8,5264.7,2026-03-30 03:59:59.999000+00:00,353319483.8656,176747,2640.861,177235305.8424,0,BTCUSDT,1h
2026-03-30 04:00:00+00:00,67140.0,67625.1,67129.3,67579.1,7756.25,2026-03-30 04:59:59.999000+00:00,523012733.3412,229153,4546.592,306598644.0117,0,BTCUSDT,1h
2026-03-30 05:00:00+00:00,67579.2,67777.0,67404.0,67459.0,6598.791,2026-03-30 05:59:59.999000+00:00,445984244.7499,187619,3020.267,204145639.1131,0,BTCUSDT,1h
2026-03-30 06:00:00+00:00,67459.0,67550.0,67238.6,67273.4,5357.868,2026-03-30 06:59:59.999000+00:00,360790042.2724,145952,2230.787,150223267.6664,0,BTCUSDT,1h
2026-03-30 07:00:00+00:00,67273.5,67612.6,67180.5,67595.9,5275.695,2026-03-30 07:59:59.999000+00:00,355618847.1471,139694,2893.581,195068776.5174,0,BTCUSDT,1h
2026-03-30 08:00:00+00:00,67595.9,67920.0,67574.6,67634.0,9898.419,2026-03-30 08:59:59.999000+00:00,670662107.4727,219988,5083.65,344457124.5189,0,BTCUSDT,1h
2026-03-30 09:00:00+00:00,67633.9,67667.9,67426.0,67466.2,4284.723,2026-03-30 09:59:59.999000+00:00,289385149.8067,103776,2076.456,140232636.731,0,BTCUSDT,1h
2026-03-30 10:00:00+00:00,67466.2,67498.0,67333.3,67463.0,3205.103,2026-03-30 10:59:59.999000+00:00,216080472.6333,81637,1666.534,112358776.2886,0,BTCUSDT,1h
2026-03-30 11:00:00+00:00,67463.1,67998.0,67459.7,67651.5,7852.554,2026-03-30 11:59:59.999000+00:00,531333132.5904,183144,4268.612,288855000.7105,0,BTCUSDT,1h
2026-03-30 12:00:00+00:00,67651.5,67950.0,67627.7,67859.3,5273.29,2026-03-30 12:59:59.999000+00:00,357687967.5685,133599,2452.425,166343156.423,0,BTCUSDT,1h
2026-03-30 13:00:00+00:00,67859.4,68148.4,67378.7,67490.9,13074.572,2026-03-30 13:59:59.999000+00:00,886411125.7582,274274,6310.817,428118138.5598,0,BTCUSDT,1h
2026-03-30 14:00:00+00:00,67490.8,67843.8,67055.0,67762.7,14799.32,2026-03-30 14:59:59.999000+00:00,997461259.6568,370387,7575.492,510637442.8254,0,BTCUSDT,1h
2026-03-30 15:00:00+00:00,67762.8,67875.0,67373.7,67590.2,9621.943,2026-03-30 15:59:59.999000+00:00,650854811.9616,259577,4807.45,325201639.9022,0,BTCUSDT,1h
2026-03-30 16:00:00+00:00,67590.2,67614.9,67188.0,67333.0,5589.669,2026-03-30 16:59:59.999000+00:00,376488652.9548,169072,2777.937,187096752.2671,0,BTCUSDT,1h
2026-03-30 17:00:00+00:00,67332.9,67443.8,66617.3,66805.2,11208.178,2026-03-30 17:59:59.999000+00:00,749867390.2262,267176,4823.662,322706324.5398,0,BTCUSDT,1h
2026-03-30 18:00:00+00:00,66805.1,66899.9,66456.4,66620.6,8496.874,2026-03-30 18:59:59.999000+00:00,566430962.3723,182829,4710.612,314068762.426,0,BTCUSDT,1h
2026-03-30 19:00:00+00:00,66620.6,66640.0,66200.1,66516.0,8875.348,2026-03-30 19:59:59.999000+00:00,589131803.6276,193656,4568.988,303306479.0279,0,BTCUSDT,1h
2026-03-30 20:00:00+00:00,66515.9,66662.6,66488.7,66614.9,2850.822,2026-03-30 20:59:59.999000+00:00,189827791.7646,83635,1509.336,100501876.3762,0,BTCUSDT,1h
2026-03-30 21:00:00+00:00,66614.9,66973.5,66550.0,66770.6,5139.64,2026-03-30 21:59:59.999000+00:00,343445255.1339,104502,2711.019,181146778.8234,0,BTCUSDT,1h
2026-03-30 22:00:00+00:00,66770.6,66971.2,66650.9,66746.5,3017.686,2026-03-30 22:59:59.999000+00:00,201459354.597,84546,1653.592,110375941.0331,0,BTCUSDT,1h
2026-03-30 23:00:00+00:00,66746.4,66769.1,66377.1,66764.4,5430.093,2026-03-30 23:59:59.999000+00:00,361450874.176,121222,2822.329,187873780.7678,0,BTCUSDT,1h
2026-03-31 00:00:00+00:00,66764.4,67276.0,66498.9,67172.5,8170.125,2026-03-31 00:59:59.999000+00:00,546717252.2709,236996,4546.314,304329158.8847,0,BTCUSDT,1h
2026-03-31 01:00:00+00:00,67172.5,68377.0,67004.2,67896.2,21388.751,2026-03-31 01:59:59.999000+00:00,1451192199.3185,420906,11600.371,787087891.441,0,BTCUSDT,1h
2026-03-31 02:00:00+00:00,67896.1,68072.7,67726.9,67911.8,4698.842,2026-03-31 02:59:59.999000+00:00,319164890.242,156779,2148.293,145934540.5273,0,BTCUSDT,1h
2026-03-31 03:00:00+00:00,67911.8,67974.8,67610.5,67670.8,4526.069,2026-03-31 03:59:59.999000+00:00,306698599.6555,131030,2054.653,139227925.4973,0,BTCUSDT,1h
2026-03-31 04:00:00+00:00,67670.8,67865.7,67441.8,67510.1,5390.717,2026-03-31 04:59:59.999000+00:00,364490466.1725,147793,2332.547,157734676.868,0,BTCUSDT,1h
2026-03-31 05:00:00+00:00,67510.1,67756.8,67356.4,67648.9,5254.856,2026-03-31 05:59:59.999000+00:00,355035461.8214,146812,2700.742,182489451.1373,0,BTCUSDT,1h
2026-03-31 06:00:00+00:00,67649.0,67679.5,67300.1,67465.4,4352.913,2026-03-31 06:59:59.999000+00:00,293563214.9103,123830,2246.258,151493646.3026,0,BTCUSDT,1h
2026-03-31 07:00:00+00:00,67465.4,67497.0,67071.9,67343.8,6776.714,2026-03-31 07:59:59.999000+00:00,455765451.4091,149270,3410.137,229347980.5905,0,BTCUSDT,1h
2026-03-31 08:00:00+00:00,67343.9,67476.9,66655.0,66745.1,11064.148,2026-03-31 08:59:59.999000+00:00,741057875.1336,227682,4746.996,318053053.7651,0,BTCUSDT,1h
2026-03-31 09:00:00+00:00,66745.1,66891.8,65938.0,66099.3,14984.779,2026-03-31 09:59:59.999000+00:00,995273067.7442,318763,6443.718,428144942.7532,0,BTCUSDT,1h
2026-03-31 10:00:00+00:00,66099.3,66442.0,66067.0,66329.4,8862.329,2026-03-31 10:59:59.999000+00:00,587488163.0083,178727,4624.897,306586688.8248,0,BTCUSDT,1h
2026-03-31 11:00:00+00:00,66329.4,66850.0,66205.0,66652.4,10995.373,2026-03-31 11:59:59.999000+00:00,732039783.7268,244421,5780.513,384869560.1211,0,BTCUSDT,1h
2026-03-31 12:00:00+00:00,66652.4,66909.3,66480.0,66623.8,6400.174,2026-03-31 12:59:59.999000+00:00,426962117.4376,186830,3118.096,208045344.9102,0,BTCUSDT,1h
2026-03-31 13:00:00+00:00,66623.8,67375.0,66623.8,67255.6,13271.792,2026-03-31 13:59:59.999000+00:00,890071607.9516,330357,7275.963,487968224.725,0,BTCUSDT,1h
2026-03-31 14:00:00+00:00,67255.6,67765.8,66374.4,66555.9,24281.881,2026-03-31 14:59:59.999000+00:00,1631099575.8056,543102,11560.392,777108270.3341,0,BTCUSDT,1h
2026-03-31 15:00:00+00:00,66556.0,67262.2,66555.9,66700.0,16438.359,2026-03-31 15:59:59.999000+00:00,1100844849.29,394868,8577.254,574390482.8198,0,BTCUSDT,1h
2026-03-31 16:00:00+00:00,66700.0,67985.5,66695.9,67632.6,17863.811,2026-03-31 16:59:59.999000+00:00,1206372174.9904,470480,10034.571,677678929.5773,0,BTCUSDT,1h
2026-03-31 17:00:00+00:00,67632.6,68600.0,67357.1,67493.9,31074.877,2026-03-31 17:59:59.999000+00:00,2112580180.644,588809,17219.193,1170778959.8888,0,BTCUSDT,1h
2026-03-31 18:00:00+00:00,67493.8,67929.7,67488.0,67814.6,6671.407,2026-03-31 18:59:59.999000+00:00,451806734.8601,210190,3576.067,242186437.032,0,BTCUSDT,1h
2026-03-31 19:00:00+00:00,67814.5,67996.0,67671.3,67803.0,4561.967,2026-03-31 19:59:59.999000+00:00,309556623.9225,162603,2381.343,161600434.6326,0,BTCUSDT,1h
2026-03-31 20:00:00+00:00,67803.0,68234.0,67794.8,68227.2,5345.004,2026-03-31 20:59:59.999000+00:00,363694414.5517,146901,2905.293,197697069.5459,0,BTCUSDT,1h
2026-03-31 21:00:00+00:00,68227.3,68382.9,67840.4,68234.6,4214.782,2026-03-31 21:59:59.999000+00:00,287012980.904,124619,2227.548,151736333.5917,0,BTCUSDT,1h
2026-03-31 22:00:00+00:00,68234.7,68306.9,67919.5,68141.6,3539.41,2026-03-31 22:59:59.999000+00:00,241124560.696,114503,1400.148,95382127.3536,0,BTCUSDT,1h
2026-03-31 23:00:00+00:00,68141.7,68332.6,68050.0,68241.5,3204.005,2026-03-31 23:59:59.999000+00:00,218629741.9769,106092,1704.284,116309174.363,0,BTCUSDT,1h
2026-04-01 00:00:00+00:00,68241.4,68305.1,67808.1,68288.0,5899.344,2026-04-01 00:59:59.999000+00:00,401467308.5674,177751,2712.953,184670755.6783,0,BTCUSDT,1h
2026-04-01 01:00:00+00:00,68288.0,68330.0,67707.5,67746.4,5867.034,2026-04-01 01:59:59.999000+00:00,398963224.1,163023,2712.114,184448512.1738,0,BTCUSDT,1h
2026-04-01 02:00:00+00:00,67746.4,67881.2,67534.9,67623.8,4392.19,2026-04-01 02:59:59.999000+00:00,297331688.1932,142735,1990.793,134778746.9998,0,BTCUSDT,1h
2026-04-01 03:00:00+00:00,67623.9,68214.5,67623.9,68134.0,4893.429,2026-04-01 03:59:59.999000+00:00,332709074.5517,134142,2905.087,197534750.3114,0,BTCUSDT,1h
2026-04-01 04:00:00+00:00,68134.0,68450.0,67965.0,68272.3,6806.107,2026-04-01 04:59:59.999000+00:00,463936054.7866,145864,3464.29,236223371.4555,0,BTCUSDT,1h
2026-04-01 05:00:00+00:00,68272.3,68732.5,68114.5,68418.2,8388.28,2026-04-01 05:59:59.999000+00:00,574438767.3222,192109,4634.45,317417863.9155,0,BTCUSDT,1h
2026-04-01 06:00:00+00:00,68418.3,69220.0,68418.2,69069.1,14347.278,2026-04-01 06:59:59.999000+00:00,988888391.4477,239428,8242.635,568117215.6677,0,BTCUSDT,1h
2026-04-01 07:00:00+00:00,69069.1,69288.0,68631.1,68651.9,9948.863,2026-04-01 07:59:59.999000+00:00,685876035.3429,187423,4363.185,300844644.9375,0,BTCUSDT,1h
2026-04-01 08:00:00+00:00,68651.9,68821.5,68425.5,68630.8,7971.803,2026-04-01 08:59:59.999000+00:00,547111253.086,175046,4117.088,282566414.6598,0,BTCUSDT,1h
2026-04-01 09:00:00+00:00,68630.9,68702.3,68360.0,68608.4,5165.172,2026-04-01 09:59:59.999000+00:00,353829179.4384,141010,2407.908,164983027.0447,0,BTCUSDT,1h
2026-04-01 10:00:00+00:00,68608.4,68632.1,68370.1,68545.1,3236.913,2026-04-01 10:59:59.999000+00:00,221734841.069,106280,1608.379,110182427.7273,0,BTCUSDT,1h
2026-04-01 11:00:00+00:00,68545.2,68702.3,68471.5,68669.9,3332.164,2026-04-01 11:59:59.999000+00:00,228542405.6088,102924,1723.877,118241616.697,0,BTCUSDT,1h
2026-04-01 12:00:00+00:00,68670.0,68773.9,68220.9,68363.8,9084.82,2026-04-01 12:59:59.999000+00:00,622034142.9082,217516,4420.265,302722090.4832,0,BTCUSDT,1h
2026-04-01 13:00:00+00:00,68364.1,68650.0,67883.7,68091.4,12785.834,2026-04-01 13:59:59.999000+00:00,872174519.5835,324029,6099.688,416157738.6735,0,BTCUSDT,1h
2026-04-01 14:00:00+00:00,68091.4,68657.1,68020.0,68559.1,8903.706,2026-04-01 14:59:59.999000+00:00,608741352.1734,279689,4789.02,327434816.3915,0,BTCUSDT,1h
2026-04-01 15:00:00+00:00,68559.2,68938.8,68380.3,68877.0,7696.492,2026-04-01 15:59:59.999000+00:00,528837974.0312,207557,4410.193,303105764.8441,0,BTCUSDT,1h
2026-04-01 16:00:00+00:00,68876.9,68961.6,68570.0,68781.1,6621.467,2026-04-01 16:59:59.999000+00:00,455319141.9473,180237,3291.081,226319631.1756,0,BTCUSDT,1h
2026-04-01 17:00:00+00:00,68781.1,69142.6,68212.1,68239.7,8742.133,2026-04-01 17:59:59.999000+00:00,599882067.99,230436,4259.769,292421653.8371,0,BTCUSDT,1h
2026-04-01 18:00:00+00:00,68239.7,68313.8,67900.4,68054.2,8261.383,2026-04-01 18:59:59.999000+00:00,562472890.8004,236673,4353.83,296448053.9447,0,BTCUSDT,1h
2026-04-01 19:00:00+00:00,68054.2,68269.9,68000.0,68143.8,3616.318,2026-04-01 19:59:59.999000+00:00,246400776.7567,133225,1984.01,135182183.4838,0,BTCUSDT,1h
2026-04-01 20:00:00+00:00,68143.7,68217.8,67927.0,68159.8,2825.356,2026-04-01 20:59:59.999000+00:00,192339331.1227,90301,1395.781,95030355.3202,0,BTCUSDT,1h
2026-04-01 21:00:00+00:00,68159.7,68510.6,68136.5,68324.7,3518.395,2026-04-01 21:59:59.999000+00:00,240453225.1104,97438,1888.727,129081929.6508,0,BTCUSDT,1h
2026-04-01 22:00:00+00:00,68324.8,68324.8,68032.9,68088.4,2650.481,2026-04-01 22:59:59.999000+00:00,180679267.9435,110237,1249.88,85198961.0168,0,BTCUSDT,1h
2026-04-01 23:00:00+00:00,68088.5,68220.9,67952.2,68086.5,2321.258,2026-04-01 23:59:59.999000+00:00,158053928.1362,91694,1084.363,73835975.0741,0,BTCUSDT,1h
2026-04-02 00:00:00+00:00,68086.4,68639.1,68013.3,68565.1,4810.862,2026-04-02 00:59:59.999000+00:00,328786004.3444,161477,2698.972,184433670.8212,0,BTCUSDT,1h
2026-04-02 01:00:00+00:00,68565.2,68565.2,67000.3,67316.4,28476.843,2026-04-02 01:59:59.999000+00:00,1924544716.8624,718203,13068.867,883267756.2336,0,BTCUSDT,1h
2026-04-02 02:00:00+00:00,67316.4,67316.4,66590.0,66821.6,10945.857,2026-04-02 02:59:59.999000+00:00,732257688.721,319412,5033.877,336773060.1965,0,BTCUSDT,1h
2026-04-02 03:00:00+00:00,66821.6,66931.9,66455.9,66538.4,6817.005,2026-04-02 03:59:59.999000+00:00,454492584.4138,189492,3047.475,203243125.8354,0,BTCUSDT,1h
2026-04-02 04:00:00+00:00,66538.4,66617.7,66171.8,66300.2,7198.698,2026-04-02 04:59:59.999000+00:00,477758953.5478,169736,3336.857,221457195.6435,0,BTCUSDT,1h
2026-04-02 05:00:00+00:00,66300.2,66628.8,66270.0,66558.2,7378.976,2026-04-02 05:59:59.999000+00:00,490415251.1144,137144,3879.457,257811424.7476,0,BTCUSDT,1h
2026-04-02 06:00:00+00:00,66558.2,66798.9,66506.4,66652.9,6658.861,2026-04-02 06:59:59.999000+00:00,443745191.6333,116830,3080.433,205294997.5345,0,BTCUSDT,1h
2026-04-02 07:00:00+00:00,66653.0,66898.5,66521.4,66887.9,3805.262,2026-04-02 07:59:59.999000+00:00,254048058.2906,95894,2138.928,142804651.2335,0,BTCUSDT,1h
2026-04-02 08:00:00+00:00,66887.8,66887.9,66372.9,66418.2,5263.115,2026-04-02 08:59:59.999000+00:00,350449992.3995,115880,2277.942,151671511.132,0,BTCUSDT,1h
2026-04-02 09:00:00+00:00,66418.1,66487.7,66256.0,66428.6,4756.07,2026-04-02 09:59:59.999000+00:00,315740077.4606,112499,2325.558,154388510.5881,0,BTCUSDT,1h
2026-04-02 10:00:00+00:00,66428.7,66471.9,66188.1,66424.0,3978.965,2026-04-02 10:59:59.999000+00:00,263936685.6522,108670,1808.661,119988839.3587,0,BTCUSDT,1h
2026-04-02 11:00:00+00:00,66424.1,66449.7,66065.1,66180.6,5811.944,2026-04-02 11:59:59.999000+00:00,385246489.8645,123653,2710.698,179683648.2114,0,BTCUSDT,1h
2026-04-02 12:00:00+00:00,66180.6,66215.2,65919.1,66014.2,9031.717,2026-04-02 12:59:59.999000+00:00,596740751.2208,188680,4147.403,274063635.1684,0,BTCUSDT,1h
2026-04-02 13:00:00+00:00,66014.3,66250.0,65676.1,66227.3,15856.243,2026-04-02 13:59:59.999000+00:00,1045871600.8219,315410,6561.6,432937820.3212,0,BTCUSDT,1h
2026-04-02 14:00:00+00:00,66227.3,67080.0,66123.0,66822.4,20636.572,2026-04-02 14:59:59.999000+00:00,1375190589.6513,482009,10664.214,710821846.4213,0,BTCUSDT,1h
2026-04-02 15:00:00+00:00,66822.3,66960.7,66596.2,66810.6,8566.429,2026-04-02 15:59:59.999000+00:00,572043596.5114,249830,3909.254,261067249.041,0,BTCUSDT,1h
2026-04-02 16:00:00+00:00,66810.6,67234.4,66707.6,67050.1,7916.796,2026-04-02 16:59:59.999000+00:00,530525857.1144,222467,4190.579,280899789.7021,0,BTCUSDT,1h
2026-04-02 17:00:00+00:00,67050.0,67400.0,66622.4,66641.4,12264.218,2026-04-02 17:59:59.999000+00:00,821888675.2752,245411,6186.354,414731254.211,0,BTCUSDT,1h
2026-04-02 18:00:00+00:00,66641.4,67044.8,66550.0,66941.6,5634.322,2026-04-02 18:59:59.999000+00:00,376018226.1001,187220,3331.396,222347028.8855,0,BTCUSDT,1h
2026-04-02 19:00:00+00:00,66941.7,67082.9,66827.8,66943.2,3699.127,2026-04-02 19:59:59.999000+00:00,247727462.1211,113692,1702.579,114033870.8951,0,BTCUSDT,1h
2026-04-02 20:00:00+00:00,66943.2,67078.9,66755.6,66906.3,3029.761,2026-04-02 20:59:59.999000+00:00,202706449.1222,80669,1626.907,108844657.7797,0,BTCUSDT,1h
2026-04-02 21:00:00+00:00,66906.4,66993.4,66681.3,66910.7,2094.62,2026-04-02 21:59:59.999000+00:00,139969022.2393,55524,989.776,66144212.871,0,BTCUSDT,1h
2026-04-02 22:00:00+00:00,66910.7,67008.5,66782.0,66954.0,2072.862,2026-04-02 22:59:59.999000+00:00,138728108.8602,66834,1120.144,74975436.914,0,BTCUSDT,1h
2026-04-02 23:00:00+00:00,66954.0,67070.2,66820.6,66868.5,1653.796,2026-04-02 23:59:59.999000+00:00,110685135.192,62002,717.995,48053284.0685,0,BTCUSDT,1h
2026-04-03 00:00:00+00:00,66868.6,66976.2,66671.0,66761.8,2723.057,2026-04-03 00:59:59.999000+00:00,181901683.014,84839,1180.266,78854336.951,0,BTCUSDT,1h
2026-04-03 01:00:00+00:00,66761.8,66881.3,66450.0,66599.0,4087.425,2026-04-03 01:59:59.999000+00:00,272319372.8374,114279,1894.463,126265083.3226,0,BTCUSDT,1h
2026-04-03 02:00:00+00:00,66599.1,66726.7,66240.0,66504.6,7272.397,2026-04-03 02:59:59.999000+00:00,483282728.859,159694,3245.8,215641363.7917,0,BTCUSDT,1h
2026-04-03 03:00:00+00:00,66504.6,66698.5,66461.0,66550.0,4129.956,2026-04-03 03:59:59.999000+00:00,274972985.7251,85209,1800.162,119859626.8833,0,BTCUSDT,1h
2026-04-03 04:00:00+00:00,66550.1,66666.0,66468.0,66578.8,1744.992,2026-04-03 04:59:59.999000+00:00,116165939.2894,67461,869.986,57919344.9481,0,BTCUSDT,1h
2026-04-03 05:00:00+00:00,66578.8,66789.6,66375.1,66574.9,3463.985,2026-04-03 05:59:59.999000+00:00,230715652.9656,96566,1790.726,119287089.0171,0,BTCUSDT,1h
2026-04-03 06:00:00+00:00,66574.9,66770.0,66523.2,66762.0,2064.989,2026-04-03 06:59:59.999000+00:00,137663865.443,80379,1095.723,73050475.0189,0,BTCUSDT,1h
2026-04-03 07:00:00+00:00,66762.1,67233.3,66716.4,67008.8,6199.006,2026-04-03 07:59:59.999000+00:00,415249149.1262,145194,3706.451,248293107.8588,0,BTCUSDT,1h
2026-04-03 08:00:00+00:00,67008.8,67258.0,66864.1,66935.0,4767.938,2026-04-03 08:59:59.999000+00:00,319724636.5915,117447,2252.332,151059202.8898,0,BTCUSDT,1h
2026-04-03 09:00:00+00:00,66935.1,66976.0,66714.3,66828.9,2763.018,2026-04-03 09:59:59.999000+00:00,184625778.9691,73585,1172.265,78327283.3138,0,BTCUSDT,1h
2026-04-03 10:00:00+00:00,66828.9,66871.9,66644.0,66845.3,2217.705,2026-04-03 10:59:59.999000+00:00,148067605.3959,67674,1128.71,75367388.656,0,BTCUSDT,1h
2026-04-03 11:00:00+00:00,66845.3,67041.9,66790.6,66983.4,2737.691,2026-04-03 11:59:59.999000+00:00,183199778.0772,75671,1557.919,104252197.2005,0,BTCUSDT,1h
2026-04-03 12:00:00+00:00,66983.5,67350.0,66605.9,66690.4,8947.233,2026-04-03 12:59:59.999000+00:00,599191646.0286,169816,4374.796,293111812.4652,0,BTCUSDT,1h
2026-04-03 13:00:00+00:00,66690.4,66707.1,66478.5,66644.6,6171.178,2026-04-03 13:59:59.999000+00:00,411044503.8799,126199,2603.3,173385622.8495,0,BTCUSDT,1h
2026-04-03 14:00:00+00:00,66644.6,66968.1,66600.0,66900.0,4449.791,2026-04-03 14:59:59.999000+00:00,297264324.7831,107651,2486.518,166106296.1589,0,BTCUSDT,1h
2026-04-03 15:00:00+00:00,66899.9,66999.0,66778.9,66806.1,2790.32,2026-04-03 15:59:59.999000+00:00,186616019.261,74503,1493.941,99923616.2527,0,BTCUSDT,1h
2026-04-03 16:00:00+00:00,66806.0,67046.1,66800.0,66972.5,2190.628,2026-04-03 16:59:59.999000+00:00,146638499.2437,61783,1217.052,81473136.2262,0,BTCUSDT,1h
2026-04-03 17:00:00+00:00,66972.5,67040.0,66714.1,66811.0,3190.914,2026-04-03 17:59:59.999000+00:00,213336908.6119,75942,1515.543,101326469.1421,0,BTCUSDT,1h
2026-04-03 18:00:00+00:00,66811.0,66899.7,66746.9,66783.7,1313.064,2026-04-03 18:59:59.999000+00:00,87743172.7197,40442,713.613,47686763.8806,0,BTCUSDT,1h
2026-04-03 19:00:00+00:00,66783.6,66882.9,66740.6,66857.0,1227.27,2026-04-03 19:59:59.999000+00:00,81975573.2502,39590,629.297,42035001.3963,0,BTCUSDT,1h
2026-04-03 20:00:00+00:00,66857.0,66888.0,66800.0,66800.1,776.851,2026-04-03 20:59:59.999000+00:00,51930944.1399,26644,381.621,25511050.73,0,BTCUSDT,1h
2026-04-03 21:00:00+00:00,66800.0,66946.3,66791.8,66929.5,1612.364,2026-04-03 21:59:59.999000+00:00,107831409.5537,28821,1181.138,78993996.9893,0,BTCUSDT,1h
2026-04-03 22:00:00+00:00,66929.4,66943.0,66813.0,66860.0,1236.07,2026-04-03 22:59:59.999000+00:00,82660215.5261,42376,690.563,46179394.3799,0,BTCUSDT,1h
2026-04-03 23:00:00+00:00,66859.9,66930.0,66800.7,66930.0,1189.991,2026-04-03 23:59:59.999000+00:00,79557683.9151,30986,566.545,37878803.3187,0,BTCUSDT,1h
2026-04-04 00:00:00+00:00,66930.0,66935.3,66838.9,66863.4,939.228,2026-04-04 00:59:59.999000+00:00,62823419.0143,29545,445.241,29781332.373,0,BTCUSDT,1h
2026-04-04 01:00:00+00:00,66863.4,66895.7,66795.8,66820.0,1195.529,2026-04-04 01:59:59.999000+00:00,79899675.2803,28628,573.577,38332906.5129,0,BTCUSDT,1h
2026-04-04 02:00:00+00:00,66820.0,66891.4,66773.3,66814.1,1049.257,2026-04-04 02:59:59.999000+00:00,70105192.5471,26567,451.303,30155124.2212,0,BTCUSDT,1h
2026-04-04 03:00:00+00:00,66814.0,66875.4,66798.8,66799.1,718.718,2026-04-04 03:59:59.999000+00:00,48033225.9869,19141,369.625,24703143.4041,0,BTCUSDT,1h
2026-04-04 04:00:00+00:00,66799.1,66840.0,66745.5,66833.5,802.699,2026-04-04 04:59:59.999000+00:00,53626411.3396,20526,423.395,28286508.5322,0,BTCUSDT,1h
2026-04-04 05:00:00+00:00,66833.5,66908.4,66817.8,66871.0,1487.395,2026-04-04 05:59:59.999000+00:00,99453535.6143,35038,763.86,51076594.1013,0,BTCUSDT,1h
2026-04-04 06:00:00+00:00,66871.0,67023.7,66871.0,66981.5,1922.566,2026-04-04 06:59:59.999000+00:00,128706251.648,37886,1124.626,75292546.283,0,BTCUSDT,1h
2026-04-04 07:00:00+00:00,66981.5,67019.1,66904.0,66982.0,1794.695,2026-04-04 07:59:59.999000+00:00,120164886.1759,31874,893.8,59844516.995,0,BTCUSDT,1h
2026-04-04 08:00:00+00:00,66982.1,67025.0,66874.5,66907.8,1638.621,2026-04-04 08:59:59.999000+00:00,109725851.3959,35332,743.546,49791481.7293,0,BTCUSDT,1h
2026-04-04 09:00:00+00:00,66907.8,66958.2,66882.1,66952.1,884.97,2026-04-04 09:59:59.999000+00:00,59231870.4071,24079,451.401,30212608.1571,0,BTCUSDT,1h
2026-04-04 10:00:00+00:00,66952.1,67150.3,66880.9,67139.1,2711.761,2026-04-04 10:59:59.999000+00:00,181757148.1283,50548,1554.888,104229360.843,0,BTCUSDT,1h
2026-04-04 11:00:00+00:00,67139.1,67223.8,67050.0,67128.9,2757.579,2026-04-04 11:59:59.999000+00:00,185108436.9428,51695,1389.296,93267540.4757,0,BTCUSDT,1h
2026-04-04 12:00:00+00:00,67128.9,67152.5,67025.2,67062.0,1463.379,2026-04-04 12:59:59.999000+00:00,98166433.5505,32152,690.49,46319702.8399,0,BTCUSDT,1h
2026-04-04 13:00:00+00:00,67061.9,67245.3,67044.8,67170.0,2344.2,2026-04-04 13:59:59.999000+00:00,157449251.5671,46788,1175.431,78947078.7388,0,BTCUSDT,1h
2026-04-04 14:00:00+00:00,67170.0,67193.3,67003.7,67177.6,4367.856,2026-04-04 14:59:59.999000+00:00,292973430.4299,43002,1174.446,78802525.0678,0,BTCUSDT,1h
2026-04-04 15:00:00+00:00,67177.5,67554.5,67145.6,67357.3,8203.922,2026-04-04 15:59:59.999000+00:00,552515422.3751,124231,5274.922,355277772.0575,0,BTCUSDT,1h
2026-04-04 16:00:00+00:00,67357.4,67500.0,67292.0,67335.2,5582.375,2026-04-04 16:59:59.999000+00:00,376292975.1882,75069,2436.183,164227686.6349,0,BTCUSDT,1h
2026-04-04 17:00:00+00:00,67335.1,67386.0,67249.9,67302.3,1946.546,2026-04-04 17:59:59.999000+00:00,131021765.0816,42983,912.547,61425347.511,0,BTCUSDT,1h
2026-04-04 18:00:00+00:00,67302.3,67350.0,67226.4,67265.7,1442.733,2026-04-04 18:59:59.999000+00:00,97082886.5403,31909,794.278,53450121.1476,0,BTCUSDT,1h
2026-04-04 19:00:00+00:00,67265.6,67523.8,67245.6,67262.7,2205.233,2026-04-04 19:59:59.999000+00:00,148562371.5097,55733,1210.019,81529665.3128,0,BTCUSDT,1h
2026-04-04 20:00:00+00:00,67262.8,67269.4,67150.6,67240.2,1456.19,2026-04-04 20:59:59.999000+00:00,97873635.1219,29485,696.536,46815816.9427,0,BTCUSDT,1h
2026-04-04 21:00:00+00:00,67240.2,67452.7,67180.9,67325.0,1362.401,2026-04-04 21:59:59.999000+00:00,91721232.2031,35591,844.883,56881912.8687,0,BTCUSDT,1h
2026-04-04 22:00:00+00:00,67325.0,67438.7,67305.4,67368.9,1151.5,2026-04-04 22:59:59.999000+00:00,77571443.9127,34885,589.6,39716650.7715,0,BTCUSDT,1h
2026-04-04 23:00:00+00:00,67368.9,67371.4,67214.2,67271.0,1340.984,2026-04-04 23:59:59.999000+00:00,90231851.0671,32038,655.252,44088434.9833,0,BTCUSDT,1h
2026-04-05 00:00:00+00:00,67271.1,67279.2,67131.1,67177.0,1420.572,2026-04-05 00:59:59.999000+00:00,95478378.1839,33011,705.466,47418639.8781,0,BTCUSDT,1h
2026-04-05 01:00:00+00:00,67177.0,67200.0,67045.2,67060.6,1631.698,2026-04-05 01:59:59.999000+00:00,109490692.7939,37102,805.072,54019093.7643,0,BTCUSDT,1h
2026-04-05 02:00:00+00:00,67060.6,67154.0,66900.0,67144.3,3024.169,2026-04-05 02:59:59.999000+00:00,202710639.2807,58129,1524.998,102250449.5357,0,BTCUSDT,1h
2026-04-05 03:00:00+00:00,67144.3,67166.9,67058.0,67113.5,827.213,2026-04-05 03:59:59.999000+00:00,55521258.7184,23071,430.61,28902532.445,0,BTCUSDT,1h
2026-04-05 04:00:00+00:00,67113.4,67160.0,67034.8,67066.2,1007.637,2026-04-05 04:59:59.999000+00:00,67606204.0802,28127,471.647,31646014.7981,0,BTCUSDT,1h
2026-04-05 05:00:00+00:00,67066.3,67127.5,66822.8,66905.1,2325.371,2026-04-05 05:59:59.999000+00:00,155775479.3645,48751,1018.256,68223403.956,0,BTCUSDT,1h
2026-04-05 06:00:00+00:00,66905.2,66918.6,66575.5,66771.6,7701.988,2026-04-05 06:59:59.999000+00:00,513902807.7737,120801,3842.276,256349016.6712,0,BTCUSDT,1h
2026-04-05 07:00:00+00:00,66771.6,66887.1,66685.3,66787.4,2881.334,2026-04-05 07:59:59.999000+00:00,192441022.2049,54157,1334.531,89122588.0043,0,BTCUSDT,1h
2026-04-05 08:00:00+00:00,66787.4,66910.0,66782.1,66892.5,1538.0,2026-04-05 08:59:59.999000+00:00,102809218.6345,35138,831.603,55590923.5763,0,BTCUSDT,1h
2026-04-05 09:00:00+00:00,66892.6,67020.4,66862.3,66996.0,2024.531,2026-04-05 09:59:59.999000+00:00,135539104.8808,43425,1114.291,74601310.0783,0,BTCUSDT,1h
2026-04-05 10:00:00+00:00,66996.1,67132.8,66928.1,67012.3,2032.778,2026-04-05 10:59:59.999000+00:00,136220684.1907,42033,1077.664,72224886.8828,0,BTCUSDT,1h
2026-04-05 11:00:00+00:00,67012.4,67054.1,66934.4,66972.7,1308.905,2026-04-05 11:59:59.999000+00:00,87685885.4916,29739,598.814,40117755.299,0,BTCUSDT,1h
2026-04-05 12:00:00+00:00,66972.7,66972.7,66650.0,66751.4,5228.659,2026-04-05 12:59:59.999000+00:00,349148144.1793,94509,2500.857,166972849.2766,0,BTCUSDT,1h
2026-04-05 13:00:00+00:00,66751.5,66892.9,66666.0,66863.4,2779.283,2026-04-05 13:59:59.999000+00:00,185621166.4649,63521,1472.794,98368744.9537,0,BTCUSDT,1h
2026-04-05 14:00:00+00:00,66863.5,66940.2,66783.1,66892.5,2313.054,2026-04-05 14:59:59.999000+00:00,154689170.2145,46398,1154.077,77188939.9511,0,BTCUSDT,1h
2026-04-05 15:00:00+00:00,66892.6,67828.6,66792.6,67272.2,17243.801,2026-04-05 15:59:59.999000+00:00,1162299656.703,263016,9774.501,658909417.3526,0,BTCUSDT,1h
2026-04-05 16:00:00+00:00,67272.2,67381.0,67132.2,67178.8,3833.608,2026-04-05 16:59:59.999000+00:00,257898452.018,88956,1706.81,114834257.8405,0,BTCUSDT,1h
2026-04-05 17:00:00+00:00,67178.9,67376.3,67150.0,67342.2,2318.157,2026-04-05 17:59:59.999000+00:00,155926767.8864,62305,1308.519,88014462.5856,0,BTCUSDT,1h
2026-04-05 18:00:00+00:00,67342.2,67428.2,67246.6,67381.1,1759.782,2026-04-05 18:59:59.999000+00:00,118488180.8734,46972,791.955,53339284.1937,0,BTCUSDT,1h
2026-04-05 19:00:00+00:00,67381.2,67540.0,67250.0,67329.1,2721.463,2026-04-05 19:59:59.999000+00:00,183430657.5888,55754,1522.018,102595123.4229,0,BTCUSDT,1h
2026-04-05 20:00:00+00:00,67329.1,67681.6,67302.4,67636.7,3902.447,2026-04-05 20:59:59.999000+00:00,263639844.3214,73452,2625.813,177400964.5755,0,BTCUSDT,1h
2026-04-05 21:00:00+00:00,67636.7,67672.9,67377.2,67519.5,3003.776,2026-04-05 21:59:59.999000+00:00,202810434.3371,81408,1620.827,109445379.2307,0,BTCUSDT,1h
2026-04-05 22:00:00+00:00,67519.5,68347.9,67313.6,68313.0,14605.362,2026-04-05 22:59:59.999000+00:00,991894528.3003,294008,8606.259,584693385.2742,0,BTCUSDT,1h
2026-04-05 23:00:00+00:00,68313.0,69108.0,68232.0,68997.9,17484.581,2026-04-05 23:59:59.999000+00:00,1202203958.0185,370968,9882.06,679448047.0909,0,BTCUSDT,1h
2026-04-06 00:00:00+00:00,68997.9,69583.0,68997.9,69051.9,14169.018,2026-04-06 00:59:59.999000+00:00,981645499.1149,335582,7329.701,507916146.6842,0,BTCUSDT,1h
2026-04-06 01:00:00+00:00,69051.9,69103.1,68761.0,68782.9,6282.17,2026-04-06 01:59:59.999000+00:00,432782387.6379,165886,2813.773,193842238.5068,0,BTCUSDT,1h
2026-04-06 02:00:00+00:00,68782.9,69386.2,68740.2,69183.6,7133.971,2026-04-06 02:59:59.999000+00:00,493305473.212,212676,3922.459,271259912.2616,0,BTCUSDT,1h
2026-04-06 03:00:00+00:00,69183.6,69223.4,69026.6,69092.4,3887.373,2026-04-06 03:59:59.999000+00:00,268664155.4466,108893,1528.269,105629868.4263,0,BTCUSDT,1h
2026-04-06 04:00:00+00:00,69092.3,69188.0,68943.3,69107.6,3311.978,2026-04-06 04:59:59.999000+00:00,228751522.0062,88788,1570.684,108485589.6927,0,BTCUSDT,1h
2026-04-06 05:00:00+00:00,69107.6,69214.5,69052.0,69167.1,1991.853,2026-04-06 05:59:59.999000+00:00,137733568.5513,57426,1064.582,73614808.1693,0,BTCUSDT,1h
2026-04-06 06:00:00+00:00,69167.0,69338.2,68769.6,68958.7,6473.617,2026-04-06 06:59:59.999000+00:00,446726000.8042,151355,3326.147,229527188.7751,0,BTCUSDT,1h
2026-04-06 07:00:00+00:00,68958.8,69190.8,68800.0,69089.7,4997.301,2026-04-06 07:59:59.999000+00:00,344904974.1823,111645,2068.314,142729041.3949,0,BTCUSDT,1h
2026-04-06 08:00:00+00:00,69089.8,69328.7,69047.7,69191.7,3993.886,2026-04-06 08:59:59.999000+00:00,276343064.7021,87954,2064.324,142855072.6158,0,BTCUSDT,1h
2026-04-06 09:00:00+00:00,69191.7,70252.9,69180.0,69699.4,18431.974,2026-04-06 09:59:59.999000+00:00,1286865750.2424,337078,10674.04,745145658.2073,0,BTCUSDT,1h
2026-04-06 10:00:00+00:00,69699.4,69982.2,69666.0,69739.2,5348.035,2026-04-06 10:59:59.999000+00:00,373221536.2562,128611,2794.569,195065178.498,0,BTCUSDT,1h
2026-04-06 11:00:00+00:00,69739.2,69739.2,69524.0,69583.6,3764.749,2026-04-06 11:59:59.999000+00:00,262082618.7447,99042,1688.835,117573860.706,0,BTCUSDT,1h
2026-04-06 12:00:00+00:00,69583.5,69602.4,69283.0,69337.3,4709.786,2026-04-06 12:59:59.999000+00:00,327039407.9265,121544,2239.466,155506270.6205,0,BTCUSDT,1h
2026-04-06 13:00:00+00:00,69337.4,69521.4,69200.1,69399.8,6493.035,2026-04-06 13:59:59.999000+00:00,450268940.9548,199012,3425.133,237542285.8153,0,BTCUSDT,1h
2026-04-06 14:00:00+00:00,69399.7,69791.3,69088.0,69620.0,12807.333,2026-04-06 14:59:59.999000+00:00,889265095.7771,350328,6145.597,426890467.416,0,BTCUSDT,1h
2026-04-06 15:00:00+00:00,69620.0,69931.9,69490.0,69922.5,7526.043,2026-04-06 15:59:59.999000+00:00,524755629.8033,231695,4063.495,283386639.3307,0,BTCUSDT,1h
2026-04-06 16:00:00+00:00,69922.4,70332.5,69737.6,69759.2,10741.826,2026-04-06 16:59:59.999000+00:00,751900766.4663,252049,5408.562,378681992.4502,0,BTCUSDT,1h
2026-04-06 17:00:00+00:00,69759.2,69778.4,69240.0,69540.6,9573.939,2026-04-06 17:59:59.999000+00:00,665158175.4049,246307,4280.611,297356764.3261,0,BTCUSDT,1h
2026-04-06 18:00:00+00:00,69540.6,69955.3,69436.4,69852.9,5050.802,2026-04-06 18:59:59.999000+00:00,352241319.4122,156120,2904.463,202571809.3091,0,BTCUSDT,1h
2026-04-06 19:00:00+00:00,69852.8,69862.2,69543.8,69704.8,3330.826,2026-04-06 19:59:59.999000+00:00,232180234.6803,104033,1639.712,114291097.0847,0,BTCUSDT,1h
2026-04-06 20:00:00+00:00,69704.8,69940.0,69578.0,69779.4,2833.907,2026-04-06 20:59:59.999000+00:00,197775507.3866,79109,1541.219,107548553.2605,0,BTCUSDT,1h
2026-04-06 21:00:00+00:00,69779.5,69784.3,69400.0,69476.5,2367.163,2026-04-06 21:59:59.999000+00:00,164669899.781,71145,1105.531,76886731.1689,0,BTCUSDT,1h
2026-04-06 22:00:00+00:00,69476.5,69554.2,68777.0,68777.1,7405.076,2026-04-06 22:59:59.999000+00:00,511769117.2852,153374,2953.579,204210121.5953,0,BTCUSDT,1h
2026-04-06 23:00:00+00:00,68777.0,68880.1,68227.5,68817.9,14131.575,2026-04-06 23:59:59.999000+00:00,969252522.7815,264226,6451.302,442547855.0841,0,BTCUSDT,1h
2026-04-07 00:00:00+00:00,68817.9,69111.8,68682.7,68738.7,7076.461,2026-04-07 00:59:59.999000+00:00,487310106.7479,184406,4009.638,276140752.1402,0,BTCUSDT,1h
2026-04-07 01:00:00+00:00,68738.6,68878.3,68291.0,68363.9,7228.844,2026-04-07 01:59:59.999000+00:00,495849489.4448,191784,3060.93,209957054.8812,0,BTCUSDT,1h
2026-04-07 02:00:00+00:00,68363.9,68684.6,68241.9,68640.3,5150.666,2026-04-07 02:59:59.999000+00:00,352821153.1768,131669,2620.678,179503436.0528,0,BTCUSDT,1h
2026-04-07 03:00:00+00:00,68640.3,68780.0,68586.5,68746.3,2875.385,2026-04-07 03:59:59.999000+00:00,197548292.7853,76893,1526.951,104904620.1766,0,BTCUSDT,1h
2026-04-07 04:00:00+00:00,68746.4,68955.6,68510.5,68819.3,4248.648,2026-04-07 04:59:59.999000+00:00,292029912.8972,97601,2225.344,152987910.4437,0,BTCUSDT,1h
2026-04-07 05:00:00+00:00,68819.2,68831.0,68577.6,68627.5,2555.837,2026-04-07 05:59:59.999000+00:00,175564277.4357,72078,1092.975,75080579.8515,0,BTCUSDT,1h
2026-04-07 06:00:00+00:00,68627.4,68635.9,68400.6,68540.0,3505.289,2026-04-07 06:59:59.999000+00:00,240165365.565,94310,1845.534,126451893.2084,0,BTCUSDT,1h
2026-04-07 07:00:00+00:00,68539.9,68677.8,68470.0,68592.1,2041.225,2026-04-07 07:59:59.999000+00:00,139983447.2624,64700,1143.064,78389374.672,0,BTCUSDT,1h
2026-04-07 08:00:00+00:00,68592.0,68963.4,68570.7,68907.1,4642.324,2026-04-07 08:59:59.999000+00:00,319426852.0334,128313,2506.079,172414219.7365,0,BTCUSDT,1h
2026-04-07 09:00:00+00:00,68907.1,69219.0,68900.0,69109.8,6058.021,2026-04-07 09:59:59.999000+00:00,418539427.8047,138499,3233.709,223412366.0837,0,BTCUSDT,1h
2026-04-07 10:00:00+00:00,69109.9,69170.0,68151.8,68196.0,13660.183,2026-04-07 10:59:59.999000+00:00,936408406.7278,286148,6146.877,421335611.7249,0,BTCUSDT,1h
2026-04-07 11:00:00+00:00,68196.1,68430.1,68033.0,68310.8,7993.096,2026-04-07 11:59:59.999000+00:00,545460523.6027,179914,4486.954,306208003.2368,0,BTCUSDT,1h
2026-04-07 12:00:00+00:00,68310.7,68579.3,68039.8,68367.0,7657.761,2026-04-07 12:59:59.999000+00:00,522969015.4768,197528,3878.996,264952955.5268,0,BTCUSDT,1h
2026-04-07 13:00:00+00:00,68366.9,68613.8,68168.0,68208.1,8543.123,2026-04-07 13:59:59.999000+00:00,584680469.5464,226716,3944.131,269898422.2141,0,BTCUSDT,1h
2026-04-07 14:00:00+00:00,68208.1,68232.1,67741.0,67831.0,14376.041,2026-04-07 14:59:59.999000+00:00,977083518.5024,368881,6654.953,452360392.6719,0,BTCUSDT,1h
2026-04-07 15:00:00+00:00,67831.1,68250.0,67711.0,68138.4,7962.196,2026-04-07 15:59:59.999000+00:00,541290865.0221,245082,4285.207,291340795.7544,0,BTCUSDT,1h
2026-04-07 16:00:00+00:00,68138.5,68431.8,68049.9,68207.2,6229.966,2026-04-07 16:59:59.999000+00:00,425148024.6922,184980,3328.263,227144482.3897,0,BTCUSDT,1h
2026-04-07 17:00:00+00:00,68207.2,68996.0,68164.5,68670.0,7980.601,2026-04-07 17:59:59.999000+00:00,547559149.8126,198413,4301.069,295149250.8181,0,BTCUSDT,1h
2026-04-07 18:00:00+00:00,68670.1,68746.7,68318.1,68413.7,4727.513,2026-04-07 18:59:59.999000+00:00,323964876.847,129716,1933.614,132513156.7042,0,BTCUSDT,1h
2026-04-07 19:00:00+00:00,68413.7,69068.6,68315.3,68975.9,9428.713,2026-04-07 19:59:59.999000+00:00,648139273.5892,269100,5356.541,368310176.591,0,BTCUSDT,1h
2026-04-07 20:00:00+00:00,68975.9,69500.0,68975.9,69285.2,9691.622,2026-04-07 20:59:59.999000+00:00,671647575.5256,223794,5397.482,374015957.8602,0,BTCUSDT,1h
2026-04-07 21:00:00+00:00,69285.3,70200.0,69273.3,69886.7,18637.709,2026-04-07 21:59:59.999000+00:00,1301337793.7592,321559,11026.001,769788135.6535,0,BTCUSDT,1h
2026-04-07 22:00:00+00:00,69886.7,71499.9,69886.6,71479.9,31964.577,2026-04-07 22:59:59.999000+00:00,2260505816.1151,654941,18561.104,1312490326.7318,0,BTCUSDT,1h
2026-04-07 23:00:00+00:00,71479.9,72743.4,71155.0,71890.2,38592.446,2026-04-07 23:59:59.999000+00:00,2776845908.5016,706523,21049.393,1514906964.8983,0,BTCUSDT,1h
2026-04-08 00:00:00+00:00,71890.2,72086.4,71505.2,71681.9,12154.36,2026-04-08 00:59:59.999000+00:00,873093491.8931,250020,6241.023,448374859.8873,0,BTCUSDT,1h
2026-04-08 01:00:00+00:00,71681.9,71732.6,71416.9,71446.5,5646.636,2026-04-08 01:59:59.999000+00:00,403931801.4246,139947,2943.234,210545828.5972,0,BTCUSDT,1h
2026-04-08 02:00:00+00:00,71446.5,71698.0,71186.0,71330.0,6209.708,2026-04-08 02:59:59.999000+00:00,443356043.546,154453,2827.072,201893737.5834,0,BTCUSDT,1h
2026-04-08 03:00:00+00:00,71329.9,71449.9,71231.3,71259.6,2746.993,2026-04-08 03:59:59.999000+00:00,195943079.4358,78179,1323.878,94445764.787,0,BTCUSDT,1h
2026-04-08 04:00:00+00:00,71259.7,71649.8,71250.0,71528.6,5039.55,2026-04-08 04:59:59.999000+00:00,360319628.1741,111660,2629.598,188014645.4093,0,BTCUSDT,1h
2026-04-08 05:00:00+00:00,71528.6,71797.0,71516.3,71701.6,3933.249,2026-04-08 05:59:59.999000+00:00,281891312.6979,90151,2217.081,158904709.9922,0,BTCUSDT,1h
2026-04-08 06:00:00+00:00,71701.5,71919.0,71539.2,71697.5,4019.369,2026-04-08 06:59:59.999000+00:00,288433819.5664,98693,1960.958,140738334.2687,0,BTCUSDT,1h
2026-04-08 07:00:00+00:00,71697.4,71873.7,71551.8,71612.0,4017.693,2026-04-08 07:59:59.999000+00:00,287910240.0162,92150,1880.841,134787082.1613,0,BTCUSDT,1h
2026-04-08 08:00:00+00:00,71612.1,71808.5,71612.0,71776.0,3116.268,2026-04-08 08:59:59.999000+00:00,223471763.7807,90625,1632.403,117062485.8525,0,BTCUSDT,1h
2026-04-08 09:00:00+00:00,71776.0,71945.0,71555.3,71655.4,3363.095,2026-04-08 09:59:59.999000+00:00,241298822.3798,94802,1555.063,111571013.6334,0,BTCUSDT,1h
2026-04-08 10:00:00+00:00,71655.4,71782.1,71415.3,71445.7,3263.796,2026-04-08 10:59:59.999000+00:00,233556778.6702,82177,1483.05,106140330.5502,0,BTCUSDT,1h
2026-04-08 11:00:00+00:00,71445.7,71687.6,71367.0,71650.2,4717.931,2026-04-08 11:59:59.999000+00:00,337616932.9389,105123,2664.248,190674738.7773,0,BTCUSDT,1h
2026-04-08 12:00:00+00:00,71650.2,72169.5,71542.6,72023.6,10583.578,2026-04-08 12:59:59.999000+00:00,760176268.9487,191051,6675.315,479437060.393,0,BTCUSDT,1h
2026-04-08 13:00:00+00:00,72023.6,72858.5,71460.1,71563.2,37732.505,2026-04-08 13:59:59.999000+00:00,2725349130.5917,635641,19593.232,1415852471.9093,0,BTCUSDT,1h
2026-04-08 14:00:00+00:00,71563.2,71723.8,70671.6,70888.0,20733.852,2026-04-08 14:59:59.999000+00:00,1475028279.9606,440413,9332.848,664074284.5952,0,BTCUSDT,1h
2026-04-08 15:00:00+00:00,70888.0,71327.2,70796.4,71274.8,10170.443,2026-04-08 15:59:59.999000+00:00,723187186.0511,239778,5354.277,380715311.6789,0,BTCUSDT,1h
2026-04-08 16:00:00+00:00,71274.9,71655.0,71218.9,71560.9,7730.29,2026-04-08 16:59:59.999000+00:00,551928884.5917,187614,3883.221,277313547.4845,0,BTCUSDT,1h
2026-04-08 17:00:00+00:00,71561.0,71934.5,71447.4,71847.5,8262.334,2026-04-08 17:59:59.999000+00:00,592568066.0278,212612,4086.108,293037817.384,0,BTCUSDT,1h
2026-04-08 18:00:00+00:00,71847.5,71847.7,71035.8,71064.9,10227.962,2026-04-08 18:59:59.999000+00:00,730494643.6434,243022,4742.489,338707117.6681,0,BTCUSDT,1h
2026-04-08 19:00:00+00:00,71064.9,71333.0,70980.0,71283.0,5944.079,2026-04-08 19:59:59.999000+00:00,423139068.6221,155838,3253.735,231644049.4753,0,BTCUSDT,1h
2026-04-08 20:00:00+00:00,71283.0,71444.8,71226.0,71336.9,2304.428,2026-04-08 20:59:59.999000+00:00,164404936.5206,70829,1196.941,85399779.3841,0,BTCUSDT,1h
2026-04-08 21:00:00+00:00,71337.0,71726.7,71293.2,71509.5,3112.217,2026-04-08 21:59:59.999000+00:00,222702418.491,78875,1877.675,134368165.6392,0,BTCUSDT,1h
2026-04-08 22:00:00+00:00,71509.6,71536.2,71024.2,71024.3,3942.192,2026-04-08 22:59:59.999000+00:00,280849009.4508,108476,1761.508,125495504.3313,0,BTCUSDT,1h
2026-04-08 23:00:00+00:00,71024.2,71198.4,70850.9,71038.1,4405.964,2026-04-08 23:59:59.999000+00:00,312832118.1059,131626,2315.529,164424360.4897,0,BTCUSDT,1h
2026-04-09 00:00:00+00:00,71038.2,71107.0,70622.9,70779.0,5843.19,2026-04-09 00:59:59.999000+00:00,413799412.3102,165402,2409.095,170623073.7017,0,BTCUSDT,1h
2026-04-09 01:00:00+00:00,70779.0,70940.8,70428.0,70900.0,7732.073,2026-04-09 01:59:59.999000+00:00,546332765.9423,200074,3667.543,259217956.4877,0,BTCUSDT,1h
2026-04-09 02:00:00+00:00,70899.9,71168.0,70777.0,71029.7,4609.518,2026-04-09 02:59:59.999000+00:00,327251445.4548,118158,2476.541,175827585.5997,0,BTCUSDT,1h
2026-04-09 03:00:00+00:00,71029.6,71091.9,70818.0,70961.2,3009.072,2026-04-09 03:59:59.999000+00:00,213450301.6701,84404,1470.524,104318649.0694,0,BTCUSDT,1h
2026-04-09 04:00:00+00:00,70961.2,70980.5,70700.0,70760.1,3066.357,2026-04-09 04:59:59.999000+00:00,217136951.277,67194,1174.179,83159725.8362,0,BTCUSDT,1h
2026-04-09 05:00:00+00:00,70760.1,71063.0,70666.0,70959.7,3706.321,2026-04-09 05:59:59.999000+00:00,262814660.9049,86530,2095.24,148572354.9685,0,BTCUSDT,1h
2026-04-09 06:00:00+00:00,70959.6,71058.6,70780.1,70998.8,2557.88,2026-04-09 06:59:59.999000+00:00,181437837.2043,75080,1297.358,92025427.0271,0,BTCUSDT,1h
2026-04-09 07:00:00+00:00,70998.8,71087.8,70913.5,70945.0,2671.884,2026-04-09 07:59:59.999000+00:00,189671904.1014,69701,1395.111,99041007.5915,0,BTCUSDT,1h
2026-04-09 08:00:00+00:00,70945.0,71342.0,70831.9,71207.6,4857.915,2026-04-09 08:59:59.999000+00:00,345562419.2201,104333,2709.032,192718557.8246,0,BTCUSDT,1h
2026-04-09 09:00:00+00:00,71207.5,71533.0,71060.9,71488.7,5655.474,2026-04-09 09:59:59.999000+00:00,403338610.3818,147357,3060.665,218315806.6548,0,BTCUSDT,1h
2026-04-09 10:00:00+00:00,71488.7,71498.9,71234.7,71234.7,3102.242,2026-04-09 10:59:59.999000+00:00,221407930.0427,86464,1426.115,101784717.8861,0,BTCUSDT,1h
2026-04-09 11:00:00+00:00,71234.7,71317.0,71007.8,71109.9,3694.561,2026-04-09 11:59:59.999000+00:00,262853766.7753,92491,1664.702,118427322.8306,0,BTCUSDT,1h
2026-04-09 12:00:00+00:00,71109.9,71299.6,70978.8,71245.0,3685.525,2026-04-09 12:59:59.999000+00:00,262260903.8308,108800,1846.798,131425250.7011,0,BTCUSDT,1h
2026-04-09 13:00:00+00:00,71244.9,71320.0,70590.0,70765.2,9043.698,2026-04-09 13:59:59.999000+00:00,640993461.8896,227502,4002.654,283740920.8123,0,BTCUSDT,1h
2026-04-09 14:00:00+00:00,70765.2,71224.5,70470.2,71083.5,10350.748,2026-04-09 14:59:59.999000+00:00,733011049.1453,267155,5518.024,390851271.0344,0,BTCUSDT,1h
2026-04-09 15:00:00+00:00,71083.4,72320.0,70887.8,72108.0,26071.831,2026-04-09 15:59:59.999000+00:00,1871380919.9095,541621,14306.803,1027131231.4229,0,BTCUSDT,1h
2026-04-09 16:00:00+00:00,72108.0,72377.4,71688.8,72048.0,13698.746,2026-04-09 16:59:59.999000+00:00,987034465.3618,330079,6244.983,450052176.6469,0,BTCUSDT,1h
2026-04-09 17:00:00+00:00,72048.1,72517.9,72028.2,72306.9,12725.975,2026-04-09 17:59:59.999000+00:00,920500502.815,317108,6644.422,480639467.6977,0,BTCUSDT,1h
2026-04-09 18:00:00+00:00,72307.0,72339.0,71705.0,71849.3,6911.03,2026-04-09 18:59:59.999000+00:00,496924041.6279,207418,3460.499,248769191.7896,0,BTCUSDT,1h
2026-04-09 19:00:00+00:00,71849.3,72267.3,71701.3,72055.9,8541.443,2026-04-09 19:59:59.999000+00:00,615071848.2499,190096,4542.484,327138326.7691,0,BTCUSDT,1h
2026-04-09 20:00:00+00:00,72055.8,72419.8,71945.0,72377.6,4197.604,2026-04-09 20:59:59.999000+00:00,303216133.7921,113125,2262.526,163438680.2154,0,BTCUSDT,1h
2026-04-09 21:00:00+00:00,72377.6,72666.6,72102.5,72230.1,5983.887,2026-04-09 21:59:59.999000+00:00,432997751.1957,151454,3104.099,224672190.8253,0,BTCUSDT,1h
2026-04-09 22:00:00+00:00,72230.2,73128.0,71911.1,71911.2,15253.827,2026-04-09 22:59:59.999000+00:00,1107508287.1052,286722,8739.925,634924386.4247,0,BTCUSDT,1h
2026-04-09 23:00:00+00:00,71911.1,71999.0,71539.9,71750.4,8835.656,2026-04-09 23:59:59.999000+00:00,634057764.3526,202511,4901.429,351738543.953,0,BTCUSDT,1h
2026-04-10 00:00:00+00:00,71750.4,71995.8,71546.0,71932.3,6397.971,2026-04-10 00:59:59.999000+00:00,459261457.6814,183690,3420.198,245530348.2611,0,BTCUSDT,1h
2026-04-10 01:00:00+00:00,71932.3,72350.0,71620.6,72124.0,8235.607,2026-04-10 01:59:59.999000+00:00,593549340.9539,205022,4708.799,339394899.7019,0,BTCUSDT,1h
2026-04-10 02:00:00+00:00,72124.0,72255.0,71882.3,71926.3,4051.442,2026-04-10 02:59:59.999000+00:00,292019173.2865,105953,1974.906,142360315.8415,0,BTCUSDT,1h
2026-04-10 03:00:00+00:00,71926.2,71993.0,71770.5,71837.3,3030.935,2026-04-10 03:59:59.999000+00:00,217855128.945,80640,1378.216,99058812.1339,0,BTCUSDT,1h
2026-04-10 04:00:00+00:00,71837.3,72199.9,71781.9,72088.8,3096.039,2026-04-10 04:59:59.999000+00:00,222788615.2617,87153,1645.565,118425421.4553,0,BTCUSDT,1h
2026-04-10 05:00:00+00:00,72088.8,72243.6,71973.8,72098.6,2811.713,2026-04-10 05:59:59.999000+00:00,202807008.364,81770,1428.646,103048833.5552,0,BTCUSDT,1h
2026-04-10 06:00:00+00:00,72098.4,72154.8,71759.0,71778.1,3516.103,2026-04-10 06:59:59.999000+00:00,252905236.9044,93394,1584.937,114004025.6526,0,BTCUSDT,1h
2026-04-10 07:00:00+00:00,71778.1,71821.1,71382.1,71461.2,7061.726,2026-04-10 07:59:59.999000+00:00,505699287.8164,136420,2733.006,195701971.2113,0,BTCUSDT,1h
2026-04-10 08:00:00+00:00,71461.2,71730.0,71395.0,71571.6,5531.598,2026-04-10 08:59:59.999000+00:00,395914627.7822,116774,2793.799,199941953.9413,0,BTCUSDT,1h
2026-04-10 09:00:00+00:00,71571.6,71840.8,71555.8,71746.2,3388.617,2026-04-10 09:59:59.999000+00:00,243070717.7393,96474,1853.736,132975972.7102,0,BTCUSDT,1h
2026-04-10 10:00:00+00:00,71746.1,71910.0,71658.8,71872.4,3363.748,2026-04-10 10:59:59.999000+00:00,241469909.8914,85840,1841.195,132194672.0194,0,BTCUSDT,1h
2026-04-10 11:00:00+00:00,71872.5,72229.0,71861.5,72092.7,6834.269,2026-04-10 11:59:59.999000+00:00,492817446.4524,135641,3396.218,244876194.4861,0,BTCUSDT,1h
2026-04-10 12:00:00+00:00,72092.8,72467.3,71960.5,72225.5,12107.361,2026-04-10 12:59:59.999000+00:00,874278857.4531,221361,6219.322,449160149.9885,0,BTCUSDT,1h
2026-04-10 13:00:00+00:00,72225.4,72381.0,71868.5,72284.0,7453.352,2026-04-10 13:59:59.999000+00:00,537609532.6949,204958,3672.416,264929777.8122,0,BTCUSDT,1h
2026-04-10 14:00:00+00:00,72283.9,73123.9,72209.8,72870.6,24555.643,2026-04-10 14:59:59.999000+00:00,1787297857.1595,444416,12967.87,943792331.833,0,BTCUSDT,1h
2026-04-10 15:00:00+00:00,72870.6,73255.7,72309.5,72421.0,13827.109,2026-04-10 15:59:59.999000+00:00,1006635247.7241,294521,6805.569,495687134.7062,0,BTCUSDT,1h
2026-04-10 16:00:00+00:00,72421.1,73024.1,72350.0,72954.0,8170.92,2026-04-10 16:59:59.999000+00:00,593871206.1403,199011,4373.859,317935012.3192,0,BTCUSDT,1h
2026-04-10 17:00:00+00:00,72954.0,73125.1,72750.0,73079.9,4994.395,2026-04-10 17:59:59.999000+00:00,364217304.1048,125435,2867.179,209122320.5097,0,BTCUSDT,1h
2026-04-10 18:00:00+00:00,73079.9,73127.6,72830.7,73056.7,4415.006,2026-04-10 18:59:59.999000+00:00,322132843.0374,106731,2002.713,146128567.7119,0,BTCUSDT,1h
2026-04-10 19:00:00+00:00,73056.7,73223.4,72850.5,73187.3,5777.684,2026-04-10 19:59:59.999000+00:00,422037046.5012,121695,3107.819,227041945.2529,0,BTCUSDT,1h
2026-04-10 20:00:00+00:00,73187.4,73450.0,72995.8,73310.5,8258.764,2026-04-10 20:59:59.999000+00:00,604723270.175,172905,4720.504,345689107.2116,0,BTCUSDT,1h
2026-04-10 21:00:00+00:00,73310.5,73311.5,72883.7,73156.2,2777.08,2026-04-10 21:59:59.999000+00:00,202940716.27,81941,1323.354,96689829.0993,0,BTCUSDT,1h
2026-04-10 22:00:00+00:00,73156.2,73213.4,72669.1,72834.2,4476.923,2026-04-10 22:59:59.999000+00:00,326438803.1117,91949,1891.894,137975994.2371,0,BTCUSDT,1h
2026-04-10 23:00:00+00:00,72834.2,72925.0,72744.1,72917.4,2435.661,2026-04-10 23:59:59.999000+00:00,177428218.6925,57212,1470.491,107117977.7387,0,BTCUSDT,1h
2026-04-11 00:00:00+00:00,72917.4,72917.4,72730.8,72792.5,1856.28,2026-04-11 00:59:59.999000+00:00,135180150.5362,52491,902.099,65691081.9748,0,BTCUSDT,1h
2026-04-11 01:00:00+00:00,72792.5,72972.5,72615.0,72920.1,3067.207,2026-04-11 01:59:59.999000+00:00,223193183.6169,72158,1445.727,105239074.7007,0,BTCUSDT,1h
2026-04-11 02:00:00+00:00,72920.1,73066.2,72872.6,72928.3,3039.481,2026-04-11 02:59:59.999000+00:00,221766903.3518,60947,1734.353,126548782.2345,0,BTCUSDT,1h
2026-04-11 03:00:00+00:00,72928.2,73048.5,72769.4,72835.1,2161.031,2026-04-11 03:59:59.999000+00:00,157593410.1339,52780,1035.783,75540898.9057,0,BTCUSDT,1h
2026-04-11 04:00:00+00:00,72835.1,72921.5,72633.5,72771.2,4560.284,2026-04-11 04:59:59.999000+00:00,331761062.652,70189,2332.141,169636481.0726,0,BTCUSDT,1h
2026-04-11 05:00:00+00:00,72771.3,72800.0,72631.0,72680.0,2073.16,2026-04-11 05:59:59.999000+00:00,150754560.8244,47465,1037.357,75435173.7176,0,BTCUSDT,1h
2026-04-11 06:00:00+00:00,72680.0,72738.0,72566.4,72727.5,2678.317,2026-04-11 06:59:59.999000+00:00,194592398.7481,54511,1512.886,109926849.6258,0,BTCUSDT,1h
2026-04-11 07:00:00+00:00,72727.5,72790.9,72630.0,72707.7,2594.582,2026-04-11 07:59:59.999000+00:00,188658259.2852,39608,1521.568,110635225.7951,0,BTCUSDT,1h
2026-04-11 08:00:00+00:00,72707.8,72767.5,72595.0,72625.4,1952.428,2026-04-11 08:59:59.999000+00:00,141900095.0458,38098,1012.933,73621338.3023,0,BTCUSDT,1h
2026-04-11 09:00:00+00:00,72625.4,72883.0,72580.0,72874.0,3161.384,2026-04-11 09:59:59.999000+00:00,230030445.9681,72491,1824.687,132781890.54,0,BTCUSDT,1h
2026-04-11 10:00:00+00:00,72874.1,72886.0,72723.2,72801.2,1747.576,2026-04-11 10:59:59.999000+00:00,127220614.8297,41528,787.582,57339684.1074,0,BTCUSDT,1h
2026-04-11 11:00:00+00:00,72801.3,72874.1,72781.4,72868.2,1252.593,2026-04-11 11:59:59.999000+00:00,91212362.2766,32755,639.54,46571843.2507,0,BTCUSDT,1h
2026-04-11 12:00:00+00:00,72868.2,72945.0,72760.3,72895.6,2157.533,2026-04-11 12:59:59.999000+00:00,157232362.6902,44242,1247.063,90888003.1776,0,BTCUSDT,1h
2026-04-11 13:00:00+00:00,72895.6,72895.6,72451.9,72612.2,6262.79,2026-04-11 13:59:59.999000+00:00,454810951.5856,117732,2379.735,172809429.7823,0,BTCUSDT,1h
2026-04-11 14:00:00+00:00,72612.3,72728.5,72560.4,72660.9,1953.307,2026-04-11 14:59:59.999000+00:00,141904966.6082,51369,1057.186,76808106.2103,0,BTCUSDT,1h
2026-04-11 15:00:00+00:00,72660.8,72869.9,72638.8,72817.3,2043.715,2026-04-11 15:59:59.999000+00:00,148697046.012,59602,1094.159,79610196.086,0,BTCUSDT,1h
2026-04-11 16:00:00+00:00,72817.3,73180.0,72775.3,72991.3,5048.943,2026-04-11 16:59:59.999000+00:00,368592659.0957,110984,2890.105,211011125.3471,0,BTCUSDT,1h
2026-04-11 17:00:00+00:00,72991.3,73140.8,72900.1,73056.2,2137.239,2026-04-11 17:59:59.999000+00:00,156084344.467,64748,1042.771,76154897.4832,0,BTCUSDT,1h
2026-04-11 18:00:00+00:00,73056.2,73700.0,72990.2,73515.9,10134.865,2026-04-11 18:59:59.999000+00:00,744221491.6477,185731,6216.993,456524320.6806,0,BTCUSDT,1h
2026-04-11 19:00:00+00:00,73515.9,73773.4,73400.4,73635.9,6313.742,2026-04-11 19:59:59.999000+00:00,464705032.0478,144231,3383.457,249086927.0215,0,BTCUSDT,1h
2026-04-11 20:00:00+00:00,73635.9,73648.8,73183.5,73252.9,3776.169,2026-04-11 20:59:59.999000+00:00,277057708.2271,93558,1709.744,125441755.8762,0,BTCUSDT,1h
2026-04-11 21:00:00+00:00,73252.8,73500.0,73155.0,73384.7,2632.347,2026-04-11 21:59:59.999000+00:00,193081301.486,69226,1444.679,105976790.5171,0,BTCUSDT,1h
2026-04-11 22:00:00+00:00,73384.7,73529.0,73183.4,73333.3,3102.654,2026-04-11 22:59:59.999000+00:00,227525996.0376,79745,1548.103,113534475.6259,0,BTCUSDT,1h
2026-04-11 23:00:00+00:00,73333.3,73333.4,72861.2,73013.4,4462.043,2026-04-11 23:59:59.999000+00:00,325909911.3707,101137,2039.608,148961426.0267,0,BTCUSDT,1h
2026-04-12 00:00:00+00:00,73013.4,73077.6,72817.4,73038.8,2584.79,2026-04-12 00:59:59.999000+00:00,188615762.9745,77429,1319.988,96330792.9532,0,BTCUSDT,1h
2026-04-12 01:00:00+00:00,73038.7,73094.4,71259.0,71598.7,25394.345,2026-04-12 01:59:59.999000+00:00,1826588917.854,431123,11718.988,842585028.6262,0,BTCUSDT,1h
2026-04-12 02:00:00+00:00,71598.7,72000.0,71302.0,71723.7,10553.114,2026-04-12 02:59:59.999000+00:00,756787004.1124,237172,6027.063,432312495.7892,0,BTCUSDT,1h
2026-04-12 03:00:00+00:00,71723.7,71831.8,71556.3,71563.6,4636.933,2026-04-12 03:59:59.999000+00:00,332294306.1884,109608,2315.804,165972518.1732,0,BTCUSDT,1h
2026-04-12 04:00:00+00:00,71563.6,71656.3,71407.7,71428.7,3979.59,2026-04-12 04:59:59.999000+00:00,284581196.4446,90598,1696.259,121318427.5897,0,BTCUSDT,1h
2026-04-12 05:00:00+00:00,71428.7,71750.0,71369.7,71665.1,4332.298,2026-04-12 05:59:59.999000+00:00,310124110.0861,86364,2294.311,164224851.8279,0,BTCUSDT,1h
2026-04-12 06:00:00+00:00,71665.0,71728.0,71602.0,71618.9,2011.767,2026-04-12 06:59:59.999000+00:00,144157044.0962,46147,1081.607,77512299.6571,0,BTCUSDT,1h
2026-04-12 07:00:00+00:00,71618.8,71716.2,71541.4,71628.1,1699.934,2026-04-12 07:59:59.999000+00:00,121767678.7698,43986,894.503,64076853.0535,0,BTCUSDT,1h
2026-04-12 08:00:00+00:00,71628.2,71750.0,71555.0,71592.3,1973.322,2026-04-12 08:59:59.999000+00:00,141360666.1584,45730,863.349,61851869.3024,0,BTCUSDT,1h
2026-04-12 09:00:00+00:00,71592.4,71600.0,71461.7,71502.4,1676.216,2026-04-12 09:59:59.999000+00:00,119911804.549,39104,687.78,49203641.5804,0,BTCUSDT,1h
2026-04-12 10:00:00+00:00,71502.3,71655.2,71309.7,71416.1,2947.051,2026-04-12 10:59:59.999000+00:00,210632511.7783,66605,1401.214,100156401.7873,0,BTCUSDT,1h
2026-04-12 11:00:00+00:00,71416.1,71510.0,71384.3,71435.0,2223.504,2026-04-12 11:59:59.999000+00:00,158835054.081,50558,1066.958,76223369.9153,0,BTCUSDT,1h
2026-04-12 12:00:00+00:00,71435.0,71478.0,71000.0,71050.1,8813.353,2026-04-12 12:59:59.999000+00:00,627556653.3357,129287,3233.82,230362758.2184,0,BTCUSDT,1h
2026-04-12 13:00:00+00:00,71050.0,71117.2,70818.7,70861.5,11631.888,2026-04-12 13:59:59.999000+00:00,825529107.2897,176125,4952.988,351587379.9675,0,BTCUSDT,1h
2026-04-12 14:00:00+00:00,70861.4,71063.8,70655.6,70714.3,7906.214,2026-04-12 14:59:59.999000+00:00,560019045.0686,144528,3479.897,246566281.1185,0,BTCUSDT,1h
2026-04-12 15:00:00+00:00,70714.3,70898.0,70566.5,70856.2,6590.007,2026-04-12 15:59:59.999000+00:00,466238465.1274,117580,3686.934,260894638.9985,0,BTCUSDT,1h
2026-04-12 16:00:00+00:00,70856.1,70926.7,70777.0,70890.9,2601.419,2026-04-12 16:59:59.999000+00:00,184331037.2489,63505,1352.074,95806820.2886,0,BTCUSDT,1h
2026-04-12 17:00:00+00:00,70890.8,71188.0,70853.1,71099.9,4177.012,2026-04-12 17:59:59.999000+00:00,296577507.9117,91096,2575.885,182894748.5826,0,BTCUSDT,1h
2026-04-12 18:00:00+00:00,71100.0,71177.3,71010.0,71092.6,2607.767,2026-04-12 18:59:59.999000+00:00,185374341.046,59570,1392.518,98994363.943,0,BTCUSDT,1h
2026-04-12 19:00:00+00:00,71092.5,71199.0,71034.6,71055.2,2131.614,2026-04-12 19:59:59.999000+00:00,151550952.2562,38105,896.708,63759939.6538,0,BTCUSDT,1h
2026-04-12 20:00:00+00:00,71055.2,71417.9,70920.4,71302.9,5128.901,2026-04-12 20:59:59.999000+00:00,365061502.1715,89472,2909.076,207159155.9188,0,BTCUSDT,1h
2026-04-12 21:00:00+00:00,71302.8,71423.9,71110.3,71331.7,2565.008,2026-04-12 21:59:59.999000+00:00,182788993.0464,60950,1387.378,98873054.2754,0,BTCUSDT,1h
2026-04-12 22:00:00+00:00,71331.4,71332.4,70458.2,70875.6,13082.45,2026-04-12 22:59:59.999000+00:00,926133749.3204,286434,5851.851,414255891.5087,0,BTCUSDT,1h
2026-04-12 23:00:00+00:00,70875.5,70882.4,70533.0,70711.1,3574.492,2026-04-12 23:59:59.999000+00:00,252579642.338,119293,1863.373,131663311.5405,0,BTCUSDT,1h
2026-04-13 00:00:00+00:00,70711.2,71225.0,70574.0,71130.0,5326.491,2026-04-13 00:59:59.999000+00:00,377786613.7156,148728,3033.06,215142929.456,0,BTCUSDT,1h
2026-04-13 01:00:00+00:00,71129.9,71193.6,70990.7,71156.1,3835.131,2026-04-13 01:59:59.999000+00:00,272645705.4928,96152,1765.143,125490652.3752,0,BTCUSDT,1h
2026-04-13 02:00:00+00:00,71156.0,71245.0,70941.4,71047.0,3419.461,2026-04-13 02:59:59.999000+00:00,243069881.0462,87056,1571.398,111720501.0407,0,BTCUSDT,1h
2026-04-13 03:00:00+00:00,71047.0,71128.8,70874.4,70944.8,2551.518,2026-04-13 03:59:59.999000+00:00,181161392.9548,74356,1173.73,83342721.1489,0,BTCUSDT,1h
2026-04-13 04:00:00+00:00,70944.8,71114.9,70812.7,70854.3,2218.709,2026-04-13 04:59:59.999000+00:00,157427688.7312,68284,1135.67,80585142.0945,0,BTCUSDT,1h
2026-04-13 05:00:00+00:00,70854.4,70892.4,70627.9,70847.8,2818.291,2026-04-13 05:59:59.999000+00:00,199474284.6904,81316,1356.291,96007721.5653,0,BTCUSDT,1h
2026-04-13 06:00:00+00:00,70847.7,71068.0,70843.7,70989.6,2518.392,2026-04-13 06:59:59.999000+00:00,178753329.8832,69951,1368.725,97145091.3917,0,BTCUSDT,1h
2026-04-13 07:00:00+00:00,70989.7,71045.1,70640.3,70780.0,3837.005,2026-04-13 07:59:59.999000+00:00,271511871.2413,85374,1929.324,136511182.815,0,BTCUSDT,1h
2026-04-13 08:00:00+00:00,70780.1,70833.0,70517.3,70644.8,3558.489,2026-04-13 08:59:59.999000+00:00,251405490.7484,99048,1497.687,105825301.8142,0,BTCUSDT,1h
2026-04-13 09:00:00+00:00,70644.9,70875.3,70634.9,70758.4,2639.981,2026-04-13 09:59:59.999000+00:00,186762827.1635,69039,1342.924,95013847.9934,0,BTCUSDT,1h
2026-04-13 10:00:00+00:00,70758.3,70814.2,70643.5,70716.0,1970.778,2026-04-13 10:59:59.999000+00:00,139408373.4927,55757,882.709,62442820.4063,0,BTCUSDT,1h
2026-04-13 11:00:00+00:00,70716.0,70960.3,70700.3,70883.9,3104.39,2026-04-13 11:59:59.999000+00:00,219927195.7908,76311,1646.655,116663289.908,0,BTCUSDT,1h
2026-04-13 12:00:00+00:00,70883.9,71188.0,70722.3,71043.0,5697.803,2026-04-13 12:59:59.999000+00:00,404287165.6605,129371,3306.756,234666711.4635,0,BTCUSDT,1h
2026-04-13 13:00:00+00:00,71043.0,71677.9,70780.0,71623.0,17540.464,2026-04-13 13:59:59.999000+00:00,1249869462.8431,323504,8430.097,600896284.9903,0,BTCUSDT,1h
2026-04-13 14:00:00+00:00,71623.0,72358.5,71326.3,72347.2,20806.65,2026-04-13 14:59:59.999000+00:00,1493974239.3905,417091,11013.723,791133770.8538,0,BTCUSDT,1h
2026-04-13 15:00:00+00:00,72347.1,72431.0,71600.1,71823.6,13405.348,2026-04-13 15:59:59.999000+00:00,964393999.6963,294474,6172.103,444032521.9544,0,BTCUSDT,1h
2026-04-13 16:00:00+00:00,71823.6,72393.8,71629.5,72157.3,13649.973,2026-04-13 16:59:59.999000+00:00,984205746.7698,317009,7382.693,532346748.0141,0,BTCUSDT,1h
2026-04-13 17:00:00+00:00,72157.4,72549.2,72015.5,72101.0,11559.413,2026-04-13 17:59:59.999000+00:00,835751924.1109,224974,5754.896,416233267.9169,0,BTCUSDT,1h
2026-04-13 18:00:00+00:00,72100.9,72424.9,72000.0,72380.0,5777.54,2026-04-13 18:59:59.999000+00:00,417099414.4247,133865,3056.671,220720186.6994,0,BTCUSDT,1h
2026-04-13 19:00:00+00:00,72380.1,73441.7,72248.5,73272.2,25327.444,2026-04-13 19:59:59.999000+00:00,1848054906.514,350048,15447.017,1127081457.8504,0,BTCUSDT,1h
2026-04-13 20:00:00+00:00,73272.1,73349.3,72953.3,73098.9,9281.046,2026-04-13 20:59:59.999000+00:00,678738560.8457,188950,4391.287,321181486.0093,0,BTCUSDT,1h
2026-04-13 21:00:00+00:00,73098.8,73329.4,73026.7,73140.0,3643.338,2026-04-13 21:59:59.999000+00:00,266551109.1,82991,1825.791,133584599.6927,0,BTCUSDT,1h
2026-04-13 22:00:00+00:00,73140.0,74750.0,73130.0,74599.9,31775.073,2026-04-13 22:59:59.999000+00:00,2356220950.6961,561810,17979.125,1332978791.782,0,BTCUSDT,1h
2026-04-13 23:00:00+00:00,74600.0,74870.0,74367.6,74385.0,16766.791,2026-04-13 23:59:59.999000+00:00,1251316656.7128,321643,8609.85,642581672.7054,0,BTCUSDT,1h
2026-04-14 00:00:00+00:00,74384.9,74493.4,74057.7,74127.9,8218.546,2026-04-14 00:59:59.999000+00:00,610301659.7197,180869,3786.358,281227021.5976,0,BTCUSDT,1h
2026-04-14 01:00:00+00:00,74127.9,74400.0,73946.9,74345.5,4810.747,2026-04-14 01:59:59.999000+00:00,357015292.3399,135809,2840.226,210808005.4346,0,BTCUSDT,1h
2026-04-14 02:00:00+00:00,74345.5,74583.1,74236.1,74294.4,3853.264,2026-04-14 02:59:59.999000+00:00,286665320.4042,116018,1952.052,145248408.0926,0,BTCUSDT,1h
2026-04-14 03:00:00+00:00,74294.5,74461.9,74212.8,74408.8,2768.526,2026-04-14 03:59:59.999000+00:00,205820194.0437,78934,1379.5,102557352.6581,0,BTCUSDT,1h
2026-04-14 04:00:00+00:00,74408.8,74476.1,74316.9,74355.5,2265.702,2026-04-14 04:59:59.999000+00:00,168566138.4131,69998,1138.727,84722691.6659,0,BTCUSDT,1h
2026-04-14 05:00:00+00:00,74355.5,74401.8,74112.2,74184.5,3115.487,2026-04-14 05:59:59.999000+00:00,231361191.1499,70623,1540.09,114372047.787,0,BTCUSDT,1h
2026-04-14 06:00:00+00:00,74184.5,74519.9,74184.5,74485.0,3312.115,2026-04-14 06:59:59.999000+00:00,246335695.4233,68241,1922.473,143006175.5009,0,BTCUSDT,1h
2026-04-14 07:00:00+00:00,74485.1,74900.0,74395.6,74513.4,7521.321,2026-04-14 07:59:59.999000+00:00,561303791.1417,171584,4060.045,303052774.1304,0,BTCUSDT,1h
2026-04-14 08:00:00+00:00,74513.3,74873.5,74419.1,74713.9,5411.496,2026-04-14 08:59:59.999000+00:00,403959170.3385,145321,2904.038,216778959.229,0,BTCUSDT,1h
2026-04-14 09:00:00+00:00,74714.0,74799.5,74403.1,74471.9,4221.747,2026-04-14 09:59:59.999000+00:00,315008816.5629,112372,2170.432,161972459.4574,0,BTCUSDT,1h
2026-04-14 10:00:00+00:00,74471.9,74581.7,74300.0,74309.8,3610.194,2026-04-14 10:59:59.999000+00:00,268684872.9609,88142,1870.74,139241668.9951,0,BTCUSDT,1h
2026-04-14 11:00:00+00:00,74309.8,74430.0,74267.2,74342.4,2981.975,2026-04-14 11:59:59.999000+00:00,221708551.065,83747,1696.221,126121415.8271,0,BTCUSDT,1h
2026-04-14 12:00:00+00:00,74342.4,74459.6,74234.0,74416.7,4585.221,2026-04-14 12:59:59.999000+00:00,340762511.8546,123592,2415.727,179541877.2288,0,BTCUSDT,1h
2026-04-14 13:00:00+00:00,74416.7,75484.0,74366.0,75471.2,21163.234,2026-04-14 13:59:59.999000+00:00,1587062829.4697,422026,12056.776,904079161.3981,0,BTCUSDT,1h
2026-04-14 14:00:00+00:00,75471.1,76009.0,74964.7,74966.3,32074.453,2026-04-14 14:59:59.999000+00:00,2421789498.6679,580721,17339.41,1309488970.7931,0,BTCUSDT,1h
2026-04-14 15:00:00+00:00,74966.3,75396.9,74514.1,75268.1,17275.135,2026-04-14 15:59:59.999000+00:00,1294245638.6609,364575,8895.288,666641785.7025,0,BTCUSDT,1h
2026-04-14 16:00:00+00:00,75268.1,75684.9,74450.0,74597.1,13496.273,2026-04-14 16:59:59.999000+00:00,1013876050.591,283083,6292.687,473126566.3092,0,BTCUSDT,1h
2026-04-14 17:00:00+00:00,74597.2,74902.7,74200.2,74699.9,9405.722,2026-04-14 17:59:59.999000+00:00,701076906.5478,226208,4822.159,359515402.9416,0,BTCUSDT,1h
2026-04-14 18:00:00+00:00,74699.9,74765.0,73789.7,74050.0,11823.288,2026-04-14 18:59:59.999000+00:00,876819840.9486,243761,5273.706,391214840.2019,0,BTCUSDT,1h
2026-04-14 19:00:00+00:00,74049.9,74362.8,73833.5,74176.4,7221.741,2026-04-14 19:59:59.999000+00:00,535361089.0543,202645,3768.397,279392353.2798,0,BTCUSDT,1h
2026-04-14 20:00:00+00:00,74176.5,74387.7,73960.0,74059.0,3417.497,2026-04-14 20:59:59.999000+00:00,253617321.9479,113166,1669.44,123915780.4221,0,BTCUSDT,1h
2026-04-14 21:00:00+00:00,74058.9,74295.7,73903.8,74230.3,2657.168,2026-04-14 21:59:59.999000+00:00,196833457.5009,86772,1449.533,107395076.1871,0,BTCUSDT,1h
2026-04-14 22:00:00+00:00,74230.3,74339.4,73766.8,73987.5,4679.75,2026-04-14 22:59:59.999000+00:00,346441560.0218,139386,2525.546,186972981.2785,0,BTCUSDT,1h
2026-04-14 23:00:00+00:00,73987.6,74200.1,73961.3,74106.9,3370.888,2026-04-14 23:59:59.999000+00:00,249757405.2058,110412,1873.028,138784280.4307,0,BTCUSDT,1h
2026-04-15 00:00:00+00:00,74106.9,74635.0,74085.0,74520.3,6386.687,2026-04-15 00:59:59.999000+00:00,475612560.3114,173548,3557.438,264914687.6282,0,BTCUSDT,1h
2026-04-15 01:00:00+00:00,74520.3,74739.2,74450.8,74568.3,3793.236,2026-04-15 01:59:59.999000+00:00,282978376.0048,119100,2156.68,160890174.5467,0,BTCUSDT,1h
2026-04-15 02:00:00+00:00,74568.3,74653.4,74142.7,74280.0,3803.95,2026-04-15 02:59:59.999000+00:00,282638025.6869,110057,1728.653,128425802.7144,0,BTCUSDT,1h
2026-04-15 03:00:00+00:00,74280.0,74338.9,74123.6,74296.8,2219.931,2026-04-15 03:59:59.999000+00:00,164787723.5284,67248,1195.449,88748665.6864,0,BTCUSDT,1h
2026-04-15 04:00:00+00:00,74296.8,74400.0,74211.3,74290.8,1828.487,2026-04-15 04:59:59.999000+00:00,135871025.6169,61520,836.242,62142064.1558,0,BTCUSDT,1h
2026-04-15 05:00:00+00:00,74290.7,74390.0,73822.6,73983.2,5600.465,2026-04-15 05:59:59.999000+00:00,414574920.9511,131311,2484.45,183923457.1833,0,BTCUSDT,1h
2026-04-15 06:00:00+00:00,73983.1,74015.7,73822.0,73851.1,2724.877,2026-04-15 06:59:59.999000+00:00,201408006.1859,72001,1178.471,87110325.925,0,BTCUSDT,1h
2026-04-15 07:00:00+00:00,73851.0,73987.0,73449.0,73705.1,9147.153,2026-04-15 07:59:59.999000+00:00,673801745.2848,172968,4534.93,334077893.3213,0,BTCUSDT,1h
2026-04-15 08:00:00+00:00,73705.2,74154.3,73640.1,74070.4,4910.157,2026-04-15 08:59:59.999000+00:00,363118945.4666,104835,2751.203,203447678.5072,0,BTCUSDT,1h
2026-04-15 09:00:00+00:00,74070.4,74143.5,73868.0,73968.3,2961.195,2026-04-15 09:59:59.999000+00:00,219046795.0236,76219,1415.166,104690640.173,0,BTCUSDT,1h
2026-04-15 10:00:00+00:00,73968.3,74222.7,73750.0,73825.9,5354.748,2026-04-15 10:59:59.999000+00:00,396108519.6483,123746,2640.651,195345310.3626,0,BTCUSDT,1h
2026-04-15 11:00:00+00:00,73825.9,74227.5,73825.9,74155.1,4233.263,2026-04-15 11:59:59.999000+00:00,313394632.674,99728,2392.907,177133711.2598,0,BTCUSDT,1h
2026-04-15 12:00:00+00:00,74155.0,74473.5,74001.1,74228.7,5486.241,2026-04-15 12:59:59.999000+00:00,407288828.9887,121185,2855.285,211976160.1753,0,BTCUSDT,1h
2026-04-15 13:00:00+00:00,74228.8,74397.0,73769.5,74015.8,7645.902,2026-04-15 13:59:59.999000+00:00,566160296.5705,210301,3678.777,272401883.3419,0,BTCUSDT,1h
2026-04-15 14:00:00+00:00,74015.9,74466.0,73776.5,74108.8,9303.464,2026-04-15 14:59:59.999000+00:00,689849567.4379,272761,4520.359,335246843.0183,0,BTCUSDT,1h
2026-04-15 15:00:00+00:00,74108.8,74290.0,73540.0,73797.5,9855.922,2026-04-15 15:59:59.999000+00:00,727815592.248,229903,4411.027,325762902.5202,0,BTCUSDT,1h
2026-04-15 16:00:00+00:00,73797.5,74145.2,73714.9,73900.4,5052.861,2026-04-15 16:59:59.999000+00:00,373688087.2577,184037,2499.696,184878814.0398,0,BTCUSDT,1h
2026-04-15 17:00:00+00:00,73900.3,74197.1,73873.8,74099.1,3734.784,2026-04-15 17:59:59.999000+00:00,276500575.9249,143284,1977.274,146394169.9438,0,BTCUSDT,1h
2026-04-15 18:00:00+00:00,74099.0,74369.2,74028.0,74349.1,3731.718,2026-04-15 18:59:59.999000+00:00,277020836.486,133281,2032.246,150870964.471,0,BTCUSDT,1h
2026-04-15 19:00:00+00:00,74349.1,75240.0,74311.9,74957.8,12055.2,2026-04-15 19:59:59.999000+00:00,902182471.2877,272957,7006.841,524316848.3813,0,BTCUSDT,1h
2026-04-15 20:00:00+00:00,74957.7,74991.5,74466.5,74796.8,6702.826,2026-04-15 20:59:59.999000+00:00,500756612.8928,172377,3076.664,229845586.7709,0,BTCUSDT,1h
2026-04-15 21:00:00+00:00,74796.7,74816.0,74498.6,74703.0,2535.824,2026-04-15 21:59:59.999000+00:00,189318703.3446,79997,1262.839,94280860.4856,0,BTCUSDT,1h
2026-04-15 22:00:00+00:00,74703.1,75425.6,74696.0,74931.3,7850.458,2026-04-15 22:59:59.999000+00:00,589282644.8127,189391,4545.268,341278465.7632,0,BTCUSDT,1h
2026-04-15 23:00:00+00:00,74931.3,74932.1,74579.0,74776.2,4110.422,2026-04-15 23:59:59.999000+00:00,307150317.701,115191,1955.13,146106358.7649,0,BTCUSDT,1h
2026-04-16 00:00:00+00:00,74776.3,74839.0,74400.0,74772.0,4289.958,2026-04-16 00:59:59.999000+00:00,320221690.1488,128957,2226.493,166234423.5009,0,BTCUSDT,1h
2026-04-16 01:00:00+00:00,74772.1,74772.1,74415.0,74612.8,2427.54,2026-04-16 01:59:59.999000+00:00,181016885.822,103155,1117.745,83352053.0787,0,BTCUSDT,1h
2026-04-16 02:00:00+00:00,74612.8,75232.7,74556.7,74840.8,5925.41,2026-04-16 02:59:59.999000+00:00,443977271.0363,181687,3088.782,231421854.6454,0,BTCUSDT,1h
2026-04-16 03:00:00+00:00,74840.7,75123.5,74825.1,74851.9,3008.342,2026-04-16 03:59:59.999000+00:00,225487075.9046,110276,1412.108,105851550.0636,0,BTCUSDT,1h
2026-04-16 04:00:00+00:00,74851.9,75130.0,74675.4,74899.9,7685.073,2026-04-16 04:59:59.999000+00:00,575705277.4461,131721,4821.012,361203640.7109,0,BTCUSDT,1h
2026-04-16 05:00:00+00:00,74900.0,75100.0,74852.4,75006.1,2772.243,2026-04-16 05:59:59.999000+00:00,207900742.3164,80666,1267.736,95066394.5427,0,BTCUSDT,1h
2026-04-16 06:00:00+00:00,75006.0,75079.1,74801.8,74985.9,2797.074,2026-04-16 06:59:59.999000+00:00,209611109.588,79368,1256.299,94175751.0099,0,BTCUSDT,1h
2026-04-16 07:00:00+00:00,74985.9,75039.0,74590.3,74667.7,3790.884,2026-04-16 07:59:59.999000+00:00,283455055.7948,88055,1482.306,110844379.0399,0,BTCUSDT,1h
2026-04-16 08:00:00+00:00,74667.7,74711.8,74466.9,74634.3,4804.128,2026-04-16 08:59:59.999000+00:00,358338662.5692,123246,2377.956,177386885.5855,0,BTCUSDT,1h
2026-04-16 09:00:00+00:00,74634.2,74866.9,74550.0,74558.7,3450.627,2026-04-16 09:59:59.999000+00:00,257799059.623,91451,1618.946,120962652.9438,0,BTCUSDT,1h
2026-04-16 10:00:00+00:00,74558.6,74621.1,74226.2,74267.8,7078.903,2026-04-16 10:59:59.999000+00:00,526584951.0715,156089,2897.162,215525043.5589,0,BTCUSDT,1h
2026-04-16 11:00:00+00:00,74267.7,74537.3,74234.9,74528.4,5244.012,2026-04-16 11:59:59.999000+00:00,390033116.8406,110061,2702.763,201021950.7636,0,BTCUSDT,1h
2026-04-16 12:00:00+00:00,74528.4,74836.6,74524.7,74577.7,5712.038,2026-04-16 12:59:59.999000+00:00,426455229.0899,117527,3052.33,227895104.749,0,BTCUSDT,1h
2026-04-16 13:00:00+00:00,74577.8,74981.1,73256.8,73755.9,21382.008,2026-04-16 13:59:59.999000+00:00,1582282815.8958,434341,9639.91,713640460.1549,0,BTCUSDT,1h
2026-04-16 14:00:00+00:00,73756.0,74155.7,73388.0,73937.0,16481.072,2026-04-16 14:59:59.999000+00:00,1215523067.7392,373668,8877.198,654834501.3934,0,BTCUSDT,1h
2026-04-16 15:00:00+00:00,73936.8,74880.0,73900.0,74659.5,13140.692,2026-04-16 15:59:59.999000+00:00,978073229.3127,327372,6960.257,518077777.7257,0,BTCUSDT,1h
2026-04-16 16:00:00+00:00,74659.5,74901.6,74007.6,74140.6,9530.226,2026-04-16 16:59:59.999000+00:00,709795592.4596,276012,4630.379,344959925.0892,0,BTCUSDT,1h
2026-04-16 17:00:00+00:00,74140.6,74410.7,73873.5,74301.6,6691.907,2026-04-16 17:59:59.999000+00:00,496069353.0524,206887,3234.24,239799707.1965,0,BTCUSDT,1h
2026-04-16 18:00:00+00:00,74301.6,75073.0,74202.0,75000.0,7853.12,2026-04-16 18:59:59.999000+00:00,586303962.2307,223325,4603.327,343793282.1158,0,BTCUSDT,1h
2026-04-16 19:00:00+00:00,75000.1,75378.1,74711.0,75309.4,8837.111,2026-04-16 19:59:59.999000+00:00,663495332.8409,242583,4667.976,350556646.4127,0,BTCUSDT,1h
2026-04-16 20:00:00+00:00,75309.5,75500.0,74964.6,75188.9,6256.538,2026-04-16 20:59:59.999000+00:00,470697991.1609,180902,3225.41,242731820.8757,0,BTCUSDT,1h
2026-04-16 21:00:00+00:00,75189.0,75245.7,74736.5,74902.2,3984.835,2026-04-16 21:59:59.999000+00:00,298666767.0972,116774,1995.738,149573736.7886,0,BTCUSDT,1h
2026-04-16 22:00:00+00:00,74902.3,75090.8,74787.7,74833.9,2612.399,2026-04-16 22:59:59.999000+00:00,195736146.3816,104327,1321.316,99001590.4877,0,BTCUSDT,1h
2026-04-16 23:00:00+00:00,74833.9,75149.1,74800.0,75106.8,2641.585,2026-04-16 23:59:59.999000+00:00,198163627.5429,92634,1420.213,106540819.2928,0,BTCUSDT,1h
2026-04-17 00:00:00+00:00,75106.8,75118.4,74848.4,74900.2,2958.114,2026-04-17 00:59:59.999000+00:00,221726138.2542,92430,1248.983,93620690.8405,0,BTCUSDT,1h
2026-04-17 01:00:00+00:00,74900.2,74998.2,74532.9,74707.6,4650.303,2026-04-17 01:59:59.999000+00:00,347419641.9498,116717,2258.498,168747184.2007,0,BTCUSDT,1h
2026-04-17 02:00:00+00:00,74707.7,74770.0,74480.0,74670.6,2338.74,2026-04-17 02:59:59.999000+00:00,174517991.6648,71388,1104.045,82390106.2065,0,BTCUSDT,1h
2026-04-17 03:00:00+00:00,74670.5,74814.1,74558.9,74582.8,3160.293,2026-04-17 03:59:59.999000+00:00,235981252.0479,74290,1423.125,106284652.3327,0,BTCUSDT,1h
2026-04-17 04:00:00+00:00,74582.8,74818.1,74550.0,74748.4,1846.248,2026-04-17 04:59:59.999000+00:00,137937970.2581,53843,1131.557,84540231.4175,0,BTCUSDT,1h
2026-04-17 05:00:00+00:00,74748.3,74770.5,74508.2,74604.8,2378.041,2026-04-17 05:59:59.999000+00:00,177458443.8219,68306,1136.791,84834076.5762,0,BTCUSDT,1h
2026-04-17 06:00:00+00:00,74604.8,74904.2,74559.7,74895.1,3090.866,2026-04-17 06:59:59.999000+00:00,231088106.5908,74110,1743.723,130380786.9619,0,BTCUSDT,1h
2026-04-17 07:00:00+00:00,74895.2,75060.4,74892.7,75047.4,4376.71,2026-04-17 07:59:59.999000+00:00,328109473.0698,99703,2315.839,173612682.704,0,BTCUSDT,1h
2026-04-17 08:00:00+00:00,75047.4,75869.0,74951.6,75749.8,14296.9,2026-04-17 08:59:59.999000+00:00,1078436295.4343,250188,8681.043,654997847.865,0,BTCUSDT,1h
2026-04-17 09:00:00+00:00,75749.8,76350.0,75463.2,75746.0,21235.691,2026-04-17 09:59:59.999000+00:00,1610847888.6017,422471,11171.615,847727377.1705,0,BTCUSDT,1h
2026-04-17 10:00:00+00:00,75746.1,75853.7,75030.2,75229.7,13662.049,2026-04-17 10:59:59.999000+00:00,1028873225.6051,234899,6403.088,482172345.3733,0,BTCUSDT,1h
2026-04-17 11:00:00+00:00,75229.6,75564.7,75195.7,75542.2,4279.613,2026-04-17 11:59:59.999000+00:00,322684535.1507,128210,2201.361,166005782.058,0,BTCUSDT,1h
2026-04-17 12:00:00+00:00,75542.1,76235.4,75481.8,76195.6,13125.431,2026-04-17 12:59:59.999000+00:00,996138825.2317,328905,6770.514,513918492.684,0,BTCUSDT,1h
2026-04-17 13:00:00+00:00,76195.7,77376.3,76006.7,77294.3,49562.355,2026-04-17 13:59:59.999000+00:00,3800785100.0845,977713,25488.307,1955076126.5637,0,BTCUSDT,1h
2026-04-17 14:00:00+00:00,77294.2,77999.9,76951.1,77825.1,31429.916,2026-04-17 14:59:59.999000+00:00,2437870633.0626,641733,16575.605,1285646145.0733,0,BTCUSDT,1h
2026-04-17 15:00:00+00:00,77825.1,77940.0,77389.0,77736.2,13716.929,2026-04-17 15:59:59.999000+00:00,1065584131.6353,411810,6941.02,539308792.6724,0,BTCUSDT,1h
2026-04-17 16:00:00+00:00,77736.2,78300.0,77660.0,77805.1,15584.467,2026-04-17 16:59:59.999000+00:00,1215488705.9531,356633,8247.779,643430518.9295,0,BTCUSDT,1h
2026-04-17 17:00:00+00:00,77805.1,77870.0,77042.0,77465.3,12363.466,2026-04-17 17:59:59.999000+00:00,956818279.7127,345821,6302.698,487793359.9776,0,BTCUSDT,1h
2026-04-17 18:00:00+00:00,77465.3,77521.3,77028.4,77112.1,6498.194,2026-04-17 18:59:59.999000+00:00,501559342.7607,216417,3130.394,241618160.7237,0,BTCUSDT,1h
2026-04-17 19:00:00+00:00,77112.0,77429.8,76921.9,77348.8,6106.231,2026-04-17 19:59:59.999000+00:00,471646123.4523,188624,3305.18,255306731.1145,0,BTCUSDT,1h
2026-04-17 20:00:00+00:00,77349.2,77566.0,77111.0,77283.7,3754.339,2026-04-17 20:59:59.999000+00:00,290359818.579,122685,2028.33,156882600.0261,0,BTCUSDT,1h
2026-04-17 21:00:00+00:00,77283.7,77459.0,77228.6,77400.1,1994.375,2026-04-17 21:59:59.999000+00:00,154267493.1068,74257,1099.228,85029297.9994,0,BTCUSDT,1h
2026-04-17 22:00:00+00:00,77400.0,77477.1,77222.1,77261.8,2677.99,2026-04-17 22:59:59.999000+00:00,207151856.3633,84467,1323.839,102403715.9581,0,BTCUSDT,1h
2026-04-17 23:00:00+00:00,77261.9,77267.0,76854.2,77030.6,4308.654,2026-04-17 23:59:59.999000+00:00,331873877.9846,107689,2171.257,167240552.87,0,BTCUSDT,1h
2026-04-18 00:00:00+00:00,77030.6,77216.2,76931.0,77135.1,2853.47,2026-04-18 00:59:59.999000+00:00,219948602.637,96746,1531.062,118026497.1113,0,BTCUSDT,1h
2026-04-18 01:00:00+00:00,77135.2,77287.9,77072.7,77175.9,2416.708,2026-04-18 01:59:59.999000+00:00,186582756.8329,76948,1274.004,98362221.1026,0,BTCUSDT,1h
2026-04-18 02:00:00+00:00,77175.9,77380.0,77085.6,77249.5,2121.763,2026-04-18 02:59:59.999000+00:00,163934180.1722,69798,1223.324,94525752.8145,0,BTCUSDT,1h
2026-04-18 03:00:00+00:00,77249.6,77254.3,76903.2,76964.3,2495.093,2026-04-18 03:59:59.999000+00:00,192298866.294,71436,940.436,72487089.4479,0,BTCUSDT,1h
2026-04-18 04:00:00+00:00,76964.4,77131.8,76824.1,77065.9,3532.251,2026-04-18 04:59:59.999000+00:00,271860427.4752,82446,1983.663,152674401.4517,0,BTCUSDT,1h
2026-04-18 05:00:00+00:00,77065.8,77233.6,77063.5,77085.0,2162.711,2026-04-18 05:59:59.999000+00:00,166809635.0453,58424,1156.176,89178221.47,0,BTCUSDT,1h
2026-04-18 06:00:00+00:00,77085.1,77177.0,77008.0,77078.7,1684.268,2026-04-18 06:59:59.999000+00:00,129832171.6192,47063,814.151,62763224.8379,0,BTCUSDT,1h
2026-04-18 07:00:00+00:00,77078.7,77086.5,76826.8,76951.0,3315.779,2026-04-18 07:59:59.999000+00:00,255187340.2323,67612,1434.63,110417122.8828,0,BTCUSDT,1h
2026-04-18 08:00:00+00:00,76951.0,77004.2,76460.0,76695.1,10953.848,2026-04-18 08:59:59.999000+00:00,839777233.1473,196434,4147.018,317904637.5457,0,BTCUSDT,1h
2026-04-18 09:00:00+00:00,76695.1,76695.1,76357.1,76557.1,6580.507,2026-04-18 09:59:59.999000+00:00,503559675.6522,126889,3077.674,235560116.4548,0,BTCUSDT,1h
2026-04-18 10:00:00+00:00,76557.1,76557.2,76091.8,76150.0,9595.16,2026-04-18 10:59:59.999000+00:00,731828438.5348,176483,4051.389,308986666.7397,0,BTCUSDT,1h
2026-04-18 11:00:00+00:00,76150.0,76150.0,75710.6,76002.0,10561.507,2026-04-18 11:59:59.999000+00:00,802048869.5678,225254,4977.153,377970709.1505,0,BTCUSDT,1h
2026-04-18 12:00:00+00:00,76002.0,76277.4,76000.0,76168.0,5429.196,2026-04-18 12:59:59.999000+00:00,413446053.4319,143658,3039.347,231454183.1154,0,BTCUSDT,1h
2026-04-18 13:00:00+00:00,76168.0,76176.0,75738.0,76080.5,5094.502,2026-04-18 13:59:59.999000+00:00,387143641.0369,141483,2572.726,195535154.6202,0,BTCUSDT,1h
2026-04-18 14:00:00+00:00,76080.5,76268.2,75924.4,76211.2,3696.291,2026-04-18 14:59:59.999000+00:00,281449311.9222,94008,2243.337,170828026.3421,0,BTCUSDT,1h
2026-04-18 15:00:00+00:00,76211.2,76342.7,75931.9,76124.8,3212.335,2026-04-18 15:59:59.999000+00:00,244619256.4828,86110,1595.009,121497027.2344,0,BTCUSDT,1h
2026-04-18 16:00:00+00:00,76124.8,76176.6,75584.1,75897.9,8581.227,2026-04-18 16:59:59.999000+00:00,651195078.07,158512,3473.4,263652330.5437,0,BTCUSDT,1h
2026-04-18 17:00:00+00:00,75897.9,75930.5,75724.8,75783.9,3440.03,2026-04-18 17:59:59.999000+00:00,260845682.199,76185,1649.358,125074637.1891,0,BTCUSDT,1h
2026-04-18 18:00:00+00:00,75783.9,75805.1,75395.9,75603.7,8666.619,2026-04-18 18:59:59.999000+00:00,655042879.7336,171720,3816.562,288472554.0044,0,BTCUSDT,1h
2026-04-18 19:00:00+00:00,75603.7,75761.1,75532.3,75604.2,2321.47,2026-04-18 19:59:59.999000+00:00,175598220.9069,66559,1231.695,93171655.1277,0,BTCUSDT,1h
2026-04-18 20:00:00+00:00,75604.2,75799.9,75558.6,75706.1,1982.126,2026-04-18 20:59:59.999000+00:00,150016249.1064,61534,1143.48,86540938.0118,0,BTCUSDT,1h
2026-04-18 21:00:00+00:00,75706.1,75795.0,75551.0,75766.5,1443.332,2026-04-18 21:59:59.999000+00:00,109242461.9355,44946,726.456,54983779.1751,0,BTCUSDT,1h
2026-04-18 22:00:00+00:00,75766.4,75836.9,75560.0,75765.5,2228.389,2026-04-18 22:59:59.999000+00:00,168716433.0384,63714,1245.898,94334664.2236,0,BTCUSDT,1h
2026-04-18 23:00:00+00:00,75765.5,75843.3,75653.4,75653.8,1525.809,2026-04-18 23:59:59.999000+00:00,115585883.7497,44333,818.333,61993366.0241,0,BTCUSDT,1h
2026-04-19 00:00:00+00:00,75653.8,75804.0,75506.1,75627.3,2629.124,2026-04-19 00:59:59.999000+00:00,198765233.3636,76478,1208.882,91397591.4642,0,BTCUSDT,1h
2026-04-19 01:00:00+00:00,75627.4,75757.7,75408.5,75577.4,2691.631,2026-04-19 01:59:59.999000+00:00,203356137.5492,70170,1346.478,101748548.0876,0,BTCUSDT,1h
2026-04-19 02:00:00+00:00,75577.4,75692.3,75353.0,75450.1,2887.502,2026-04-19 02:59:59.999000+00:00,218003947.7703,83974,1299.878,98166786.5303,0,BTCUSDT,1h
2026-04-19 03:00:00+00:00,75450.0,75607.9,75314.0,75473.0,2654.256,2026-04-19 03:59:59.999000+00:00,200265481.8882,74590,1232.001,92974345.9069,0,BTCUSDT,1h
2026-04-19 04:00:00+00:00,75472.9,75747.3,75371.6,75623.7,3516.273,2026-04-19 04:59:59.999000+00:00,265804168.6962,93938,1895.132,143269379.0954,0,BTCUSDT,1h
2026-04-19 05:00:00+00:00,75623.7,75650.0,75466.3,75505.1,2602.877,2026-04-19 05:59:59.999000+00:00,196586567.5578,44524,1584.057,119623832.9346,0,BTCUSDT,1h
2026-04-19 06:00:00+00:00,75505.1,75505.1,75234.2,75359.7,3342.324,2026-04-19 06:59:59.999000+00:00,251894069.3728,84695,1468.806,110703987.0366,0,BTCUSDT,1h
2026-04-19 07:00:00+00:00,75359.6,75363.2,74824.3,75205.6,8669.567,2026-04-19 07:59:59.999000+00:00,650808644.05,206045,3784.762,284112690.2854,0,BTCUSDT,1h
2026-04-19 08:00:00+00:00,75205.7,75250.0,75024.3,75220.0,2655.875,2026-04-19 08:59:59.999000+00:00,199646187.5322,78942,1375.597,103412971.9071,0,BTCUSDT,1h
2026-04-19 09:00:00+00:00,75220.1,75232.1,74863.6,74974.6,3069.234,2026-04-19 09:59:59.999000+00:00,230262092.8882,92570,1435.048,107674309.2658,0,BTCUSDT,1h
2026-04-19 10:00:00+00:00,74974.6,75199.0,74888.0,75175.5,2776.047,2026-04-19 10:59:59.999000+00:00,208317882.3075,85900,1523.46,114324989.0781,0,BTCUSDT,1h
2026-04-19 11:00:00+00:00,75175.5,75589.2,75170.0,75557.4,5863.313,2026-04-19 11:59:59.999000+00:00,442103988.3603,141828,3470.836,261706680.7536,0,BTCUSDT,1h
2026-04-19 12:00:00+00:00,75557.5,75665.7,75386.4,75529.3,5131.535,2026-04-19 12:59:59.999000+00:00,387623880.2194,138856,2636.947,199214181.2064,0,BTCUSDT,1h
2026-04-19 13:00:00+00:00,75529.2,76200.0,75505.1,75877.9,11571.736,2026-04-19 13:59:59.999000+00:00,878353230.1133,254531,6624.52,502759501.8328,0,BTCUSDT,1h
2026-04-19 14:00:00+00:00,75878.0,76100.0,75625.9,75971.3,5966.627,2026-04-19 14:59:59.999000+00:00,452523807.3586,181909,2947.988,223639243.8075,0,BTCUSDT,1h
2026-04-19 15:00:00+00:00,75971.4,76116.8,75342.3,75807.6,6299.713,2026-04-19 15:59:59.999000+00:00,477022095.3244,206304,2897.208,219423727.8767,0,BTCUSDT,1h
2026-04-19 16:00:00+00:00,75807.7,75817.7,75255.7,75345.6,4713.196,2026-04-19 16:59:59.999000+00:00,355922885.7534,180819,2010.225,151833932.5826,0,BTCUSDT,1h
2026-04-19 17:00:00+00:00,75345.5,75348.4,74560.0,74742.4,12311.531,2026-04-19 17:59:59.999000+00:00,923363646.6307,289479,5358.362,402006829.3339,0,BTCUSDT,1h
2026-04-19 18:00:00+00:00,74742.3,74876.9,74550.0,74736.2,5348.541,2026-04-19 18:59:59.999000+00:00,399659849.8805,192986,2971.237,222039967.5612,0,BTCUSDT,1h
2026-04-19 19:00:00+00:00,74736.2,75043.1,74736.2,74917.9,2859.308,2026-04-19 19:59:59.999000+00:00,214206197.4078,106285,1569.638,117594061.7692,0,BTCUSDT,1h
2026-04-19 20:00:00+00:00,74918.0,74920.2,74375.0,74591.6,5630.174,2026-04-19 20:59:59.999000+00:00,420079051.9471,157978,2435.504,181720689.6596,0,BTCUSDT,1h
2026-04-19 21:00:00+00:00,74591.7,74776.3,74304.5,74379.5,3737.525,2026-04-19 21:59:59.999000+00:00,278577250.006,119804,1715.644,127920299.3942,0,BTCUSDT,1h
2026-04-19 22:00:00+00:00,74379.4,74379.5,73700.2,74005.0,16669.971,2026-04-19 22:59:59.999000+00:00,1233341567.0907,404621,7757.947,574035936.1551,0,BTCUSDT,1h
2026-04-19 23:00:00+00:00,74005.0,74018.6,73746.4,73758.4,5380.331,2026-04-19 23:59:59.999000+00:00,397348199.8917,172398,2508.132,185240785.2785,0,BTCUSDT,1h
2026-04-20 00:00:00+00:00,73758.4,74322.9,73669.0,74228.1,9071.563,2026-04-20 00:59:59.999000+00:00,671829070.8208,202434,5000.561,370410871.6418,0,BTCUSDT,1h
2026-04-20 01:00:00+00:00,74228.1,74697.6,74167.6,74549.4,5474.771,2026-04-20 01:59:59.999000+00:00,407614610.8624,146545,3085.288,229705712.4914,0,BTCUSDT,1h
2026-04-20 02:00:00+00:00,74549.5,74588.3,74254.9,74364.5,2909.538,2026-04-20 02:59:59.999000+00:00,216519564.7391,101561,1249.163,92959465.0002,0,BTCUSDT,1h
2026-04-20 03:00:00+00:00,74364.5,74600.0,74309.8,74593.9,3778.122,2026-04-20 03:59:59.999000+00:00,281376418.8093,97374,2242.444,167020431.6379,0,BTCUSDT,1h
2026-04-20 04:00:00+00:00,74593.9,74598.1,74389.1,74523.7,1990.29,2026-04-20 04:59:59.999000+00:00,148231023.2136,63985,891.645,66416451.2171,0,BTCUSDT,1h
2026-04-20 05:00:00+00:00,74523.7,74523.7,74061.2,74226.5,3849.183,2026-04-20 05:59:59.999000+00:00,285649225.653,101094,1545.769,114699446.3021,0,BTCUSDT,1h
2026-04-20 06:00:00+00:00,74226.5,74860.0,74206.7,74751.1,5500.076,2026-04-20 06:59:59.999000+00:00,410110943.4241,149153,3005.484,224134597.0143,0,BTCUSDT,1h
2026-04-20 07:00:00+00:00,74751.2,75539.3,74618.0,74795.5,14105.339,2026-04-20 07:59:59.999000+00:00,1058762769.8957,324501,7297.103,547861401.1274,0,BTCUSDT,1h
2026-04-20 08:00:00+00:00,74795.5,74970.5,74563.2,74691.7,5466.57,2026-04-20 08:59:59.999000+00:00,408619554.1788,166588,2647.803,197949102.6909,0,BTCUSDT,1h
2026-04-20 09:00:00+00:00,74691.7,75200.0,74660.8,75028.8,5031.636,2026-04-20 09:59:59.999000+00:00,377326358.2716,167336,2870.466,215245802.8237,0,BTCUSDT,1h
2026-04-20 10:00:00+00:00,75028.9,75375.1,74964.8,74993.2,4324.018,2026-04-20 10:59:59.999000+00:00,325129933.7021,135406,2102.52,158100002.206,0,BTCUSDT,1h
2026-04-20 11:00:00+00:00,74993.3,75243.0,74907.1,75148.7,3197.964,2026-04-20 11:59:59.999000+00:00,240229886.503,118115,1582.974,118911125.9289,0,BTCUSDT,1h
2026-04-20 12:00:00+00:00,75148.8,75633.0,74939.1,75245.0,7621.821,2026-04-20 12:59:59.999000+00:00,573928334.6289,211809,3901.726,293934808.7421,0,BTCUSDT,1h
2026-04-20 13:00:00+00:00,75245.1,75392.0,74811.7,75232.8,9118.652,2026-04-20 13:59:59.999000+00:00,684961710.4978,327002,4717.639,354413456.2992,0,BTCUSDT,1h
2026-04-20 14:00:00+00:00,75232.7,75734.0,74873.1,75000.1,12377.784,2026-04-20 14:59:59.999000+00:00,931364070.6515,417192,5866.803,441574062.7306,0,BTCUSDT,1h
2026-04-20 15:00:00+00:00,75000.1,75750.0,74639.5,75668.1,13391.763,2026-04-20 15:59:59.999000+00:00,1008559979.8669,387746,7025.166,529237017.0029,0,BTCUSDT,1h
2026-04-20 16:00:00+00:00,75668.1,75676.3,75250.0,75300.0,5228.528,2026-04-20 16:59:59.999000+00:00,394250962.9115,184145,2503.532,188774069.7253,0,BTCUSDT,1h
2026-04-20 17:00:00+00:00,75300.0,75975.4,75242.5,75853.7,8252.788,2026-04-20 17:59:59.999000+00:00,624725642.9125,220566,4377.795,331367321.0044,0,BTCUSDT,1h
2026-04-20 18:00:00+00:00,75853.7,76439.0,75853.7,76388.8,14061.343,2026-04-20 18:59:59.999000+00:00,1071012531.183,311315,8308.787,632866794.0362,0,BTCUSDT,1h
2026-04-20 19:00:00+00:00,76389.3,76449.8,76105.6,76252.5,11150.177,2026-04-20 19:59:59.999000+00:00,850053058.5404,148049,5902.786,450009813.4088,0,BTCUSDT,1h
2026-04-20 20:00:00+00:00,76252.5,76531.0,76072.9,76229.9,8890.15,2026-04-20 20:59:59.999000+00:00,677844101.5894,113844,5310.713,404942505.1651,0,BTCUSDT,1h
2026-04-20 21:00:00+00:00,76230.0,76323.9,75721.7,75909.5,5425.27,2026-04-20 21:59:59.999000+00:00,412236422.1093,116807,2413.644,183446513.4899,0,BTCUSDT,1h
2026-04-20 22:00:00+00:00,75909.4,76105.4,75851.1,75927.7,2157.72,2026-04-20 22:59:59.999000+00:00,163913017.9757,96326,1057.876,80367160.5049,0,BTCUSDT,1h
2026-04-20 23:00:00+00:00,75927.7,75927.7,75556.2,75790.1,3774.601,2026-04-20 23:59:59.999000+00:00,285813554.4308,103612,1691.443,128076026.5283,0,BTCUSDT,1h
2026-04-21 00:00:00+00:00,75790.1,76054.0,75650.0,76050.0,3649.862,2026-04-21 00:59:59.999000+00:00,276900413.0387,129594,1937.489,147005240.4049,0,BTCUSDT,1h
2026-04-21 01:00:00+00:00,76049.9,76232.3,75798.6,75887.0,3218.622,2026-04-21 01:59:59.999000+00:00,244720264.1642,119712,1586.628,120665705.5303,0,BTCUSDT,1h
2026-04-21 02:00:00+00:00,75887.1,75889.9,75532.0,75540.0,3920.912,2026-04-21 02:59:59.999000+00:00,296711646.0668,114565,1794.445,135786088.219,0,BTCUSDT,1h
2026-04-21 03:00:00+00:00,75540.0,75680.0,75433.1,75669.1,3049.0,2026-04-21 03:59:59.999000+00:00,230353580.691,99376,1590.837,120205796.5014,0,BTCUSDT,1h
2026-04-21 04:00:00+00:00,75669.1,75790.3,75558.8,75768.3,2636.054,2026-04-21 04:59:59.999000+00:00,199441047.1143,79184,1494.811,113103211.7434,0,BTCUSDT,1h
2026-04-21 05:00:00+00:00,75768.2,75947.1,75732.3,75760.8,3034.91,2026-04-21 05:59:59.999000+00:00,230156136.0307,87443,1359.469,103099648.8789,0,BTCUSDT,1h
2026-04-21 06:00:00+00:00,75760.7,76088.0,75658.3,75930.5,3253.014,2026-04-21 06:59:59.999000+00:00,246866441.5515,103072,1833.479,139155351.7681,0,BTCUSDT,1h
2026-04-21 07:00:00+00:00,75930.4,76276.6,75770.0,76050.0,5348.542,2026-04-21 07:59:59.999000+00:00,406958037.1241,156875,2983.834,227061961.8512,0,BTCUSDT,1h
2026-04-21 08:00:00+00:00,76050.0,76999.0,76025.0,76462.4,9688.673,2026-04-21 08:59:59.999000+00:00,741493671.152,216305,5987.632,458349482.8201,0,BTCUSDT,1h
2026-04-21 09:00:00+00:00,76462.4,76565.2,76103.3,76324.2,6005.276,2026-04-21 09:59:59.999000+00:00,458261999.6568,169223,2816.783,214969444.4263,0,BTCUSDT,1h
2026-04-21 10:00:00+00:00,76324.2,76844.5,76306.3,76702.1,5702.752,2026-04-21 10:59:59.999000+00:00,436761158.5754,168907,3156.729,241790918.2827,0,BTCUSDT,1h
2026-04-21 11:00:00+00:00,76702.2,76716.7,76281.1,76408.3,6424.41,2026-04-21 11:59:59.999000+00:00,491334169.9796,178707,2917.7,223135526.1886,0,BTCUSDT,1h
2026-04-21 12:00:00+00:00,76408.3,76491.1,75631.2,75972.8,13349.788,2026-04-21 12:59:59.999000+00:00,1014913320.6844,285588,6099.288,463731582.348,0,BTCUSDT,1h
2026-04-21 13:00:00+00:00,75972.9,76144.0,75688.0,75859.9,7392.452,2026-04-21 13:59:59.999000+00:00,561085765.8871,262261,3808.231,289071844.3318,0,BTCUSDT,1h
2026-04-21 14:00:00+00:00,75860.0,76574.3,75571.7,75628.9,17784.574,2026-04-21 14:59:59.999000+00:00,1353670843.1808,380748,7848.581,597485361.286,0,BTCUSDT,1h
2026-04-21 15:00:00+00:00,75628.9,75950.2,75355.2,75799.9,9750.346,2026-04-21 15:59:59.999000+00:00,737765856.6973,310879,4944.526,374224481.8721,0,BTCUSDT,1h
2026-04-21 16:00:00+00:00,75800.0,76155.0,75705.4,75739.2,5816.389,2026-04-21 16:59:59.999000+00:00,441556777.4562,200074,2846.997,216147066.3213,0,BTCUSDT,1h
2026-04-21 17:00:00+00:00,75739.3,75875.1,75017.8,75516.0,14476.413,2026-04-21 17:59:59.999000+00:00,1092512861.838,376618,7155.354,540059891.8192,0,BTCUSDT,1h
2026-04-21 18:00:00+00:00,75515.9,75639.6,75273.0,75563.1,4921.306,2026-04-21 18:59:59.999000+00:00,371427784.9112,192664,2573.048,194199254.4742,0,BTCUSDT,1h
2026-04-21 19:00:00+00:00,75563.1,75900.0,74777.9,74988.6,13354.564,2026-04-21 19:59:59.999000+00:00,1004459755.7349,326402,6201.721,466531524.0694,0,BTCUSDT,1h
2026-04-21 20:00:00+00:00,74988.7,75824.8,74942.2,75649.4,10187.902,2026-04-21 20:59:59.999000+00:00,768745308.8284,246945,5515.504,416170666.5025,0,BTCUSDT,1h
2026-04-21 21:00:00+00:00,75649.3,75732.5,75402.9,75506.4,1945.077,2026-04-21 21:59:59.999000+00:00,146966102.006,64149,976.196,73767359.0133,0,BTCUSDT,1h
2026-04-21 22:00:00+00:00,75506.4,75608.6,75250.0,75598.6,2856.061,2026-04-21 22:59:59.999000+00:00,215361001.0124,101845,1214.392,91592065.3658,0,BTCUSDT,1h
2026-04-21 23:00:00+00:00,75598.6,76396.2,75570.3,76288.2,6994.088,2026-04-21 23:59:59.999000+00:00,531992870.322,165708,4112.228,312776009.8243,0,BTCUSDT,1h
2026-04-22 00:00:00+00:00,76288.3,76471.2,76170.0,76327.1,5396.425,2026-04-22 00:59:59.999000+00:00,411709355.3402,151388,2586.023,197308631.8617,0,BTCUSDT,1h
2026-04-22 01:00:00+00:00,76327.1,76380.0,76078.6,76267.3,3004.863,2026-04-22 01:59:59.999000+00:00,229064207.3476,103557,1326.996,101172138.9408,0,BTCUSDT,1h
2026-04-22 02:00:00+00:00,76267.4,77613.0,76183.7,77568.1,20988.269,2026-04-22 02:59:59.999000+00:00,1617022488.294,400120,12132.804,934887974.9815,0,BTCUSDT,1h
2026-04-22 03:00:00+00:00,77568.0,77699.0,77366.0,77488.3,9672.167,2026-04-22 03:59:59.999000+00:00,749706299.6753,223597,4500.075,348822457.4209,0,BTCUSDT,1h
2026-04-22 04:00:00+00:00,77488.4,77670.8,77321.7,77475.5,4496.121,2026-04-22 04:59:59.999000+00:00,348417906.0941,121050,2174.887,168560204.6388,0,BTCUSDT,1h
2026-04-22 05:00:00+00:00,77475.4,78447.5,77406.0,77954.4,26969.743,2026-04-22 05:59:59.999000+00:00,2105814196.7776,430023,15299.824,1194403771.1229,0,BTCUSDT,1h
2026-04-22 06:00:00+00:00,77954.4,78008.8,77860.0,77971.6,4519.224,2026-04-22 06:59:59.999000+00:00,352180203.2664,125507,2260.816,176188869.4637,0,BTCUSDT,1h
2026-04-22 07:00:00+00:00,77971.5,78098.0,77774.3,77979.8,5242.797,2026-04-22 07:59:59.999000+00:00,408631269.4849,127931,2475.233,192945620.6571,0,BTCUSDT,1h
2026-04-22 08:00:00+00:00,77979.7,78186.0,77895.3,77970.0,5187.109,2026-04-22 08:59:59.999000+00:00,404727355.4375,131264,2717.606,212065086.4734,0,BTCUSDT,1h
2026-04-22 09:00:00+00:00,77970.0,78152.8,77912.1,77959.9,3001.63,2026-04-22 09:59:59.999000+00:00,234210695.4264,109151,1567.627,122327165.5481,0,BTCUSDT,1h
2026-04-22 10:00:00+00:00,77959.9,78151.0,77908.6,78117.8,2672.693,2026-04-22 10:59:59.999000+00:00,208567357.7756,87665,1429.589,111563874.467,0,BTCUSDT,1h
2026-04-22 11:00:00+00:00,78117.8,78365.8,78054.5,78263.2,4820.256,2026-04-22 11:59:59.999000+00:00,376996469.7037,136822,2672.407,209033287.1472,0,BTCUSDT,1h
2026-04-22 12:00:00+00:00,78263.2,78490.8,78060.0,78196.6,6410.168,2026-04-22 12:59:59.999000+00:00,501644573.5719,183193,3349.174,262152402.5736,0,BTCUSDT,1h
2026-04-22 13:00:00+00:00,78196.6,78799.0,78120.1,78794.5,12886.624,2026-04-22 13:59:59.999000+00:00,1011700743.3467,370304,7350.209,577149502.0979,0,BTCUSDT,1h
2026-04-22 14:00:00+00:00,78794.4,79142.8,78511.1,78996.8,20184.835,2026-04-22 14:59:59.999000+00:00,1591692389.7751,460177,10788.068,850879670.2604,0,BTCUSDT,1h
2026-04-22 15:00:00+00:00,78996.7,79370.0,78800.3,79234.3,13529.874,2026-04-22 15:59:59.999000+00:00,1070191872.755,339165,7789.907,616250898.3389,0,BTCUSDT,1h
2026-04-22 16:00:00+00:00,79234.3,79444.0,78586.7,78705.1,11368.472,2026-04-22 16:59:59.999000+00:00,897936003.0808,281371,5491.459,433811199.2598,0,BTCUSDT,1h
2026-04-22 17:00:00+00:00,78705.1,78998.6,78660.0,78869.8,5456.211,2026-04-22 17:59:59.999000+00:00,430149027.1853,184239,2851.537,224823345.8279,0,BTCUSDT,1h
2026-04-22 18:00:00+00:00,78869.8,79129.8,78783.7,78989.5,3353.919,2026-04-22 18:59:59.999000+00:00,264798326.6355,113436,1969.748,155517711.5048,0,BTCUSDT,1h
2026-04-22 19:00:00+00:00,78989.5,79020.0,78654.6,78791.3,6915.525,2026-04-22 19:59:59.999000+00:00,545091901.6675,167554,3831.418,302043318.6279,0,BTCUSDT,1h
2026-04-22 20:00:00+00:00,78791.3,78868.9,78360.0,78395.8,5886.107,2026-04-22 20:59:59.999000+00:00,462362473.192,128151,2691.145,211426056.7388,0,BTCUSDT,1h
2026-04-22 21:00:00+00:00,78395.8,78788.3,78361.4,78713.8,2432.296,2026-04-22 21:59:59.999000+00:00,191191678.3328,64641,1509.907,118686897.507,0,BTCUSDT,1h
2026-04-22 22:00:00+00:00,78713.9,78784.0,78403.2,78552.1,2555.67,2026-04-22 22:59:59.999000+00:00,200833846.4869,88922,1370.392,107699658.6082,0,BTCUSDT,1h
2026-04-22 23:00:00+00:00,78552.1,78559.2,78111.6,78139.8,4136.098,2026-04-22 23:59:59.999000+00:00,323732498.6933,125575,1855.706,145263358.8188,0,BTCUSDT,1h
2026-04-23 00:00:00+00:00,78139.7,78534.9,77526.8,78389.9,12884.746,2026-04-23 00:59:59.999000+00:00,1006049434.5584,342544,6381.844,498488344.7337,0,BTCUSDT,1h
2026-04-23 01:00:00+00:00,78390.0,78445.2,78015.0,78311.0,3983.736,2026-04-23 01:59:59.999000+00:00,311583328.5556,164376,1900.317,148634388.6744,0,BTCUSDT,1h
2026-04-23 02:00:00+00:00,78310.9,78320.0,77715.0,77897.6,5149.543,2026-04-23 02:59:59.999000+00:00,401478973.5455,201485,2371.841,184940407.7073,0,BTCUSDT,1h
2026-04-23 03:00:00+00:00,77897.6,77991.7,77410.7,77704.3,7028.582,2026-04-23 03:59:59.999000+00:00,545624187.2629,196562,3420.818,265590898.2128,0,BTCUSDT,1h
2026-04-23 04:00:00+00:00,77704.3,77912.0,77627.4,77871.6,4028.953,2026-04-23 04:59:59.999000+00:00,313437455.8842,121954,2308.371,179596227.4676,0,BTCUSDT,1h
2026-04-23 05:00:00+00:00,77871.5,78093.2,77724.4,77991.9,4466.369,2026-04-23 05:59:59.999000+00:00,348005133.2724,115467,2240.921,174620486.2006,0,BTCUSDT,1h
2026-04-23 06:00:00+00:00,77992.0,78310.1,77992.0,78167.0,5625.923,2026-04-23 06:59:59.999000+00:00,439852701.1492,144573,3250.268,254131592.3512,0,BTCUSDT,1h
2026-04-23 07:00:00+00:00,78167.0,78210.9,77925.9,78009.1,3450.478,2026-04-23 07:59:59.999000+00:00,269383633.7472,105132,1509.731,117876321.9238,0,BTCUSDT,1h
2026-04-23 08:00:00+00:00,78009.1,78142.2,77680.0,77822.1,5585.852,2026-04-23 08:59:59.999000+00:00,434919717.754,146118,2866.49,223180507.9094,0,BTCUSDT,1h
2026-04-23 09:00:00+00:00,77822.1,77830.0,77400.2,77613.0,7413.85,2026-04-23 09:59:59.999000+00:00,575103513.8957,160938,3355.937,260328670.8489,0,BTCUSDT,1h
2026-04-23 10:00:00+00:00,77613.0,77678.3,76504.6,77362.9,17017.695,2026-04-23 10:59:59.999000+00:00,1314390891.645,224258,6634.64,512851093.9818,0,BTCUSDT,1h
2026-04-23 11:00:00+00:00,77363.0,77709.1,77321.6,77649.9,5446.003,2026-04-23 11:59:59.999000+00:00,422088163.8782,121402,3143.86,243657342.1774,0,BTCUSDT,1h
2026-04-23 12:00:00+00:00,77650.0,77837.6,77460.4,77826.8,8226.825,2026-04-23 12:59:59.999000+00:00,639031862.796,190461,3603.151,279897408.7162,0,BTCUSDT,1h
2026-04-23 13:00:00+00:00,77826.8,77875.7,77322.8,77486.7,5854.6,2026-04-23 13:59:59.999000+00:00,454206029.9768,200008,2651.873,205744140.2571,0,BTCUSDT,1h
2026-04-23 14:00:00+00:00,77486.6,78176.0,77378.4,78132.8,9478.995,2026-04-23 14:59:59.999000+00:00,737523772.1932,273964,5467.361,425426431.963,0,BTCUSDT,1h
2026-04-23 15:00:00+00:00,78132.8,78648.0,77929.0,78329.2,11934.225,2026-04-23 15:59:59.999000+00:00,935037314.7193,278143,6043.253,473547854.8899,0,BTCUSDT,1h
2026-04-23 16:00:00+00:00,78329.3,78466.8,77965.8,78049.0,5475.753,2026-04-23 16:59:59.999000+00:00,428501943.1431,166370,2419.025,189338531.4577,0,BTCUSDT,1h
2026-04-23 17:00:00+00:00,78049.1,78137.8,76900.1,77715.2,21713.346,2026-04-23 17:59:59.999000+00:00,1681993670.6643,496022,10624.387,822964065.1624,0,BTCUSDT,1h
2026-04-23 18:00:00+00:00,77715.1,78100.0,77617.8,77631.7,10340.909,2026-04-23 18:59:59.999000+00:00,805484578.3413,257137,5313.497,413925059.2216,0,BTCUSDT,1h
2026-04-23 19:00:00+00:00,77631.5,77859.9,77543.4,77670.5,5665.343,2026-04-23 19:59:59.999000+00:00,440182305.7237,150230,3036.856,235960127.6388,0,BTCUSDT,1h
2026-04-23 20:00:00+00:00,77670.4,78020.0,77598.4,77841.3,3884.977,2026-04-23 20:59:59.999000+00:00,302304553.354,100610,2134.613,166148975.7751,0,BTCUSDT,1h
2026-04-23 21:00:00+00:00,77841.3,78044.2,77743.3,77819.6,1877.423,2026-04-23 21:59:59.999000+00:00,146249310.0791,51312,972.929,75798837.8524,0,BTCUSDT,1h
2026-04-23 22:00:00+00:00,77819.5,78299.0,77819.5,78194.2,3629.261,2026-04-23 22:59:59.999000+00:00,283569580.4873,101400,1851.811,144686188.6244,0,BTCUSDT,1h
2026-04-23 23:00:00+00:00,78194.1,78266.0,77983.5,78216.8,2321.625,2026-04-23 23:59:59.999000+00:00,181393853.1306,73730,1215.081,94943810.4765,0,BTCUSDT,1h
2026-04-24 00:00:00+00:00,78217.4,78459.1,78120.0,78376.7,2948.463,2026-04-24 00:59:59.999000+00:00,230956612.7614,104693,1522.238,119244087.0834,0,BTCUSDT,1h
2026-04-24 01:00:00+00:00,78376.7,78399.0,77901.0,78369.9,5826.227,2026-04-24 01:59:59.999000+00:00,455403867.0662,134736,2754.506,215376549.1442,0,BTCUSDT,1h
2026-04-24 02:00:00+00:00,78369.8,78546.0,77986.0,78074.0,5936.447,2026-04-24 02:59:59.999000+00:00,464726952.2004,123791,2918.125,228611974.0063,0,BTCUSDT,1h
2026-04-24 03:00:00+00:00,78074.0,78134.0,77500.0,77690.1,8698.496,2026-04-24 03:59:59.999000+00:00,675981495.6085,182335,3557.295,276411164.8109,0,BTCUSDT,1h
2026-04-24 04:00:00+00:00,77690.1,77814.7,77413.0,77620.5,3937.802,2026-04-24 04:59:59.999000+00:00,305720576.7028,104122,2024.138,157173840.0916,0,BTCUSDT,1h
2026-04-24 05:00:00+00:00,77620.5,78019.2,77401.5,77911.0,6692.759,2026-04-24 05:59:59.999000+00:00,520419958.9875,123128,4136.652,321741044.0722,0,BTCUSDT,1h
2026-04-24 06:00:00+00:00,77911.1,77945.0,77704.0,77741.9,2572.11,2026-04-24 06:59:59.999000+00:00,200167526.8624,80021,1096.038,85297247.6245,0,BTCUSDT,1h
2026-04-24 07:00:00+00:00,77742.0,77814.0,77500.0,77620.5,4052.743,2026-04-24 07:59:59.999000+00:00,314651941.7262,87429,1476.86,114671302.3089,0,BTCUSDT,1h
2026-04-24 08:00:00+00:00,77620.5,77987.2,77530.1,77744.6,4542.119,2026-04-24 08:59:59.999000+00:00,353315579.7312,110114,2465.701,191822068.5934,0,BTCUSDT,1h
2026-04-24 09:00:00+00:00,77744.6,77773.9,77355.8,77497.2,5508.841,2026-04-24 09:59:59.999000+00:00,426808234.0018,112959,2575.499,199530755.6258,0,BTCUSDT,1h
2026-04-24 10:00:00+00:00,77497.2,77765.5,77410.0,77715.2,3019.545,2026-04-24 10:59:59.999000+00:00,234323435.8681,90607,1738.888,134951824.7534,0,BTCUSDT,1h
2026-04-24 11:00:00+00:00,77715.2,78346.1,77715.1,78194.8,12224.384,2026-04-24 11:59:59.999000+00:00,954847750.1553,268627,6426.369,501915373.5839,0,BTCUSDT,1h
2026-04-24 12:00:00+00:00,78194.9,78309.2,77963.6,78233.0,4968.19,2026-04-24 12:59:59.999000+00:00,388332117.8081,133733,2509.048,196123784.1611,0,BTCUSDT,1h
2026-04-24 13:00:00+00:00,78233.0,78432.9,77870.0,78050.1,8477.317,2026-04-24 13:59:59.999000+00:00,662548609.8339,236308,4074.963,318564735.2635,0,BTCUSDT,1h
2026-04-24 14:00:00+00:00,78050.0,78060.5,77639.0,77986.4,8895.171,2026-04-24 14:59:59.999000+00:00,692473249.3083,234943,4815.736,374903457.6531,0,BTCUSDT,1h
2026-04-24 15:00:00+00:00,77986.3,78199.0,77521.0,78007.3,9049.207,2026-04-24 15:59:59.999000+00:00,704303719.9014,229998,4679.467,364216530.4048,0,BTCUSDT,1h
2026-04-24 16:00:00+00:00,78007.3,78031.9,77543.4,77732.7,6053.347,2026-04-24 16:59:59.999000+00:00,470529646.169,152093,2981.715,231751094.4879,0,BTCUSDT,1h
2026-04-24 17:00:00+00:00,77732.6,77792.9,77414.4,77644.6,7098.563,2026-04-24 17:59:59.999000+00:00,550887967.8604,151523,3639.899,282459135.5461,0,BTCUSDT,1h
2026-04-24 18:00:00+00:00,77644.5,77681.6,77308.0,77579.2,4310.364,2026-04-24 18:59:59.999000+00:00,334037940.1194,121001,2138.34,165736234.8399,0,BTCUSDT,1h
2026-04-24 19:00:00+00:00,77579.2,77711.0,77485.1,77596.1,2617.26,2026-04-24 19:59:59.999000+00:00,203059721.8266,83390,1345.267,104374637.6866,0,BTCUSDT,1h
2026-04-24 20:00:00+00:00,77596.0,77727.0,77412.8,77688.2,3057.022,2026-04-24 20:59:59.999000+00:00,237126418.8636,73772,1506.962,116902372.7346,0,BTCUSDT,1h
2026-04-24 21:00:00+00:00,77688.2,77718.5,77490.0,77490.1,1860.883,2026-04-24 21:59:59.999000+00:00,144383945.277,48808,800.905,62142748.8189,0,BTCUSDT,1h
2026-04-24 22:00:00+00:00,77490.0,77579.9,77206.8,77294.5,3447.77,2026-04-24 22:59:59.999000+00:00,266728103.5469,77193,1585.188,122657097.3923,0,BTCUSDT,1h
2026-04-24 23:00:00+00:00,77294.6,77439.1,77288.9,77395.4,1987.975,2026-04-24 23:59:59.999000+00:00,153794328.6349,46197,1125.868,87099853.7325,0,BTCUSDT,1h
2026-04-25 00:00:00+00:00,77395.3,77459.7,77254.7,77419.9,1878.806,2026-04-25 00:59:59.999000+00:00,145343136.4141,48234,890.302,68880044.1211,0,BTCUSDT,1h
2026-04-25 01:00:00+00:00,77420.0,77579.3,77392.7,77490.0,1991.297,2026-04-25 01:59:59.999000+00:00,154284922.2892,47632,1072.381,83089830.0044,0,BTCUSDT,1h
2026-04-25 02:00:00+00:00,77490.0,77608.2,77450.0,77567.6,1315.087,2026-04-25 02:59:59.999000+00:00,101981841.7248,37807,729.539,56576530.8455,0,BTCUSDT,1h
2026-04-25 03:00:00+00:00,77567.6,77678.0,77500.0,77629.0,1474.251,2026-04-25 03:59:59.999000+00:00,114391722.517,41441,759.773,58962397.6668,0,BTCUSDT,1h
2026-04-25 04:00:00+00:00,77629.0,77653.2,77545.0,77579.5,949.516,2026-04-25 04:59:59.999000+00:00,73681329.8394,28954,510.381,39605890.7619,0,BTCUSDT,1h
2026-04-25 05:00:00+00:00,77579.5,77579.5,77438.1,77475.8,1311.61,2026-04-25 05:59:59.999000+00:00,101624403.702,33933,541.064,41921567.685,0,BTCUSDT,1h
2026-04-25 06:00:00+00:00,77475.8,77547.0,77437.0,77458.8,1193.859,2026-04-25 06:59:59.999000+00:00,92511844.9673,28800,574.517,44520633.7097,0,BTCUSDT,1h
2026-04-25 07:00:00+00:00,77458.9,77533.2,77400.0,77449.9,1791.902,2026-04-25 07:59:59.999000+00:00,138816325.0473,37259,1007.419,78046452.1097,0,BTCUSDT,1h
2026-04-25 08:00:00+00:00,77449.9,77615.6,77444.0,77603.3,1450.313,2026-04-25 08:59:59.999000+00:00,112482746.413,35056,787.03,61044964.6555,0,BTCUSDT,1h
2026-04-25 09:00:00+00:00,77603.4,77736.8,77536.2,77672.5,1877.998,2026-04-25 09:59:59.999000+00:00,145831670.9612,42348,1071.696,83225176.8787,0,BTCUSDT,1h
2026-04-25 10:00:00+00:00,77672.6,77847.0,77672.5,77749.3,2789.797,2026-04-25 10:59:59.999000+00:00,216943230.2024,53415,1506.472,117150386.0937,0,BTCUSDT,1h
2026-04-25 11:00:00+00:00,77749.3,77749.3,77564.0,77638.7,2448.382,2026-04-25 11:59:59.999000+00:00,190121044.6908,50482,1086.547,84369240.2136,0,BTCUSDT,1h
2026-04-25 12:00:00+00:00,77638.7,77673.0,77500.1,77518.3,1903.699,2026-04-25 12:59:59.999000+00:00,147672786.2431,44609,933.795,72440658.3846,0,BTCUSDT,1h
2026-04-25 13:00:00+00:00,77518.3,77676.5,77518.3,77650.1,1504.373,2026-04-25 13:59:59.999000+00:00,116751578.3367,32838,840.47,65223831.0545,0,BTCUSDT,1h
2026-04-25 14:00:00+00:00,77650.1,77719.1,77589.8,77618.2,1893.011,2026-04-25 14:59:59.999000+00:00,147007273.1332,41537,877.708,68164269.2819,0,BTCUSDT,1h
2026-04-25 15:00:00+00:00,77618.3,77691.1,77263.0,77289.3,4449.411,2026-04-25 15:59:59.999000+00:00,344515605.5855,80912,1584.432,122686431.9233,0,BTCUSDT,1h
2026-04-25 16:00:00+00:00,77289.3,77411.8,77100.0,77364.0,5349.276,2026-04-25 16:59:59.999000+00:00,413490986.0281,108676,2703.371,209002338.5915,0,BTCUSDT,1h
2026-04-25 17:00:00+00:00,77364.0,77379.7,77162.0,77213.4,1763.102,2026-04-25 17:59:59.999000+00:00,136258931.4037,51543,884.265,68348949.9997,0,BTCUSDT,1h
2026-04-25 18:00:00+00:00,77213.3,77353.6,77174.2,77256.8,1995.754,2026-04-25 18:59:59.999000+00:00,154225814.1743,48444,987.64,76322252.1834,0,BTCUSDT,1h
2026-04-25 19:00:00+00:00,77256.8,77312.6,77153.0,77285.6,1493.528,2026-04-25 19:59:59.999000+00:00,115352470.2887,37890,800.249,61810570.4125,0,BTCUSDT,1h
2026-04-25 20:00:00+00:00,77285.7,77450.0,77267.3,77439.1,1483.127,2026-04-25 20:59:59.999000+00:00,114730583.4015,35558,790.715,61168689.9956,0,BTCUSDT,1h
2026-04-25 21:00:00+00:00,77439.0,77500.0,77367.0,77492.9,1480.822,2026-04-25 21:59:59.999000+00:00,114697999.361,37743,657.825,50954448.5233,0,BTCUSDT,1h
2026-04-25 22:00:00+00:00,77492.9,77599.9,77455.4,77513.2,1373.441,2026-04-25 22:59:59.999000+00:00,106463632.1838,37620,681.489,52826875.4399,0,BTCUSDT,1h
2026-04-25 23:00:00+00:00,77513.3,77615.7,77480.9,77585.0,1430.124,2026-04-25 23:59:59.999000+00:00,110915256.5776,31840,810.349,62846551.475,0,BTCUSDT,1h
2026-04-26 00:00:00+00:00,77585.0,77607.7,77401.8,77457.4,2173.275,2026-04-26 00:59:59.999000+00:00,168455732.4438,47917,735.556,57007425.6808,0,BTCUSDT,1h
2026-04-26 01:00:00+00:00,77457.4,77531.6,77395.2,77417.4,1409.129,2026-04-26 01:59:59.999000+00:00,109177921.1248,37825,621.997,48192000.9007,0,BTCUSDT,1h
2026-04-26 02:00:00+00:00,77417.3,77553.9,77410.0,77480.1,1127.32,2026-04-26 02:59:59.999000+00:00,87361335.5137,31034,607.051,47043604.8042,0,BTCUSDT,1h
2026-04-26 03:00:00+00:00,77480.0,77500.0,77280.0,77349.3,1661.189,2026-04-26 03:59:59.999000+00:00,128523332.8664,43509,686.294,53094990.547,0,BTCUSDT,1h
2026-04-26 04:00:00+00:00,77349.3,77777.0,77338.4,77727.0,3838.691,2026-04-26 04:59:59.999000+00:00,297946723.7375,75739,2181.899,169319913.7879,0,BTCUSDT,1h
2026-04-26 05:00:00+00:00,77727.1,78164.7,77670.9,77949.4,7947.368,2026-04-26 05:59:59.999000+00:00,619880229.9248,159073,4298.715,335262613.0022,0,BTCUSDT,1h
2026-04-26 06:00:00+00:00,77949.4,78012.2,77851.2,77963.2,1957.273,2026-04-26 06:59:59.999000+00:00,152545739.2595,53887,872.286,67988568.847,0,BTCUSDT,1h
2026-04-26 07:00:00+00:00,77963.3,78085.0,77920.5,78061.5,1433.48,2026-04-26 07:59:59.999000+00:00,111793468.0534,38264,794.957,62001158.4931,0,BTCUSDT,1h
2026-04-26 08:00:00+00:00,78061.5,78182.8,77973.5,77989.0,2223.646,2026-04-26 08:59:59.999000+00:00,173561100.773,57924,1027.512,80209745.2397,0,BTCUSDT,1h
2026-04-26 09:00:00+00:00,77989.1,78020.0,77880.0,77971.8,1527.171,2026-04-26 09:59:59.999000+00:00,119035410.9512,42184,708.042,55187562.0615,0,BTCUSDT,1h
2026-04-26 10:00:00+00:00,77971.8,78017.7,77914.5,77961.4,1201.415,2026-04-26 10:59:59.999000+00:00,93671992.1832,32443,517.481,40348924.8815,0,BTCUSDT,1h
2026-04-26 11:00:00+00:00,77961.5,78114.5,77961.4,78050.0,1385.869,2026-04-26 11:59:59.999000+00:00,108159137.7179,38150,714.549,55766558.6151,0,BTCUSDT,1h
2026-04-26 12:00:00+00:00,78050.0,78063.5,77715.0,77795.5,3074.328,2026-04-26 12:59:59.999000+00:00,239374497.819,64231,1103.388,85912395.3602,0,BTCUSDT,1h
2026-04-26 13:00:00+00:00,77795.4,77953.2,77742.6,77940.1,2320.964,2026-04-26 13:59:59.999000+00:00,180715566.7848,57781,1231.325,95876345.3232,0,BTCUSDT,1h
2026-04-26 14:00:00+00:00,77940.0,78136.5,77840.5,78053.4,3469.246,2026-04-26 14:59:59.999000+00:00,270695993.1719,87947,1861.777,145273733.1632,0,BTCUSDT,1h
2026-04-26 15:00:00+00:00,78053.5,78091.3,77912.5,78007.9,2519.454,2026-04-26 15:59:59.999000+00:00,196536802.6996,53574,909.973,70994325.8676,0,BTCUSDT,1h
2026-04-26 16:00:00+00:00,78007.9,78055.7,77890.0,77890.0,1674.536,2026-04-26 16:59:59.999000+00:00,130594641.6931,41928,836.969,65277824.93,0,BTCUSDT,1h
2026-04-26 17:00:00+00:00,77890.1,78026.9,77815.0,77976.7,1583.178,2026-04-26 17:59:59.999000+00:00,123384957.4721,46554,876.099,68283579.1306,0,BTCUSDT,1h
2026-04-26 18:00:00+00:00,77976.7,78326.2,77945.7,78238.1,5398.017,2026-04-26 18:59:59.999000+00:00,421938771.1063,113978,3448.431,269563430.4335,0,BTCUSDT,1h
2026-04-26 19:00:00+00:00,78238.1,78477.9,77967.9,78183.1,6594.545,2026-04-26 19:59:59.999000+00:00,515938713.1816,156360,3434.342,268734681.676,0,BTCUSDT,1h
2026-04-26 20:00:00+00:00,78183.2,78355.1,78107.0,78150.1,1663.712,2026-04-26 20:59:59.999000+00:00,130146305.1013,53247,817.808,63983021.5766,0,BTCUSDT,1h
2026-04-26 21:00:00+00:00,78150.0,78994.8,77777.0,78369.7,9228.611,2026-04-26 21:59:59.999000+00:00,723638359.6438,188289,5041.634,395624404.2983,0,BTCUSDT,1h
2026-04-26 22:00:00+00:00,78369.6,78821.1,77915.5,78274.7,8267.639,2026-04-26 22:59:59.999000+00:00,648133014.463,240723,4098.663,321360114.6018,0,BTCUSDT,1h
2026-04-26 23:00:00+00:00,78274.7,78870.3,77988.1,78613.5,6263.249,2026-04-26 23:59:59.999000+00:00,491364181.8255,195899,3305.616,259358087.1821,0,BTCUSDT,1h
2026-04-27 00:00:00+00:00,78614.4,79338.0,78319.1,79263.7,10372.842,2026-04-27 00:59:59.999000+00:00,817913327.6173,252611,5388.98,425234209.4792,0,BTCUSDT,1h
2026-04-27 01:00:00+00:00,79264.1,79455.0,78671.8,79245.3,10667.809,2026-04-27 01:59:59.999000+00:00,844272855.5811,304831,5286.923,418401338.4633,0,BTCUSDT,1h
2026-04-27 02:00:00+00:00,79245.3,79268.8,78984.7,79082.9,4176.886,2026-04-27 02:59:59.999000+00:00,330417927.2266,124813,2017.913,159633603.1316,0,BTCUSDT,1h
2026-04-27 03:00:00+00:00,79082.9,79273.4,79032.3,79065.1,3114.466,2026-04-27 03:59:59.999000+00:00,246556323.2164,93164,1584.749,125454457.9978,0,BTCUSDT,1h
2026-04-27 04:00:00+00:00,79065.1,79128.1,78830.0,78882.6,3575.923,2026-04-27 04:59:59.999000+00:00,282459320.11,96087,1506.745,119021685.2392,0,BTCUSDT,1h
2026-04-27 05:00:00+00:00,78882.6,78904.1,77503.6,77730.6,28902.851,2026-04-27 05:59:59.999000+00:00,2254357998.2702,477361,12659.197,986956541.9682,0,BTCUSDT,1h
2026-04-27 06:00:00+00:00,77730.5,77834.0,77408.6,77657.9,9659.834,2026-04-27 06:59:59.999000+00:00,750122860.2027,170030,3784.537,293890129.7061,0,BTCUSDT,1h
2026-04-27 07:00:00+00:00,77657.9,77698.2,77512.3,77556.7,3917.886,2026-04-27 07:59:59.999000+00:00,304089937.0189,100971,2054.641,159471813.6661,0,BTCUSDT,1h
2026-04-27 08:00:00+00:00,77556.7,77775.3,77500.0,77763.5,4632.246,2026-04-27 08:59:59.999000+00:00,359645378.8046,105936,2404.681,186695805.8363,0,BTCUSDT,1h
2026-04-27 09:00:00+00:00,77763.4,77949.9,77657.1,77856.1,5931.398,2026-04-27 09:59:59.999000+00:00,461666839.6895,98109,2948.987,229542721.0547,0,BTCUSDT,1h
2026-04-27 10:00:00+00:00,77856.1,77903.1,77740.1,77806.7,2606.755,2026-04-27 10:59:59.999000+00:00,202805451.5208,55475,1223.885,95222374.2232,0,BTCUSDT,1h
2026-04-27 11:00:00+00:00,77806.7,77854.2,77700.0,77804.3,1914.929,2026-04-27 11:59:59.999000+00:00,148915939.4316,51702,852.362,66292101.6341,0,BTCUSDT,1h
2026-04-27 12:00:00+00:00,77804.3,77835.7,77575.0,77627.4,4219.551,2026-04-27 12:59:59.999000+00:00,327839710.1561,85588,1656.318,128697692.5325,0,BTCUSDT,1h
2026-04-27 13:00:00+00:00,77627.3,77930.3,77516.4,77700.0,7031.14,2026-04-27 13:59:59.999000+00:00,546281560.9107,192041,3783.679,294018926.5674,0,BTCUSDT,1h
2026-04-27 14:00:00+00:00,77700.3,78232.0,77627.2,77776.0,9667.156,2026-04-27 14:59:59.999000+00:00,753474628.836,243381,4618.682,359972247.5185,0,BTCUSDT,1h
2026-04-27 15:00:00+00:00,77775.9,77796.3,76524.0,76760.0,24615.058,2026-04-27 15:59:59.999000+00:00,1895741014.4143,499564,11163.681,859654437.9632,0,BTCUSDT,1h
2026-04-27 16:00:00+00:00,76760.0,76829.1,76509.7,76587.9,7100.753,2026-04-27 16:59:59.999000+00:00,544506367.6168,171681,3379.094,259136705.6912,0,BTCUSDT,1h
2026-04-27 17:00:00+00:00,76587.9,76902.7,76585.4,76702.3,5273.641,2026-04-27 17:59:59.999000+00:00,404748309.2243,140332,2858.169,219373106.3738,0,BTCUSDT,1h
2026-04-27 18:00:00+00:00,76702.3,76858.5,76623.1,76790.7,2159.377,2026-04-27 18:59:59.999000+00:00,165680447.5323,78054,1146.922,88000617.8508,0,BTCUSDT,1h
2026-04-27 19:00:00+00:00,76790.6,76863.0,76400.0,76844.4,5721.293,2026-04-27 19:59:59.999000+00:00,438321212.7211,133548,2492.335,190962034.4166,0,BTCUSDT,1h
2026-04-27 20:00:00+00:00,76844.3,77037.0,76780.9,76915.8,2744.525,2026-04-27 20:59:59.999000+00:00,211085118.6719,68172,1311.205,100861418.0505,0,BTCUSDT,1h
2026-04-27 21:00:00+00:00,76915.8,76944.5,76740.3,76741.4,1559.525,2026-04-27 21:59:59.999000+00:00,119848141.8813,47992,646.026,49647429.0006,0,BTCUSDT,1h
2026-04-27 22:00:00+00:00,76741.4,77037.0,76714.8,77025.8,3020.956,2026-04-27 22:59:59.999000+00:00,232346167.8011,69002,1472.765,113260995.9652,0,BTCUSDT,1h
2026-04-27 23:00:00+00:00,77025.8,77419.7,76971.5,77331.2,6514.083,2026-04-27 23:59:59.999000+00:00,502891523.265,99168,3538.268,273213821.4719,0,BTCUSDT,1h
2026-04-28 00:00:00+00:00,77331.2,77450.0,77171.1,77334.9,4722.234,2026-04-28 00:59:59.999000+00:00,365057923.6328,116310,2197.75,169907140.5874,0,BTCUSDT,1h
2026-04-28 01:00:00+00:00,77334.9,77356.8,76989.0,77047.2,3331.975,2026-04-28 01:59:59.999000+00:00,257051526.3925,89653,1398.701,107905270.2831,0,BTCUSDT,1h
2026-04-28 02:00:00+00:00,77047.2,77187.7,76632.4,76845.0,5540.628,2026-04-28 02:59:59.999000+00:00,425844694.6939,139110,2841.85,218387429.6616,0,BTCUSDT,1h
2026-04-28 03:00:00+00:00,76844.9,76866.5,76633.0,76770.6,2711.856,2026-04-28 03:59:59.999000+00:00,208107317.2076,79022,1359.157,104309891.5166,0,BTCUSDT,1h
2026-04-28 04:00:00+00:00,76770.6,76921.8,76654.6,76845.2,2736.878,2026-04-28 04:59:59.999000+00:00,210147077.4418,75315,1505.749,115623734.519,0,BTCUSDT,1h
2026-04-28 05:00:00+00:00,76845.2,77132.4,76760.9,76848.0,4399.965,2026-04-28 05:59:59.999000+00:00,338608548.3109,97124,2109.199,162303138.5613,0,BTCUSDT,1h
2026-04-28 06:00:00+00:00,76848.1,76985.1,76525.6,76664.9,4227.65,2026-04-28 06:59:59.999000+00:00,324341900.7778,100263,1484.444,113887095.4031,0,BTCUSDT,1h
2026-04-28 07:00:00+00:00,76665.0,76888.0,76324.1,76828.4,6137.08,2026-04-28 07:59:59.999000+00:00,470245850.5862,148355,2938.833,225281749.3135,0,BTCUSDT,1h
2026-04-28 08:00:00+00:00,76828.3,76956.0,76701.0,76820.1,3054.31,2026-04-28 08:59:59.999000+00:00,234676900.7789,86295,1599.176,122895461.3898,0,BTCUSDT,1h
2026-04-28 09:00:00+00:00,76820.0,76823.6,76443.0,76557.2,2792.382,2026-04-28 09:59:59.999000+00:00,213960793.1954,80333,1320.508,101180944.3772,0,BTCUSDT,1h
2026-04-28 10:00:00+00:00,76557.3,76657.0,76427.8,76580.1,2723.919,2026-04-28 10:59:59.999000+00:00,208467042.5061,72688,1280.462,98001190.9691,0,BTCUSDT,1h
2026-04-28 11:00:00+00:00,76580.1,76612.3,76088.0,76198.8,7667.234,2026-04-28 11:59:59.999000+00:00,584804466.9342,181301,3586.436,273538290.7299,0,BTCUSDT,1h
2026-04-28 12:00:00+00:00,76198.9,76403.7,76129.0,76345.6,5418.068,2026-04-28 12:59:59.999000+00:00,413173507.553,141897,3068.309,234001426.5823,0,BTCUSDT,1h
2026-04-28 13:00:00+00:00,76345.6,76388.0,75904.4,76158.2,10356.863,2026-04-28 13:59:59.999000+00:00,788556166.9065,263607,4693.679,357403752.5506,0,BTCUSDT,1h
2026-04-28 14:00:00+00:00,76158.4,76175.0,75635.6,75920.0,11447.593,2026-04-28 14:59:59.999000+00:00,868064406.5949,329019,5786.009,438752268.9471,0,BTCUSDT,1h
2026-04-28 15:00:00+00:00,75920.0,76053.0,75789.6,76027.8,5697.881,2026-04-28 15:59:59.999000+00:00,432817786.3036,165269,3154.347,239613982.1094,0,BTCUSDT,1h
2026-04-28 16:00:00+00:00,76027.7,76224.2,75840.3,76091.7,3808.818,2026-04-28 16:59:59.999000+00:00,289487061.7001,124061,2102.171,159803338.2236,0,BTCUSDT,1h
2026-04-28 17:00:00+00:00,76091.7,76247.0,75915.2,76154.2,3441.505,2026-04-28 17:59:59.999000+00:00,261914194.0724,105874,1967.399,149749954.3326,0,BTCUSDT,1h
2026-04-28 18:00:00+00:00,76154.1,76251.0,76100.0,76208.2,2834.587,2026-04-28 18:59:59.999000+00:00,215934581.628,81372,1604.335,122213620.6159,0,BTCUSDT,1h
2026-04-28 19:00:00+00:00,76208.1,76352.0,76032.3,76293.6,2431.825,2026-04-28 19:59:59.999000+00:00,185348229.7418,74478,1368.674,104327719.4033,0,BTCUSDT,1h
2026-04-28 20:00:00+00:00,76293.5,76432.5,76287.1,76420.0,2552.304,2026-04-28 20:59:59.999000+00:00,194896994.0559,57439,1371.744,104754296.205,0,BTCUSDT,1h
2026-04-28 21:00:00+00:00,76420.0,76448.0,76217.8,76321.5,2075.404,2026-04-28 21:59:59.999000+00:00,158421860.3829,51048,847.712,64709629.168,0,BTCUSDT,1h
2026-04-28 22:00:00+00:00,76321.5,76409.6,76178.0,76206.2,2016.484,2026-04-28 22:59:59.999000+00:00,153856379.7356,49872,764.567,58335175.6407,0,BTCUSDT,1h
2026-04-28 23:00:00+00:00,76206.1,76340.8,76150.0,76298.1,1791.434,2026-04-28 23:59:59.999000+00:00,136610223.3016,45825,972.898,74192721.9732,0,BTCUSDT,1h
2026-04-29 00:00:00+00:00,76298.2,76519.8,76227.5,76470.9,2818.37,2026-04-29 00:59:59.999000+00:00,215213657.3667,72301,1706.048,130276971.5842,0,BTCUSDT,1h
2026-04-29 01:00:00+00:00,76471.0,76633.3,76138.7,76534.9,4055.817,2026-04-29 01:59:59.999000+00:00,309871436.2998,114931,2058.082,157289056.2471,0,BTCUSDT,1h
2026-04-29 02:00:00+00:00,76535.0,76633.3,76350.8,76488.1,2303.457,2026-04-29 02:59:59.999000+00:00,176180178.4577,72063,1166.16,89210976.9173,0,BTCUSDT,1h
2026-04-29 03:00:00+00:00,76488.0,77098.8,76466.5,76955.7,8580.322,2026-04-29 03:59:59.999000+00:00,659521053.6201,179263,4661.263,358243905.3366,0,BTCUSDT,1h
2026-04-29 04:00:00+00:00,76955.7,77432.1,76839.8,77224.2,10431.888,2026-04-29 04:59:59.999000+00:00,805332495.0799,176239,5262.053,406277240.6674,0,BTCUSDT,1h
2026-04-29 05:00:00+00:00,77224.1,77298.9,77150.0,77254.7,3625.768,2026-04-29 05:59:59.999000+00:00,279956077.265,88081,1784.529,137792965.9429,0,BTCUSDT,1h
2026-04-29 06:00:00+00:00,77254.7,77294.4,76888.0,76978.5,6541.227,2026-04-29 06:59:59.999000+00:00,503988477.5355,105002,3165.023,243827421.1294,0,BTCUSDT,1h
2026-04-29 07:00:00+00:00,76978.5,77140.0,76951.0,77003.8,3425.117,2026-04-29 07:59:59.999000+00:00,263807900.6738,67627,2061.62,158789094.9005,0,BTCUSDT,1h
2026-04-29 08:00:00+00:00,77003.8,77113.6,76921.2,76998.5,2062.265,2026-04-29 08:59:59.999000+00:00,158800861.6239,62985,923.773,71138370.0485,0,BTCUSDT,1h
2026-04-29 09:00:00+00:00,76998.4,77774.0,76918.5,77605.5,10758.462,2026-04-29 09:59:59.999000+00:00,833789397.323,197153,5747.308,445301671.1153,0,BTCUSDT,1h
2026-04-29 10:00:00+00:00,77605.4,77873.2,77506.8,77575.3,8863.719,2026-04-29 10:59:59.999000+00:00,688611618.8172,170011,4369.263,339474994.5936,0,BTCUSDT,1h
2026-04-29 11:00:00+00:00,77575.3,77654.7,77440.0,77552.5,4039.518,2026-04-29 11:59:59.999000+00:00,313240885.3066,94577,2245.945,174171342.3081,0,BTCUSDT,1h
2026-04-29 12:00:00+00:00,77552.5,77563.6,76945.1,77110.0,9040.986,2026-04-29 12:59:59.999000+00:00,697867110.9656,186862,3868.821,298589791.4633,0,BTCUSDT,1h
2026-04-29 13:00:00+00:00,77110.0,77225.7,76385.0,76748.7,14778.858,2026-04-29 13:59:59.999000+00:00,1134581625.5606,312666,7549.429,579626791.0679,0,BTCUSDT,1h
2026-04-29 14:00:00+00:00,76748.6,76850.0,76441.5,76540.3,7706.251,2026-04-29 14:59:59.999000+00:00,590466192.1117,200494,4270.776,327249775.8531,0,BTCUSDT,1h
2026-04-29 15:00:00+00:00,76540.2,76607.5,75675.2,75889.1,15958.521,2026-04-29 15:59:59.999000+00:00,1214111139.3355,315940,7457.733,567455385.5594,0,BTCUSDT,1h
2026-04-29 16:00:00+00:00,75889.1,76115.4,75653.0,75774.7,12042.679,2026-04-29 16:59:59.999000+00:00,913308787.126,211077,6236.641,473038688.8871,0,BTCUSDT,1h
2026-04-29 17:00:00+00:00,75774.7,76145.8,75752.5,76139.6,6567.744,2026-04-29 17:59:59.999000+00:00,498773060.2006,148488,3275.759,248782235.4238,0,BTCUSDT,1h
2026-04-29 18:00:00+00:00,76139.3,76220.0,74868.0,75470.1,29543.33,2026-04-29 18:59:59.999000+00:00,2222442800.3468,464779,14032.905,1055481662.926,0,BTCUSDT,1h
2026-04-29 19:00:00+00:00,75470.1,75564.0,75251.6,75518.5,6232.553,2026-04-29 19:59:59.999000+00:00,470145768.0115,135942,3099.627,233840497.9996,0,BTCUSDT,1h
2026-04-29 20:00:00+00:00,75518.4,75826.7,75448.0,75636.0,7360.038,2026-04-29 20:59:59.999000+00:00,556594290.8879,150113,3625.947,274237686.3626,0,BTCUSDT,1h
2026-04-29 21:00:00+00:00,75636.1,76061.2,75562.3,75883.1,3816.321,2026-04-29 21:59:59.999000+00:00,289347227.3019,74951,1927.841,146213914.6532,0,BTCUSDT,1h
2026-04-29 22:00:00+00:00,75883.1,75966.0,75775.7,75884.5,3301.14,2026-04-29 22:59:59.999000+00:00,250529600.1853,70378,1484.418,112657614.2229,0,BTCUSDT,1h
2026-04-29 23:00:00+00:00,75884.5,75956.8,75651.3,75749.9,2679.152,2026-04-29 23:59:59.999000+00:00,203078362.4254,72733,1037.115,78611011.5918,0,BTCUSDT,1h
2026-04-30 00:00:00+00:00,75749.9,76300.0,75612.2,76199.1,6686.166,2026-04-30 00:59:59.999000+00:00,508246718.7628,152267,3838.946,291833959.1134,0,BTCUSDT,1h
2026-04-30 01:00:00+00:00,76199.1,76445.0,76130.1,76193.9,4748.673,2026-04-30 01:59:59.999000+00:00,362144340.8466,121472,2446.889,186634375.3818,0,BTCUSDT,1h
2026-04-30 02:00:00+00:00,76193.9,76311.8,75448.9,75663.6,8068.355,2026-04-30 02:59:59.999000+00:00,611705645.3347,194733,3571.724,270756621.0492,0,BTCUSDT,1h
2026-04-30 03:00:00+00:00,75663.5,75950.0,75608.6,75882.1,2571.359,2026-04-30 03:59:59.999000+00:00,194918994.7096,77742,1408.092,106742356.1236,0,BTCUSDT,1h
2026-04-30 04:00:00+00:00,75881.6,75931.7,75363.2,75458.3,4706.24,2026-04-30 04:59:59.999000+00:00,355674488.3177,116871,2185.122,165158588.6339,0,BTCUSDT,1h
2026-04-30 05:00:00+00:00,75458.4,75721.0,75273.5,75569.6,3431.262,2026-04-30 05:59:59.999000+00:00,259242652.7026,93518,1974.124,149179505.5519,0,BTCUSDT,1h
2026-04-30 06:00:00+00:00,75569.6,75835.6,75540.1,75720.6,2811.479,2026-04-30 06:59:59.999000+00:00,212794452.8573,77782,1439.558,108961374.8328,0,BTCUSDT,1h
2026-04-30 07:00:00+00:00,75720.6,76148.0,75684.6,76129.9,4812.983,2026-04-30 07:59:59.999000+00:00,365546790.9484,96516,2879.542,218697742.7729,0,BTCUSDT,1h
2026-04-30 08:00:00+00:00,76129.9,76180.0,75987.6,76025.7,4692.217,2026-04-30 08:59:59.999000+00:00,356890927.1867,77566,2472.357,188037382.1732,0,BTCUSDT,1h
2026-04-30 09:00:00+00:00,76025.8,76332.6,75973.3,76062.7,3618.199,2026-04-30 09:59:59.999000+00:00,275481332.3062,93364,1899.884,144673423.3369,0,BTCUSDT,1h
2026-04-30 10:00:00+00:00,76062.7,76136.6,75943.3,76001.6,2477.841,2026-04-30 10:59:59.999000+00:00,188369489.0951,72559,1025.814,77987510.9801,0,BTCUSDT,1h
2026-04-30 11:00:00+00:00,76001.7,76233.0,75836.0,76032.9,4543.519,2026-04-30 11:59:59.999000+00:00,345337311.6807,106289,2335.88,177578506.5395,0,BTCUSDT,1h
2026-04-30 12:00:00+00:00,76032.9,76375.1,76009.8,76259.0,5432.389,2026-04-30 12:59:59.999000+00:00,414200462.7887,115222,2966.383,226162920.4966,0,BTCUSDT,1h
2026-04-30 13:00:00+00:00,76259.0,76630.3,76066.6,76370.3,8634.181,2026-04-30 13:59:59.999000+00:00,659609352.6031,231355,4513.569,344851316.1828,0,BTCUSDT,1h
2026-04-30 14:00:00+00:00,76370.4,76546.7,76044.7,76256.0,7816.799,2026-04-30 14:59:59.999000+00:00,596385015.5469,248027,4116.765,314105430.6362,0,BTCUSDT,1h
2026-04-30 15:00:00+00:00,76256.1,76614.9,76116.0,76423.0,5078.328,2026-04-30 15:59:59.999000+00:00,387949524.5141,148721,2710.694,207088631.1844,0,BTCUSDT,1h
2026-04-30 16:00:00+00:00,76423.0,76446.9,76181.9,76220.1,2781.497,2026-04-30 16:59:59.999000+00:00,212342147.966,86458,1288.048,98323941.3639,0,BTCUSDT,1h
2026-04-30 17:00:00+00:00,76220.2,76294.2,76060.4,76209.2,3008.42,2026-04-30 17:59:59.999000+00:00,229138373.9289,91739,1420.467,108193951.4802,0,BTCUSDT,1h
2026-04-30 18:00:00+00:00,76209.2,76440.0,76166.3,76309.1,2871.7,2026-04-30 18:59:59.999000+00:00,219149560.1006,88081,1786.442,136335482.8537,0,BTCUSDT,1h
2026-04-30 19:00:00+00:00,76309.2,76470.5,76264.2,76366.7,3099.22,2026-04-30 19:59:59.999000+00:00,236772257.0916,75457,1741.374,133047398.8674,0,BTCUSDT,1h
2026-04-30 20:00:00+00:00,76366.7,76536.2,76273.3,76451.1,3025.849,2026-04-30 20:59:59.999000+00:00,231255707.4839,69392,1567.109,119775940.3298,0,BTCUSDT,1h
2026-04-30 21:00:00+00:00,76451.1,76495.4,76186.0,76202.8,1910.851,2026-04-30 21:59:59.999000+00:00,145881890.4885,49921,751.42,57365661.8704,0,BTCUSDT,1h
2026-04-30 22:00:00+00:00,76202.8,76409.3,76155.1,76197.9,1508.83,2026-04-30 22:59:59.999000+00:00,115090708.0987,50805,724.685,55279866.1309,0,BTCUSDT,1h
2026-04-30 23:00:00+00:00,76198.0,76347.0,76173.3,76305.4,1418.103,2026-04-30 23:59:59.999000+00:00,108160484.9024,45791,674.501,51445226.0702,0,BTCUSDT,1h
2026-05-01 00:00:00+00:00,76305.4,76557.3,76265.4,76415.1,2833.122,2026-05-01 00:59:59.999000+00:00,216569852.1153,74156,1521.187,116283619.1378,0,BTCUSDT,1h
2026-05-01 01:00:00+00:00,76415.1,76738.3,76400.1,76644.1,3011.553,2026-05-01 01:59:59.999000+00:00,230690911.6142,76057,1667.558,127754629.3545,0,BTCUSDT,1h
2026-05-01 02:00:00+00:00,76644.0,76703.2,76485.2,76552.9,2376.3,2026-05-01 02:59:59.999000+00:00,182019316.9541,55615,939.898,71990546.3533,0,BTCUSDT,1h
2026-05-01 03:00:00+00:00,76552.8,77421.2,76510.0,77082.6,13452.056,2026-05-01 03:59:59.999000+00:00,1037474645.2344,245640,8071.154,622320494.1457,0,BTCUSDT,1h
2026-05-01 04:00:00+00:00,77082.6,77177.1,76900.0,76997.4,4141.156,2026-05-01 04:59:59.999000+00:00,319043248.3887,99883,1706.205,131451165.0855,0,BTCUSDT,1h
2026-05-01 05:00:00+00:00,76997.3,77155.0,76988.0,77135.3,1833.901,2026-05-01 05:59:59.999000+00:00,141367262.1805,54495,1047.246,80726401.3305,0,BTCUSDT,1h
2026-05-01 06:00:00+00:00,77135.3,77143.5,76833.7,76953.9,2858.941,2026-05-01 06:59:59.999000+00:00,220151859.6535,79262,1405.488,108238175.8627,0,BTCUSDT,1h
2026-05-01 07:00:00+00:00,76953.8,77110.0,76922.4,77100.0,3484.42,2026-05-01 07:59:59.999000+00:00,268346014.7694,69564,1743.183,134244737.3759,0,BTCUSDT,1h
2026-05-01 08:00:00+00:00,77099.9,77480.0,77010.5,77340.0,7056.179,2026-05-01 08:59:59.999000+00:00,545654632.0449,119862,3715.55,287302349.1501,0,BTCUSDT,1h
2026-05-01 09:00:00+00:00,77340.1,77358.5,77160.0,77239.3,3412.386,2026-05-01 09:59:59.999000+00:00,263701791.6199,59811,1437.124,111054336.5404,0,BTCUSDT,1h
2026-05-01 10:00:00+00:00,77239.3,77408.7,77118.1,77268.9,2931.392,2026-05-01 10:59:59.999000+00:00,226432317.8027,64070,1565.993,120970665.5658,0,BTCUSDT,1h
2026-05-01 11:00:00+00:00,77268.9,77588.4,77232.4,77429.5,4473.362,2026-05-01 11:59:59.999000+00:00,346274618.9181,97048,2626.534,203346102.526,0,BTCUSDT,1h
2026-05-01 12:00:00+00:00,77429.6,78145.3,77368.2,77847.2,18429.963,2026-05-01 12:59:59.999000+00:00,1434918989.68,310495,10402.561,809830535.5054,0,BTCUSDT,1h
2026-05-01 13:00:00+00:00,77847.2,78879.9,77847.1,78691.3,22865.238,2026-05-01 13:59:59.999000+00:00,1791937804.117,411930,12160.474,952905269.828,0,BTCUSDT,1h
2026-05-01 14:00:00+00:00,78691.3,78860.0,78004.1,78312.9,15174.189,2026-05-01 14:59:59.999000+00:00,1190196794.5207,307634,7427.673,582652776.7639,0,BTCUSDT,1h
2026-05-01 15:00:00+00:00,78312.8,78688.0,78130.0,78395.4,10478.48,2026-05-01 15:59:59.999000+00:00,821638492.9317,229358,5480.049,429694147.5587,0,BTCUSDT,1h
2026-05-01 16:00:00+00:00,78395.4,78642.0,78130.0,78175.4,7267.884,2026-05-01 16:59:59.999000+00:00,569264084.342,188922,3646.317,285602489.726,0,BTCUSDT,1h
2026-05-01 17:00:00+00:00,78175.4,78557.4,78081.5,78509.2,4667.591,2026-05-01 17:59:59.999000+00:00,365641872.4119,130140,2659.752,208343535.6151,0,BTCUSDT,1h
2026-05-01 18:00:00+00:00,78509.3,78597.9,78336.1,78392.1,3962.063,2026-05-01 18:59:59.999000+00:00,310990310.7832,113619,2038.521,160012952.8881,0,BTCUSDT,1h
2026-05-01 19:00:00+00:00,78392.1,78514.2,78274.0,78316.9,3138.28,2026-05-01 19:59:59.999000+00:00,245910512.0761,89014,1683.346,131910475.8461,0,BTCUSDT,1h
2026-05-01 20:00:00+00:00,78317.0,78402.9,77717.7,77838.2,6294.832,2026-05-01 20:59:59.999000+00:00,491061543.5444,120544,2548.243,198835799.6195,0,BTCUSDT,1h
2026-05-01 21:00:00+00:00,77838.1,78163.8,77815.0,78163.8,3397.6,2026-05-01 21:59:59.999000+00:00,265001797.7122,76454,1977.852,154260816.3687,0,BTCUSDT,1h
2026-05-01 22:00:00+00:00,78163.8,78368.3,78091.8,78105.9,3177.489,2026-05-01 22:59:59.999000+00:00,248607140.425,69953,1447.544,113272845.991,0,BTCUSDT,1h
2026-05-01 23:00:00+00:00,78105.9,78214.5,77990.9,78192.0,2279.929,2026-05-01 23:59:59.999000+00:00,178031179.3527,49888,1048.459,81870637.8579,0,BTCUSDT,1h
2026-05-02 00:00:00+00:00,78191.9,78358.7,78123.0,78303.3,2196.897,2026-05-02 00:59:59.999000+00:00,171892664.9799,60680,1165.463,91188226.3534,0,BTCUSDT,1h
2026-05-02 01:00:00+00:00,78303.3,78413.4,78246.5,78295.8,1674.33,2026-05-02 01:59:59.999000+00:00,131126030.7567,50604,861.854,67499192.7657,0,BTCUSDT,1h
2026-05-02 02:00:00+00:00,78295.8,78480.0,78210.3,78319.2,1651.331,2026-05-02 02:59:59.999000+00:00,129358533.7833,52856,926.202,72564247.9831,0,BTCUSDT,1h
2026-05-02 03:00:00+00:00,78319.3,78503.9,78183.4,78377.7,2593.32,2026-05-02 03:59:59.999000+00:00,203183177.0632,63249,1437.129,112619371.7657,0,BTCUSDT,1h
2026-05-02 04:00:00+00:00,78377.7,78416.8,78040.0,78137.4,3846.424,2026-05-02 04:59:59.999000+00:00,300786325.5746,70938,1455.161,113801919.6619,0,BTCUSDT,1h
2026-05-02 05:00:00+00:00,78137.3,78219.6,77979.3,78140.0,3285.902,2026-05-02 05:59:59.999000+00:00,256599050.9185,65130,1677.71,131033596.6248,0,BTCUSDT,1h
2026-05-02 06:00:00+00:00,78140.1,78322.0,78099.4,78278.3,1731.257,2026-05-02 06:59:59.999000+00:00,135418004.0473,43972,1074.421,84052003.2766,0,BTCUSDT,1h
2026-05-02 07:00:00+00:00,78278.3,78304.2,78156.1,78181.6,1391.002,2026-05-02 07:59:59.999000+00:00,108820972.7435,35008,677.326,52987443.5906,0,BTCUSDT,1h
2026-05-02 08:00:00+00:00,78181.6,78318.0,78113.0,78272.2,1385.259,2026-05-02 08:59:59.999000+00:00,108363939.5741,35522,711.816,55690190.1048,0,BTCUSDT,1h
2026-05-02 09:00:00+00:00,78272.2,78359.2,78168.4,78252.3,1283.755,2026-05-02 09:59:59.999000+00:00,100481410.8949,35686,664.063,51979813.1641,0,BTCUSDT,1h
2026-05-02 10:00:00+00:00,78252.4,78273.1,78175.0,78205.4,886.618,2026-05-02 10:59:59.999000+00:00,69347514.5488,25545,440.888,34484296.2721,0,BTCUSDT,1h
2026-05-02 11:00:00+00:00,78205.5,78205.5,78055.7,78105.7,1999.778,2026-05-02 11:59:59.999000+00:00,156221112.1382,43205,917.121,71641151.5006,0,BTCUSDT,1h
2026-05-02 12:00:00+00:00,78105.7,78232.0,78056.0,78169.7,1727.077,2026-05-02 12:59:59.999000+00:00,134959928.476,38232,1040.664,81323690.7639,0,BTCUSDT,1h
2026-05-02 13:00:00+00:00,78169.7,78403.1,78169.6,78332.0,2617.892,2026-05-02 13:59:59.999000+00:00,205011481.1759,54529,1672.975,131019397.8506,0,BTCUSDT,1h
2026-05-02 14:00:00+00:00,78331.9,78458.2,78271.8,78380.9,2683.317,2026-05-02 14:59:59.999000+00:00,210294491.4802,53737,1468.033,115044226.4971,0,BTCUSDT,1h
2026-05-02 15:00:00+00:00,78380.8,78450.0,78320.0,78449.8,1206.057,2026-05-02 15:59:59.999000+00:00,94537579.9879,34307,641.303,50271256.2961,0,BTCUSDT,1h
2026-05-02 16:00:00+00:00,78449.8,78565.9,78390.0,78419.9,2698.317,2026-05-02 16:59:59.999000+00:00,211761335.308,64705,1525.599,119740212.6123,0,BTCUSDT,1h
2026-05-02 17:00:00+00:00,78419.9,78453.9,78328.1,78362.1,1005.401,2026-05-02 17:59:59.999000+00:00,78817042.8849,29295,409.132,32074974.5718,0,BTCUSDT,1h
2026-05-02 18:00:00+00:00,78362.1,78459.0,78277.0,78432.1,1216.117,2026-05-02 18:59:59.999000+00:00,95289610.7783,38452,585.797,45907176.888,0,BTCUSDT,1h
2026-05-02 19:00:00+00:00,78432.0,78486.5,78404.8,78443.8,682.391,2026-05-02 19:59:59.999000+00:00,53524100.393,23128,343.819,26967966.0306,0,BTCUSDT,1h
2026-05-02 20:00:00+00:00,78444.1,78449.0,78376.0,78415.2,551.75,2026-05-02 20:59:59.999000+00:00,43262214.79,20297,272.302,21350195.4864,0,BTCUSDT,1h
2026-05-02 21:00:00+00:00,78415.3,79145.0,78401.5,78689.8,8643.996,2026-05-02 21:59:59.999000+00:00,681678860.0844,151266,5131.562,404667578.5654,0,BTCUSDT,1h
2026-05-02 22:00:00+00:00,78689.7,78838.0,78569.2,78793.2,2889.876,2026-05-02 22:59:59.999000+00:00,227413211.4147,81767,1453.17,114355705.9421,0,BTCUSDT,1h
2026-05-02 23:00:00+00:00,78793.2,78793.2,78588.3,78652.9,1593.044,2026-05-02 23:59:59.999000+00:00,125372037.9578,48753,770.289,60620291.2962,0,BTCUSDT,1h
2026-05-03 00:00:00+00:00,78652.8,78740.5,78437.8,78499.9,3340.415,2026-05-03 00:59:59.999000+00:00,262410156.9328,69121,1545.059,121392058.5952,0,BTCUSDT,1h
2026-05-03 01:00:00+00:00,78499.9,78500.0,78100.0,78200.0,4310.343,2026-05-03 01:59:59.999000+00:00,337359058.758,97565,1809.077,141579852.4436,0,BTCUSDT,1h
2026-05-03 02:00:00+00:00,78200.0,78272.0,78069.0,78131.3,3527.589,2026-05-03 02:59:59.999000+00:00,275609687.307,64432,1462.55,114271369.2896,0,BTCUSDT,1h
2026-05-03 03:00:00+00:00,78131.4,78185.0,78075.1,78162.4,2031.354,2026-05-03 03:59:59.999000+00:00,158689926.3293,44855,1081.127,84466206.5252,0,BTCUSDT,1h
2026-05-03 04:00:00+00:00,78162.3,78202.6,78075.8,78132.3,1381.549,2026-05-03 04:59:59.999000+00:00,107954957.9736,36407,815.529,63726288.318,0,BTCUSDT,1h
2026-05-03 05:00:00+00:00,78132.3,78227.7,78121.1,78208.5,1139.456,2026-05-03 05:59:59.999000+00:00,89094138.7094,27702,814.47,63685183.4162,0,BTCUSDT,1h
2026-05-03 06:00:00+00:00,78208.5,78318.7,78027.0,78249.0,2139.475,2026-05-03 06:59:59.999000+00:00,167204287.2503,50577,1147.904,89726669.9526,0,BTCUSDT,1h
2026-05-03 07:00:00+00:00,78249.0,78415.4,78248.9,78316.6,2420.464,2026-05-03 07:59:59.999000+00:00,189640473.4263,58531,1288.558,100958835.6328,0,BTCUSDT,1h
2026-05-03 08:00:00+00:00,78316.6,78475.3,78316.5,78343.5,1313.598,2026-05-03 08:59:59.999000+00:00,102985255.9045,36796,630.246,49413041.7343,0,BTCUSDT,1h
2026-05-03 09:00:00+00:00,78343.5,78579.0,78295.1,78496.5,2342.27,2026-05-03 09:59:59.999000+00:00,183756978.7933,59542,1327.55,104153601.1583,0,BTCUSDT,1h
2026-05-03 10:00:00+00:00,78496.6,78499.9,78358.3,78369.4,1126.267,2026-05-03 10:59:59.999000+00:00,88310836.8307,32158,459.538,36033347.4682,0,BTCUSDT,1h
2026-05-03 11:00:00+00:00,78369.3,78814.7,78340.0,78620.5,4413.802,2026-05-03 11:59:59.999000+00:00,347046663.1696,93464,2684.797,211096738.3175,0,BTCUSDT,1h
2026-05-03 12:00:00+00:00,78620.6,78850.0,78620.6,78715.4,3638.846,2026-05-03 12:59:59.999000+00:00,286512298.4729,81274,1725.403,135854214.2919,0,BTCUSDT,1h
2026-05-03 13:00:00+00:00,78715.3,78739.8,78522.9,78634.3,2282.92,2026-05-03 13:59:59.999000+00:00,179510661.4815,52500,908.932,71470803.3393,0,BTCUSDT,1h
2026-05-03 14:00:00+00:00,78634.4,78750.0,78577.0,78700.6,1937.694,2026-05-03 14:59:59.999000+00:00,152442583.5674,53002,955.336,75162284.5823,0,BTCUSDT,1h
2026-05-03 15:00:00+00:00,78700.6,78787.7,78584.1,78625.2,1990.431,2026-05-03 15:59:59.999000+00:00,156631601.5855,65629,867.983,68314800.9664,0,BTCUSDT,1h
2026-05-03 16:00:00+00:00,78625.2,78749.5,78550.0,78619.1,1400.374,2026-05-03 16:59:59.999000+00:00,110120330.0135,59347,738.988,58116737.4909,0,BTCUSDT,1h
2026-05-03 17:00:00+00:00,78619.2,78790.0,78514.2,78693.7,1981.687,2026-05-03 17:59:59.999000+00:00,155922832.6017,63668,1103.97,86869905.7333,0,BTCUSDT,1h
2026-05-03 18:00:00+00:00,78693.7,78730.6,78588.2,78706.7,984.952,2026-05-03 18:59:59.999000+00:00,77480297.4891,31813,535.318,42112672.1847,0,BTCUSDT,1h
2026-05-03 19:00:00+00:00,78706.7,78832.2,78637.8,78729.1,1376.932,2026-05-03 19:59:59.999000+00:00,108405282.5667,38816,646.594,50915935.8477,0,BTCUSDT,1h
2026-05-03 20:00:00+00:00,78729.1,79266.0,78690.0,78889.0,7057.354,2026-05-03 20:59:59.999000+00:00,557487061.2353,138267,4221.428,333513468.8981,0,BTCUSDT,1h
2026-05-03 21:00:00+00:00,78889.0,79026.0,78608.8,78794.5,3120.386,2026-05-03 21:59:59.999000+00:00,245864177.2075,78448,1435.985,113131787.5402,0,BTCUSDT,1h
2026-05-03 22:00:00+00:00,78794.6,79428.9,78794.6,79141.4,10542.259,2026-05-03 22:59:59.999000+00:00,834583191.6312,263924,5860.695,464051073.815,0,BTCUSDT,1h
2026-05-03 23:00:00+00:00,79141.5,79260.3,78440.0,78529.0,6233.204,2026-05-03 23:59:59.999000+00:00,490673308.6893,171972,2753.99,216774750.8882,0,BTCUSDT,1h
2026-05-04 00:00:00+00:00,78529.0,78538.3,78235.4,78504.9,5606.024,2026-05-04 00:59:59.999000+00:00,439486476.1673,153329,2624.503,205757955.3785,0,BTCUSDT,1h
2026-05-04 01:00:00+00:00,78505.0,79849.8,78374.9,79755.9,18031.254,2026-05-04 01:59:59.999000+00:00,1429004178.5856,330955,10489.918,831541737.2728,0,BTCUSDT,1h
2026-05-04 02:00:00+00:00,79756.0,80400.0,79493.0,80136.6,26000.914,2026-05-04 02:59:59.999000+00:00,2079271489.1956,534908,15281.235,1222156358.0165,0,BTCUSDT,1h
2026-05-04 03:00:00+00:00,80136.6,80426.0,79873.3,80278.7,9846.02,2026-05-04 03:59:59.999000+00:00,789103562.3318,239017,4968.267,398262588.9213,0,BTCUSDT,1h
2026-05-04 04:00:00+00:00,80278.7,80590.2,80184.8,80300.0,9960.785,2026-05-04 04:59:59.999000+00:00,800490665.2995,232141,5408.454,434720883.5226,0,BTCUSDT,1h
2026-05-04 05:00:00+00:00,80300.0,80370.0,79905.0,79983.9,8772.023,2026-05-04 05:59:59.999000+00:00,702256580.9546,146981,4758.742,380916532.4835,0,BTCUSDT,1h
2026-05-04 06:00:00+00:00,79984.0,80005.8,79440.0,79824.7,8760.329,2026-05-04 06:59:59.999000+00:00,698397995.8979,181051,4241.456,338129816.5658,0,BTCUSDT,1h
2026-05-04 07:00:00+00:00,79824.7,79907.6,79633.0,79663.5,3303.354,2026-05-04 07:59:59.999000+00:00,263514280.4147,86306,1480.652,118118446.0463,0,BTCUSDT,1h
2026-05-04 08:00:00+00:00,79663.4,79768.6,79555.8,79666.5,3890.024,2026-05-04 08:59:59.999000+00:00,309890159.1343,96104,2033.267,161969949.4981,0,BTCUSDT,1h
2026-05-04 09:00:00+00:00,79666.6,79900.0,79600.2,79800.1,3658.996,2026-05-04 09:59:59.999000+00:00,291841615.1499,90314,2185.77,174335015.646,0,BTCUSDT,1h
2026-05-04 10:00:00+00:00,79800.1,79851.3,78128.3,78894.8,48091.994,2026-05-04 10:59:59.999000+00:00,3783940530.5676,718067,20475.688,1611015399.5622,0,BTCUSDT,1h
2026-05-04 11:00:00+00:00,78894.9,79080.0,78658.1,78753.5,9358.674,2026-05-04 11:59:59.999000+00:00,738028267.0081,158504,3322.611,262013048.1575,0,BTCUSDT,1h
2026-05-04 12:00:00+00:00,78753.5,78993.7,78670.6,78816.1,4486.148,2026-05-04 12:59:59.999000+00:00,353751743.2259,116021,2280.966,179852149.2103,0,BTCUSDT,1h
2026-05-04 13:00:00+00:00,78816.1,79099.7,78532.9,78747.6,10649.286,2026-05-04 13:59:59.999000+00:00,839424122.8336,241907,4830.195,380738032.1658,0,BTCUSDT,1h
2026-05-04 14:00:00+00:00,78747.6,80528.9,78450.0,80160.1,28439.342,2026-05-04 14:59:59.999000+00:00,2267814138.0268,516739,15071.612,1201689627.009,0,BTCUSDT,1h
2026-05-04 15:00:00+00:00,80165.2,80332.8,79246.7,79976.7,32330.021,2026-05-04 15:59:59.999000+00:00,2579805508.5654,556491,15294.465,1220365104.9943,0,BTCUSDT,1h
2026-05-04 16:00:00+00:00,79976.6,80352.0,79562.0,79982.4,13490.048,2026-05-04 16:59:59.999000+00:00,1079850879.2401,357777,7035.007,563152124.026,0,BTCUSDT,1h
2026-05-04 17:00:00+00:00,79982.3,80771.7,79978.6,80339.8,13498.969,2026-05-04 17:59:59.999000+00:00,1085633185.2362,273717,7481.967,601830369.6297,0,BTCUSDT,1h
2026-05-04 18:00:00+00:00,80339.8,80395.9,80001.0,80080.9,7363.536,2026-05-04 18:59:59.999000+00:00,590608831.7662,141242,2787.452,223572804.5548,0,BTCUSDT,1h
2026-05-04 19:00:00+00:00,80080.9,80108.0,79848.5,80018.4,4571.725,2026-05-04 19:59:59.999000+00:00,365582341.6673,118459,1824.348,145901094.9366,0,BTCUSDT,1h
2026-05-04 20:00:00+00:00,80018.3,80124.7,79846.5,79896.5,2597.615,2026-05-04 20:59:59.999000+00:00,207687613.6078,75900,1304.124,104266555.4753,0,BTCUSDT,1h
2026-05-04 21:00:00+00:00,79896.5,80349.6,79896.4,80216.9,2456.981,2026-05-04 21:59:59.999000+00:00,196971009.0484,72872,1550.437,124277533.9463,0,BTCUSDT,1h
2026-05-04 22:00:00+00:00,80216.9,80363.2,80003.6,80031.9,2463.022,2026-05-04 22:59:59.999000+00:00,197498365.6894,70966,1175.856,94291653.6908,0,BTCUSDT,1h
2026-05-04 23:00:00+00:00,80031.9,80032.0,79715.9,79826.1,3289.498,2026-05-04 23:59:59.999000+00:00,262617496.9999,78463,1832.29,146277535.8789,0,BTCUSDT,1h
2026-05-05 00:00:00+00:00,79826.1,80150.0,79761.2,80130.9,3195.753,2026-05-05 00:59:59.999000+00:00,255547335.1262,89336,1788.673,143033129.1692,0,BTCUSDT,1h
2026-05-05 01:00:00+00:00,80130.9,80343.0,80031.5,80310.9,3348.09,2026-05-05 01:59:59.999000+00:00,268551639.0712,86627,1813.669,145477965.5373,0,BTCUSDT,1h
2026-05-05 02:00:00+00:00,80310.9,80871.4,80255.5,80514.4,8623.726,2026-05-05 02:59:59.999000+00:00,694967663.8762,163328,4938.018,397986487.0268,0,BTCUSDT,1h
2026-05-05 03:00:00+00:00,80514.4,81050.0,80411.1,80836.9,8859.476,2026-05-05 03:59:59.999000+00:00,715941593.9736,182868,5342.945,431835480.7836,0,BTCUSDT,1h
2026-05-05 04:00:00+00:00,80836.8,80941.9,80671.4,80850.8,4460.61,2026-05-05 04:59:59.999000+00:00,360473597.6372,110741,1964.372,158748780.7836,0,BTCUSDT,1h
2026-05-05 05:00:00+00:00,80850.9,81278.2,80783.8,80924.1,13806.146,2026-05-05 05:59:59.999000+00:00,1118824187.5463,188561,8714.963,706320201.5105,0,BTCUSDT,1h
2026-05-05 06:00:00+00:00,80924.2,80973.8,80750.0,80934.6,3804.971,2026-05-05 06:59:59.999000+00:00,307613842.2989,95284,1918.93,155148570.8424,0,BTCUSDT,1h
2026-05-05 07:00:00+00:00,80934.7,81111.0,80793.7,80815.8,4895.19,2026-05-05 07:59:59.999000+00:00,396267539.4158,105264,1969.875,159474719.4604,0,BTCUSDT,1h
2026-05-05 08:00:00+00:00,80815.8,80837.9,80674.7,80776.0,5268.223,2026-05-05 08:59:59.999000+00:00,425622189.2699,75852,2502.294,202178326.3918,0,BTCUSDT,1h
2026-05-05 09:00:00+00:00,80776.0,80776.0,80480.6,80551.0,4744.606,2026-05-05 09:59:59.999000+00:00,382405880.2569,95010,2193.429,176780366.2625,0,BTCUSDT,1h
2026-05-05 10:00:00+00:00,80551.0,80789.0,80488.0,80786.8,3965.855,2026-05-05 10:59:59.999000+00:00,320029427.3203,86733,2134.526,172250093.1715,0,BTCUSDT,1h
2026-05-05 11:00:00+00:00,80786.7,81071.0,80735.8,80973.0,7935.593,2026-05-05 11:59:59.999000+00:00,641649561.1293,113377,5480.837,443102825.0959,0,BTCUSDT,1h
2026-05-05 12:00:00+00:00,80973.1,81258.0,80879.5,81223.3,7294.89,2026-05-05 12:59:59.999000+00:00,592052110.3548,137062,4340.15,352259645.0691,0,BTCUSDT,1h
2026-05-05 13:00:00+00:00,81223.3,81656.6,81138.0,81278.3,23631.782,2026-05-05 13:59:59.999000+00:00,1925011219.6664,372270,14406.653,1173598020.8534,0,BTCUSDT,1h
2026-05-05 14:00:00+00:00,81278.3,81458.8,80890.0,81284.1,10606.334,2026-05-05 14:59:59.999000+00:00,860822810.9287,310142,5211.583,423084513.5531,0,BTCUSDT,1h
2026-05-05 15:00:00+00:00,81284.0,81640.7,81184.0,81488.7,7558.484,2026-05-05 15:59:59.999000+00:00,616148667.1474,194915,4046.654,329875192.4883,0,BTCUSDT,1h
2026-05-05 16:00:00+00:00,81488.7,81578.1,81000.0,81250.7,9912.893,2026-05-05 16:59:59.999000+00:00,805254978.2255,204720,4824.605,391987594.2774,0,BTCUSDT,1h
2026-05-05 17:00:00+00:00,81250.6,81420.0,81133.3,81223.6,3484.672,2026-05-05 17:59:59.999000+00:00,283239802.736,105930,1903.067,154706654.4849,0,BTCUSDT,1h
2026-05-05 18:00:00+00:00,81223.6,81577.4,81223.6,81463.6,3167.069,2026-05-05 18:59:59.999000+00:00,257921222.1683,97715,1853.579,150945932.1613,0,BTCUSDT,1h
2026-05-05 19:00:00+00:00,81463.6,81636.4,81347.5,81554.4,3810.26,2026-05-05 19:59:59.999000+00:00,310691978.2119,89679,2233.714,182153965.6148,0,BTCUSDT,1h
2026-05-05 20:00:00+00:00,81554.3,81729.3,81458.0,81607.2,8236.403,2026-05-05 20:59:59.999000+00:00,672247327.1344,146157,5254.332,428880619.6607,0,BTCUSDT,1h
2026-05-05 21:00:00+00:00,81607.2,81745.4,81266.5,81363.3,4414.086,2026-05-05 21:59:59.999000+00:00,359815347.4332,114381,2367.253,193003950.672,0,BTCUSDT,1h
2026-05-05 22:00:00+00:00,81363.4,81564.4,80752.8,81076.7,10927.281,2026-05-05 22:59:59.999000+00:00,886225449.8921,228428,5346.036,433582333.6077,0,BTCUSDT,1h
2026-05-05 23:00:00+00:00,81076.7,81176.9,80716.8,80861.9,4969.135,2026-05-05 23:59:59.999000+00:00,402171972.4917,123467,2229.21,180396550.9509,0,BTCUSDT,1h
2026-05-06 00:00:00+00:00,80861.9,81228.4,80651.2,80980.5,6787.966,2026-05-06 00:59:59.999000+00:00,549700949.8836,160377,3616.757,292914195.0646,0,BTCUSDT,1h
2026-05-06 01:00:00+00:00,80980.4,81490.0,80942.7,81390.4,4493.266,2026-05-06 01:59:59.999000+00:00,365053269.1766,130043,2540.018,206365347.0986,0,BTCUSDT,1h
2026-05-06 02:00:00+00:00,81390.4,81400.0,81000.0,81319.5,2928.988,2026-05-06 02:59:59.999000+00:00,237799002.3893,102409,1381.724,112169797.829,0,BTCUSDT,1h
2026-05-06 03:00:00+00:00,81319.5,81716.3,81308.7,81535.9,5125.641,2026-05-06 03:59:59.999000+00:00,417904918.0235,135479,2711.238,221066982.5936,0,BTCUSDT,1h
2026-05-06 04:00:00+00:00,81535.9,81599.0,81223.6,81285.1,3240.989,2026-05-06 04:59:59.999000+00:00,263838584.664,105816,1557.391,126767127.962,0,BTCUSDT,1h
2026-05-06 05:00:00+00:00,81285.0,81307.3,81005.6,81277.8,3446.87,2026-05-06 05:59:59.999000+00:00,279754586.1877,101474,1663.535,135044969.225,0,BTCUSDT,1h
2026-05-06 06:00:00+00:00,81277.9,81474.9,81154.6,81431.7,2787.037,2026-05-06 06:59:59.999000+00:00,226676029.0737,83301,1596.529,129847134.6631,0,BTCUSDT,1h
2026-05-06 07:00:00+00:00,81431.7,81571.4,81269.5,81333.3,3593.762,2026-05-06 07:59:59.999000+00:00,292678292.8519,91128,1667.901,135841320.2929,0,BTCUSDT,1h
2026-05-06 08:00:00+00:00,81333.4,81945.0,81280.0,81903.6,11607.808,2026-05-06 08:59:59.999000+00:00,948993537.8557,221352,6862.629,561059937.605,0,BTCUSDT,1h
2026-05-06 09:00:00+00:00,81903.7,82019.2,81618.7,81959.3,12700.462,2026-05-06 09:59:59.999000+00:00,1039892047.3415,224662,6537.298,535304072.1145,0,BTCUSDT,1h
2026-05-06 10:00:00+00:00,81959.2,82360.9,81929.9,82242.1,13253.165,2026-05-06 10:59:59.999000+00:00,1088439734.275,255865,8107.153,665913362.1913,0,BTCUSDT,1h
2026-05-06 11:00:00+00:00,82242.0,82828.7,82211.3,82485.4,15315.668,2026-05-06 11:59:59.999000+00:00,1264337850.0205,298682,8634.265,712745319.9311,0,BTCUSDT,1h
2026-05-06 12:00:00+00:00,82485.3,82508.7,82120.0,82188.0,9116.091,2026-05-06 12:59:59.999000+00:00,750264783.4742,188926,3831.916,315377158.0574,0,BTCUSDT,1h
2026-05-06 13:00:00+00:00,82187.9,82187.9,81539.4,81621.1,14320.789,2026-05-06 13:59:59.999000+00:00,1172161918.9783,356338,6784.783,555441253.5047,0,BTCUSDT,1h
2026-05-06 14:00:00+00:00,81621.4,81934.6,81073.1,81471.6,16993.761,2026-05-06 14:59:59.999000+00:00,1384909971.0043,388475,8309.596,677297135.1871,0,BTCUSDT,1h
2026-05-06 15:00:00+00:00,81471.6,81780.0,81257.1,81656.4,6583.026,2026-05-06 15:59:59.999000+00:00,536883038.835,189511,3433.449,280026920.865,0,BTCUSDT,1h
2026-05-06 16:00:00+00:00,81656.4,81855.0,81372.6,81575.3,5659.811,2026-05-06 16:59:59.999000+00:00,461924559.2978,160687,2549.618,208129787.4319,0,BTCUSDT,1h
2026-05-06 17:00:00+00:00,81575.4,81667.3,81335.0,81401.5,3115.004,2026-05-06 17:59:59.999000+00:00,253725774.7652,112468,1344.758,109542645.1518,0,BTCUSDT,1h
2026-05-06 18:00:00+00:00,81401.6,81520.9,81213.2,81300.0,3202.617,2026-05-06 18:59:59.999000+00:00,260552472.0288,110986,1514.762,123245578.3127,0,BTCUSDT,1h
2026-05-06 19:00:00+00:00,81300.0,81470.4,81137.8,81416.5,2722.756,2026-05-06 19:59:59.999000+00:00,221380415.4059,90287,1364.167,110928991.018,0,BTCUSDT,1h
2026-05-06 20:00:00+00:00,81416.5,81655.0,81251.7,81378.5,3420.381,2026-05-06 20:59:59.999000+00:00,278613721.6735,90914,1639.528,133530463.2441,0,BTCUSDT,1h
2026-05-06 21:00:00+00:00,81378.6,81579.0,81250.0,81494.6,1471.516,2026-05-06 21:59:59.999000+00:00,119842219.0392,48947,809.962,65968823.6471,0,BTCUSDT,1h
2026-05-06 22:00:00+00:00,81494.7,81502.7,81192.3,81295.8,1996.033,2026-05-06 22:59:59.999000+00:00,162280533.371,67350,1010.636,82164469.3985,0,BTCUSDT,1h
2026-05-06 23:00:00+00:00,81295.8,81404.0,80929.8,81390.1,4317.101,2026-05-06 23:59:59.999000+00:00,350286251.3109,98798,1873.037,152008983.6303,0,BTCUSDT,1h
2026-05-07 00:00:00+00:00,81390.0,81450.5,80925.6,80966.9,4684.83,2026-05-07 00:59:59.999000+00:00,379999103.4602,119626,2169.427,175994122.2106,0,BTCUSDT,1h
2026-05-07 01:00:00+00:00,80967.0,81245.9,80767.1,81121.2,6285.66,2026-05-07 01:59:59.999000+00:00,509377377.7796,162612,3206.643,259920801.1231,0,BTCUSDT,1h
2026-05-07 02:00:00+00:00,81121.2,81134.1,80836.0,81076.8,4769.925,2026-05-07 02:59:59.999000+00:00,386186936.4184,121926,2395.745,193960205.4444,0,BTCUSDT,1h
2026-05-07 03:00:00+00:00,81076.7,81076.7,80780.0,80797.3,2629.383,2026-05-07 03:59:59.999000+00:00,212764462.6317,77717,1120.847,90690035.3038,0,BTCUSDT,1h
2026-05-07 04:00:00+00:00,80797.4,80961.8,80675.8,80939.9,4053.29,2026-05-07 04:59:59.999000+00:00,327650008.6907,90294,2222.821,179705594.9445,0,BTCUSDT,1h
2026-05-07 05:00:00+00:00,80939.9,81145.7,80930.0,81047.4,2984.082,2026-05-07 05:59:59.999000+00:00,241838039.8917,74551,1621.812,131443651.8277,0,BTCUSDT,1h
2026-05-07 06:00:00+00:00,81047.4,81400.0,80842.4,81395.3,5453.313,2026-05-07 06:59:59.999000+00:00,442480038.6215,114908,3104.775,251936482.2208,0,BTCUSDT,1h
2026-05-07 07:00:00+00:00,81395.3,81680.6,81350.0,81480.1,7065.961,2026-05-07 07:59:59.999000+00:00,575979714.2151,140619,3420.16,278765218.0163,0,BTCUSDT,1h
2026-05-07 08:00:00+00:00,81480.0,81564.6,81161.6,81195.9,4516.181,2026-05-07 08:59:59.999000+00:00,367361421.8255,111618,1898.852,154461551.4043,0,BTCUSDT,1h
2026-05-07 09:00:00+00:00,81196.0,81196.0,80803.0,80888.9,5990.831,2026-05-07 09:59:59.999000+00:00,485159727.8943,120481,2521.658,204205874.5591,0,BTCUSDT,1h
2026-05-07 10:00:00+00:00,80888.8,80970.7,80521.8,80800.0,6040.833,2026-05-07 10:59:59.999000+00:00,487786681.8295,133214,2805.483,226546343.5529,0,BTCUSDT,1h
2026-05-07 11:00:00+00:00,80800.1,81028.7,80738.0,80827.9,3470.722,2026-05-07 11:59:59.999000+00:00,280724085.9763,92234,1846.959,149392334.0037,0,BTCUSDT,1h
2026-05-07 12:00:00+00:00,80827.9,81158.7,80800.0,81118.5,3425.996,2026-05-07 12:59:59.999000+00:00,277519576.9709,103433,1935.282,156770119.752,0,BTCUSDT,1h
2026-05-07 13:00:00+00:00,81118.4,81123.9,80187.9,80457.5,11703.803,2026-05-07 13:59:59.999000+00:00,942696949.6758,301266,4968.91,400169207.58,0,BTCUSDT,1h
2026-05-07 14:00:00+00:00,80457.6,80656.2,80000.1,80130.1,12818.532,2026-05-07 14:59:59.999000+00:00,1029101600.8609,307458,6143.873,493340767.8579,0,BTCUSDT,1h
2026-05-07 15:00:00+00:00,80130.2,80242.3,79605.0,79861.6,13029.125,2026-05-07 15:59:59.999000+00:00,1041203406.0856,295819,6182.734,494183865.4514,0,BTCUSDT,1h
2026-05-07 16:00:00+00:00,79861.5,79991.7,79667.4,79763.3,6606.246,2026-05-07 16:59:59.999000+00:00,527180139.367,197521,3438.954,274441692.1607,0,BTCUSDT,1h
2026-05-07 17:00:00+00:00,79763.3,80094.7,79461.5,80053.3,7873.508,2026-05-07 17:59:59.999000+00:00,627820020.3592,207874,3909.738,311866826.3529,0,BTCUSDT,1h
2026-05-07 18:00:00+00:00,80053.3,80235.0,79952.7,80160.1,5178.866,2026-05-07 18:59:59.999000+00:00,414926852.1723,149363,2449.121,196227866.0657,0,BTCUSDT,1h
2026-05-07 19:00:00+00:00,80160.1,80175.6,79885.9,80103.1,3311.416,2026-05-07 19:59:59.999000+00:00,265014976.1137,107064,1655.626,132493787.3984,0,BTCUSDT,1h
2026-05-07 20:00:00+00:00,80103.1,80331.6,79809.3,79838.2,3633.55,2026-05-07 20:59:59.999000+00:00,290835578.3503,96073,1716.644,137425048.4905,0,BTCUSDT,1h
2026-05-07 21:00:00+00:00,79838.3,79888.0,79576.3,79683.7,3777.471,2026-05-07 21:59:59.999000+00:00,301199249.8352,83300,1533.843,122323769.5804,0,BTCUSDT,1h
2026-05-07 22:00:00+00:00,79683.7,79946.3,79531.1,79872.1,3732.548,2026-05-07 22:59:59.999000+00:00,297650775.3782,118002,1889.143,150643984.0621,0,BTCUSDT,1h
2026-05-07 23:00:00+00:00,79872.1,80026.4,79820.0,79969.4,1691.58,2026-05-07 23:59:59.999000+00:00,135218277.9025,53772,890.194,71165217.472,0,BTCUSDT,1h
2026-05-08 00:00:00+00:00,79969.5,80106.3,79671.0,79796.1,3436.384,2026-05-08 00:59:59.999000+00:00,274672738.5304,87737,1427.07,114068658.9846,0,BTCUSDT,1h
2026-05-08 01:00:00+00:00,79796.2,79871.0,79566.0,79699.9,2388.101,2026-05-08 01:59:59.999000+00:00,190365232.8743,72895,1310.987,104512605.5635,0,BTCUSDT,1h
2026-05-08 02:00:00+00:00,79700.0,79715.2,79288.0,79449.7,6526.98,2026-05-08 02:59:59.999000+00:00,518691371.5109,163887,3051.609,242530697.3843,0,BTCUSDT,1h
2026-05-08 03:00:00+00:00,79449.7,79634.6,79137.4,79540.0,5128.074,2026-05-08 03:59:59.999000+00:00,407072125.438,138632,2629.157,208728823.3108,0,BTCUSDT,1h
2026-05-08 04:00:00+00:00,79539.9,79723.3,79506.4,79619.0,2337.291,2026-05-08 04:59:59.999000+00:00,186096463.7959,67725,1226.189,97631655.1435,0,BTCUSDT,1h
2026-05-08 05:00:00+00:00,79618.9,79743.8,79557.0,79560.2,1893.804,2026-05-08 05:59:59.999000+00:00,150805931.8981,53965,906.666,72202123.207,0,BTCUSDT,1h
2026-05-08 06:00:00+00:00,79560.2,79616.0,79370.0,79484.1,2652.384,2026-05-08 06:59:59.999000+00:00,210829978.6326,84166,1353.356,107581422.9142,0,BTCUSDT,1h
2026-05-08 07:00:00+00:00,79484.1,79690.0,79208.0,79635.0,5630.974,2026-05-08 07:59:59.999000+00:00,447289827.8474,128602,3115.524,247491300.9803,0,BTCUSDT,1h
2026-05-08 08:00:00+00:00,79635.0,79951.5,79626.0,79849.3,4927.268,2026-05-08 08:59:59.999000+00:00,393132469.1314,103169,2870.27,229006906.7748,0,BTCUSDT,1h
2026-05-08 09:00:00+00:00,79849.2,80044.6,79743.3,79826.3,4308.926,2026-05-08 09:59:59.999000+00:00,344221439.2962,98308,2067.856,165201015.4269,0,BTCUSDT,1h
2026-05-08 10:00:00+00:00,79826.2,80252.9,79729.5,80162.3,5670.134,2026-05-08 10:59:59.999000+00:00,453862801.302,124569,3157.299,252752069.5221,0,BTCUSDT,1h
2026-05-08 11:00:00+00:00,80162.3,80287.0,80080.3,80181.9,4339.445,2026-05-08 11:59:59.999000+00:00,347999904.6505,111568,2138.762,171522578.8125,0,BTCUSDT,1h
2026-05-08 12:00:00+00:00,80181.8,80478.0,79922.0,79987.6,6909.317,2026-05-08 12:59:59.999000+00:00,554083492.3828,162655,3422.344,274547076.5656,0,BTCUSDT,1h
2026-05-08 13:00:00+00:00,79987.7,80053.9,79507.6,79612.4,10296.964,2026-05-08 13:59:59.999000+00:00,820672296.9573,244096,4733.304,377189987.8085,0,BTCUSDT,1h
2026-05-08 14:00:00+00:00,79612.3,80424.4,79612.3,80114.4,10748.764,2026-05-08 14:59:59.999000+00:00,860565366.1009,294195,5419.713,433795815.7989,0,BTCUSDT,1h
2026-05-08 15:00:00+00:00,80114.3,80173.2,79585.0,80119.1,7570.867,2026-05-08 15:59:59.999000+00:00,604685120.8405,207266,3983.581,318246745.4721,0,BTCUSDT,1h
2026-05-08 16:00:00+00:00,80119.1,80164.6,79706.0,79768.7,4154.568,2026-05-08 16:59:59.999000+00:00,331861032.0388,139027,1921.439,153482716.346,0,BTCUSDT,1h
2026-05-08 17:00:00+00:00,79768.7,80230.0,79692.4,80030.5,5374.958,2026-05-08 17:59:59.999000+00:00,430175696.2476,165105,3131.818,250651444.0626,0,BTCUSDT,1h
2026-05-08 18:00:00+00:00,80030.4,80266.6,80024.1,80044.4,3460.621,2026-05-08 18:59:59.999000+00:00,277442789.7322,116366,1676.05,134374569.6922,0,BTCUSDT,1h
2026-05-08 19:00:00+00:00,80044.4,80152.1,79903.8,80147.7,2214.693,2026-05-08 19:59:59.999000+00:00,177251820.5444,79745,1088.997,87155446.678,0,BTCUSDT,1h
2026-05-08 20:00:00+00:00,80147.9,80260.9,80044.7,80104.0,1607.586,2026-05-08 20:59:59.999000+00:00,128877189.172,54792,728.228,58383046.6868,0,BTCUSDT,1h
2026-05-08 21:00:00+00:00,80104.0,80225.0,80072.9,80222.1,1014.531,2026-05-08 21:59:59.999000+00:00,81318917.2677,35417,558.667,44779784.4663,0,BTCUSDT,1h
2026-05-08 22:00:00+00:00,80222.2,80376.0,80187.4,80234.1,2472.108,2026-05-08 22:59:59.999000+00:00,198487344.2454,61374,1364.728,109577375.2404,0,BTCUSDT,1h
2026-05-08 23:00:00+00:00,80234.2,80254.5,80063.8,80155.2,1698.171,2026-05-08 23:59:59.999000+00:00,136112006.6822,42417,779.468,62472816.6447,0,BTCUSDT,1h
2026-05-09 00:00:00+00:00,80155.2,80200.0,80080.0,80193.3,1134.298,2026-05-09 00:59:59.999000+00:00,90911026.2525,37867,642.997,51534427.7999,0,BTCUSDT,1h
2026-05-09 01:00:00+00:00,80193.3,80405.0,80177.4,80280.0,2050.67,2026-05-09 01:59:59.999000+00:00,164666818.3911,54623,1105.972,88805757.3137,0,BTCUSDT,1h
2026-05-09 02:00:00+00:00,80280.1,80448.2,80280.0,80379.2,1892.314,2026-05-09 02:59:59.999000+00:00,152090326.5262,52032,1007.172,80950435.3362,0,BTCUSDT,1h
2026-05-09 03:00:00+00:00,80379.2,80542.0,80261.2,80340.6,2345.466,2026-05-09 03:59:59.999000+00:00,188530491.5041,57771,1274.588,102475207.3272,0,BTCUSDT,1h
2026-05-09 04:00:00+00:00,80340.7,80641.8,80325.7,80345.0,3766.222,2026-05-09 04:59:59.999000+00:00,303131160.6319,78352,1960.227,157802398.6246,0,BTCUSDT,1h
2026-05-09 05:00:00+00:00,80345.0,80445.0,80303.1,80331.4,1474.842,2026-05-09 05:59:59.999000+00:00,118536229.845,39484,783.108,62944659.1648,0,BTCUSDT,1h
2026-05-09 06:00:00+00:00,80331.4,80393.4,80154.5,80214.9,3218.227,2026-05-09 06:59:59.999000+00:00,258236215.0425,59961,1507.308,120942481.4698,0,BTCUSDT,1h
2026-05-09 07:00:00+00:00,80215.0,80268.4,80084.3,80181.7,2522.361,2026-05-09 07:59:59.999000+00:00,202214228.6092,50926,1098.748,88092712.6347,0,BTCUSDT,1h
2026-05-09 08:00:00+00:00,80181.6,80422.3,80171.6,80378.1,2869.702,2026-05-09 08:59:59.999000+00:00,230578679.6352,57696,1631.488,131070766.8039,0,BTCUSDT,1h
2026-05-09 09:00:00+00:00,80378.0,80383.0,80166.1,80199.9,1828.419,2026-05-09 09:59:59.999000+00:00,146723355.2797,42652,749.482,60139365.2166,0,BTCUSDT,1h
2026-05-09 10:00:00+00:00,80199.9,80317.6,80124.8,80232.7,1662.459,2026-05-09 10:59:59.999000+00:00,133355667.838,39393,878.011,70434570.9453,0,BTCUSDT,1h
2026-05-09 11:00:00+00:00,80232.8,80349.9,80220.0,80310.4,997.632,2026-05-09 11:59:59.999000+00:00,80105327.5514,28671,573.735,46069595.734,0,BTCUSDT,1h
2026-05-09 12:00:00+00:00,80310.4,80388.0,80235.3,80367.2,1275.419,2026-05-09 12:59:59.999000+00:00,102438729.3742,31632,737.408,59232297.4605,0,BTCUSDT,1h
2026-05-09 13:00:00+00:00,80367.2,80382.0,80274.7,80359.4,978.258,2026-05-09 13:59:59.999000+00:00,78589071.9603,28552,481.679,38696067.503,0,BTCUSDT,1h
2026-05-09 14:00:00+00:00,80359.4,80395.0,80200.2,80292.4,2838.423,2026-05-09 14:59:59.999000+00:00,227847852.5166,62313,1479.922,118810673.1933,0,BTCUSDT,1h
2026-05-09 15:00:00+00:00,80292.3,80566.0,80190.0,80488.3,4497.106,2026-05-09 15:59:59.999000+00:00,361635148.4503,76665,2612.371,210093774.0005,0,BTCUSDT,1h
2026-05-09 16:00:00+00:00,80488.3,80796.9,80440.0,80576.1,4825.568,2026-05-09 16:59:59.999000+00:00,388994741.6467,100939,2821.276,227439925.3386,0,BTCUSDT,1h
2026-05-09 17:00:00+00:00,80576.1,80891.0,80576.1,80766.0,4922.273,2026-05-09 17:59:59.999000+00:00,397576580.1125,103084,2770.36,223765522.265,0,BTCUSDT,1h
2026-05-09 18:00:00+00:00,80765.8,81043.2,80744.3,80865.1,4483.974,2026-05-09 18:59:59.999000+00:00,362773837.9246,88421,2036.449,164765983.4922,0,BTCUSDT,1h
2026-05-09 19:00:00+00:00,80865.1,80928.3,80733.3,80896.9,1733.971,2026-05-09 19:59:59.999000+00:00,140143091.7203,46532,739.267,59759461.7081,0,BTCUSDT,1h
2026-05-09 20:00:00+00:00,80897.1,80900.0,80688.0,80764.6,1305.423,2026-05-09 20:59:59.999000+00:00,105431420.4032,34046,478.049,38612082.8839,0,BTCUSDT,1h
2026-05-09 21:00:00+00:00,80764.6,80856.9,80700.0,80735.8,849.114,2026-05-09 21:59:59.999000+00:00,68586558.1256,27880,436.088,35223840.8684,0,BTCUSDT,1h
2026-05-09 22:00:00+00:00,80735.9,80788.0,80632.2,80731.0,1247.104,2026-05-09 22:59:59.999000+00:00,100665302.5368,35429,580.162,46832737.904,0,BTCUSDT,1h
2026-05-09 23:00:00+00:00,80730.9,80817.0,80569.0,80634.0,1238.089,2026-05-09 23:59:59.999000+00:00,99855713.2167,36462,530.063,42754899.9419,0,BTCUSDT,1h
2026-05-10 00:00:00+00:00,80634.0,80739.9,80588.1,80634.9,2017.527,2026-05-10 00:59:59.999000+00:00,162741548.7901,47335,932.579,75222876.8913,0,BTCUSDT,1h
2026-05-10 01:00:00+00:00,80635.0,80660.2,80533.7,80654.0,1816.55,2026-05-10 01:59:59.999000+00:00,146388231.5645,44228,906.83,73080696.0786,0,BTCUSDT,1h
2026-05-10 02:00:00+00:00,80653.9,80760.8,80576.0,80748.6,1153.086,2026-05-10 02:59:59.999000+00:00,93015728.8116,37932,697.05,56233127.9192,0,BTCUSDT,1h
2026-05-10 03:00:00+00:00,80748.9,80859.9,80667.0,80735.1,1252.522,2026-05-10 03:59:59.999000+00:00,101155400.7629,37459,668.602,54000557.4916,0,BTCUSDT,1h
2026-05-10 04:00:00+00:00,80735.2,80809.4,80688.5,80717.8,751.361,2026-05-10 04:59:59.999000+00:00,60668373.6107,28988,339.566,27419578.5889,0,BTCUSDT,1h
2026-05-10 05:00:00+00:00,80717.7,80778.4,80631.0,80660.8,950.52,2026-05-10 05:59:59.999000+00:00,76712834.8428,33484,428.062,34548235.444,0,BTCUSDT,1h
2026-05-10 06:00:00+00:00,80660.9,80725.0,80619.6,80700.0,1259.232,2026-05-10 06:59:59.999000+00:00,101583640.7143,33278,653.57,52725262.0536,0,BTCUSDT,1h
2026-05-10 07:00:00+00:00,80700.0,80766.0,80680.1,80695.9,957.256,2026-05-10 07:59:59.999000+00:00,77280410.5804,26941,444.211,35862296.616,0,BTCUSDT,1h
2026-05-10 08:00:00+00:00,80695.9,80873.6,80671.0,80797.1,1549.874,2026-05-10 08:59:59.999000+00:00,125200773.5967,41064,841.043,67943187.1287,0,BTCUSDT,1h
2026-05-10 09:00:00+00:00,80797.1,80880.0,80713.0,80766.9,927.115,2026-05-10 09:59:59.999000+00:00,74901651.8405,30483,456.125,36853333.6338,0,BTCUSDT,1h
2026-05-10 10:00:00+00:00,80766.8,80857.9,80641.5,80836.5,2767.29,2026-05-10 10:59:59.999000+00:00,223427867.2891,48798,1656.126,133714481.9549,0,BTCUSDT,1h
2026-05-10 11:00:00+00:00,80836.5,80939.5,80711.8,80782.1,1929.416,2026-05-10 11:59:59.999000+00:00,155961246.7886,43896,1141.175,92247101.4837,0,BTCUSDT,1h
2026-05-10 12:00:00+00:00,80782.1,80918.0,80743.2,80891.1,1263.623,2026-05-10 12:59:59.999000+00:00,102176174.0733,35148,656.37,53072901.2928,0,BTCUSDT,1h
2026-05-10 13:00:00+00:00,80891.0,80970.0,80825.0,80932.2,1459.079,2026-05-10 13:59:59.999000+00:00,118062111.5293,44914,780.97,63195989.3616,0,BTCUSDT,1h
2026-05-10 14:00:00+00:00,80932.3,80980.0,80771.0,80944.2,2282.117,2026-05-10 14:59:59.999000+00:00,184595573.3388,56825,1205.892,97551019.2936,0,BTCUSDT,1h
2026-05-10 15:00:00+00:00,80944.3,81423.2,80893.0,81381.4,10734.822,2026-05-10 15:59:59.999000+00:00,871272338.3493,181844,5828.037,473118549.7727,0,BTCUSDT,1h
2026-05-10 16:00:00+00:00,81381.5,81475.0,81151.0,81338.7,6334.735,2026-05-10 16:59:59.999000+00:00,515232131.5038,127843,3194.961,259886753.65,0,BTCUSDT,1h
2026-05-10 17:00:00+00:00,81338.8,81587.9,81179.8,81441.5,4353.713,2026-05-10 17:59:59.999000+00:00,354340432.904,105517,2632.584,214285940.8352,0,BTCUSDT,1h
2026-05-10 18:00:00+00:00,81441.4,81472.7,81194.8,81235.1,2318.995,2026-05-10 18:59:59.999000+00:00,188610072.5601,67056,1120.756,91162421.2302,0,BTCUSDT,1h
2026-05-10 19:00:00+00:00,81235.2,81467.2,81105.6,81398.0,2373.468,2026-05-10 19:59:59.999000+00:00,193013944.0744,68003,1349.885,109797769.1024,0,BTCUSDT,1h
2026-05-10 20:00:00+00:00,81398.0,81432.2,80225.1,80691.2,12943.246,2026-05-10 20:59:59.999000+00:00,1045041324.8517,258661,5235.307,422746808.1225,0,BTCUSDT,1h
2026-05-10 21:00:00+00:00,80691.1,80911.0,80528.9,80674.0,5670.107,2026-05-10 21:59:59.999000+00:00,457932068.3452,138237,2697.103,217845520.9626,0,BTCUSDT,1h
2026-05-10 22:00:00+00:00,80674.0,82138.9,80614.0,82013.3,17281.489,2026-05-10 22:59:59.999000+00:00,1409427140.9852,427264,10141.125,826929404.9239,0,BTCUSDT,1h
2026-05-10 23:00:00+00:00,82013.2,82460.5,82009.4,82177.7,10603.66,2026-05-10 23:59:59.999000+00:00,872126880.5579,284129,5095.91,419144572.0333,0,BTCUSDT,1h
2026-05-11 00:00:00+00:00,82177.7,82350.0,81230.0,81430.3,12936.41,2026-05-11 00:59:59.999000+00:00,1056294414.6756,304023,5350.698,436884693.2564,0,BTCUSDT,1h
2026-05-11 01:00:00+00:00,81430.5,81724.5,81242.9,81463.2,4976.807,2026-05-11 01:59:59.999000+00:00,405440191.4859,170515,2861.659,233124997.9161,0,BTCUSDT,1h
2026-05-11 02:00:00+00:00,81463.2,81527.2,81067.2,81136.6,4701.696,2026-05-11 02:59:59.999000+00:00,381799425.3843,142754,2199.897,178639621.5957,0,BTCUSDT,1h
2026-05-11 03:00:00+00:00,81136.6,81152.3,80470.1,80693.4,11522.22,2026-05-11 03:59:59.999000+00:00,929831275.9252,237380,5250.14,423650649.8164,0,BTCUSDT,1h
2026-05-11 04:00:00+00:00,80693.4,80848.0,80597.8,80782.3,3122.216,2026-05-11 04:59:59.999000+00:00,252025795.6331,83471,1774.264,143219335.6012,0,BTCUSDT,1h
2026-05-11 05:00:00+00:00,80782.2,80948.4,80708.1,80799.9,2892.382,2026-05-11 05:59:59.999000+00:00,233814811.9478,68708,1391.721,112511835.8334,0,BTCUSDT,1h
2026-05-11 06:00:00+00:00,80799.9,81033.3,80713.8,80790.7,2579.719,2026-05-11 06:59:59.999000+00:00,208643209.9606,75278,1205.104,97478178.3952,0,BTCUSDT,1h
2026-05-11 07:00:00+00:00,80790.8,80803.4,80614.9,80708.9,2667.858,2026-05-11 07:59:59.999000+00:00,215325957.9502,72942,1442.664,116447331.8389,0,BTCUSDT,1h
2026-05-11 08:00:00+00:00,80708.8,80829.9,80580.0,80723.7,2639.153,2026-05-11 08:59:59.999000+00:00,213007880.8992,76095,1349.605,108932145.579,0,BTCUSDT,1h
2026-05-11 09:00:00+00:00,80723.6,80965.4,80716.6,80923.3,1865.061,2026-05-11 09:59:59.999000+00:00,150823351.7006,57971,981.512,79372615.4404,0,BTCUSDT,1h
2026-05-11 10:00:00+00:00,80923.3,81162.4,80889.9,80900.8,3424.195,2026-05-11 10:59:59.999000+00:00,277460477.8025,90327,1760.052,142617236.3268,0,BTCUSDT,1h
2026-05-11 11:00:00+00:00,80900.8,81172.6,80860.0,81167.1,2745.014,2026-05-11 11:59:59.999000+00:00,222531652.2163,69165,1597.278,129492833.4718,0,BTCUSDT,1h
2026-05-11 12:00:00+00:00,81167.1,81320.0,80983.5,81013.5,5130.927,2026-05-11 12:59:59.999000+00:00,416391330.2623,117683,2567.173,208352163.4661,0,BTCUSDT,1h
2026-05-11 13:00:00+00:00,81013.5,81299.7,80716.0,81032.9,7340.647,2026-05-11 13:59:59.999000+00:00,594588339.0275,198671,3307.399,267894175.8475,0,BTCUSDT,1h
2026-05-11 14:00:00+00:00,81032.8,81221.0,80394.0,80917.5,10192.16,2026-05-11 14:59:59.999000+00:00,823417595.8591,263622,4771.065,385476992.5926,0,BTCUSDT,1h
2026-05-11 15:00:00+00:00,80917.4,81434.8,80796.4,81403.4,6794.771,2026-05-11 15:59:59.999000+00:00,551605660.8377,184025,3519.059,285708092.2458,0,BTCUSDT,1h
2026-05-11 16:00:00+00:00,81403.4,81880.0,81297.5,81526.8,10551.693,2026-05-11 16:59:59.999000+00:00,861705587.7431,248088,4794.914,391537102.0551,0,BTCUSDT,1h
2026-05-11 17:00:00+00:00,81526.9,82033.8,81322.3,81894.0,6762.573,2026-05-11 17:59:59.999000+00:00,552702220.6069,167680,3444.483,281523630.5863,0,BTCUSDT,1h
2026-05-11 18:00:00+00:00,81894.1,82098.9,81784.3,81819.2,5085.299,2026-05-11 18:59:59.999000+00:00,416747395.6224,130290,2158.39,176898773.9076,0,BTCUSDT,1h
2026-05-11 19:00:00+00:00,81819.3,82055.0,81691.7,81917.1,5030.178,2026-05-11 19:59:59.999000+00:00,411949626.222,110588,2810.934,230203326.3328,0,BTCUSDT,1h
2026-05-11 20:00:00+00:00,81917.8,82051.1,81707.6,81778.5,2841.064,2026-05-11 20:59:59.999000+00:00,232643841.3605,85328,1502.779,123059804.7673,0,BTCUSDT,1h
2026-05-11 21:00:00+00:00,81778.5,81885.5,81555.0,81784.6,2099.166,2026-05-11 21:59:59.999000+00:00,171469409.0815,62654,1095.725,89504237.2357,0,BTCUSDT,1h
2026-05-11 22:00:00+00:00,81784.6,81937.3,81689.0,81788.4,2227.72,2026-05-11 22:59:59.999000+00:00,182227930.8341,65467,1122.583,91833554.3013,0,BTCUSDT,1h
2026-05-11 23:00:00+00:00,81788.4,81788.4,81521.5,81699.1,1861.492,2026-05-11 23:59:59.999000+00:00,152023617.4772,51571,828.677,67681360.3165,0,BTCUSDT,1h
2026-05-12 00:00:00+00:00,81699.1,81757.3,81429.9,81508.7,3316.101,2026-05-12 00:59:59.999000+00:00,270469754.8979,78769,1610.788,131386040.8243,0,BTCUSDT,1h
2026-05-12 01:00:00+00:00,81508.7,81581.5,80661.2,81148.4,11795.954,2026-05-12 01:59:59.999000+00:00,955996954.655,231023,5775.425,468009844.6083,0,BTCUSDT,1h
2026-05-12 02:00:00+00:00,81148.4,81298.9,81030.1,81223.5,3004.215,2026-05-12 02:59:59.999000+00:00,243853122.5129,85450,1530.805,124265890.3346,0,BTCUSDT,1h
2026-05-12 03:00:00+00:00,81223.5,81255.2,80988.9,81028.3,2840.74,2026-05-12 03:59:59.999000+00:00,230448627.2377,66185,1418.509,115073898.2592,0,BTCUSDT,1h
2026-05-12 04:00:00+00:00,81028.3,81270.2,80964.4,81194.9,3436.103,2026-05-12 04:59:59.999000+00:00,278764973.4977,72524,1812.44,147063972.099,0,BTCUSDT,1h
2026-05-12 05:00:00+00:00,81194.9,81270.2,81140.4,81186.8,1928.061,2026-05-12 05:59:59.999000+00:00,156580314.4349,43827,857.785,69667346.6027,0,BTCUSDT,1h
2026-05-12 06:00:00+00:00,81186.8,81269.5,80979.8,80989.9,2977.394,2026-05-12 06:59:59.999000+00:00,241500765.8425,57895,1262.426,102397806.0225,0,BTCUSDT,1h
2026-05-12 07:00:00+00:00,80989.9,81101.9,80756.0,80809.2,6380.894,2026-05-12 07:59:59.999000+00:00,516351480.526,115858,3009.043,243515136.0732,0,BTCUSDT,1h
2026-05-12 08:00:00+00:00,80809.2,80930.7,80719.3,80797.5,3827.0,2026-05-12 08:59:59.999000+00:00,309331317.8365,82567,2094.349,169284146.394,0,BTCUSDT,1h
2026-05-12 09:00:00+00:00,80797.5,80925.0,80670.0,80799.1,4292.249,2026-05-12 09:59:59.999000+00:00,346752843.0911,90365,2370.606,191517328.182,0,BTCUSDT,1h
2026-05-12 10:00:00+00:00,80799.1,80806.5,80560.0,80634.0,3443.489,2026-05-12 10:59:59.999000+00:00,277823310.4267,75089,1675.513,135187606.8923,0,BTCUSDT,1h
2026-05-12 11:00:00+00:00,80634.0,80754.6,80444.0,80742.7,4833.637,2026-05-12 11:59:59.999000+00:00,389579060.2066,94332,2449.411,197439572.3767,0,BTCUSDT,1h
2026-05-12 12:00:00+00:00,80742.7,80968.6,80577.8,80846.3,7670.628,2026-05-12 12:59:59.999000+00:00,619732925.3199,146775,3917.522,316502966.8985,0,BTCUSDT,1h
2026-05-12 13:00:00+00:00,80846.4,80897.3,80360.9,80433.6,8491.521,2026-05-12 13:59:59.999000+00:00,684711567.4898,200479,3770.698,304078562.8321,0,BTCUSDT,1h
2026-05-12 14:00:00+00:00,80433.6,80859.9,80360.0,80511.0,9825.647,2026-05-12 14:59:59.999000+00:00,791827940.3367,250301,5188.257,418102577.4324,0,BTCUSDT,1h
2026-05-12 15:00:00+00:00,80511.0,80639.8,80143.0,80301.6,10196.046,2026-05-12 15:59:59.999000+00:00,819091490.3249,240186,5074.931,407736453.6719,0,BTCUSDT,1h
2026-05-12 16:00:00+00:00,80301.6,80400.0,79801.0,79967.1,11633.264,2026-05-12 16:59:59.999000+00:00,931606735.6314,234235,5262.252,421418163.5462,0,BTCUSDT,1h
2026-05-12 17:00:00+00:00,79967.1,80588.3,79907.6,80492.9,7443.427,2026-05-12 17:59:59.999000+00:00,597867931.934,157156,4213.448,338437030.657,0,BTCUSDT,1h
2026-05-12 18:00:00+00:00,80493.0,80733.3,80385.9,80641.2,3966.691,2026-05-12 18:59:59.999000+00:00,319570456.0505,99700,2129.481,171573784.4666,0,BTCUSDT,1h
2026-05-12 19:00:00+00:00,80641.3,80836.5,80639.0,80799.5,2563.775,2026-05-12 19:59:59.999000+00:00,207000410.9889,74641,1306.88,105519806.7366,0,BTCUSDT,1h
2026-05-12 20:00:00+00:00,80799.6,80848.6,80601.0,80656.8,1861.8,2026-05-12 20:59:59.999000+00:00,150272075.2074,51260,756.828,61085398.7003,0,BTCUSDT,1h
2026-05-12 21:00:00+00:00,80656.9,80700.0,80454.3,80550.0,1798.247,2026-05-12 21:59:59.999000+00:00,144879362.758,46022,886.32,71407653.3885,0,BTCUSDT,1h
2026-05-12 22:00:00+00:00,80549.9,80763.0,80549.9,80613.4,1516.763,2026-05-12 22:59:59.999000+00:00,122326459.1523,50616,750.389,60517336.3456,0,BTCUSDT,1h
2026-05-12 23:00:00+00:00,80613.5,80679.3,80393.9,80461.0,2270.31,2026-05-12 23:59:59.999000+00:00,182799859.7352,59567,1128.986,90911420.326,0,BTCUSDT,1h
2026-05-13 00:00:00+00:00,80461.0,80735.1,80364.5,80673.4,2549.773,2026-05-13 00:59:59.999000+00:00,205456913.269,81693,1366.788,110146719.4286,0,BTCUSDT,1h
2026-05-13 01:00:00+00:00,80673.4,81168.4,80635.1,80960.1,5772.717,2026-05-13 01:59:59.999000+00:00,467452012.8521,137917,3179.535,257476902.2444,0,BTCUSDT,1h
2026-05-13 02:00:00+00:00,80960.1,81239.1,80882.7,81018.1,3027.334,2026-05-13 02:59:59.999000+00:00,245408846.5883,84965,1590.169,128918200.8726,0,BTCUSDT,1h
2026-05-13 03:00:00+00:00,81018.1,81268.0,80941.9,81217.1,2831.866,2026-05-13 03:59:59.999000+00:00,229717543.5642,63724,1602.639,130023653.476,0,BTCUSDT,1h
2026-05-13 04:00:00+00:00,81217.0,81253.5,81078.0,81199.9,2398.252,2026-05-13 04:59:59.999000+00:00,194655557.0469,55110,1057.789,85858688.168,0,BTCUSDT,1h
2026-05-13 05:00:00+00:00,81200.0,81203.4,80958.1,80985.5,2698.326,2026-05-13 05:59:59.999000+00:00,218730960.25,52500,1164.949,94431964.4501,0,BTCUSDT,1h
2026-05-13 06:00:00+00:00,80985.6,81126.0,80929.0,80945.6,2231.558,2026-05-13 06:59:59.999000+00:00,180818660.3718,56730,1248.797,101200142.8426,0,BTCUSDT,1h
2026-05-13 07:00:00+00:00,80945.6,81015.7,80847.0,80981.9,2309.579,2026-05-13 07:59:59.999000+00:00,186875776.5778,52160,1159.366,93810736.7834,0,BTCUSDT,1h
2026-05-13 08:00:00+00:00,80981.9,81166.7,80903.8,81161.0,2553.111,2026-05-13 08:59:59.999000+00:00,206928060.8346,67584,1439.527,116680645.8252,0,BTCUSDT,1h
2026-05-13 09:00:00+00:00,81160.9,81270.2,81094.0,81255.5,4233.662,2026-05-13 09:59:59.999000+00:00,343875492.3017,72977,2545.632,206786670.2565,0,BTCUSDT,1h
2026-05-13 10:00:00+00:00,81255.4,81266.6,80763.8,80766.2,4637.605,2026-05-13 10:59:59.999000+00:00,375315688.1827,98635,1677.647,135768393.1224,0,BTCUSDT,1h
2026-05-13 11:00:00+00:00,80766.2,80809.7,80444.0,80460.1,6288.426,2026-05-13 11:59:59.999000+00:00,506769679.2038,130260,2664.145,214697439.3306,0,BTCUSDT,1h
2026-05-13 12:00:00+00:00,80460.0,80558.0,79801.1,80160.1,15655.334,2026-05-13 12:59:59.999000+00:00,1254564361.2001,283915,8064.056,646214177.3949,0,BTCUSDT,1h
2026-05-13 13:00:00+00:00,80160.0,80316.6,79540.0,79617.9,13369.333,2026-05-13 13:59:59.999000+00:00,1067404799.2244,273333,6626.849,529136630.5705,0,BTCUSDT,1h
2026-05-13 14:00:00+00:00,79617.8,79868.0,79431.7,79727.3,9456.011,2026-05-13 14:59:59.999000+00:00,753244340.3047,218446,5034.28,401086437.4502,0,BTCUSDT,1h
2026-05-13 15:00:00+00:00,79727.3,79832.4,78753.1,78794.7,19297.477,2026-05-13 15:59:59.999000+00:00,1528508143.9034,313533,8500.151,673459582.3078,0,BTCUSDT,1h
2026-05-13 16:00:00+00:00,78794.7,79199.1,78713.8,79069.5,13331.653,2026-05-13 16:59:59.999000+00:00,1052455329.8722,245322,6804.817,537266117.9704,0,BTCUSDT,1h
2026-05-13 17:00:00+00:00,79069.5,79541.2,79043.2,79470.1,6341.514,2026-05-13 17:59:59.999000+00:00,502897490.1226,124831,3191.875,253166962.5002,0,BTCUSDT,1h
2026-05-13 18:00:00+00:00,79470.1,79776.2,79470.1,79554.9,5474.637,2026-05-13 18:59:59.999000+00:00,435964423.6184,120401,2578.917,205385415.0339,0,BTCUSDT,1h
2026-05-13 19:00:00+00:00,79554.9,79610.1,79353.9,79604.8,3983.766,2026-05-13 19:59:59.999000+00:00,316646534.022,91289,1952.013,155162362.6575,0,BTCUSDT,1h
2026-05-13 20:00:00+00:00,79604.8,79729.1,79575.9,79671.4,2261.986,2026-05-13 20:59:59.999000+00:00,180156140.8667,57479,1260.63,100403311.7369,0,BTCUSDT,1h
2026-05-13 21:00:00+00:00,79671.4,79675.0,79279.6,79363.2,3106.53,2026-05-13 21:59:59.999000+00:00,246743071.7105,72357,1472.846,116977093.3968,0,BTCUSDT,1h
2026-05-13 22:00:00+00:00,79363.1,79442.1,79188.0,79395.1,3208.323,2026-05-13 22:59:59.999000+00:00,254444093.482,79260,1490.537,118222953.5962,0,BTCUSDT,1h
2026-05-13 23:00:00+00:00,79395.1,79464.2,79191.0,79288.3,2681.872,2026-05-13 23:59:59.999000+00:00,212756095.1437,73007,1394.839,110669610.9148,0,BTCUSDT,1h
2026-05-14 00:00:00+00:00,79288.2,79656.7,79272.9,79540.0,3463.788,2026-05-14 00:59:59.999000+00:00,275364276.85,96637,1929.931,153411376.5599,0,BTCUSDT,1h
2026-05-14 01:00:00+00:00,79540.1,79659.9,79370.1,79565.9,2787.076,2026-05-14 01:59:59.999000+00:00,221669110.2992,87371,1468.782,116822670.7529,0,BTCUSDT,1h
2026-05-14 02:00:00+00:00,79565.8,79648.0,79171.1,79329.0,4764.253,2026-05-14 02:59:59.999000+00:00,378650955.4446,96415,1935.983,153848359.0902,0,BTCUSDT,1h
2026-05-14 03:00:00+00:00,79328.9,79427.8,78869.4,79005.3,7656.568,2026-05-14 03:59:59.999000+00:00,605876273.6422,201106,3688.941,291939354.1548,0,BTCUSDT,1h
2026-05-14 04:00:00+00:00,79005.4,79440.0,78934.8,79403.7,3677.318,2026-05-14 04:59:59.999000+00:00,291437187.4212,105532,1967.625,155938713.4778,0,BTCUSDT,1h
2026-05-14 05:00:00+00:00,79403.6,79962.5,79333.3,79771.5,7732.266,2026-05-14 05:59:59.999000+00:00,616015831.0683,153142,4468.904,356046857.4328,0,BTCUSDT,1h
2026-05-14 06:00:00+00:00,79771.6,79909.9,79723.5,79769.7,3623.461,2026-05-14 06:59:59.999000+00:00,289216696.9722,95429,1640.673,130957680.2168,0,BTCUSDT,1h
2026-05-14 07:00:00+00:00,79769.7,79900.0,79659.8,79699.9,3718.552,2026-05-14 07:59:59.999000+00:00,296654615.6102,94727,1679.294,133977494.5399,0,BTCUSDT,1h
2026-05-14 08:00:00+00:00,79700.0,79900.0,79592.2,79776.8,3773.214,2026-05-14 08:59:59.999000+00:00,300906859.253,96897,2047.533,163288079.3089,0,BTCUSDT,1h
2026-05-14 09:00:00+00:00,79776.8,79872.0,79530.0,79594.9,2754.342,2026-05-14 09:59:59.999000+00:00,219446225.2493,80398,1215.903,96887521.4745,0,BTCUSDT,1h
2026-05-14 10:00:00+00:00,79594.8,79727.9,79369.0,79530.0,3250.538,2026-05-14 10:59:59.999000+00:00,258562046.0081,92185,1570.456,124932747.2806,0,BTCUSDT,1h
2026-05-14 11:00:00+00:00,79529.9,79571.7,79188.0,79216.6,3799.256,2026-05-14 11:59:59.999000+00:00,301350847.2183,84188,2094.137,166093841.5454,0,BTCUSDT,1h
2026-05-14 12:00:00+00:00,79216.7,79729.2,79196.4,79719.4,5129.31,2026-05-14 12:59:59.999000+00:00,407812633.8493,115536,2828.699,224895066.1888,0,BTCUSDT,1h
2026-05-14 13:00:00+00:00,79719.4,80042.0,79624.0,79660.9,12588.827,2026-05-14 13:59:59.999000+00:00,1005189490.8465,252318,6673.049,532902778.8104,0,BTCUSDT,1h
2026-05-14 14:00:00+00:00,79660.9,81000.0,79514.5,80929.5,23977.504,2026-05-14 14:59:59.999000+00:00,1927349143.0491,434341,13527.793,1087563822.5168,0,BTCUSDT,1h
2026-05-14 15:00:00+00:00,80929.6,81270.2,80743.5,81245.5,18477.567,2026-05-14 15:59:59.999000+00:00,1497055932.2818,313190,9717.319,787483515.2178,0,BTCUSDT,1h
2026-05-14 16:00:00+00:00,81245.6,81877.9,81020.5,81839.3,22939.351,2026-05-14 16:59:59.999000+00:00,1867694191.3989,377964,12575.025,1023969828.2421,0,BTCUSDT,1h
2026-05-14 17:00:00+00:00,81839.2,81999.0,81211.6,81620.0,18599.469,2026-05-14 17:59:59.999000+00:00,1518901938.7048,349687,9244.831,755031433.6525,0,BTCUSDT,1h
2026-05-14 18:00:00+00:00,81620.0,81912.0,81386.0,81529.9,7752.742,2026-05-14 18:59:59.999000+00:00,632966395.8982,179330,3816.135,311566357.0817,0,BTCUSDT,1h
2026-05-14 19:00:00+00:00,81530.0,81677.9,81257.3,81373.7,5264.72,2026-05-14 19:59:59.999000+00:00,428681428.0695,138290,2641.668,215103432.7441,0,BTCUSDT,1h
2026-05-14 20:00:00+00:00,81373.8,81540.0,81114.8,81371.9,3424.525,2026-05-14 20:59:59.999000+00:00,278422355.5148,105081,1740.648,141516855.3284,0,BTCUSDT,1h
2026-05-14 21:00:00+00:00,81372.0,81490.1,81222.0,81352.0,1750.907,2026-05-14 21:59:59.999000+00:00,142469943.1731,56607,923.945,75180136.2416,0,BTCUSDT,1h
2026-05-14 22:00:00+00:00,81352.0,81530.0,81286.5,81418.9,1770.961,2026-05-14 22:59:59.999000+00:00,144193633.7771,54613,977.269,79573552.6599,0,BTCUSDT,1h
2026-05-14 23:00:00+00:00,81418.8,81418.9,81007.9,81048.9,3207.11,2026-05-14 23:59:59.999000+00:00,260314806.4765,74261,1447.357,117478195.8771,0,BTCUSDT,1h
2026-05-15 00:00:00+00:00,81048.8,81623.8,81018.8,81468.7,5036.89,2026-05-15 00:59:59.999000+00:00,409774766.3662,129077,2908.52,236545572.9252,0,BTCUSDT,1h
2026-05-15 01:00:00+00:00,81468.7,81570.1,81066.0,81092.1,3464.623,2026-05-15 01:59:59.999000+00:00,281784239.5174,129762,1809.664,147185878.745,0,BTCUSDT,1h
2026-05-15 02:00:00+00:00,81092.1,81328.9,80706.9,81262.0,8962.24,2026-05-15 02:59:59.999000+00:00,725780736.4637,219634,4472.56,362276864.8511,0,BTCUSDT,1h
2026-05-15 03:00:00+00:00,81262.0,81305.7,80886.7,81022.7,4189.866,2026-05-15 03:59:59.999000+00:00,339546297.7029,98935,2323.814,188289150.3144,0,BTCUSDT,1h
2026-05-15 04:00:00+00:00,81022.7,81073.2,80650.4,80682.2,3302.164,2026-05-15 04:59:59.999000+00:00,267025346.7784,92403,1487.56,120305534.1094,0,BTCUSDT,1h
2026-05-15 05:00:00+00:00,80682.1,80846.0,80266.8,80320.1,11578.932,2026-05-15 05:59:59.999000+00:00,931874481.9968,227623,5456.598,439170861.0095,0,BTCUSDT,1h
2026-05-15 06:00:00+00:00,80320.0,80597.0,80266.9,80541.8,5427.57,2026-05-15 06:59:59.999000+00:00,436617298.837,126315,2946.349,237011102.6985,0,BTCUSDT,1h
2026-05-15 07:00:00+00:00,80541.9,80971.3,80519.1,80782.8,6574.767,2026-05-15 07:59:59.999000+00:00,531033615.7666,130879,3513.978,283814120.8806,0,BTCUSDT,1h
2026-05-15 08:00:00+00:00,80782.9,80793.0,80368.9,80606.3,4188.012,2026-05-15 08:59:59.999000+00:00,337496612.6569,111974,1919.95,154709927.7161,0,BTCUSDT,1h
2026-05-15 09:00:00+00:00,80606.2,80638.0,80323.0,80449.8,3441.505,2026-05-15 09:59:59.999000+00:00,276889462.3037,98154,1695.131,136379692.1435,0,BTCUSDT,1h
2026-05-15 10:00:00+00:00,80449.9,80730.0,80364.6,80670.1,4295.626,2026-05-15 10:59:59.999000+00:00,345982436.742,108417,2334.51,188043407.2048,0,BTCUSDT,1h
2026-05-15 11:00:00+00:00,80670.2,80716.9,80545.0,80582.1,2072.82,2026-05-15 11:59:59.999000+00:00,167086397.5312,63021,913.663,73650380.4607,0,BTCUSDT,1h
2026-05-15 12:00:00+00:00,80582.0,80596.7,80280.0,80349.9,6901.952,2026-05-15 12:59:59.999000+00:00,555149840.3291,123336,3169.25,254913774.5205,0,BTCUSDT,1h
2026-05-15 13:00:00+00:00,80349.8,80349.8,78638.8,78727.8,37417.044,2026-05-15 13:59:59.999000+00:00,2969744635.8134,633492,17590.822,1395750724.2069,0,BTCUSDT,1h
2026-05-15 14:00:00+00:00,78727.8,79325.3,78610.0,79120.6,18928.541,2026-05-15 14:59:59.999000+00:00,1496119938.4791,432768,10852.128,857773547.0602,0,BTCUSDT,1h
2026-05-15 15:00:00+00:00,79120.6,79337.9,78980.3,79118.0,6193.98,2026-05-15 15:59:59.999000+00:00,490309892.6332,176502,3179.783,251710792.8848,0,BTCUSDT,1h
2026-05-15 16:00:00+00:00,79118.1,79363.7,79098.7,79264.7,3964.471,2026-05-15 16:59:59.999000+00:00,314042743.3606,127539,1901.594,150649387.1491,0,BTCUSDT,1h
2026-05-15 17:00:00+00:00,79264.7,79475.8,79188.8,79432.1,3785.646,2026-05-15 17:59:59.999000+00:00,300384103.6604,110137,2037.83,161708151.2042,0,BTCUSDT,1h
2026-05-15 18:00:00+00:00,79432.2,79532.1,79135.4,79241.2,3660.491,2026-05-15 18:59:59.999000+00:00,290339150.492,112519,1603.591,127209017.0562,0,BTCUSDT,1h
2026-05-15 19:00:00+00:00,79241.1,79257.9,79012.5,79104.2,3297.179,2026-05-15 19:59:59.999000+00:00,260806721.7522,95402,1341.516,106114300.8153,0,BTCUSDT,1h
2026-05-15 20:00:00+00:00,79104.3,79185.0,78955.0,79081.1,2297.386,2026-05-15 20:59:59.999000+00:00,181677918.1688,70037,967.134,76483008.5329,0,BTCUSDT,1h
2026-05-15 21:00:00+00:00,79081.0,79168.0,78861.6,78931.3,2254.988,2026-05-15 21:59:59.999000+00:00,178203040.2786,62188,966.59,76399235.5438,0,BTCUSDT,1h
2026-05-15 22:00:00+00:00,78931.4,79113.7,78931.3,79070.1,1362.084,2026-05-15 22:59:59.999000+00:00,107648450.9017,43666,792.199,62609100.0076,0,BTCUSDT,1h
2026-05-15 23:00:00+00:00,79070.0,79135.3,79035.1,79074.0,1224.728,2026-05-15 23:59:59.999000+00:00,96854543.7304,34410,578.258,45729087.4577,0,BTCUSDT,1h
2026-05-16 00:00:00+00:00,79074.0,79199.7,79031.7,79075.6,1866.35,2026-05-16 00:59:59.999000+00:00,147668287.0601,47892,962.963,76194283.8443,0,BTCUSDT,1h
2026-05-16 01:00:00+00:00,79075.6,79155.9,78970.4,79128.5,1948.608,2026-05-16 01:59:59.999000+00:00,154040810.4579,48286,1039.902,82212050.0947,0,BTCUSDT,1h
2026-05-16 02:00:00+00:00,79128.4,79178.0,79040.7,79113.9,1461.703,2026-05-16 02:59:59.999000+00:00,115634808.1002,43686,824.526,65230485.3862,0,BTCUSDT,1h
2026-05-16 03:00:00+00:00,79113.9,79153.7,79017.6,79041.7,1343.056,2026-05-16 03:59:59.999000+00:00,106227817.4544,36151,656.529,51927360.3136,0,BTCUSDT,1h
2026-05-16 04:00:00+00:00,79041.7,79096.8,78811.0,78999.9,3080.363,2026-05-16 04:59:59.999000+00:00,243227127.0232,67152,1282.586,101282660.8398,0,BTCUSDT,1h
2026-05-16 05:00:00+00:00,78999.9,79001.0,78889.7,78989.9,1488.42,2026-05-16 05:59:59.999000+00:00,117533856.0479,38852,775.893,61267193.1557,0,BTCUSDT,1h
2026-05-16 06:00:00+00:00,78989.9,79012.9,78393.9,78610.2,9244.159,2026-05-16 06:59:59.999000+00:00,727174336.5108,161097,3093.119,243382491.8076,0,BTCUSDT,1h
2026-05-16 07:00:00+00:00,78610.2,78610.3,78000.4,78334.3,13808.169,2026-05-16 07:59:59.999000+00:00,1081421215.9391,252741,6460.558,506045867.7821,0,BTCUSDT,1h
2026-05-16 08:00:00+00:00,78334.3,78527.8,78291.0,78389.5,3590.485,2026-05-16 08:59:59.999000+00:00,281500532.0417,71522,2001.216,156901347.9391,0,BTCUSDT,1h
2026-05-16 09:00:00+00:00,78389.5,78410.1,77850.0,78052.1,10664.7,2026-05-16 09:59:59.999000+00:00,832368337.5043,205419,4434.124,346098628.4947,0,BTCUSDT,1h
2026-05-16 10:00:00+00:00,78052.1,78071.9,77601.8,77937.6,10160.386,2026-05-16 10:59:59.999000+00:00,790813704.347,213702,4477.365,348509375.0189,0,BTCUSDT,1h
2026-05-16 11:00:00+00:00,77937.5,78163.3,77937.5,78042.5,3897.654,2026-05-16 11:59:59.999000+00:00,304262349.302,84911,2126.383,165998840.0495,0,BTCUSDT,1h
2026-05-16 12:00:00+00:00,78042.5,78100.0,77889.0,77980.0,2627.039,2026-05-16 12:59:59.999000+00:00,204915956.3545,67969,1237.749,96550164.3586,0,BTCUSDT,1h
2026-05-16 13:00:00+00:00,77980.0,77987.9,77800.0,77987.9,2790.145,2026-05-16 13:59:59.999000+00:00,217347962.7337,76643,1431.657,111528092.8364,0,BTCUSDT,1h
2026-05-16 14:00:00+00:00,77987.9,78327.0,77850.5,78090.3,4921.309,2026-05-16 14:59:59.999000+00:00,384352381.7866,110670,2917.73,227899336.9715,0,BTCUSDT,1h
2026-05-16 15:00:00+00:00,78090.3,78254.0,78034.0,78194.1,2455.911,2026-05-16 15:59:59.999000+00:00,191920261.7772,66580,1354.053,105813143.5496,0,BTCUSDT,1h
2026-05-16 16:00:00+00:00,78194.0,78337.4,78069.1,78167.7,2931.052,2026-05-16 16:59:59.999000+00:00,229235025.5826,76544,1471.431,115090222.9925,0,BTCUSDT,1h
2026-05-16 17:00:00+00:00,78167.7,78285.1,78159.1,78159.2,1043.525,2026-05-16 17:59:59.999000+00:00,81628062.0869,36904,547.045,42793865.897,0,BTCUSDT,1h
2026-05-16 18:00:00+00:00,78159.1,78306.6,78113.1,78200.0,1625.933,2026-05-16 18:59:59.999000+00:00,127136995.847,41861,801.075,62653072.4094,0,BTCUSDT,1h
2026-05-16 19:00:00+00:00,78200.0,78270.9,78166.8,78223.8,984.661,2026-05-16 19:59:59.999000+00:00,77024084.7133,30117,517.172,40455848.8535,0,BTCUSDT,1h
2026-05-16 20:00:00+00:00,78223.8,78287.8,78160.0,78214.7,767.876,2026-05-16 20:59:59.999000+00:00,60075201.5725,27640,378.512,29614093.659,0,BTCUSDT,1h
2026-05-16 21:00:00+00:00,78214.7,78274.6,78167.5,78229.2,1283.883,2026-05-16 21:59:59.999000+00:00,100445548.0062,29396,669.215,52356429.5648,0,BTCUSDT,1h
2026-05-16 22:00:00+00:00,78229.2,78248.7,78133.3,78143.5,923.596,2026-05-16 22:59:59.999000+00:00,72214148.9083,27806,342.368,26768693.7384,0,BTCUSDT,1h
2026-05-16 23:00:00+00:00,78143.5,78240.0,78085.2,78104.2,1241.468,2026-05-16 23:59:59.999000+00:00,97035190.1993,30443,552.357,43175676.8158,0,BTCUSDT,1h
2026-05-17 00:00:00+00:00,78104.3,78213.9,77760.0,77915.4,3840.451,2026-05-17 00:59:59.999000+00:00,299642471.2192,70489,1592.859,124294171.2665,0,BTCUSDT,1h
2026-05-17 01:00:00+00:00,77915.3,78085.4,77675.4,77688.1,5411.676,2026-05-17 01:59:59.999000+00:00,421351988.9524,133358,2231.288,173763472.1931,0,BTCUSDT,1h
2026-05-17 02:00:00+00:00,77688.0,77913.6,77688.0,77856.3,2548.06,2026-05-17 02:59:59.999000+00:00,198339729.9154,66010,1420.639,110586058.4087,0,BTCUSDT,1h
2026-05-17 03:00:00+00:00,77856.3,78050.0,77845.6,77990.2,1809.776,2026-05-17 03:59:59.999000+00:00,141104313.071,49338,1089.751,84965411.0853,0,BTCUSDT,1h
2026-05-17 04:00:00+00:00,77990.2,78179.1,77957.2,78117.4,1965.339,2026-05-17 04:59:59.999000+00:00,153473329.7528,50138,1207.601,94305023.9919,0,BTCUSDT,1h
2026-05-17 05:00:00+00:00,78117.4,78300.0,78064.8,78087.7,2299.316,2026-05-17 05:59:59.999000+00:00,179739418.571,48299,1199.615,93791257.69,0,BTCUSDT,1h
2026-05-17 06:00:00+00:00,78087.6,78172.7,77970.0,78071.6,1561.292,2026-05-17 06:59:59.999000+00:00,121887806.4767,38779,730.774,57060115.6777,0,BTCUSDT,1h
2026-05-17 07:00:00+00:00,78071.6,78175.3,78015.0,78137.2,1336.456,2026-05-17 07:59:59.999000+00:00,104377720.4973,36381,776.539,60651698.5182,0,BTCUSDT,1h
2026-05-17 08:00:00+00:00,78137.3,78157.9,77992.1,78050.7,1306.842,2026-05-17 08:59:59.999000+00:00,102019206.5066,34516,513.46,40080654.0876,0,BTCUSDT,1h
2026-05-17 09:00:00+00:00,78050.7,78266.6,78041.8,78214.3,1740.301,2026-05-17 09:59:59.999000+00:00,136015866.4066,38483,1016.455,79441495.0714,0,BTCUSDT,1h
2026-05-17 10:00:00+00:00,78214.3,78564.3,78208.2,78423.0,5786.248,2026-05-17 10:59:59.999000+00:00,453682493.4335,113195,3427.843,268760362.8664,0,BTCUSDT,1h
2026-05-17 11:00:00+00:00,78423.0,78436.0,78245.7,78371.5,2147.004,2026-05-17 11:59:59.999000+00:00,168199350.0407,63268,943.887,73948778.9297,0,BTCUSDT,1h
2026-05-17 12:00:00+00:00,78371.4,78515.7,78280.1,78326.9,2107.738,2026-05-17 12:59:59.999000+00:00,165256056.4934,55866,1131.372,88710114.5146,0,BTCUSDT,1h
2026-05-17 13:00:00+00:00,78326.9,78331.2,78128.5,78165.0,2499.13,2026-05-17 13:59:59.999000+00:00,195495250.6705,64162,972.554,76078850.8368,0,BTCUSDT,1h
2026-05-17 14:00:00+00:00,78165.0,78177.8,77800.0,78009.6,5105.45,2026-05-17 14:59:59.999000+00:00,398144823.7771,119925,2149.491,167630916.0161,0,BTCUSDT,1h
2026-05-17 15:00:00+00:00,78009.7,78087.0,77875.0,78006.9,2191.933,2026-05-17 15:59:59.999000+00:00,170952544.6692,62183,985.876,76895119.1205,0,BTCUSDT,1h
2026-05-17 16:00:00+00:00,78006.9,78165.3,77979.8,77995.0,1737.293,2026-05-17 16:59:59.999000+00:00,135618645.7605,48109,918.655,71719689.0844,0,BTCUSDT,1h
2026-05-17 17:00:00+00:00,77995.1,78054.3,77811.5,78044.8,2930.67,2026-05-17 17:59:59.999000+00:00,228403421.8576,73773,1465.816,114253516.6001,0,BTCUSDT,1h
2026-05-17 18:00:00+00:00,78044.8,78235.2,77960.7,78226.2,1824.56,2026-05-17 18:59:59.999000+00:00,142534767.0291,60427,1072.191,83766154.9725,0,BTCUSDT,1h
2026-05-17 19:00:00+00:00,78226.2,78432.0,78172.2,78369.0,2074.009,2026-05-17 19:59:59.999000+00:00,162408484.8766,56484,1176.156,92114413.4577,0,BTCUSDT,1h
2026-05-17 20:00:00+00:00,78368.9,78393.9,78208.9,78230.0,1173.721,2026-05-17 20:59:59.999000+00:00,91880525.05,38726,546.929,42815018.1545,0,BTCUSDT,1h
2026-05-17 21:00:00+00:00,78230.1,78453.0,78190.6,78365.4,2194.705,2026-05-17 21:59:59.999000+00:00,171979051.1821,46907,1252.254,98132704.5675,0,BTCUSDT,1h
2026-05-17 22:00:00+00:00,78365.4,78372.8,77777.0,77961.6,5643.159,2026-05-17 22:59:59.999000+00:00,440247034.4387,155918,2715.288,211822372.9082,0,BTCUSDT,1h
2026-05-17 23:00:00+00:00,77961.7,77970.0,76666.0,77430.4,24982.54,2026-05-17 23:59:59.999000+00:00,1930193869.3218,410512,9801.427,757361154.3995,0,BTCUSDT,1h
2026-05-18 00:00:00+00:00,77430.4,77452.7,76875.0,77175.7,10777.547,2026-05-18 00:59:59.999000+00:00,831081634.2967,305724,5494.842,423696217.3763,0,BTCUSDT,1h
2026-05-18 01:00:00+00:00,77175.7,77274.8,76700.0,77084.5,10313.877,2026-05-18 01:59:59.999000+00:00,793500745.4006,259991,5202.232,400288687.9468,0,BTCUSDT,1h
2026-05-18 02:00:00+00:00,77084.5,77190.0,76668.8,76809.4,5970.755,2026-05-18 02:59:59.999000+00:00,459458374.7112,138063,3022.792,232611378.7391,0,BTCUSDT,1h
2026-05-18 03:00:00+00:00,76809.4,76999.2,76777.0,76900.0,3091.878,2026-05-18 03:59:59.999000+00:00,237782280.4707,99093,1618.289,124449540.8648,0,BTCUSDT,1h
2026-05-18 04:00:00+00:00,76900.1,77045.9,76740.0,77000.2,3443.145,2026-05-18 04:59:59.999000+00:00,264776271.2151,91379,1636.964,125881929.8438,0,BTCUSDT,1h
2026-05-18 05:00:00+00:00,77000.2,77059.6,76850.0,76886.5,3158.444,2026-05-18 05:59:59.999000+00:00,243041760.9288,86128,1429.858,110032931.2773,0,BTCUSDT,1h
2026-05-18 06:00:00+00:00,76886.5,76942.0,76534.5,76881.3,7189.696,2026-05-18 06:59:59.999000+00:00,551711374.8404,163452,3148.553,241663045.8004,0,BTCUSDT,1h
2026-05-18 07:00:00+00:00,76881.4,77054.6,76728.7,77039.4,4449.391,2026-05-18 07:59:59.999000+00:00,342389484.1361,121315,2539.223,195414078.9404,0,BTCUSDT,1h
2026-05-18 08:00:00+00:00,77039.5,77193.5,76850.0,77001.0,3716.68,2026-05-18 08:59:59.999000+00:00,286225262.5561,102544,2120.74,163334525.9394,0,BTCUSDT,1h
2026-05-18 09:00:00+00:00,77001.0,77025.1,76840.1,76901.4,1667.379,2026-05-18 09:59:59.999000+00:00,128259006.3038,63246,798.061,61388718.1235,0,BTCUSDT,1h
2026-05-18 10:00:00+00:00,76901.4,76923.4,76670.1,76733.2,4468.687,2026-05-18 10:59:59.999000+00:00,343070225.2475,113292,2388.256,183345533.8603,0,BTCUSDT,1h
2026-05-18 11:00:00+00:00,76733.3,77375.0,76627.0,77255.0,7756.521,2026-05-18 11:59:59.999000+00:00,598100712.2316,168385,4191.386,323208798.9445,0,BTCUSDT,1h
2026-05-18 12:00:00+00:00,77255.1,77757.5,77241.5,77599.9,12046.144,2026-05-18 12:59:59.999000+00:00,933297922.3734,254016,6191.683,479761564.7281,0,BTCUSDT,1h
2026-05-18 13:00:00+00:00,77599.9,77601.9,76650.0,76914.0,14647.288,2026-05-18 13:59:59.999000+00:00,1128500081.9262,355031,6777.458,522130297.2242,0,BTCUSDT,1h
2026-05-18 14:00:00+00:00,76913.9,76927.5,76200.0,76369.8,19478.281,2026-05-18 14:59:59.999000+00:00,1490724157.6439,446414,8763.318,670774905.7465,0,BTCUSDT,1h
2026-05-18 15:00:00+00:00,76369.7,76463.6,76014.2,76393.5,15564.299,2026-05-18 15:59:59.999000+00:00,1186236540.0369,364018,7672.497,584813547.82,0,BTCUSDT,1h
2026-05-18 16:00:00+00:00,76393.6,76657.1,76174.1,76377.3,11404.463,2026-05-18 16:59:59.999000+00:00,871462418.0981,247675,5638.838,430954945.386,0,BTCUSDT,1h
2026-05-18 17:00:00+00:00,76377.3,76725.7,76332.1,76671.1,4384.489,2026-05-18 17:59:59.999000+00:00,335815601.312,132536,2351.384,180098624.531,0,BTCUSDT,1h
2026-05-18 18:00:00+00:00,76671.0,76674.4,76107.7,76221.6,6729.802,2026-05-18 18:59:59.999000+00:00,513491933.7628,177600,3314.051,252799740.8934,0,BTCUSDT,1h
2026-05-18 19:00:00+00:00,76221.6,76963.7,76200.0,76898.5,11367.93,2026-05-18 19:59:59.999000+00:00,872015806.6522,289108,6049.575,464132080.4972,0,BTCUSDT,1h
2026-05-18 20:00:00+00:00,76898.5,77160.3,76829.3,76868.1,6224.955,2026-05-18 20:59:59.999000+00:00,479269492.6737,115494,2772.827,213534240.4035,0,BTCUSDT,1h
2026-05-18 21:00:00+00:00,76868.1,77149.7,76753.6,77063.1,3535.747,2026-05-18 21:59:59.999000+00:00,272059196.8398,84908,1735.586,133563627.1149,0,BTCUSDT,1h
2026-05-18 22:00:00+00:00,77063.1,77187.3,76894.6,77045.1,4653.374,2026-05-18 22:59:59.999000+00:00,358509110.2665,91366,2159.209,166375866.318,0,BTCUSDT,1h
2026-05-18 23:00:00+00:00,77045.0,77133.4,76900.1,76963.2,2322.727,2026-05-18 23:59:59.999000+00:00,178884729.491,57095,1066.4,82134616.9981,0,BTCUSDT,1h
2026-05-19 00:00:00+00:00,76963.2,77384.6,76913.8,77102.6,4592.602,2026-05-19 00:59:59.999000+00:00,354387922.5169,120362,2518.824,194386424.0207,0,BTCUSDT,1h
2026-05-19 01:00:00+00:00,77102.6,77122.7,76634.0,76635.4,5818.494,2026-05-19 01:59:59.999000+00:00,447028141.6631,137339,2542.432,195312659.9396,0,BTCUSDT,1h
2026-05-19 02:00:00+00:00,76635.4,76973.7,76451.3,76586.2,4745.72,2026-05-19 02:59:59.999000+00:00,363975778.1423,129694,2488.682,190894868.2042,0,BTCUSDT,1h
2026-05-19 03:00:00+00:00,76586.2,76837.0,76550.0,76749.9,2677.159,2026-05-19 03:59:59.999000+00:00,205398613.7603,73055,1399.771,107398743.031,0,BTCUSDT,1h
2026-05-19 04:00:00+00:00,76750.0,76916.5,76658.0,76889.4,2587.324,2026-05-19 04:59:59.999000+00:00,198688484.9613,71643,1331.99,102295532.1171,0,BTCUSDT,1h
2026-05-19 05:00:00+00:00,76889.4,76978.0,76595.7,76872.8,2806.705,2026-05-19 05:59:59.999000+00:00,215641114.1098,92894,1560.743,119928478.3069,0,BTCUSDT,1h
2026-05-19 06:00:00+00:00,76872.8,77070.4,76846.9,76985.2,2999.916,2026-05-19 06:59:59.999000+00:00,230894105.1543,81326,1588.152,122234221.9502,0,BTCUSDT,1h
2026-05-19 07:00:00+00:00,76985.1,77247.7,76929.5,77200.4,4023.829,2026-05-19 07:59:59.999000+00:00,310355573.4208,99431,2187.414,168706223.7162,0,BTCUSDT,1h
2026-05-19 08:00:00+00:00,77200.4,77291.3,76932.0,77015.8,3821.06,2026-05-19 08:59:59.999000+00:00,294579236.8347,102734,1802.864,138999460.7075,0,BTCUSDT,1h
2026-05-19 09:00:00+00:00,77015.9,77047.4,76671.1,76787.4,4536.807,2026-05-19 09:59:59.999000+00:00,348515832.4461,114223,2122.095,163002160.4912,0,BTCUSDT,1h
2026-05-19 10:00:00+00:00,76787.3,77070.0,76666.0,77005.8,3518.738,2026-05-19 10:59:59.999000+00:00,270366504.4574,99757,1672.531,128521698.0636,0,BTCUSDT,1h
2026-05-19 11:00:00+00:00,77005.8,77039.1,76576.8,76677.1,3674.566,2026-05-19 11:59:59.999000+00:00,282144583.2823,84907,1739.612,133569654.1945,0,BTCUSDT,1h
2026-05-19 12:00:00+00:00,76677.0,76947.5,76609.5,76901.3,2310.159,2026-05-19 12:59:59.999000+00:00,177430467.4159,68219,1169.119,89794441.6257,0,BTCUSDT,1h
2026-05-19 13:00:00+00:00,76901.2,77033.9,76556.0,76846.1,7623.165,2026-05-19 13:59:59.999000+00:00,585449302.2793,238482,3782.851,290522872.0149,0,BTCUSDT,1h
2026-05-19 14:00:00+00:00,76846.1,76981.4,76107.1,76365.7,14484.518,2026-05-19 14:59:59.999000+00:00,1107351999.9622,348272,6663.037,509358228.0015,0,BTCUSDT,1h
2026-05-19 15:00:00+00:00,76365.6,76650.0,76302.7,76487.9,7036.931,2026-05-19 15:59:59.999000+00:00,538233854.1662,164953,3014.293,230572817.9424,0,BTCUSDT,1h
2026-05-19 16:00:00+00:00,76488.0,76888.0,76377.0,76858.3,6217.088,2026-05-19 16:59:59.999000+00:00,476363007.1043,136523,3334.106,255572496.8813,0,BTCUSDT,1h
2026-05-19 17:00:00+00:00,76858.4,76992.6,76720.5,76821.2,4679.182,2026-05-19 17:59:59.999000+00:00,359678227.3604,138898,1983.266,152462746.6221,0,BTCUSDT,1h
2026-05-19 18:00:00+00:00,76821.1,76916.1,76704.8,76764.2,2165.322,2026-05-19 18:59:59.999000+00:00,166318419.0597,77137,923.848,70961337.5466,0,BTCUSDT,1h
2026-05-19 19:00:00+00:00,76764.2,77042.3,76720.9,76780.0,2209.798,2026-05-19 19:59:59.999000+00:00,169891513.3719,84907,1145.26,88052072.8468,0,BTCUSDT,1h
2026-05-19 20:00:00+00:00,76780.0,77000.0,76780.0,76976.3,1046.262,2026-05-19 20:59:59.999000+00:00,80470876.7859,36140,500.674,38508546.0298,0,BTCUSDT,1h
2026-05-19 21:00:00+00:00,76976.4,77003.1,76929.6,76942.4,1005.069,2026-05-19 21:59:59.999000+00:00,77363409.8809,30745,493.077,37953864.1991,0,BTCUSDT,1h
2026-05-19 22:00:00+00:00,76942.4,76942.5,76610.4,76676.1,2919.944,2026-05-19 22:59:59.999000+00:00,224067677.9827,83572,1287.925,98811768.84,0,BTCUSDT,1h
2026-05-19 23:00:00+00:00,76676.0,76948.1,76633.0,76799.9,1546.281,2026-05-19 23:59:59.999000+00:00,118783271.6677,50403,844.704,64899329.7673,0,BTCUSDT,1h
2026-05-20 00:00:00+00:00,76800.0,76863.4,76485.0,76760.9,3965.277,2026-05-20 00:59:59.999000+00:00,303929558.4925,115544,1707.538,130872827.81,0,BTCUSDT,1h
2026-05-20 01:00:00+00:00,76761.0,76900.0,76501.8,76787.5,5182.516,2026-05-20 01:59:59.999000+00:00,397415291.6447,131847,2023.455,155183397.8322,0,BTCUSDT,1h
2026-05-20 02:00:00+00:00,76787.5,76880.0,76563.1,76654.5,3578.599,2026-05-20 02:59:59.999000+00:00,274456239.852,87293,1409.584,108075218.4246,0,BTCUSDT,1h
2026-05-20 03:00:00+00:00,76654.5,76795.0,76573.9,76689.6,1991.117,2026-05-20 03:59:59.999000+00:00,152687579.7288,66949,913.483,70045955.2976,0,BTCUSDT,1h
2026-05-20 04:00:00+00:00,76689.6,76814.6,76650.0,76748.1,1955.352,2026-05-20 04:59:59.999000+00:00,150080942.172,53889,855.778,65680760.4166,0,BTCUSDT,1h
2026-05-20 05:00:00+00:00,76748.1,77300.0,76748.0,77170.4,8685.078,2026-05-20 05:59:59.999000+00:00,669882762.1476,163564,5065.707,390640825.2476,0,BTCUSDT,1h
2026-05-20 06:00:00+00:00,77170.3,77387.9,77153.4,77379.8,3653.484,2026-05-20 06:59:59.999000+00:00,282301165.4809,86523,2375.13,183524288.019,0,BTCUSDT,1h
2026-05-20 07:00:00+00:00,77379.9,77444.0,77208.3,77249.9,4258.277,2026-05-20 07:59:59.999000+00:00,329277418.9768,82433,2099.306,162340611.43,0,BTCUSDT,1h
2026-05-20 08:00:00+00:00,77250.0,77612.0,77170.3,77430.0,6800.627,2026-05-20 08:59:59.999000+00:00,526492276.6547,113312,3852.059,298250799.7676,0,BTCUSDT,1h
2026-05-20 09:00:00+00:00,77430.1,77516.0,77333.9,77449.9,4113.947,2026-05-20 09:59:59.999000+00:00,318554703.8126,69817,1832.552,141906677.5517,0,BTCUSDT,1h
2026-05-20 10:00:00+00:00,77450.0,77639.3,77450.0,77475.8,2665.45,2026-05-20 10:59:59.999000+00:00,206712201.2807,60657,1511.895,117255837.4828,0,BTCUSDT,1h
2026-05-20 11:00:00+00:00,77475.8,77530.0,77286.1,77351.2,2758.672,2026-05-20 11:59:59.999000+00:00,213543212.1811,56763,1130.024,87465279.983,0,BTCUSDT,1h
2026-05-20 12:00:00+00:00,77351.2,77733.0,77329.7,77590.2,3699.957,2026-05-20 12:59:59.999000+00:00,286892630.6369,78428,2263.318,175537344.7816,0,BTCUSDT,1h
2026-05-20 13:00:00+00:00,77590.2,77617.2,76925.6,77175.3,10364.743,2026-05-20 13:59:59.999000+00:00,799934045.9539,246527,5112.573,394530935.0674,0,BTCUSDT,1h
2026-05-20 14:00:00+00:00,77175.2,77545.0,76855.0,77410.0,9811.109,2026-05-20 14:59:59.999000+00:00,758296298.597,323549,4810.232,371886309.1547,0,BTCUSDT,1h
2026-05-20 15:00:00+00:00,77410.0,77825.8,77266.6,77423.0,9366.432,2026-05-20 15:59:59.999000+00:00,726543505.0848,238257,4945.303,383654576.8204,0,BTCUSDT,1h
2026-05-20 16:00:00+00:00,77423.0,77527.2,76975.0,77301.0,5465.178,2026-05-20 16:59:59.999000+00:00,421971465.4804,168492,2495.825,192699903.8929,0,BTCUSDT,1h
2026-05-20 17:00:00+00:00,77300.9,77685.4,77191.6,77537.1,4298.01,2026-05-20 17:59:59.999000+00:00,333045929.9654,128495,2182.502,169117214.468,0,BTCUSDT,1h
2026-05-20 18:00:00+00:00,77537.1,77600.0,77350.2,77375.5,2425.662,2026-05-20 18:59:59.999000+00:00,187913861.6472,94533,1106.332,85710821.0176,0,BTCUSDT,1h
2026-05-20 19:00:00+00:00,77375.5,77677.2,77304.3,77630.6,3152.964,2026-05-20 19:59:59.999000+00:00,244464871.7495,87105,1769.78,137212025.6295,0,BTCUSDT,1h
2026-05-20 20:00:00+00:00,77630.5,77735.2,77433.4,77679.6,3278.975,2026-05-20 20:59:59.999000+00:00,254496672.9722,101829,1602.931,124422016.227,0,BTCUSDT,1h
2026-05-20 21:00:00+00:00,77678.9,77735.6,77464.5,77464.5,1496.545,2026-05-20 21:59:59.999000+00:00,116152418.6137,44196,722.144,56050798.5304,0,BTCUSDT,1h
2026-05-20 22:00:00+00:00,77464.5,77472.7,77183.7,77468.2,3045.356,2026-05-20 22:59:59.999000+00:00,235559638.7308,95861,1642.781,127064934.5029,0,BTCUSDT,1h
2026-05-20 23:00:00+00:00,77468.1,77520.0,77339.9,77510.3,1594.079,2026-05-20 23:59:59.999000+00:00,123418431.9474,46760,798.319,61809766.2415,0,BTCUSDT,1h
2026-05-21 00:00:00+00:00,77510.3,78051.0,77472.5,77929.1,6591.019,2026-05-21 00:59:59.999000+00:00,512798565.3467,131921,4065.149,316290654.1589,0,BTCUSDT,1h
2026-05-21 01:00:00+00:00,77929.1,78150.0,77759.8,77818.1,5435.164,2026-05-21 01:59:59.999000+00:00,423592346.8716,124375,2856.909,222723780.9892,0,BTCUSDT,1h
2026-05-21 02:00:00+00:00,77818.1,78071.2,77778.5,77915.5,3066.939,2026-05-21 02:59:59.999000+00:00,239090102.4638,80665,1669.414,130137648.4338,0,BTCUSDT,1h
2026-05-21 03:00:00+00:00,77915.5,78066.0,77867.4,78039.1,1946.099,2026-05-21 03:59:59.999000+00:00,151727877.2224,49775,1028.171,80170569.1126,0,BTCUSDT,1h
2026-05-21 04:00:00+00:00,78039.2,78143.2,77922.9,77993.5,2561.402,2026-05-21 04:59:59.999000+00:00,199781936.8126,54804,1138.185,88783415.7448,0,BTCUSDT,1h
2026-05-21 05:00:00+00:00,77993.5,78106.8,77651.7,77795.0,3182.763,2026-05-21 05:59:59.999000+00:00,247815965.1924,73127,1457.198,113460291.5803,0,BTCUSDT,1h
2026-05-21 06:00:00+00:00,77795.1,77845.4,77501.3,77591.7,3558.168,2026-05-21 06:59:59.999000+00:00,276379045.2562,80145,1660.582,128995724.9659,0,BTCUSDT,1h
2026-05-21 07:00:00+00:00,77591.6,77870.0,77485.1,77846.2,3716.381,2026-05-21 07:59:59.999000+00:00,288527976.8641,82149,1969.742,152941739.134,0,BTCUSDT,1h
2026-05-21 08:00:00+00:00,77846.1,78180.0,77846.1,77888.1,5550.024,2026-05-21 08:59:59.999000+00:00,432917605.6602,133668,2947.823,229954946.5815,0,BTCUSDT,1h
2026-05-21 09:00:00+00:00,77888.0,77950.0,77590.0,77596.8,3170.098,2026-05-21 09:59:59.999000+00:00,246493088.8228,70814,1293.843,100610509.9266,0,BTCUSDT,1h
2026-05-21 10:00:00+00:00,77596.8,77651.7,77140.7,77172.6,10146.961,2026-05-21 10:59:59.999000+00:00,784820337.0717,194377,4837.253,374137339.3367,0,BTCUSDT,1h
2026-05-21 11:00:00+00:00,77172.6,77342.8,77111.0,77157.4,4288.535,2026-05-21 11:59:59.999000+00:00,331183003.6075,96182,2063.394,159364728.6799,0,BTCUSDT,1h
2026-05-21 12:00:00+00:00,77157.3,77328.9,77024.4,77244.0,4246.594,2026-05-21 12:59:59.999000+00:00,327761198.8129,108708,2118.339,163524058.6633,0,BTCUSDT,1h
2026-05-21 13:00:00+00:00,77244.1,77322.0,76696.7,77090.1,10674.629,2026-05-21 13:59:59.999000+00:00,821498824.0366,263819,4745.124,365218757.746,0,BTCUSDT,1h
2026-05-21 14:00:00+00:00,77090.0,77220.0,76744.1,76944.0,5882.902,2026-05-21 14:59:59.999000+00:00,453014240.6822,208506,2747.949,211625248.5101,0,BTCUSDT,1h
2026-05-21 15:00:00+00:00,76944.0,77379.1,76861.7,77224.3,4754.63,2026-05-21 15:59:59.999000+00:00,366857065.964,155622,2359.567,182071695.3751,0,BTCUSDT,1h
2026-05-21 16:00:00+00:00,77224.3,77318.3,76970.0,77166.7,3670.982,2026-05-21 16:59:59.999000+00:00,283168469.4456,109651,1478.923,114082482.8928,0,BTCUSDT,1h
2026-05-21 17:00:00+00:00,77166.8,78063.8,77140.0,77831.1,16086.78,2026-05-21 17:59:59.999000+00:00,1251038938.4275,336367,8012.323,622957950.7768,0,BTCUSDT,1h
2026-05-21 18:00:00+00:00,77831.0,77890.0,77209.3,77354.5,8725.868,2026-05-21 18:59:59.999000+00:00,676958697.6668,215123,4465.563,346441805.2624,0,BTCUSDT,1h
2026-05-21 19:00:00+00:00,77354.4,77768.0,77333.0,77657.1,3675.524,2026-05-21 19:59:59.999000+00:00,285041001.2612,109129,2074.56,160904825.6557,0,BTCUSDT,1h
2026-05-21 20:00:00+00:00,77657.1,77772.2,77602.7,77671.4,1433.181,2026-05-21 20:59:59.999000+00:00,111331014.4712,49219,656.715,51020047.86,0,BTCUSDT,1h
2026-05-21 21:00:00+00:00,77671.5,77777.2,77604.3,77636.2,1339.524,2026-05-21 21:59:59.999000+00:00,104108818.4974,37880,661.746,51434187.2279,0,BTCUSDT,1h
2026-05-21 22:00:00+00:00,77636.2,77721.8,77513.2,77589.6,1895.354,2026-05-21 22:59:59.999000+00:00,147122140.2419,51020,957.131,74294042.1891,0,BTCUSDT,1h
2026-05-21 23:00:00+00:00,77589.6,77714.2,77490.8,77586.2,1495.64,2026-05-21 23:59:59.999000+00:00,116098307.2018,49663,772.625,59978050.8274,0,BTCUSDT,1h
2026-05-22 00:00:00+00:00,77586.3,77602.5,77333.3,77344.7,2082.007,2026-05-22 00:59:59.999000+00:00,161254656.3522,76924,968.711,75031308.719,0,BTCUSDT,1h
2026-05-22 01:00:00+00:00,77344.8,77634.8,77288.0,77580.0,2163.772,2026-05-22 01:59:59.999000+00:00,167580158.5992,71959,1290.854,99976584.1075,0,BTCUSDT,1h
2026-05-22 02:00:00+00:00,77579.9,77697.9,77557.0,77638.2,1697.063,2026-05-22 02:59:59.999000+00:00,131736770.1273,57230,914.18,70967712.2355,0,BTCUSDT,1h
2026-05-22 03:00:00+00:00,77638.2,77775.9,77638.1,77740.0,1766.581,2026-05-22 03:59:59.999000+00:00,137304783.7137,43715,954.146,74155668.684,0,BTCUSDT,1h
2026-05-22 04:00:00+00:00,77739.9,77862.7,77600.0,77619.9,2451.568,2026-05-22 04:59:59.999000+00:00,190593329.0326,55266,1135.863,88322205.702,0,BTCUSDT,1h
2026-05-22 05:00:00+00:00,77620.0,77691.8,77418.3,77450.0,2444.911,2026-05-22 05:59:59.999000+00:00,189612427.1443,56436,938.202,72770387.486,0,BTCUSDT,1h
2026-05-22 06:00:00+00:00,77450.0,77494.0,77324.2,77386.0,3827.195,2026-05-22 06:59:59.999000+00:00,296282678.5268,76704,2053.679,158986168.2047,0,BTCUSDT,1h
2026-05-22 07:00:00+00:00,77386.0,77514.5,77237.1,77366.9,3924.108,2026-05-22 07:59:59.999000+00:00,303569560.6714,73739,1848.693,143026826.9001,0,BTCUSDT,1h
2026-05-22 08:00:00+00:00,77366.8,77505.7,77170.0,77237.6,2961.84,2026-05-22 08:59:59.999000+00:00,229035410.1744,92337,1500.067,116010715.5509,0,BTCUSDT,1h
2026-05-22 09:00:00+00:00,77237.6,77329.4,77160.8,77269.8,2244.446,2026-05-22 09:59:59.999000+00:00,173349519.1761,58409,1198.008,92530117.9816,0,BTCUSDT,1h
2026-05-22 10:00:00+00:00,77269.9,77335.8,77222.4,77282.0,1442.07,2026-05-22 10:59:59.999000+00:00,111438866.1559,40375,790.453,61083894.0308,0,BTCUSDT,1h
2026-05-22 11:00:00+00:00,77282.0,77397.4,77138.3,77394.8,1905.227,2026-05-22 11:59:59.999000+00:00,147257165.9819,52021,994.262,76859257.8906,0,BTCUSDT,1h
2026-05-22 12:00:00+00:00,77394.8,77548.5,77353.6,77491.3,3130.076,2026-05-22 12:59:59.999000+00:00,242410624.8452,76295,1577.331,122161766.0082,0,BTCUSDT,1h
2026-05-22 13:00:00+00:00,77491.4,77517.2,77085.5,77255.6,5449.535,2026-05-22 13:59:59.999000+00:00,421051150.6421,156592,2430.046,187740507.3016,0,BTCUSDT,1h
2026-05-22 14:00:00+00:00,77255.5,77255.5,76701.3,76734.6,14182.806,2026-05-22 14:59:59.999000+00:00,1090115510.5206,222764,7682.464,590381492.486,0,BTCUSDT,1h
2026-05-22 15:00:00+00:00,76734.7,76994.9,76528.0,76756.5,10355.079,2026-05-22 15:59:59.999000+00:00,794697694.5704,184389,4959.103,380693496.795,0,BTCUSDT,1h
2026-05-22 16:00:00+00:00,76756.5,76967.7,76730.0,76913.8,2972.973,2026-05-22 16:59:59.999000+00:00,228496283.7908,92564,1582.638,121632027.2807,0,BTCUSDT,1h
2026-05-22 17:00:00+00:00,76913.8,77070.1,76714.2,76714.5,4149.934,2026-05-22 17:59:59.999000+00:00,319081481.1406,116052,2049.001,157566254.8103,0,BTCUSDT,1h
2026-05-22 18:00:00+00:00,76714.5,76870.0,76049.9,76498.6,11242.276,2026-05-22 18:59:59.999000+00:00,858978039.2278,212310,5029.296,384294414.861,0,BTCUSDT,1h
2026-05-22 19:00:00+00:00,76498.6,76554.1,75620.0,75827.1,17912.083,2026-05-22 19:59:59.999000+00:00,1360216928.5893,347047,7636.039,579826656.0384,0,BTCUSDT,1h
2026-05-22 20:00:00+00:00,75827.1,76047.4,75778.6,75939.4,5416.15,2026-05-22 20:59:59.999000+00:00,411082846.3814,131559,2474.175,187804601.5948,0,BTCUSDT,1h
2026-05-22 21:00:00+00:00,75939.5,76054.1,75888.0,75940.0,1867.463,2026-05-22 21:59:59.999000+00:00,141889475.2003,53171,939.286,71366083.5007,0,BTCUSDT,1h
2026-05-22 22:00:00+00:00,75940.1,75949.8,75500.0,75704.0,5125.544,2026-05-22 22:59:59.999000+00:00,387912909.966,102405,2054.093,155501603.2762,0,BTCUSDT,1h
2026-05-22 23:00:00+00:00,75704.1,75850.0,75322.0,75513.1,5491.506,2026-05-22 23:59:59.999000+00:00,414980680.6562,119086,2485.686,187866302.6734,0,BTCUSDT,1h
2026-05-23 00:00:00+00:00,75513.1,75615.7,75184.9,75329.2,8179.709,2026-05-23 00:59:59.999000+00:00,616565040.3331,198846,3814.584,287577022.5622,0,BTCUSDT,1h
2026-05-23 01:00:00+00:00,75329.3,75482.8,75316.6,75460.9,2849.403,2026-05-23 01:59:59.999000+00:00,214885045.9878,74035,1566.299,118130168.4747,0,BTCUSDT,1h
2026-05-23 02:00:00+00:00,75461.0,75558.2,75381.7,75542.9,2608.116,2026-05-23 02:59:59.999000+00:00,196864476.8306,56935,1409.016,106356474.779,0,BTCUSDT,1h
2026-05-23 03:00:00+00:00,75543.0,75633.7,75530.0,75599.1,1799.29,2026-05-23 03:59:59.999000+00:00,136003833.7203,40172,989.564,74798139.682,0,BTCUSDT,1h
2026-05-23 04:00:00+00:00,75599.0,75620.0,75475.3,75506.0,1814.964,2026-05-23 04:59:59.999000+00:00,137096462.7074,36798,611.725,46210824.6181,0,BTCUSDT,1h
2026-05-23 05:00:00+00:00,75505.9,75527.9,75435.0,75448.0,1899.022,2026-05-23 05:59:59.999000+00:00,143322263.5718,38071,686.65,51824367.375,0,BTCUSDT,1h
2026-05-23 06:00:00+00:00,75448.0,75463.4,75350.0,75368.0,2208.532,2026-05-23 06:59:59.999000+00:00,166543595.4519,38793,914.356,68946934.6809,0,BTCUSDT,1h
2026-05-23 07:00:00+00:00,75368.0,75407.8,74203.6,74573.1,25592.607,2026-05-23 07:59:59.999000+00:00,1913026960.1501,360595,11605.711,867491200.9332,0,BTCUSDT,1h
2026-05-23 08:00:00+00:00,74573.2,74718.7,74307.0,74655.0,12107.617,2026-05-23 08:59:59.999000+00:00,902760987.2545,200703,6993.984,521544764.0916,0,BTCUSDT,1h
2026-05-23 09:00:00+00:00,74655.0,74740.4,74591.4,74630.2,3579.382,2026-05-23 09:59:59.999000+00:00,267270388.443,65762,1867.869,139475377.9421,0,BTCUSDT,1h
2026-05-23 10:00:00+00:00,74630.3,74759.5,74630.3,74687.7,2548.908,2026-05-23 10:59:59.999000+00:00,190432628.3802,47668,1117.679,83503958.0949,0,BTCUSDT,1h
2026-05-23 11:00:00+00:00,74687.7,74839.1,74680.6,74763.3,2185.752,2026-05-23 11:59:59.999000+00:00,163452750.2536,43302,1222.918,91450982.5479,0,BTCUSDT,1h
2026-05-23 12:00:00+00:00,74763.3,74766.9,74620.9,74726.0,2226.204,2026-05-23 12:59:59.999000+00:00,166292333.7476,46859,1027.406,76745680.0468,0,BTCUSDT,1h
2026-05-23 13:00:00+00:00,74726.0,75226.1,74721.0,75180.7,10266.113,2026-05-23 13:59:59.999000+00:00,770270403.6596,166175,5417.884,406508689.5702,0,BTCUSDT,1h
2026-05-23 14:00:00+00:00,75180.8,75670.8,75065.9,75500.4,10950.928,2026-05-23 14:59:59.999000+00:00,825433017.0386,158620,6852.791,516519345.3483,0,BTCUSDT,1h
2026-05-23 15:00:00+00:00,75500.5,75641.4,75363.3,75486.9,5790.604,2026-05-23 15:59:59.999000+00:00,437172800.8158,112284,2491.466,188098489.2589,0,BTCUSDT,1h
2026-05-23 16:00:00+00:00,75487.0,75606.6,75372.1,75406.4,3515.661,2026-05-23 16:59:59.999000+00:00,265349476.2385,81658,1672.278,126233793.521,0,BTCUSDT,1h
2026-05-23 17:00:00+00:00,75406.6,75494.0,75333.3,75457.1,2207.582,2026-05-23 17:59:59.999000+00:00,166510638.7445,61402,1164.258,87818564.0289,0,BTCUSDT,1h
2026-05-23 18:00:00+00:00,75457.1,75985.3,75429.5,75812.4,6282.486,2026-05-23 18:59:59.999000+00:00,476026054.6812,153514,3776.512,286152964.7886,0,BTCUSDT,1h
2026-05-23 19:00:00+00:00,75812.4,76000.2,75737.7,75949.5,3412.532,2026-05-23 19:59:59.999000+00:00,259006000.7475,80512,2229.452,169238528.8467,0,BTCUSDT,1h
2026-05-23 20:00:00+00:00,75949.5,77284.2,75913.9,77246.9,20428.29,2026-05-23 20:59:59.999000+00:00,1564502584.5585,423451,11748.292,899600611.8693,0,BTCUSDT,1h
2026-05-23 21:00:00+00:00,77246.9,77427.0,76505.7,76778.0,11701.129,2026-05-23 21:59:59.999000+00:00,900048086.6481,291167,5449.563,419161477.7065,0,BTCUSDT,1h
2026-05-23 22:00:00+00:00,76778.0,76864.1,76362.9,76553.0,5535.193,2026-05-23 22:59:59.999000+00:00,423770675.2877,125909,2670.536,204452629.8088,0,BTCUSDT,1h
2026-05-23 23:00:00+00:00,76553.0,76799.0,76501.1,76715.2,4137.729,2026-05-23 23:59:59.999000+00:00,317239631.686,101629,2661.703,204067582.1276,0,BTCUSDT,1h
2026-05-24 00:00:00+00:00,76715.3,76920.4,76596.9,76812.5,3293.468,2026-05-24 00:59:59.999000+00:00,252839202.958,82493,1816.887,139494776.773,0,BTCUSDT,1h
2026-05-24 01:00:00+00:00,76812.6,76899.7,76720.8,76855.9,2375.273,2026-05-24 01:59:59.999000+00:00,182458318.2703,67259,1151.044,88423628.5206,0,BTCUSDT,1h
2026-05-24 02:00:00+00:00,76855.9,76936.0,76665.5,76790.0,2239.859,2026-05-24 02:59:59.999000+00:00,172006490.0483,58611,1060.6,81451576.7265,0,BTCUSDT,1h
2026-05-24 03:00:00+00:00,76790.1,76983.1,76672.3,76702.8,2969.001,2026-05-24 03:59:59.999000+00:00,228088542.212,67946,1249.498,96014757.1615,0,BTCUSDT,1h
2026-05-24 04:00:00+00:00,76702.8,76823.9,76685.1,76748.0,1681.603,2026-05-24 04:59:59.999000+00:00,129066422.093,46660,891.299,68413347.9937,0,BTCUSDT,1h
2026-05-24 05:00:00+00:00,76747.9,76831.2,76611.0,76780.4,2226.391,2026-05-24 05:59:59.999000+00:00,170762905.2863,49308,1059.253,81247491.2517,0,BTCUSDT,1h
2026-05-24 06:00:00+00:00,76780.3,77040.0,76684.4,76956.1,2788.319,2026-05-24 06:59:59.999000+00:00,214323297.6888,66915,1605.832,123431876.8203,0,BTCUSDT,1h
2026-05-24 07:00:00+00:00,76956.0,76985.7,76749.9,76771.3,2471.327,2026-05-24 07:59:59.999000+00:00,189863732.0643,55891,1259.353,96743624.4435,0,BTCUSDT,1h
2026-05-24 08:00:00+00:00,76771.4,76824.0,76691.4,76800.7,2179.17,2026-05-24 08:59:59.999000+00:00,167251163.4569,37918,1227.062,94174292.8467,0,BTCUSDT,1h
2026-05-24 09:00:00+00:00,76800.7,77025.6,76784.3,76991.8,2496.026,2026-05-24 09:59:59.999000+00:00,191992085.987,58739,1456.023,112000646.643,0,BTCUSDT,1h
2026-05-24 10:00:00+00:00,76991.8,77600.0,76888.0,77163.4,9533.591,2026-05-24 10:59:59.999000+00:00,736522799.9247,171429,6235.039,481817987.4375,0,BTCUSDT,1h
2026-05-24 11:00:00+00:00,77163.3,77327.7,77150.0,77289.5,3013.851,2026-05-24 11:59:59.999000+00:00,232835410.5091,84402,1459.492,112755095.3772,0,BTCUSDT,1h
2026-05-24 12:00:00+00:00,77289.5,77294.4,77005.4,77077.9,3308.068,2026-05-24 12:59:59.999000+00:00,255001018.9043,79569,1316.855,101509658.7961,0,BTCUSDT,1h
2026-05-24 13:00:00+00:00,77077.9,77094.9,76650.0,76765.0,5478.682,2026-05-24 13:59:59.999000+00:00,421190969.6797,110091,2337.912,179737015.9751,0,BTCUSDT,1h
2026-05-24 14:00:00+00:00,76764.9,76811.0,76159.7,76428.2,12558.112,2026-05-24 14:59:59.999000+00:00,959902322.85,263291,5725.448,437692150.5562,0,BTCUSDT,1h
2026-05-24 15:00:00+00:00,76428.1,76514.1,76317.8,76343.7,2743.36,2026-05-24 15:59:59.999000+00:00,209653593.7503,72670,1379.4,105425867.1809,0,BTCUSDT,1h
2026-05-24 16:00:00+00:00,76343.8,76722.2,76343.7,76645.1,4555.406,2026-05-24 16:59:59.999000+00:00,348782701.3046,110038,2584.819,197906733.7099,0,BTCUSDT,1h
2026-05-24 17:00:00+00:00,76645.1,76777.0,76531.8,76661.6,1846.578,2026-05-24 17:59:59.999000+00:00,141546637.3067,67758,1025.778,78638360.3663,0,BTCUSDT,1h
2026-05-24 18:00:00+00:00,76661.6,76763.0,76554.1,76632.4,1585.016,2026-05-24 18:59:59.999000+00:00,121495541.9115,53434,769.683,59003168.8383,0,BTCUSDT,1h
2026-05-24 19:00:00+00:00,76632.5,76753.3,76574.8,76738.5,1120.609,2026-05-24 19:59:59.999000+00:00,85916327.2202,43834,709.609,54401570.1511,0,BTCUSDT,1h
2026-05-24 20:00:00+00:00,76738.5,76768.4,76567.2,76639.1,1796.01,2026-05-24 20:59:59.999000+00:00,137671072.6804,67825,839.651,64365412.5634,0,BTCUSDT,1h
2026-05-24 21:00:00+00:00,76639.1,76718.2,76056.0,76106.0,6222.431,2026-05-24 21:59:59.999000+00:00,474423189.3291,134253,2574.637,196291201.3725,0,BTCUSDT,1h
2026-05-24 22:00:00+00:00,76105.9,76983.8,76086.3,76771.2,8877.384,2026-05-24 22:59:59.999000+00:00,680916107.0896,247101,5034.543,386143160.4797,0,BTCUSDT,1h
2026-05-24 23:00:00+00:00,76771.2,77193.4,76771.1,77030.3,3774.742,2026-05-24 23:59:59.999000+00:00,290674588.5255,136703,2181.745,168010171.3763,0,BTCUSDT,1h
2026-05-25 00:00:00+00:00,77030.3,77253.9,77030.3,77120.0,3113.027,2026-05-25 00:59:59.999000+00:00,240135763.8118,124012,1499.213,115652565.5674,0,BTCUSDT,1h
2026-05-25 01:00:00+00:00,77119.9,77213.2,76871.4,76905.6,3940.46,2026-05-25 01:59:59.999000+00:00,303688248.1915,112090,1853.879,142881701.7564,0,BTCUSDT,1h
2026-05-25 02:00:00+00:00,76905.5,77450.6,76905.5,77064.1,5679.911,2026-05-25 02:59:59.999000+00:00,438580588.7625,137161,3258.259,251632671.2431,0,BTCUSDT,1h
2026-05-25 03:00:00+00:00,77064.2,77127.7,76951.7,76989.0,1915.903,2026-05-25 03:59:59.999000+00:00,147603097.5871,68708,887.404,68370640.0372,0,BTCUSDT,1h
2026-05-25 04:00:00+00:00,76989.0,77418.1,76950.0,77357.0,3207.912,2026-05-25 04:59:59.999000+00:00,247671365.6998,77710,1852.349,143022998.5685,0,BTCUSDT,1h
2026-05-25 05:00:00+00:00,77357.1,77469.3,77285.7,77370.0,3238.872,2026-05-25 05:59:59.999000+00:00,250631381.492,81727,1663.176,128706352.398,0,BTCUSDT,1h
2026-05-25 06:00:00+00:00,77369.9,77677.6,77182.4,77386.1,5357.844,2026-05-25 06:59:59.999000+00:00,414748943.8779,122220,3039.512,235360125.7122,0,BTCUSDT,1h
2026-05-25 07:00:00+00:00,77386.1,77486.3,77135.8,77377.0,2779.619,2026-05-25 07:59:59.999000+00:00,214816326.9792,85621,1488.641,115044787.9472,0,BTCUSDT,1h
2026-05-25 08:00:00+00:00,77376.9,77433.0,77241.7,77422.3,2571.397,2026-05-25 08:59:59.999000+00:00,198862907.6702,50889,1596.186,123448789.8997,0,BTCUSDT,1h
2026-05-25 09:00:00+00:00,77422.3,77699.0,77383.0,77565.0,5700.73,2026-05-25 09:59:59.999000+00:00,442053759.3916,89271,3528.795,273628259.0115,0,BTCUSDT,1h
2026-05-25 10:00:00+00:00,77565.1,77650.0,77448.4,77500.0,2914.677,2026-05-25 10:59:59.999000+00:00,225993883.2102,55272,1509.911,117070171.9847,0,BTCUSDT,1h
2026-05-25 11:00:00+00:00,77500.0,77500.1,77281.1,77318.2,2454.081,2026-05-25 11:59:59.999000+00:00,189930533.6958,58745,1033.528,79996433.9423,0,BTCUSDT,1h
2026-05-25 12:00:00+00:00,77318.2,77405.8,77244.8,77325.7,2554.033,2026-05-25 12:59:59.999000+00:00,197484600.3731,64908,1222.907,94566460.1533,0,BTCUSDT,1h
2026-05-25 13:00:00+00:00,77325.7,77419.2,77244.8,77302.1,2190.977,2026-05-25 13:59:59.999000+00:00,169376543.0289,56727,915.33,70764615.7643,0,BTCUSDT,1h
2026-05-25 14:00:00+00:00,77302.0,77743.4,77273.2,77676.4,5263.778,2026-05-25 14:59:59.999000+00:00,408248081.9429,112834,2927.414,227036533.4591,0,BTCUSDT,1h
2026-05-25 15:00:00+00:00,77676.4,77887.9,77515.5,77587.2,5225.847,2026-05-25 15:59:59.999000+00:00,405944209.7332,125858,2567.494,199509567.727,0,BTCUSDT,1h
2026-05-25 16:00:00+00:00,77587.2,77784.9,77471.5,77694.5,2952.467,2026-05-25 16:59:59.999000+00:00,229099256.7685,72667,1258.422,97656130.9633,0,BTCUSDT,1h
2026-05-25 17:00:00+00:00,77694.5,77770.0,77511.1,77523.2,2774.683,2026-05-25 17:59:59.999000+00:00,215388908.1304,63289,1354.208,105132210.2018,0,BTCUSDT,1h
2026-05-25 18:00:00+00:00,77523.3,77629.8,77502.9,77511.7,1224.041,2026-05-25 18:59:59.999000+00:00,94952627.1852,34484,612.196,47490943.0204,0,BTCUSDT,1h
2026-05-25 19:00:00+00:00,77511.7,77515.8,77313.0,77403.3,2057.725,2026-05-25 19:59:59.999000+00:00,159297909.7312,57119,817.052,63251946.7249,0,BTCUSDT,1h
2026-05-25 20:00:00+00:00,77403.4,77472.0,77172.0,77243.7,2621.954,2026-05-25 20:59:59.999000+00:00,202661246.5455,66164,1088.282,84135091.2414,0,BTCUSDT,1h
2026-05-25 21:00:00+00:00,77243.7,77366.7,77240.5,77340.8,1674.347,2026-05-25 21:59:59.999000+00:00,129429026.3471,44382,887.525,68608224.0847,0,BTCUSDT,1h
2026-05-25 22:00:00+00:00,77340.9,77430.0,77011.3,77084.7,3533.606,2026-05-25 22:59:59.999000+00:00,272738711.5041,109209,1766.285,136344727.6537,0,BTCUSDT,1h
2026-05-25 23:00:00+00:00,77084.7,77338.0,77040.2,77281.5,1760.517,2026-05-25 23:59:59.999000+00:00,135980136.8019,59938,993.572,76742596.9465,0,BTCUSDT,1h
2026-05-26 00:00:00+00:00,77281.5,77319.6,76532.1,76750.1,7837.287,2026-05-26 00:59:59.999000+00:00,602564402.6738,171397,3196.082,245695742.9969,0,BTCUSDT,1h
2026-05-26 01:00:00+00:00,76750.1,76879.2,76550.0,76717.8,4014.825,2026-05-26 01:59:59.999000+00:00,307929798.542,124316,2101.83,161220409.8655,0,BTCUSDT,1h
2026-05-26 02:00:00+00:00,76717.8,76790.0,76472.6,76630.7,3663.677,2026-05-26 02:59:59.999000+00:00,280772047.126,99720,1805.458,138366743.485,0,BTCUSDT,1h
2026-05-26 03:00:00+00:00,76630.8,76685.0,76434.0,76629.0,2990.608,2026-05-26 03:59:59.999000+00:00,229011210.409,73380,1538.894,117856350.4692,0,BTCUSDT,1h
2026-05-26 04:00:00+00:00,76629.0,76784.4,76569.8,76713.9,2832.751,2026-05-26 04:59:59.999000+00:00,217188543.3224,57468,1702.141,130506408.3747,0,BTCUSDT,1h
2026-05-26 05:00:00+00:00,76713.9,76950.0,76668.2,76887.3,2859.933,2026-05-26 05:59:59.999000+00:00,219737384.8739,58061,1606.673,123451118.9808,0,BTCUSDT,1h
2026-05-26 06:00:00+00:00,76887.4,77045.9,76735.2,76869.8,3362.296,2026-05-26 06:59:59.999000+00:00,258473352.2404,71578,1531.564,117756227.8809,0,BTCUSDT,1h
2026-05-26 07:00:00+00:00,76869.9,76886.6,76556.9,76685.1,3492.107,2026-05-26 07:59:59.999000+00:00,267693200.8875,79328,1549.528,118773346.4003,0,BTCUSDT,1h
2026-05-26 08:00:00+00:00,76685.0,76819.7,76652.4,76687.9,1834.031,2026-05-26 08:59:59.999000+00:00,140738705.4783,52882,851.969,65381385.8884,0,BTCUSDT,1h
2026-05-26 09:00:00+00:00,76687.8,76779.2,76606.0,76641.0,2007.84,2026-05-26 09:59:59.999000+00:00,153942715.5299,56328,935.447,71727782.4472,0,BTCUSDT,1h
2026-05-26 10:00:00+00:00,76640.9,77600.0,76543.8,77398.6,12291.589,2026-05-26 10:59:59.999000+00:00,949258570.2032,254860,6953.001,536888442.7174,0,BTCUSDT,1h
2026-05-26 11:00:00+00:00,77398.7,77477.7,77136.2,77153.9,4704.8,2026-05-26 11:59:59.999000+00:00,363506043.5008,114202,1989.338,153698263.1245,0,BTCUSDT,1h
2026-05-26 12:00:00+00:00,77153.8,77200.0,76847.8,77098.9,5875.831,2026-05-26 12:59:59.999000+00:00,452499281.2117,127325,2634.43,202862943.5054,0,BTCUSDT,1h
2026-05-26 13:00:00+00:00,77098.9,77432.6,76641.7,77199.2,10219.396,2026-05-26 13:59:59.999000+00:00,786770277.1771,242824,4947.94,380974701.6718,0,BTCUSDT,1h
2026-05-26 14:00:00+00:00,77199.2,78077.1,76682.3,76873.6,32872.397,2026-05-26 14:59:59.999000+00:00,2543044415.1981,562861,17196.874,1330573884.2148,0,BTCUSDT,1h
2026-05-26 15:00:00+00:00,76873.6,76983.4,76234.7,76478.2,17760.011,2026-05-26 15:59:59.999000+00:00,1358892413.4715,371054,8031.342,614533156.0498,0,BTCUSDT,1h
2026-05-26 16:00:00+00:00,76478.2,76678.7,76171.0,76534.6,8964.023,2026-05-26 16:59:59.999000+00:00,685357067.5026,218053,4521.241,345708831.0216,0,BTCUSDT,1h
2026-05-26 17:00:00+00:00,76534.7,76624.9,75809.5,75909.6,15095.075,2026-05-26 17:59:59.999000+00:00,1147938698.0064,308821,7181.066,546128394.6787,0,BTCUSDT,1h
2026-05-26 18:00:00+00:00,75909.6,76296.7,75711.0,75822.6,7810.546,2026-05-26 18:59:59.999000+00:00,593517407.8423,204142,4182.471,317936273.2136,0,BTCUSDT,1h
2026-05-26 19:00:00+00:00,75822.6,76080.0,75782.0,76028.3,3462.471,2026-05-26 19:59:59.999000+00:00,262880489.0048,118249,1944.827,147656108.4174,0,BTCUSDT,1h
2026-05-26 20:00:00+00:00,76028.4,76157.8,75960.2,76082.0,2352.054,2026-05-26 20:59:59.999000+00:00,178884624.4042,75354,1114.611,84772297.8611,0,BTCUSDT,1h
2026-05-26 21:00:00+00:00,76081.9,76092.3,75822.6,75864.0,1938.109,2026-05-26 21:59:59.999000+00:00,147185775.5748,50842,810.957,61591934.4498,0,BTCUSDT,1h
2026-05-26 22:00:00+00:00,75864.0,75975.6,75641.2,75729.6,4011.581,2026-05-26 22:59:59.999000+00:00,303899392.2082,106207,2053.932,155606789.1772,0,BTCUSDT,1h
2026-05-26 23:00:00+00:00,75729.7,75962.0,75729.7,75905.5,2666.844,2026-05-26 23:59:59.999000+00:00,202370473.8968,66398,1416.691,107500103.3976,0,BTCUSDT,1h
2026-05-27 00:00:00+00:00,75905.6,76069.0,75854.9,76055.3,3043.727,2026-05-27 00:59:59.999000+00:00,231188781.9364,80295,1729.917,131404533.0646,0,BTCUSDT,1h
2026-05-27 01:00:00+00:00,76055.3,76083.9,75794.9,75846.6,2849.437,2026-05-27 01:59:59.999000+00:00,216323943.7146,83434,1260.499,95684831.7192,0,BTCUSDT,1h
2026-05-27 02:00:00+00:00,75846.6,75868.1,75654.8,75850.9,2802.311,2026-05-27 02:59:59.999000+00:00,212275781.7046,85611,1468.0,111203044.0603,0,BTCUSDT,1h
2026-05-27 03:00:00+00:00,75850.9,75940.0,75555.1,75635.6,3565.669,2026-05-27 03:59:59.999000+00:00,270084215.0833,88708,1574.667,119293798.0578,0,BTCUSDT,1h
2026-05-27 04:00:00+00:00,75635.6,75680.1,75277.8,75542.9,8840.36,2026-05-27 04:59:59.999000+00:00,666929065.2664,144318,3879.927,292682648.9653,0,BTCUSDT,1h
2026-05-27 05:00:00+00:00,75543.0,75708.6,75539.9,75676.4,3364.243,2026-05-27 05:59:59.999000+00:00,254405237.9225,80751,1856.843,140415673.0882,0,BTCUSDT,1h
2026-05-27 06:00:00+00:00,75676.4,75864.4,75649.1,75800.0,2659.38,2026-05-27 06:59:59.999000+00:00,201453344.9317,72817,1413.207,107061243.1752,0,BTCUSDT,1h
2026-05-27 07:00:00+00:00,75800.0,75940.0,75721.4,75935.0,3278.243,2026-05-27 07:59:59.999000+00:00,248684775.7431,69737,1761.124,133598590.2983,0,BTCUSDT,1h
2026-05-27 08:00:00+00:00,75935.0,76038.0,75800.0,75838.4,3812.843,2026-05-27 08:59:59.999000+00:00,289514993.9655,75063,1811.898,137586093.2317,0,BTCUSDT,1h
2026-05-27 09:00:00+00:00,75838.5,75943.7,75666.0,75875.6,3099.093,2026-05-27 09:59:59.999000+00:00,234901790.7848,73634,1530.856,116051189.1491,0,BTCUSDT,1h
2026-05-27 10:00:00+00:00,75875.7,76010.2,75835.0,75863.7,2498.476,2026-05-27 10:59:59.999000+00:00,189654795.9275,62062,1128.542,85672520.2394,0,BTCUSDT,1h
2026-05-27 11:00:00+00:00,75863.8,75992.2,75723.6,75737.9,2781.79,2026-05-27 11:59:59.999000+00:00,211016127.6003,68553,1284.57,97442982.7131,0,BTCUSDT,1h
2026-05-27 12:00:00+00:00,75737.9,76155.5,75541.0,75655.0,8053.742,2026-05-27 12:59:59.999000+00:00,610595577.6011,201610,3791.935,287518551.5527,0,BTCUSDT,1h
2026-05-27 13:00:00+00:00,75654.9,75735.6,74835.0,75054.3,20743.151,2026-05-27 13:59:59.999000+00:00,1558579129.7216,444355,10100.017,758606137.2379,0,BTCUSDT,1h
2026-05-27 14:00:00+00:00,75054.3,75250.0,74735.7,75000.7,13749.777,2026-05-27 14:59:59.999000+00:00,1031232176.5369,330502,6488.053,486664613.1581,0,BTCUSDT,1h
2026-05-27 15:00:00+00:00,75000.7,75485.9,74950.1,75300.0,8717.531,2026-05-27 15:59:59.999000+00:00,656065471.5899,226008,4660.979,350795202.1084,0,BTCUSDT,1h
2026-05-27 16:00:00+00:00,75300.0,75382.6,74961.0,75273.9,5753.912,2026-05-27 16:59:59.999000+00:00,432330394.2764,150314,2917.603,219206949.4853,0,BTCUSDT,1h
2026-05-27 17:00:00+00:00,75273.9,75316.8,74645.0,74838.2,8594.176,2026-05-27 17:59:59.999000+00:00,644187660.6164,206885,3833.593,287364247.5092,0,BTCUSDT,1h
2026-05-27 18:00:00+00:00,74838.2,75007.9,74632.0,75000.0,4699.102,2026-05-27 18:59:59.999000+00:00,351700935.6885,142892,2280.981,170748150.2827,0,BTCUSDT,1h
2026-05-27 19:00:00+00:00,75000.0,75077.6,74920.0,75039.9,3599.445,2026-05-27 19:59:59.999000+00:00,269988773.5675,89987,1620.087,121524825.7399,0,BTCUSDT,1h
2026-05-27 20:00:00+00:00,75039.8,75391.0,75022.4,75237.6,3476.208,2026-05-27 20:59:59.999000+00:00,261520707.637,84388,1746.809,131408693.0193,0,BTCUSDT,1h
2026-05-27 21:00:00+00:00,75237.6,75237.6,74300.1,74439.9,10168.63,2026-05-27 21:59:59.999000+00:00,758269333.5684,220408,3592.841,267928016.838,0,BTCUSDT,1h
2026-05-27 22:00:00+00:00,74440.0,74742.7,74218.2,74390.0,8980.344,2026-05-27 22:59:59.999000+00:00,668716887.7998,231411,4218.307,314263548.2468,0,BTCUSDT,1h
2026-05-27 23:00:00+00:00,74389.9,74545.8,74210.0,74418.1,5583.871,2026-05-27 23:59:59.999000+00:00,415162027.3602,135017,2930.327,217903590.9176,0,BTCUSDT,1h
2026-05-28 00:00:00+00:00,74418.0,74555.5,74336.7,74541.6,3138.599,2026-05-28 00:59:59.999000+00:00,233757307.9182,106993,1681.381,125226194.3061,0,BTCUSDT,1h
2026-05-28 01:00:00+00:00,74541.7,74565.3,74100.0,74313.0,5741.343,2026-05-28 01:59:59.999000+00:00,426534903.5439,172747,2436.175,181044425.9499,0,BTCUSDT,1h
2026-05-28 02:00:00+00:00,74313.0,74373.6,74081.9,74256.6,3652.024,2026-05-28 02:59:59.999000+00:00,271087824.2217,111871,1848.057,137186745.8705,0,BTCUSDT,1h
2026-05-28 03:00:00+00:00,74256.6,74355.6,73036.0,73224.5,31055.812,2026-05-28 03:59:59.999000+00:00,2283801703.8749,488866,13039.157,958577836.8211,0,BTCUSDT,1h
2026-05-28 04:00:00+00:00,73224.4,73240.0,72667.9,73145.1,15398.619,2026-05-28 04:59:59.999000+00:00,1124083935.8922,324845,7312.374,533901342.7867,0,BTCUSDT,1h
2026-05-28 05:00:00+00:00,73145.1,73145.1,72872.5,72959.9,5389.586,2026-05-28 05:59:59.999000+00:00,393347438.5859,132565,2734.378,199560467.1286,0,BTCUSDT,1h
2026-05-28 06:00:00+00:00,72960.0,73182.2,72729.2,73170.9,7675.794,2026-05-28 06:59:59.999000+00:00,560229213.8787,135124,4156.249,303347883.2631,0,BTCUSDT,1h
2026-05-28 07:00:00+00:00,73171.0,73485.0,73113.2,73467.0,6114.88,2026-05-28 07:59:59.999000+00:00,448213810.5688,123446,3657.701,268107320.3623,0,BTCUSDT,1h
2026-05-28 08:00:00+00:00,73467.0,73474.8,73167.4,73294.0,3701.156,2026-05-28 08:59:59.999000+00:00,271295351.0321,97549,1753.403,128530443.4229,0,BTCUSDT,1h
2026-05-28 09:00:00+00:00,73293.9,73535.7,73230.0,73514.1,3180.086,2026-05-28 09:59:59.999000+00:00,233468258.4658,79886,1693.166,124307684.627,0,BTCUSDT,1h
2026-05-28 10:00:00+00:00,73514.0,73592.1,73316.5,73375.2,4263.274,2026-05-28 10:59:59.999000+00:00,313179175.3971,107122,1761.868,129424081.0659,0,BTCUSDT,1h
2026-05-28 11:00:00+00:00,73375.3,73510.0,73280.7,73479.1,2762.54,2026-05-28 11:59:59.999000+00:00,202732231.9739,94824,1333.762,97885203.0034,0,BTCUSDT,1h
2026-05-28 12:00:00+00:00,73479.0,73555.0,73221.6,73496.5,4128.714,2026-05-28 12:59:59.999000+00:00,303104478.6108,116070,1955.284,143549879.8753,0,BTCUSDT,1h
2026-05-28 13:00:00+00:00,73496.4,73549.9,72739.2,72988.5,13507.443,2026-05-28 13:59:59.999000+00:00,986093938.1026,277783,6626.813,483718201.9131,0,BTCUSDT,1h
2026-05-28 14:00:00+00:00,72988.5,73557.3,72556.0,72997.5,27209.387,2026-05-28 14:59:59.999000+00:00,1986551417.1825,512136,15034.096,1097848835.7123,0,BTCUSDT,1h
2026-05-28 15:00:00+00:00,72997.4,73155.4,72662.2,72899.1,6242.022,2026-05-28 15:59:59.999000+00:00,455002164.626,191292,2959.387,215751169.3728,0,BTCUSDT,1h
2026-05-28 16:00:00+00:00,72899.0,73415.0,72704.0,73415.0,7672.331,2026-05-28 16:59:59.999000+00:00,561254532.8447,202304,4079.937,298469645.2238,0,BTCUSDT,1h
2026-05-28 17:00:00+00:00,73414.9,73722.5,73280.0,73518.2,7308.713,2026-05-28 17:59:59.999000+00:00,537027718.3392,158809,3971.366,291846189.229,0,BTCUSDT,1h
2026-05-28 18:00:00+00:00,73518.2,73723.0,73474.9,73626.4,3740.6,2026-05-28 18:59:59.999000+00:00,275327902.2956,102204,1750.008,128809139.7436,0,BTCUSDT,1h
2026-05-28 19:00:00+00:00,73626.4,73626.5,73336.0,73393.5,3831.301,2026-05-28 19:59:59.999000+00:00,281390103.9361,97046,1558.263,114448921.2472,0,BTCUSDT,1h
2026-05-28 20:00:00+00:00,73393.4,73698.6,73212.3,73553.5,4473.723,2026-05-28 20:59:59.999000+00:00,328798970.6956,104696,2142.906,157489971.6921,0,BTCUSDT,1h
2026-05-28 21:00:00+00:00,73553.5,73900.0,73535.0,73796.3,3755.034,2026-05-28 21:59:59.999000+00:00,276940400.8159,85088,2420.608,178525888.1101,0,BTCUSDT,1h
2026-05-28 22:00:00+00:00,73796.3,73932.2,73423.4,73448.7,3684.541,2026-05-28 22:59:59.999000+00:00,271333916.5776,86293,1786.111,131556782.6407,0,BTCUSDT,1h
2026-05-28 23:00:00+00:00,73448.7,73695.0,73448.7,73591.4,1818.155,2026-05-28 23:59:59.999000+00:00,133757010.7756,53040,992.52,73012989.092,0,BTCUSDT,1h
2026-05-29 00:00:00+00:00,73591.4,73834.6,73591.4,73693.8,2940.584,2026-05-29 00:59:59.999000+00:00,216835643.9885,95929,1418.794,104613647.9249,0,BTCUSDT,1h
2026-05-29 01:00:00+00:00,73693.9,73844.0,73430.5,73558.5,3074.38,2026-05-29 01:59:59.999000+00:00,226306501.1234,97791,1549.052,114041706.0837,0,BTCUSDT,1h
2026-05-29 02:00:00+00:00,73558.5,73616.9,73158.8,73201.9,3531.777,2026-05-29 02:59:59.999000+00:00,259131301.1541,101384,1265.499,92868239.0921,0,BTCUSDT,1h
2026-05-29 03:00:00+00:00,73201.9,73434.2,73201.9,73269.2,2273.527,2026-05-29 03:59:59.999000+00:00,166701737.3488,69814,1137.764,83424723.7858,0,BTCUSDT,1h
2026-05-29 04:00:00+00:00,73269.1,73485.7,73171.8,73466.4,2687.266,2026-05-29 04:59:59.999000+00:00,197008900.034,73253,1496.197,109710866.3114,0,BTCUSDT,1h
2026-05-29 05:00:00+00:00,73466.3,73682.3,73459.1,73663.0,2586.277,2026-05-29 05:59:59.999000+00:00,190247922.6226,77703,1500.357,110376842.9356,0,BTCUSDT,1h
2026-05-29 06:00:00+00:00,73663.0,73908.6,73599.6,73752.5,3791.082,2026-05-29 06:59:59.999000+00:00,279518815.1038,83812,2041.881,150555929.6426,0,BTCUSDT,1h
2026-05-29 07:00:00+00:00,73752.5,73797.3,73333.0,73488.0,6589.026,2026-05-29 07:59:59.999000+00:00,484350064.7773,107709,3100.559,227884486.2447,0,BTCUSDT,1h
2026-05-29 08:00:00+00:00,73488.1,73799.8,73480.1,73625.2,3720.672,2026-05-29 08:59:59.999000+00:00,274202239.4576,94355,1835.168,135243507.7731,0,BTCUSDT,1h
2026-05-29 09:00:00+00:00,73625.1,73866.8,73615.0,73707.8,3377.656,2026-05-29 09:59:59.999000+00:00,249224093.2113,70621,1809.415,133512892.7142,0,BTCUSDT,1h
2026-05-29 10:00:00+00:00,73707.8,73709.3,73556.1,73601.9,2012.414,2026-05-29 10:59:59.999000+00:00,148175051.2892,54808,980.194,72170498.767,0,BTCUSDT,1h
2026-05-29 11:00:00+00:00,73601.9,73662.3,73305.1,73447.6,2660.912,2026-05-29 11:59:59.999000+00:00,195517682.9691,71058,1113.951,81857737.9411,0,BTCUSDT,1h
2026-05-29 12:00:00+00:00,73447.5,73447.5,73166.0,73260.0,4671.173,2026-05-29 12:59:59.999000+00:00,342334319.8081,107220,2079.186,152391669.9296,0,BTCUSDT,1h
2026-05-29 13:00:00+00:00,73260.1,73320.0,72866.0,73114.6,10431.33,2026-05-29 13:59:59.999000+00:00,762414903.467,254442,5140.399,375724059.36,0,BTCUSDT,1h
2026-05-29 14:00:00+00:00,73114.6,73206.8,72436.0,73065.8,17958.003,2026-05-29 14:59:59.999000+00:00,1307495683.0993,403921,8678.865,632123576.2853,0,BTCUSDT,1h
2026-05-29 15:00:00+00:00,73065.8,74177.0,72970.1,73775.4,26414.41,2026-05-29 15:59:59.999000+00:00,1947563003.9268,499075,13120.804,967391977.5506,0,BTCUSDT,1h
2026-05-29 16:00:00+00:00,73775.4,74124.0,73528.5,74022.0,10671.356,2026-05-29 16:59:59.999000+00:00,788352114.5876,248874,5619.221,415157712.0035,0,BTCUSDT,1h
2026-05-29 17:00:00+00:00,74022.1,74293.1,73876.1,73954.3,9236.416,2026-05-29 17:59:59.999000+00:00,684821990.8181,206256,4434.584,328822718.9839,0,BTCUSDT,1h
2026-05-29 18:00:00+00:00,73954.7,74040.3,73057.8,73343.0,11357.399,2026-05-29 18:59:59.999000+00:00,835601209.1884,212564,4298.232,316323725.9594,0,BTCUSDT,1h
2026-05-29 19:00:00+00:00,73342.9,73693.6,73207.3,73489.0,5063.897,2026-05-29 19:59:59.999000+00:00,371979183.6394,139779,2810.77,206484064.4198,0,BTCUSDT,1h
2026-05-29 20:00:00+00:00,73489.0,73735.2,73474.2,73644.9,2733.462,2026-05-29 20:59:59.999000+00:00,201294350.3517,73189,1428.277,105171732.9719,0,BTCUSDT,1h
2026-05-29 21:00:00+00:00,73644.9,73829.2,73369.9,73385.3,2960.778,2026-05-29 21:59:59.999000+00:00,217802379.9396,69261,1126.958,82917210.3927,0,BTCUSDT,1h
2026-05-29 22:00:00+00:00,73385.2,73537.6,73344.6,73446.5,2819.48,2026-05-29 22:59:59.999000+00:00,207041712.8019,59011,1444.594,106068682.1402,0,BTCUSDT,1h
2026-05-29 23:00:00+00:00,73446.5,73478.3,73279.3,73428.2,2593.905,2026-05-29 23:59:59.999000+00:00,190318458.6347,58770,1303.56,95644450.7047,0,BTCUSDT,1h
2026-05-30 00:00:00+00:00,73428.2,73545.3,73367.3,73463.3,2044.48,2026-05-30 00:59:59.999000+00:00,150207890.6687,55727,1031.035,75750214.3152,0,BTCUSDT,1h
2026-05-30 01:00:00+00:00,73463.3,73625.9,73430.9,73623.6,1904.226,2026-05-30 01:59:59.999000+00:00,140083688.1357,51024,1046.005,76942879.8012,0,BTCUSDT,1h
2026-05-30 02:00:00+00:00,73623.6,73747.6,73575.0,73747.4,1656.896,2026-05-30 02:59:59.999000+00:00,122056960.5389,42307,902.045,66454251.3608,0,BTCUSDT,1h
2026-05-30 03:00:00+00:00,73747.4,73757.9,73485.0,73492.4,2342.889,2026-05-30 03:59:59.999000+00:00,172482545.0306,51623,958.582,70555805.5104,0,BTCUSDT,1h
2026-05-30 04:00:00+00:00,73492.4,73549.7,73130.1,73365.9,5392.981,2026-05-30 04:59:59.999000+00:00,395397299.8801,104269,2649.183,194241263.6473,0,BTCUSDT,1h
2026-05-30 05:00:00+00:00,73365.9,73671.2,73309.4,73567.5,3787.971,2026-05-30 05:59:59.999000+00:00,278406626.7599,68152,2716.201,199629864.5784,0,BTCUSDT,1h
2026-05-30 06:00:00+00:00,73567.5,73685.0,73492.0,73550.7,1817.693,2026-05-30 06:59:59.999000+00:00,133736830.8678,48408,872.04,64166273.9872,0,BTCUSDT,1h
2026-05-30 07:00:00+00:00,73550.7,73555.0,73448.4,73513.9,1146.127,2026-05-30 07:59:59.999000+00:00,84240935.8696,32704,489.838,36003346.9727,0,BTCUSDT,1h
2026-05-30 08:00:00+00:00,73514.0,73527.7,73471.0,73491.6,936.345,2026-05-30 08:59:59.999000+00:00,68820341.7261,24597,489.951,36010483.4765,0,BTCUSDT,1h
2026-05-30 09:00:00+00:00,73491.7,73590.3,73470.5,73576.8,1025.741,2026-05-30 09:59:59.999000+00:00,75421240.6145,26301,639.889,47051248.2116,0,BTCUSDT,1h
2026-05-30 10:00:00+00:00,73576.8,73648.0,73558.0,73615.4,1539.798,2026-05-30 10:59:59.999000+00:00,113338178.6433,35179,699.984,51523000.6669,0,BTCUSDT,1h
2026-05-30 11:00:00+00:00,73615.4,73619.8,73529.1,73567.9,983.089,2026-05-30 11:59:59.999000+00:00,72329456.9246,27514,455.169,33488616.5091,0,BTCUSDT,1h
2026-05-30 12:00:00+00:00,73568.0,73697.2,73556.4,73661.5,1208.698,2026-05-30 12:59:59.999000+00:00,88991550.9141,29868,641.868,47258234.9382,0,BTCUSDT,1h
2026-05-30 13:00:00+00:00,73661.5,73814.2,73638.2,73805.0,3299.249,2026-05-30 13:59:59.999000+00:00,243294252.624,56728,2009.124,148164334.0653,0,BTCUSDT,1h
2026-05-30 14:00:00+00:00,73804.9,74078.6,73783.5,73901.0,6239.784,2026-05-30 14:59:59.999000+00:00,461417243.9018,117376,3698.067,273455907.1684,0,BTCUSDT,1h
2026-05-30 15:00:00+00:00,73901.0,74011.2,73803.1,73888.0,2752.922,2026-05-30 15:59:59.999000+00:00,203401947.5188,64438,1451.163,107225516.5686,0,BTCUSDT,1h
2026-05-30 16:00:00+00:00,73888.0,73949.4,73844.3,73899.9,1681.044,2026-05-30 16:59:59.999000+00:00,124231395.5059,38852,992.325,73336698.2535,0,BTCUSDT,1h
2026-05-30 17:00:00+00:00,73900.0,73989.9,73772.5,73982.0,2549.851,2026-05-30 17:59:59.999000+00:00,188417502.8376,53828,1288.745,95235859.2183,0,BTCUSDT,1h
2026-05-30 18:00:00+00:00,73982.0,74108.8,73899.0,74007.5,2577.946,2026-05-30 18:59:59.999000+00:00,190792492.6907,53881,1329.92,98436811.6626,0,BTCUSDT,1h
2026-05-30 19:00:00+00:00,74007.5,74045.0,73934.9,73980.1,1515.724,2026-05-30 19:59:59.999000+00:00,112155378.7467,31307,575.319,42568423.5281,0,BTCUSDT,1h
2026-05-30 20:00:00+00:00,73980.0,73986.2,73888.5,73944.5,1402.262,2026-05-30 20:59:59.999000+00:00,103658924.6602,32194,694.926,51369710.6467,0,BTCUSDT,1h
2026-05-30 21:00:00+00:00,73944.4,74028.3,73888.1,73954.8,1396.51,2026-05-30 21:59:59.999000+00:00,103266628.3179,33491,747.436,55269218.9767,0,BTCUSDT,1h
2026-05-30 22:00:00+00:00,73954.8,73954.8,73755.6,73849.8,1581.454,2026-05-30 22:59:59.999000+00:00,116765067.6857,47586,726.369,53625828.6652,0,BTCUSDT,1h
2026-05-30 23:00:00+00:00,73849.8,73971.5,73750.0,73856.8,1760.006,2026-05-30 23:59:59.999000+00:00,129984221.4948,43001,906.112,66907266.0404,0,BTCUSDT,1h
2026-05-31 00:00:00+00:00,73856.9,74013.8,73821.4,74003.7,1656.714,2026-05-31 00:59:59.999000+00:00,122475604.8104,47729,933.072,68976523.7769,0,BTCUSDT,1h
2026-05-31 01:00:00+00:00,74003.7,74250.0,73991.1,74021.1,3923.269,2026-05-31 01:59:59.999000+00:00,290804096.057,88209,2136.305,158364831.8218,0,BTCUSDT,1h
2026-05-31 02:00:00+00:00,74021.2,74211.4,73839.0,74060.9,3386.507,2026-05-31 02:59:59.999000+00:00,250614973.0122,88774,1352.168,100085865.6017,0,BTCUSDT,1h
2026-05-31 03:00:00+00:00,74061.0,74200.0,74030.7,74107.6,1568.561,2026-05-31 03:59:59.999000+00:00,116261643.043,47478,825.286,61170973.7765,0,BTCUSDT,1h
2026-05-31 04:00:00+00:00,74107.5,74194.6,74061.8,74144.3,1527.358,2026-05-31 04:59:59.999000+00:00,113245181.7091,37190,613.427,45481513.3657,0,BTCUSDT,1h
2026-05-31 05:00:00+00:00,74144.3,74180.1,74018.1,74027.9,1185.69,2026-05-31 05:59:59.999000+00:00,87858156.1087,35009,522.035,38683656.7048,0,BTCUSDT,1h
2026-05-31 06:00:00+00:00,74027.8,74077.5,73958.1,74020.0,1375.184,2026-05-31 06:59:59.999000+00:00,101768563.4946,32866,738.725,54668861.8969,0,BTCUSDT,1h
2026-05-31 07:00:00+00:00,74020.1,74020.1,73793.2,73833.3,2630.692,2026-05-31 07:59:59.999000+00:00,194356395.1604,53905,1186.508,87656423.8927,0,BTCUSDT,1h
2026-05-31 08:00:00+00:00,73833.2,73952.9,73816.8,73913.4,2101.272,2026-05-31 08:59:59.999000+00:00,155251261.7594,43717,1099.196,81209696.9252,0,BTCUSDT,1h
2026-05-31 09:00:00+00:00,73913.4,73998.9,73779.8,73814.5,1278.977,2026-05-31 09:59:59.999000+00:00,94511767.0568,37984,651.991,48188165.6548,0,BTCUSDT,1h
2026-05-31 10:00:00+00:00,73814.6,73875.6,73701.0,73871.5,1881.903,2026-05-31 10:59:59.999000+00:00,138852820.839,48238,849.208,62666491.283,0,BTCUSDT,1h
2026-05-31 11:00:00+00:00,73871.5,73949.0,73868.4,73913.6,1037.673,2026-05-31 11:59:59.999000+00:00,76687507.5072,30495,487.11,35998355.3164,0,BTCUSDT,1h
2026-05-31 12:00:00+00:00,73913.6,73975.1,73841.6,73892.1,1075.096,2026-05-31 12:59:59.999000+00:00,79461827.1843,37913,627.602,46388567.5248,0,BTCUSDT,1h
2026-05-31 13:00:00+00:00,73892.2,73997.8,73770.1,73841.0,1208.222,2026-05-31 13:59:59.999000+00:00,89265216.231,37774,518.464,38309840.5335,0,BTCUSDT,1h
2026-05-31 14:00:00+00:00,73841.0,73841.1,73388.0,73570.3,10243.792,2026-05-31 14:59:59.999000+00:00,753924936.9176,174160,4548.084,334726525.6705,0,BTCUSDT,1h
2026-05-31 15:00:00+00:00,73570.2,73745.6,73550.2,73613.5,1798.301,2026-05-31 15:59:59.999000+00:00,132422068.7348,54158,977.616,71991467.9769,0,BTCUSDT,1h
2026-05-31 16:00:00+00:00,73613.4,73697.3,73340.7,73499.9,3882.979,2026-05-31 16:59:59.999000+00:00,285321035.5889,93922,1653.081,121479145.4394,0,BTCUSDT,1h
2026-05-31 17:00:00+00:00,73500.0,73704.0,73431.3,73681.3,1743.969,2026-05-31 17:59:59.999000+00:00,128316052.1582,45560,984.14,72413591.6941,0,BTCUSDT,1h
2026-05-31 18:00:00+00:00,73681.3,73681.3,73540.2,73573.8,1074.422,2026-05-31 18:59:59.999000+00:00,79088155.416,35134,496.746,36565495.9403,0,BTCUSDT,1h
2026-05-31 19:00:00+00:00,73573.7,73623.4,73417.2,73521.9,1267.919,2026-05-31 19:59:59.999000+00:00,93208825.5074,38743,643.819,47328797.1194,0,BTCUSDT,1h
2026-05-31 20:00:00+00:00,73521.9,73732.7,73521.9,73710.9,1887.159,2026-05-31 20:59:59.999000+00:00,138995694.5822,42318,1225.264,90243501.2472,0,BTCUSDT,1h
2026-05-31 21:00:00+00:00,73710.9,73897.6,73590.2,73860.6,2408.604,2026-05-31 21:59:59.999000+00:00,177687668.2501,73175,1372.952,101288509.4825,0,BTCUSDT,1h
2026-05-31 22:00:00+00:00,73860.5,73975.0,73645.6,73918.5,2766.503,2026-05-31 22:59:59.999000+00:00,204326478.832,92390,1456.87,107601832.6331,0,BTCUSDT,1h
2026-05-31 23:00:00+00:00,73918.6,74179.9,73470.8,73653.2,5330.693,2026-05-31 23:59:59.999000+00:00,393452281.024,124355,2804.421,207036349.2946,0,BTCUSDT,1h
2026-06-01 00:00:00+00:00,73653.2,74070.5,73620.0,73855.0,3770.449,2026-06-01 00:59:59.999000+00:00,278527121.62,131490,1762.599,130196702.5203,0,BTCUSDT,1h
2026-06-01 01:00:00+00:00,73854.9,73890.0,73235.0,73257.8,5614.578,2026-06-01 01:59:59.999000+00:00,412680323.5334,145739,2450.624,180171490.5539,0,BTCUSDT,1h
2026-06-01 02:00:00+00:00,73257.9,73865.0,73171.0,73766.3,5651.739,2026-06-01 02:59:59.999000+00:00,415871722.0437,148069,2948.031,216874090.5991,0,BTCUSDT,1h
2026-06-01 03:00:00+00:00,73766.2,73998.8,73692.9,73731.3,3361.378,2026-06-01 03:59:59.999000+00:00,248323912.614,105962,1663.81,122915109.1204,0,BTCUSDT,1h
2026-06-01 04:00:00+00:00,73731.4,73815.9,73307.7,73497.6,4968.162,2026-06-01 04:59:59.999000+00:00,365061297.5895,113302,2610.583,191834775.9019,0,BTCUSDT,1h
2026-06-01 05:00:00+00:00,73497.5,73507.9,73283.5,73319.5,2267.135,2026-06-01 05:59:59.999000+00:00,166392650.7509,66383,1042.534,76520084.5153,0,BTCUSDT,1h
2026-06-01 06:00:00+00:00,73319.5,73339.3,72917.0,73106.6,7954.82,2026-06-01 06:59:59.999000+00:00,581518084.5289,165137,3448.024,252100770.4173,0,BTCUSDT,1h
2026-06-01 07:00:00+00:00,73106.6,73177.8,72668.0,72776.1,6817.045,2026-06-01 07:59:59.999000+00:00,497030085.6461,189650,3305.716,241059386.5508,0,BTCUSDT,1h
2026-06-01 08:00:00+00:00,72776.1,72907.8,72573.5,72875.7,6995.32,2026-06-01 08:59:59.999000+00:00,508924645.3589,147754,3060.236,222688486.753,0,BTCUSDT,1h
2026-06-01 09:00:00+00:00,72875.8,73084.0,72801.1,72855.2,5876.471,2026-06-01 09:59:59.999000+00:00,428614553.8763,117785,3104.936,226477626.3898,0,BTCUSDT,1h
2026-06-01 10:00:00+00:00,72855.2,72878.1,72551.0,72725.9,4945.966,2026-06-01 10:59:59.999000+00:00,359592726.1732,110542,2307.099,167733288.1357,0,BTCUSDT,1h
2026-06-01 11:00:00+00:00,72725.9,72742.0,72188.0,72452.8,9571.993,2026-06-01 11:59:59.999000+00:00,693481982.2174,156511,3627.529,262886054.7237,0,BTCUSDT,1h
2026-06-01 12:00:00+00:00,72452.7,72583.7,71862.6,72193.1,22210.026,2026-06-01 12:59:59.999000+00:00,1602470919.0694,369433,11769.398,849209153.7427,0,BTCUSDT,1h
2026-06-01 13:00:00+00:00,72193.2,72288.0,71350.0,71698.7,32500.86,2026-06-01 13:59:59.999000+00:00,2332725889.8824,586376,17226.136,1236697774.9801,0,BTCUSDT,1h
2026-06-01 14:00:00+00:00,71698.8,71884.9,71387.6,71548.5,14314.072,2026-06-01 14:59:59.999000+00:00,1024875736.3956,349802,7049.97,504837476.7427,0,BTCUSDT,1h
2026-06-01 15:00:00+00:00,71548.5,71662.6,71035.3,71099.4,17524.364,2026-06-01 15:59:59.999000+00:00,1248976368.8118,306537,8428.233,600737875.3138,0,BTCUSDT,1h
2026-06-01 16:00:00+00:00,71099.5,71600.0,70650.9,71537.7,20585.239,2026-06-01 16:59:59.999000+00:00,1462781195.2357,343251,10468.728,744210295.9775,0,BTCUSDT,1h
2026-06-01 17:00:00+00:00,71537.7,71788.5,71438.9,71617.9,9208.61,2026-06-01 17:59:59.999000+00:00,659315068.4924,221651,4523.965,323963299.145,0,BTCUSDT,1h
2026-06-01 18:00:00+00:00,71617.5,71670.7,71350.1,71470.1,5092.421,2026-06-01 18:59:59.999000+00:00,364005272.2927,126728,2204.867,157595515.9787,0,BTCUSDT,1h
2026-06-01 19:00:00+00:00,71470.1,71645.2,71358.0,71571.0,3402.005,2026-06-01 19:59:59.999000+00:00,243269445.3269,105224,1855.307,132667752.2899,0,BTCUSDT,1h
2026-06-01 20:00:00+00:00,71571.0,71670.0,71383.8,71419.8,2339.282,2026-06-01 20:59:59.999000+00:00,167331287.3924,69548,1106.686,79168616.8687,0,BTCUSDT,1h
2026-06-01 21:00:00+00:00,71419.7,71419.8,70911.0,71004.6,6654.354,2026-06-01 21:59:59.999000+00:00,473290847.5968,128572,3005.169,213714546.932,0,BTCUSDT,1h
2026-06-01 22:00:00+00:00,71004.6,71439.5,70806.0,71376.6,7396.047,2026-06-01 22:59:59.999000+00:00,526166103.3284,143780,3812.912,271291465.7293,0,BTCUSDT,1h
2026-06-01 23:00:00+00:00,71376.7,71564.0,71199.0,71391.5,4448.792,2026-06-01 23:59:59.999000+00:00,317645488.5957,109146,2207.488,157616362.437,0,BTCUSDT,1h
2026-06-02 00:00:00+00:00,71391.5,71397.0,71071.5,71266.6,3758.49,2026-06-02 00:59:59.999000+00:00,267709316.902,124308,1938.386,138058355.4022,0,BTCUSDT,1h
2026-06-02 01:00:00+00:00,71266.5,71357.2,70555.7,70615.2,8460.939,2026-06-02 01:59:59.999000+00:00,600158061.0485,216260,3673.172,260694654.3138,0,BTCUSDT,1h
2026-06-02 02:00:00+00:00,70612.2,70855.9,70038.0,70820.0,18148.055,2026-06-02 02:59:59.999000+00:00,1278819273.3187,386115,8542.901,602322038.8541,0,BTCUSDT,1h
2026-06-02 03:00:00+00:00,70820.0,71022.4,70768.5,70920.7,4366.617,2026-06-02 03:59:59.999000+00:00,309683239.7857,125643,2543.81,180414501.9904,0,BTCUSDT,1h
2026-06-02 04:00:00+00:00,70920.8,71022.7,70690.1,70782.3,4111.213,2026-06-02 04:59:59.999000+00:00,291363615.0675,113246,1981.066,140409686.5536,0,BTCUSDT,1h
2026-06-02 05:00:00+00:00,70782.3,70820.8,70222.2,70235.1,9508.479,2026-06-02 05:59:59.999000+00:00,670374088.1913,208102,3953.11,278740200.331,0,BTCUSDT,1h
2026-06-02 06:00:00+00:00,70235.1,70414.9,69889.1,70076.7,12658.956,2026-06-02 06:59:59.999000+00:00,888273006.504,273983,6174.77,433429269.6897,0,BTCUSDT,1h
2026-06-02 07:00:00+00:00,70076.6,70249.6,69666.8,70079.4,12331.391,2026-06-02 07:59:59.999000+00:00,862847247.2424,274940,6008.106,420504844.5064,0,BTCUSDT,1h
2026-06-02 08:00:00+00:00,70079.5,70146.2,69677.6,69794.4,6528.391,2026-06-02 08:59:59.999000+00:00,456282639.5474,182754,3142.116,219637084.4117,0,BTCUSDT,1h
2026-06-02 09:00:00+00:00,69794.4,69820.4,69277.8,69393.2,13831.28,2026-06-02 09:59:59.999000+00:00,961130353.3087,298220,6395.559,444470331.6825,0,BTCUSDT,1h
2026-06-02 10:00:00+00:00,69393.1,69732.2,69316.5,69620.8,7571.511,2026-06-02 10:59:59.999000+00:00,526605757.5893,175229,4322.666,300610558.6195,0,BTCUSDT,1h
2026-06-02 11:00:00+00:00,69620.9,69635.0,69364.1,69430.2,3599.617,2026-06-02 11:59:59.999000+00:00,250103841.2585,107050,1848.773,128447245.8762,0,BTCUSDT,1h
2026-06-02 12:00:00+00:00,69430.2,69514.6,68955.0,68985.5,12233.401,2026-06-02 12:59:59.999000+00:00,846548104.6143,256951,5578.141,386055738.3431,0,BTCUSDT,1h
2026-06-02 13:00:00+00:00,68985.4,69171.0,68736.0,68788.9,18381.657,2026-06-02 13:59:59.999000+00:00,1267276580.2701,391766,9248.485,637903396.969,0,BTCUSDT,1h
2026-06-02 14:00:00+00:00,68788.9,68818.4,67573.5,67990.0,44046.045,2026-06-02 14:59:59.999000+00:00,3002662329.1442,756010,20541.304,1400312208.8956,0,BTCUSDT,1h
2026-06-02 15:00:00+00:00,67989.9,68075.0,67035.5,67274.0,32842.651,2026-06-02 15:59:59.999000+00:00,2215061801.9325,637529,15707.188,1059387540.1444,0,BTCUSDT,1h
2026-06-02 16:00:00+00:00,67274.0,68121.9,67196.2,67393.0,26315.425,2026-06-02 16:59:59.999000+00:00,1781928685.9552,415015,12235.799,828517080.3986,0,BTCUSDT,1h
2026-06-02 17:00:00+00:00,67393.1,67821.9,67345.0,67466.0,9351.26,2026-06-02 17:59:59.999000+00:00,631686513.2123,218335,5171.607,349373484.9832,0,BTCUSDT,1h
2026-06-02 18:00:00+00:00,67466.0,67641.6,67088.0,67315.5,7382.764,2026-06-02 18:59:59.999000+00:00,497139014.7223,185509,3652.757,246015398.8057,0,BTCUSDT,1h
2026-06-02 19:00:00+00:00,67315.5,67474.2,66388.0,67286.7,27447.846,2026-06-02 19:59:59.999000+00:00,1835885920.6088,418401,12263.208,820647217.872,0,BTCUSDT,1h
2026-06-02 20:00:00+00:00,67286.7,67687.4,66880.1,67556.0,12855.437,2026-06-02 20:59:59.999000+00:00,864883471.9048,290067,7330.756,493330497.2084,0,BTCUSDT,1h
2026-06-02 21:00:00+00:00,67556.0,67899.9,67373.5,67532.1,8980.536,2026-06-02 21:59:59.999000+00:00,607611075.4277,179691,5180.206,350500854.1818,0,BTCUSDT,1h
2026-06-02 22:00:00+00:00,67532.1,67532.1,66210.0,66354.2,21317.088,2026-06-02 22:59:59.999000+00:00,1424040153.6565,455990,9207.747,615360258.7701,0,BTCUSDT,1h
2026-06-02 23:00:00+00:00,66354.3,66844.8,66150.7,66730.0,20673.103,2026-06-02 23:59:59.999000+00:00,1374431078.1151,436242,9562.842,635899759.3874,0,BTCUSDT,1h
2026-06-03 00:00:00+00:00,66730.1,67195.7,66620.4,66900.2,14643.212,2026-06-03 00:59:59.999000+00:00,979392654.8544,257007,7155.877,478781664.2913,0,BTCUSDT,1h
2026-06-03 01:00:00+00:00,66900.3,67010.0,66442.0,66890.8,10585.483,2026-06-03 01:59:59.999000+00:00,706602630.5843,195137,4655.863,310951834.3324,0,BTCUSDT,1h
2026-06-03 02:00:00+00:00,66890.8,66913.0,66547.4,66588.0,4630.414,2026-06-03 02:59:59.999000+00:00,308944751.5664,154741,2342.913,156326284.6902,0,BTCUSDT,1h
2026-06-03 03:00:00+00:00,66588.0,66635.0,65359.1,65818.4,29211.393,2026-06-03 03:59:59.999000+00:00,1926841934.4177,482763,13323.945,878548376.9495,0,BTCUSDT,1h
2026-06-03 04:00:00+00:00,65818.3,66594.7,65791.4,66439.2,13975.579,2026-06-03 04:59:59.999000+00:00,927192966.1801,284360,6419.488,425782598.9753,0,BTCUSDT,1h
2026-06-03 05:00:00+00:00,66439.1,67380.0,66439.1,67290.2,22670.597,2026-06-03 05:59:59.999000+00:00,1520126027.3075,365837,13377.36,897003171.6583,0,BTCUSDT,1h
2026-06-03 06:00:00+00:00,67290.2,67493.8,66913.1,66949.3,10542.247,2026-06-03 06:59:59.999000+00:00,708756155.7504,232917,5055.568,340061842.6962,0,BTCUSDT,1h
2026-06-03 07:00:00+00:00,66949.4,67299.9,66828.5,67186.7,6907.108,2026-06-03 07:59:59.999000+00:00,463634062.3034,160170,4018.986,269823581.992,0,BTCUSDT,1h
2026-06-03 08:00:00+00:00,67186.7,67226.7,66933.6,66987.7,7143.703,2026-06-03 08:59:59.999000+00:00,479029983.3025,150490,3792.095,254291130.0536,0,BTCUSDT,1h
2026-06-03 09:00:00+00:00,66987.7,67313.9,66620.0,67040.9,18551.588,2026-06-03 09:59:59.999000+00:00,1241475963.1443,212871,8099.258,542051432.2305,0,BTCUSDT,1h
2026-06-03 10:00:00+00:00,67041.0,67448.0,67032.6,67260.0,6922.156,2026-06-03 10:59:59.999000+00:00,465576675.7025,152176,3682.773,247714208.0079,0,BTCUSDT,1h
2026-06-03 11:00:00+00:00,67260.0,67340.0,67026.6,67040.1,3936.714,2026-06-03 11:59:59.999000+00:00,264394901.6912,104470,1648.646,110754613.2707,0,BTCUSDT,1h
2026-06-03 12:00:00+00:00,67040.1,67142.1,66760.0,67050.8,8318.896,2026-06-03 12:59:59.999000+00:00,557131625.6247,196868,4188.492,280458698.0448,0,BTCUSDT,1h
2026-06-03 13:00:00+00:00,67050.7,67220.2,66605.1,66884.8,10450.216,2026-06-03 13:59:59.999000+00:00,698994482.1519,382240,5505.07,368227741.008,0,BTCUSDT,1h
2026-06-03 14:00:00+00:00,66884.8,66975.0,66611.9,66840.9,7494.408,2026-06-03 14:59:59.999000+00:00,500443797.3553,337863,3707.258,247556215.571,0,BTCUSDT,1h
2026-06-03 15:00:00+00:00,66841.0,66880.0,66036.2,66046.5,19094.974,2026-06-03 15:59:59.999000+00:00,1267238034.5869,422668,7932.321,526694387.3834,0,BTCUSDT,1h
2026-06-03 16:00:00+00:00,66046.6,66359.4,65508.3,66037.4,24860.392,2026-06-03 16:59:59.999000+00:00,1637332194.5742,574460,10518.599,693100253.3923,0,BTCUSDT,1h
2026-06-03 17:00:00+00:00,66037.4,66159.0,65674.9,65934.0,9175.749,2026-06-03 17:59:59.999000+00:00,604879015.9501,265334,4765.091,314145071.3005,0,BTCUSDT,1h
2026-06-03 18:00:00+00:00,65934.0,66141.7,65711.4,66006.6,5382.664,2026-06-03 18:59:59.999000+00:00,354917068.2781,189943,2802.064,184792384.6226,0,BTCUSDT,1h
2026-06-03 19:00:00+00:00,66006.5,66030.7,65199.0,65428.6,13312.575,2026-06-03 19:59:59.999000+00:00,872582185.2717,263333,5757.129,377384610.9815,0,BTCUSDT,1h
2026-06-03 20:00:00+00:00,65428.5,65581.6,64711.1,64971.7,18176.176,2026-06-03 20:59:59.999000+00:00,1183911020.1445,379287,8085.894,526842410.927,0,BTCUSDT,1h
2026-06-03 21:00:00+00:00,64971.8,65829.4,64919.1,65738.6,12497.286,2026-06-03 21:59:59.999000+00:00,818199645.6348,281097,7063.877,462468205.1314,0,BTCUSDT,1h
2026-06-03 22:00:00+00:00,65738.6,65814.2,64733.9,64882.1,13287.809,2026-06-03 22:59:59.999000+00:00,865571144.7724,444993,6375.417,415351698.237,0,BTCUSDT,1h
2026-06-03 23:00:00+00:00,64882.1,64957.7,64050.8,64117.7,19130.199,2026-06-03 23:59:59.999000+00:00,1232612476.898,475900,8940.0,576137299.2141,0,BTCUSDT,1h
2026-06-04 00:00:00+00:00,64117.7,64412.9,62911.9,63314.4,32017.216,2026-06-04 00:59:59.999000+00:00,2036239441.3109,761001,14380.535,914756964.8155,0,BTCUSDT,1h
2026-06-04 01:00:00+00:00,63314.5,63478.5,62066.6,62140.3,33187.939,2026-06-04 01:59:59.999000+00:00,2081940855.7049,907910,15359.073,963869698.0068,0,BTCUSDT,1h
2026-06-04 02:00:00+00:00,62140.4,63598.7,61344.8,63198.4,48264.122,2026-06-04 02:59:59.999000+00:00,3018153012.0072,940839,23837.297,1492372535.3975,0,BTCUSDT,1h
2026-06-04 03:00:00+00:00,63198.4,64495.9,63186.7,64336.2,25029.44,2026-06-04 03:59:59.999000+00:00,1603519418.3044,487117,12725.143,814845362.8909,0,BTCUSDT,1h
2026-06-04 04:00:00+00:00,64336.2,64739.8,64233.0,64364.0,12138.136,2026-06-04 04:59:59.999000+00:00,782400923.4185,309661,6161.41,397198845.3286,0,BTCUSDT,1h
2026-06-04 05:00:00+00:00,64363.9,64363.9,63607.4,63927.6,15516.364,2026-06-04 05:59:59.999000+00:00,992467994.1653,408730,7529.932,481648592.0546,0,BTCUSDT,1h
2026-06-04 06:00:00+00:00,63927.6,64480.0,63858.6,64007.2,7456.889,2026-06-04 06:59:59.999000+00:00,478714016.2511,246167,3807.432,244437430.3275,0,BTCUSDT,1h
2026-06-04 07:00:00+00:00,64007.4,64041.8,63450.0,63561.7,13651.696,2026-06-04 07:59:59.999000+00:00,869492357.6345,292973,6407.44,408102915.415,0,BTCUSDT,1h
2026-06-04 08:00:00+00:00,63561.8,63875.9,63201.1,63595.5,12293.7,2026-06-04 08:59:59.999000+00:00,780465116.3859,389636,6183.679,392606077.5609,0,BTCUSDT,1h
2026-06-04 09:00:00+00:00,63595.5,63616.3,62666.0,63237.4,19123.543,2026-06-04 09:59:59.999000+00:00,1205385702.1487,511214,8672.668,546603378.4052,0,BTCUSDT,1h
2026-06-04 10:00:00+00:00,63237.5,63250.0,62256.0,62391.6,29859.942,2026-06-04 10:59:59.999000+00:00,1868383255.3267,526941,14915.29,932899424.7909,0,BTCUSDT,1h
2026-06-04 11:00:00+00:00,62391.6,62800.0,62150.8,62520.7,21741.816,2026-06-04 11:59:59.999000+00:00,1357348989.2137,415886,12087.375,754701856.6371,0,BTCUSDT,1h
2026-06-04 12:00:00+00:00,62520.7,63947.8,62344.1,63738.1,25027.312,2026-06-04 12:59:59.999000+00:00,1582916738.4003,657650,13830.642,874961605.746,0,BTCUSDT,1h
2026-06-04 13:00:00+00:00,63738.2,64223.1,63038.0,64202.7,28666.685,2026-06-04 13:59:59.999000+00:00,1825835575.4746,779467,14386.994,916502260.9791,0,BTCUSDT,1h
2026-06-04 14:00:00+00:00,64202.7,64463.7,63733.0,63923.9,16138.466,2026-06-04 14:59:59.999000+00:00,1034817999.6884,492745,7781.193,499182716.4371,0,BTCUSDT,1h
2026-06-04 15:00:00+00:00,63923.8,64380.0,63650.0,63864.8,13018.872,2026-06-04 15:59:59.999000+00:00,833045112.8279,372507,6794.884,434898755.8346,0,BTCUSDT,1h
2026-06-04 16:00:00+00:00,63864.8,63898.9,63412.9,63529.4,8547.533,2026-06-04 16:59:59.999000+00:00,544075800.2193,323657,4097.186,260817431.3506,0,BTCUSDT,1h
2026-06-04 17:00:00+00:00,63529.4,63698.7,62910.0,63511.2,14376.367,2026-06-04 17:59:59.999000+00:00,909765168.0589,381586,7311.544,462930940.2765,0,BTCUSDT,1h
2026-06-04 18:00:00+00:00,63511.1,64091.7,63117.6,63791.1,15695.29,2026-06-04 18:59:59.999000+00:00,1000531227.5434,354874,8580.022,547078007.0246,0,BTCUSDT,1h
2026-06-04 19:00:00+00:00,63791.2,64150.8,63508.6,63600.3,9010.124,2026-06-04 19:59:59.999000+00:00,574887535.4631,300610,4521.419,288638154.0443,0,BTCUSDT,1h
2026-06-04 20:00:00+00:00,63600.2,63628.0,63140.8,63600.8,10580.497,2026-06-04 20:59:59.999000+00:00,670664748.352,282935,4037.453,255949378.3683,0,BTCUSDT,1h
2026-06-04 21:00:00+00:00,63600.8,63847.9,63040.0,63250.2,6186.469,2026-06-04 21:59:59.999000+00:00,392672584.2927,192092,2707.237,171898014.1771,0,BTCUSDT,1h
2026-06-04 22:00:00+00:00,63250.1,63740.2,63150.7,63702.2,6948.656,2026-06-04 22:59:59.999000+00:00,440434299.9302,356020,4065.904,257733777.2388,0,BTCUSDT,1h
2026-06-04 23:00:00+00:00,63702.3,63897.0,63335.1,63853.4,6697.537,2026-06-04 23:59:59.999000+00:00,426492531.6164,182367,3134.695,199635214.9942,0,BTCUSDT,1h
2026-06-05 00:00:00+00:00,63853.4,63955.0,63366.0,63398.3,6077.139,2026-06-05 00:59:59.999000+00:00,387172358.2509,234703,3188.581,203184334.1145,0,BTCUSDT,1h
2026-06-05 01:00:00+00:00,63398.3,63547.5,63011.0,63347.0,8705.901,2026-06-05 01:59:59.999000+00:00,550669257.8461,297080,4065.133,257173996.0278,0,BTCUSDT,1h
2026-06-05 02:00:00+00:00,63347.0,63416.9,62552.2,62585.5,12937.021,2026-06-05 02:59:59.999000+00:00,813198081.8589,355052,6093.754,382960200.1134,0,BTCUSDT,1h
2026-06-05 03:00:00+00:00,62585.6,62861.0,62300.0,62699.7,11767.388,2026-06-05 03:59:59.999000+00:00,736095735.0269,316656,5916.78,370279116.2641,0,BTCUSDT,1h
2026-06-05 04:00:00+00:00,62700.0,63629.9,62456.0,63588.9,12198.337,2026-06-05 04:59:59.999000+00:00,769244506.8886,326094,7045.802,444571120.1016,0,BTCUSDT,1h
2026-06-05 05:00:00+00:00,63589.0,63674.9,62229.6,62294.4,17219.625,2026-06-05 05:59:59.999000+00:00,1083905845.5951,434641,7153.194,450614971.2107,0,BTCUSDT,1h
2026-06-05 06:00:00+00:00,62294.1,62614.2,61067.6,61916.8,43244.607,2026-06-05 06:59:59.999000+00:00,2674682191.3625,1175156,20608.759,1274948896.949,0,BTCUSDT,1h
2026-06-05 07:00:00+00:00,61916.7,63084.4,61330.5,63075.6,22919.441,2026-06-05 07:59:59.999000+00:00,1427586620.8476,717829,12418.028,773580508.512,0,BTCUSDT,1h
2026-06-05 08:00:00+00:00,63075.5,63088.0,62234.3,62429.9,11546.341,2026-06-05 08:59:59.999000+00:00,723597446.9359,371960,4834.886,303025377.0176,0,BTCUSDT,1h
2026-06-05 09:00:00+00:00,62429.9,63231.8,62405.1,62832.5,10276.57,2026-06-05 09:59:59.999000+00:00,646267161.9781,323777,5677.522,357045451.2162,0,BTCUSDT,1h
2026-06-05 10:00:00+00:00,62832.4,62910.5,62342.1,62510.1,6267.222,2026-06-05 10:59:59.999000+00:00,392121899.9258,214869,3074.511,192347886.4617,0,BTCUSDT,1h
2026-06-05 11:00:00+00:00,62510.0,62621.9,61928.3,61929.5,9661.694,2026-06-05 11:59:59.999000+00:00,601338900.0449,292278,4405.578,274163826.2169,0,BTCUSDT,1h
2026-06-05 12:00:00+00:00,61929.6,62437.5,61578.4,61939.7,18065.956,2026-06-05 12:59:59.999000+00:00,1119603697.2292,557651,8904.804,551905449.0904,0,BTCUSDT,1h
2026-06-05 13:00:00+00:00,61939.7,62310.0,60690.8,60700.4,26689.674,2026-06-05 13:59:59.999000+00:00,1641681219.7804,725147,12208.231,751594969.9843,0,BTCUSDT,1h
2026-06-05 14:00:00+00:00,60700.4,61217.8,60300.0,60832.7,38987.144,2026-06-05 14:59:59.999000+00:00,2367593640.8265,928855,18791.448,1141742465.534,0,BTCUSDT,1h
2026-06-05 15:00:00+00:00,60832.6,61105.6,60005.8,60400.8,31939.718,2026-06-05 15:59:59.999000+00:00,1931837401.6024,709182,15800.599,955933434.7916,0,BTCUSDT,1h
2026-06-05 16:00:00+00:00,60400.8,61550.0,59739.1,61358.1,58804.844,2026-06-05 16:59:59.999000+00:00,3564573616.6766,1074979,28520.806,1729764611.2873,0,BTCUSDT,1h
2026-06-05 17:00:00+00:00,61358.1,61487.9,60621.2,60786.5,12594.401,2026-06-05 17:59:59.999000+00:00,767662147.5806,426466,5804.464,353776993.7404,0,BTCUSDT,1h
2026-06-05 18:00:00+00:00,60786.5,60933.0,59105.4,59362.2,32030.644,2026-06-05 18:59:59.999000+00:00,1916837407.3234,743208,13997.817,838272887.7282,0,BTCUSDT,1h
2026-06-05 19:00:00+00:00,59362.1,60435.2,59080.0,60267.7,23692.266,2026-06-05 19:59:59.999000+00:00,1414129739.6003,759107,11592.007,692099963.0611,0,BTCUSDT,1h
2026-06-05 20:00:00+00:00,60267.4,61800.0,59903.8,61586.2,22351.565,2026-06-05 20:59:59.999000+00:00,1363031334.7648,656520,12714.351,775639860.7157,0,BTCUSDT,1h
2026-06-05 21:00:00+00:00,61586.1,61985.1,61400.0,61639.5,12170.417,2026-06-05 21:59:59.999000+00:00,751043822.1766,353731,5934.225,366253690.613,0,BTCUSDT,1h
2026-06-05 22:00:00+00:00,61639.4,61942.4,61169.1,61556.6,13850.543,2026-06-05 22:59:59.999000+00:00,852679759.9768,586781,6856.64,422131553.1436,0,BTCUSDT,1h
2026-06-05 23:00:00+00:00,61556.7,61745.0,60458.0,61022.0,14163.427,2026-06-05 23:59:59.999000+00:00,864825015.8255,419840,6999.776,427444401.7788,0,BTCUSDT,1h
2026-06-06 00:00:00+00:00,61022.0,61500.0,61012.0,61238.4,7564.048,2026-06-06 00:59:59.999000+00:00,463466411.0684,257304,3432.447,210286701.4231,0,BTCUSDT,1h
2026-06-06 01:00:00+00:00,61238.4,61349.7,60912.3,61025.6,4623.78,2026-06-06 01:59:59.999000+00:00,282585183.9097,187547,2075.148,126847043.3595,0,BTCUSDT,1h
2026-06-06 02:00:00+00:00,61025.6,61164.5,60642.4,60918.4,5765.277,2026-06-06 02:59:59.999000+00:00,351039289.7308,232352,2523.679,153706269.1913,0,BTCUSDT,1h
2026-06-06 03:00:00+00:00,60918.3,60940.5,60490.0,60662.6,5489.751,2026-06-06 03:59:59.999000+00:00,333177129.4117,220641,2614.782,158719705.0872,0,BTCUSDT,1h
2026-06-06 04:00:00+00:00,60662.6,60847.5,59451.3,60068.4,22031.624,2026-06-06 04:59:59.999000+00:00,1321482393.6065,672438,10754.092,645086837.0607,0,BTCUSDT,1h
2026-06-06 05:00:00+00:00,60068.5,61070.2,59578.8,60918.9,20702.862,2026-06-06 05:59:59.999000+00:00,1252440633.157,609792,11424.14,691248979.1993,0,BTCUSDT,1h
2026-06-06 06:00:00+00:00,60919.0,61250.0,60644.5,60771.8,11698.016,2026-06-06 06:59:59.999000+00:00,713581104.2627,375851,5536.85,337848567.4566,0,BTCUSDT,1h
2026-06-06 07:00:00+00:00,60771.8,61212.7,60705.4,60975.2,7336.922,2026-06-06 07:59:59.999000+00:00,447322550.7932,211665,3672.606,223907261.6812,0,BTCUSDT,1h
2026-06-06 08:00:00+00:00,60975.2,61475.0,60850.0,61239.6,8498.1,2026-06-06 08:59:59.999000+00:00,520460944.6798,237148,4847.43,296894521.1437,0,BTCUSDT,1h
2026-06-06 09:00:00+00:00,61239.5,61298.2,60854.1,60956.7,5320.274,2026-06-06 09:59:59.999000+00:00,325038569.3498,187932,2439.032,149034346.809,0,BTCUSDT,1h
2026-06-06 10:00:00+00:00,60956.7,60956.7,60146.0,60555.3,14536.034,2026-06-06 10:59:59.999000+00:00,879031122.2835,369190,6265.728,379019009.1517,0,BTCUSDT,1h
2026-06-06 11:00:00+00:00,60555.2,60938.0,60520.0,60773.5,5694.791,2026-06-06 11:59:59.999000+00:00,345848683.1175,184784,2996.266,181971606.2138,0,BTCUSDT,1h
2026-06-06 12:00:00+00:00,60773.5,61173.5,60599.9,61003.6,9784.197,2026-06-06 12:59:59.999000+00:00,595682823.6121,240680,4522.734,275442732.9951,0,BTCUSDT,1h
2026-06-06 13:00:00+00:00,61003.6,61073.6,60668.8,60779.5,5213.726,2026-06-06 13:59:59.999000+00:00,317318212.145,178494,2495.379,151870202.2339,0,BTCUSDT,1h
2026-06-06 14:00:00+00:00,60779.5,60990.8,60733.0,60762.5,3560.698,2026-06-06 14:59:59.999000+00:00,216793623.6217,159149,1746.043,106305041.26,0,BTCUSDT,1h
2026-06-06 15:00:00+00:00,60762.5,60900.0,60353.4,60754.1,7524.848,2026-06-06 15:59:59.999000+00:00,456218640.1433,254777,3887.141,235737737.8601,0,BTCUSDT,1h
2026-06-06 16:00:00+00:00,60754.2,60949.9,60417.6,60749.8,6038.819,2026-06-06 16:59:59.999000+00:00,366392448.5923,200341,2791.948,169435703.4448,0,BTCUSDT,1h
2026-06-06 17:00:00+00:00,60749.9,60817.2,60463.0,60553.3,3936.273,2026-06-06 17:59:59.999000+00:00,238630968.248,141635,1819.7,110317873.9729,0,BTCUSDT,1h
2026-06-06 18:00:00+00:00,60553.2,60723.5,60363.0,60606.0,3583.649,2026-06-06 18:59:59.999000+00:00,216931846.9645,138999,1729.819,104710803.488,0,BTCUSDT,1h
2026-06-06 19:00:00+00:00,60606.0,60760.4,60502.1,60563.9,2214.691,2026-06-06 19:59:59.999000+00:00,134261024.6434,99045,1130.002,68499054.7049,0,BTCUSDT,1h
2026-06-06 20:00:00+00:00,60563.9,60729.1,60484.5,60678.5,2440.763,2026-06-06 20:59:59.999000+00:00,147941118.7281,98284,1244.639,75433268.8097,0,BTCUSDT,1h
2026-06-06 21:00:00+00:00,60678.4,60969.2,60673.2,60719.3,3053.205,2026-06-06 21:59:59.999000+00:00,185707980.9836,86536,1700.78,103440087.929,0,BTCUSDT,1h
2026-06-06 22:00:00+00:00,60719.2,60788.6,60390.0,60513.0,5032.414,2026-06-06 22:59:59.999000+00:00,304811355.4748,161109,2597.347,157317897.8944,0,BTCUSDT,1h
2026-06-06 23:00:00+00:00,60513.0,60911.0,60511.0,60849.7,3116.081,2026-06-06 23:59:59.999000+00:00,189310031.9876,107459,1597.927,97078873.3786,0,BTCUSDT,1h
2026-06-07 00:00:00+00:00,60849.7,60962.7,60708.0,60748.3,2990.633,2026-06-07 00:59:59.999000+00:00,181917512.6843,114276,1381.547,84038099.6801,0,BTCUSDT,1h
2026-06-07 01:00:00+00:00,60748.2,61641.4,60720.9,61452.5,13447.678,2026-06-07 01:59:59.999000+00:00,824987859.9805,329708,7616.034,467235301.5842,0,BTCUSDT,1h
2026-06-07 02:00:00+00:00,61452.5,61540.1,61150.0,61469.2,5320.335,2026-06-07 02:59:59.999000+00:00,326455068.1668,166573,2957.563,181525367.4284,0,BTCUSDT,1h
2026-06-07 03:00:00+00:00,61469.3,61763.9,61376.7,61671.1,5046.674,2026-06-07 03:59:59.999000+00:00,310818275.8198,162249,3065.527,188803232.4461,0,BTCUSDT,1h
2026-06-07 04:00:00+00:00,61671.1,61866.0,61447.2,61854.1,5279.246,2026-06-07 04:59:59.999000+00:00,325651991.6715,142679,3018.538,186274388.9885,0,BTCUSDT,1h
2026-06-07 05:00:00+00:00,61854.2,62132.0,61607.9,61709.2,9364.91,2026-06-07 05:59:59.999000+00:00,579297663.688,234066,4868.373,301255559.7828,0,BTCUSDT,1h
2026-06-07 06:00:00+00:00,61709.3,62254.9,61573.5,62080.1,9917.458,2026-06-07 06:59:59.999000+00:00,614917797.7081,251356,5940.258,368315335.4831,0,BTCUSDT,1h
2026-06-07 07:00:00+00:00,62080.1,62380.0,61951.0,62366.0,8886.719,2026-06-07 07:59:59.999000+00:00,552698751.8269,162291,5293.259,329253432.97,0,BTCUSDT,1h
2026-06-07 08:00:00+00:00,62366.0,62942.4,62217.4,62823.0,16219.509,2026-06-07 08:59:59.999000+00:00,1014818010.4688,288474,8150.47,510104979.0933,0,BTCUSDT,1h
2026-06-07 09:00:00+00:00,62823.0,62887.5,62361.5,62510.0,7994.466,2026-06-07 09:59:59.999000+00:00,500637111.2184,206694,3384.132,211998963.0848,0,BTCUSDT,1h
2026-06-07 10:00:00+00:00,62509.9,62547.8,62273.0,62343.7,5250.485,2026-06-07 10:59:59.999000+00:00,327543915.7293,157322,2611.547,162927352.6084,0,BTCUSDT,1h
2026-06-07 11:00:00+00:00,62343.7,62730.0,62333.0,62598.8,5263.381,2026-06-07 11:59:59.999000+00:00,329109598.5249,143290,3108.721,194377153.6083,0,BTCUSDT,1h
2026-06-07 12:00:00+00:00,62598.8,62617.7,61509.1,61871.1,21819.579,2026-06-07 12:59:59.999000+00:00,1351248666.75,466232,9313.05,576715197.5634,0,BTCUSDT,1h
2026-06-07 13:00:00+00:00,61871.1,61880.0,61612.2,61675.0,5955.28,2026-06-07 13:59:59.999000+00:00,367574637.2297,182877,2893.006,178569073.3361,0,BTCUSDT,1h
2026-06-07 14:00:00+00:00,61675.1,62283.6,61675.0,61872.0,10111.376,2026-06-07 14:59:59.999000+00:00,626834525.3973,259068,5465.093,338876867.671,0,BTCUSDT,1h
2026-06-07 15:00:00+00:00,61871.9,62196.0,61640.1,62071.6,6764.069,2026-06-07 15:59:59.999000+00:00,418753474.1798,204500,3861.868,239082383.4812,0,BTCUSDT,1h
2026-06-07 16:00:00+00:00,62071.7,62327.0,61912.7,62054.2,5219.03,2026-06-07 16:59:59.999000+00:00,324155668.5848,169121,2434.079,151232459.8305,0,BTCUSDT,1h
2026-06-07 17:00:00+00:00,62054.1,62315.6,62012.2,62129.6,4071.011,2026-06-07 17:59:59.999000+00:00,253214494.6041,134112,2231.962,138844892.4733,0,BTCUSDT,1h
2026-06-07 18:00:00+00:00,62129.6,62267.2,61989.0,62001.6,2079.999,2026-06-07 18:59:59.999000+00:00,129240735.3905,87477,977.235,60726468.9286,0,BTCUSDT,1h
2026-06-07 19:00:00+00:00,62001.6,62009.1,61150.2,61303.8,15448.708,2026-06-07 19:59:59.999000+00:00,949395181.6574,342986,6693.13,411271522.812,0,BTCUSDT,1h
2026-06-07 20:00:00+00:00,61303.7,61949.3,61189.7,61843.0,6748.756,2026-06-07 20:59:59.999000+00:00,416016073.7933,199948,3781.199,233129539.4983,0,BTCUSDT,1h
2026-06-07 21:00:00+00:00,61843.1,61980.0,61618.5,61755.0,3502.586,2026-06-07 21:59:59.999000+00:00,216301045.6615,113104,1641.642,101384668.0816,0,BTCUSDT,1h
2026-06-07 22:00:00+00:00,61754.9,64250.0,61690.3,62833.5,32662.168,2026-06-07 22:59:59.999000+00:00,2064358132.8378,828013,18053.819,1140897945.8922,0,BTCUSDT,1h
2026-06-07 23:00:00+00:00,62833.0,63429.9,62759.5,63298.5,8114.977,2026-06-07 23:59:59.999000+00:00,511767328.7713,279041,3884.393,245012478.0326,0,BTCUSDT,1h
2026-06-08 00:00:00+00:00,63299.0,63849.5,63111.3,63599.2,9954.623,2026-06-08 00:59:59.999000+00:00,632049499.8359,320228,5313.336,337516182.6297,0,BTCUSDT,1h
2026-06-08 01:00:00+00:00,63599.3,63619.5,62676.8,63188.0,12067.272,2026-06-08 01:59:59.999000+00:00,760878906.275,386393,5471.669,344977147.4172,0,BTCUSDT,1h
2026-06-08 02:00:00+00:00,63188.0,63238.3,62881.9,63097.2,4283.889,2026-06-08 02:59:59.999000+00:00,270062001.63,178502,2317.933,146134851.1327,0,BTCUSDT,1h
2026-06-08 03:00:00+00:00,63097.2,63438.2,62944.1,63101.6,4210.952,2026-06-08 03:59:59.999000+00:00,266092814.6004,150778,2507.203,158442872.6509,0,BTCUSDT,1h
2026-06-08 04:00:00+00:00,63101.6,63150.0,62616.9,62654.7,5895.229,2026-06-08 04:59:59.999000+00:00,370333214.4798,188984,2639.616,165838854.5676,0,BTCUSDT,1h
2026-06-08 05:00:00+00:00,62654.7,62800.0,62377.0,62740.8,7325.169,2026-06-08 05:59:59.999000+00:00,458417614.7518,224638,3644.636,228117241.4368,0,BTCUSDT,1h
2026-06-08 06:00:00+00:00,62740.8,63119.7,62702.0,62958.8,5677.298,2026-06-08 06:59:59.999000+00:00,357334763.1134,185252,3002.586,188983241.2529,0,BTCUSDT,1h
2026-06-08 07:00:00+00:00,62958.9,63320.9,62779.0,63259.9,5891.372,2026-06-08 07:59:59.999000+00:00,371883776.0725,193261,3348.323,211383399.6111,0,BTCUSDT,1h
2026-06-08 08:00:00+00:00,63259.9,63259.9,62955.7,63100.8,3576.879,2026-06-08 08:59:59.999000+00:00,225648319.2117,136348,1638.964,103402113.5072,0,BTCUSDT,1h
2026-06-08 09:00:00+00:00,63100.9,63554.7,63093.5,63469.9,7425.603,2026-06-08 09:59:59.999000+00:00,470341474.1935,208339,3958.749,250777643.2081,0,BTCUSDT,1h
2026-06-08 10:00:00+00:00,63469.9,63525.0,63053.4,63131.5,6189.668,2026-06-08 10:59:59.999000+00:00,391404994.5511,171550,2746.275,173678462.1118,0,BTCUSDT,1h
2026-06-08 11:00:00+00:00,63131.4,63861.3,63020.0,63450.1,11047.181,2026-06-08 11:59:59.999000+00:00,701657909.2416,278510,6001.123,381186180.0245,0,BTCUSDT,1h
2026-06-08 12:00:00+00:00,63450.1,63948.2,62658.4,63844.5,22904.142,2026-06-08 12:59:59.999000+00:00,1448814447.0875,490888,11911.291,753424467.7549,0,BTCUSDT,1h
2026-06-08 13:00:00+00:00,63844.6,63920.0,63330.4,63720.6,13790.78,2026-06-08 13:59:59.999000+00:00,878018408.2083,420661,7115.801,453101709.7149,0,BTCUSDT,1h
2026-06-08 14:00:00+00:00,63720.5,64075.6,63531.9,63933.7,10811.608,2026-06-08 14:59:59.999000+00:00,690042775.122,352452,5907.2,377123250.2819,0,BTCUSDT,1h
2026-06-08 15:00:00+00:00,63933.7,64179.5,63673.0,63745.4,11587.537,2026-06-08 15:59:59.999000+00:00,741127859.7642,344765,5859.975,374827942.1338,0,BTCUSDT,1h
2026-06-08 16:00:00+00:00,63745.3,64029.5,63430.6,63496.8,7607.381,2026-06-08 16:59:59.999000+00:00,484755217.2749,246267,3288.371,209610197.6673,0,BTCUSDT,1h
2026-06-08 17:00:00+00:00,63496.8,63620.0,63209.6,63519.2,7842.552,2026-06-08 17:59:59.999000+00:00,497282661.1902,236698,3678.761,233311003.9524,0,BTCUSDT,1h
2026-06-08 18:00:00+00:00,63519.1,63659.1,63305.0,63438.0,3208.045,2026-06-08 18:59:59.999000+00:00,203685381.6916,133442,1529.366,97119579.3833,0,BTCUSDT,1h
2026-06-08 19:00:00+00:00,63438.0,63572.1,63317.7,63348.2,3103.656,2026-06-08 19:59:59.999000+00:00,196871433.335,134257,1451.985,92105879.5491,0,BTCUSDT,1h
2026-06-08 20:00:00+00:00,63348.3,63459.3,63120.4,63459.1,4563.368,2026-06-08 20:59:59.999000+00:00,288671111.2056,128705,2233.459,141297351.6968,0,BTCUSDT,1h
2026-06-08 21:00:00+00:00,63459.1,63832.5,63455.1,63690.8,4030.441,2026-06-08 21:59:59.999000+00:00,256625180.2452,108627,2216.32,141121686.0655,0,BTCUSDT,1h
2026-06-08 22:00:00+00:00,63690.7,63690.7,63171.2,63407.5,6036.812,2026-06-08 22:59:59.999000+00:00,382505279.262,145724,3325.982,210744179.5195,0,BTCUSDT,1h
2026-06-08 23:00:00+00:00,63407.6,63567.6,62939.7,63057.9,5409.596,2026-06-08 23:59:59.999000+00:00,341644220.1584,187900,2335.161,147509587.6474,0,BTCUSDT,1h
2026-06-09 00:00:00+00:00,63057.9,63157.3,62381.2,62522.6,15947.71,2026-06-09 00:59:59.999000+00:00,999714738.991,341536,7425.567,465452791.3626,0,BTCUSDT,1h
2026-06-09 01:00:00+00:00,62522.6,62846.6,62513.0,62732.9,6038.258,2026-06-09 01:59:59.999000+00:00,378546010.218,198757,3253.922,203970337.2324,0,BTCUSDT,1h
2026-06-09 02:00:00+00:00,62732.8,62849.5,62506.8,62840.0,4490.164,2026-06-09 02:59:59.999000+00:00,281394871.1116,163969,2146.586,134544075.4335,0,BTCUSDT,1h
2026-06-09 03:00:00+00:00,62839.9,62945.8,62664.3,62841.0,3847.384,2026-06-09 03:59:59.999000+00:00,241696495.8098,127768,2046.906,128594723.0658,0,BTCUSDT,1h
2026-06-09 04:00:00+00:00,62841.1,63402.0,62715.4,63213.7,9505.94,2026-06-09 04:59:59.999000+00:00,600255879.5287,212162,5202.377,328463630.4168,0,BTCUSDT,1h
2026-06-09 05:00:00+00:00,63213.8,63499.9,63088.0,63318.5,5631.349,2026-06-09 05:59:59.999000+00:00,356564918.9166,146807,2898.081,183520240.5842,0,BTCUSDT,1h
2026-06-09 06:00:00+00:00,63318.5,63487.1,63202.6,63279.4,4791.047,2026-06-09 06:59:59.999000+00:00,303482941.4358,111807,2249.031,142441382.4011,0,BTCUSDT,1h
2026-06-09 07:00:00+00:00,63279.5,63424.0,62970.6,63170.8,6015.433,2026-06-09 07:59:59.999000+00:00,379783887.6414,126301,2912.113,183861835.0116,0,BTCUSDT,1h
2026-06-09 08:00:00+00:00,63170.9,63183.0,62646.0,62816.9,8266.54,2026-06-09 08:59:59.999000+00:00,519714055.6283,178125,3490.638,219498530.1319,0,BTCUSDT,1h
2026-06-09 09:00:00+00:00,62817.0,62923.7,62555.5,62682.5,5482.787,2026-06-09 09:59:59.999000+00:00,343876070.5982,141965,2314.953,145225706.1607,0,BTCUSDT,1h
2026-06-09 10:00:00+00:00,62682.6,62802.7,62560.9,62750.0,4015.766,2026-06-09 10:59:59.999000+00:00,251767174.0038,114759,2171.42,136144191.8079,0,BTCUSDT,1h
2026-06-09 11:00:00+00:00,62750.0,62786.9,62457.5,62679.4,6806.713,2026-06-09 11:59:59.999000+00:00,426017819.9614,138816,3013.247,188610537.9304,0,BTCUSDT,1h
2026-06-09 12:00:00+00:00,62679.5,62868.2,62404.0,62611.6,6095.652,2026-06-09 12:59:59.999000+00:00,381854682.1905,160847,3058.232,191603003.669,0,BTCUSDT,1h
2026-06-09 13:00:00+00:00,62611.6,62717.7,62125.0,62244.4,13535.918,2026-06-09 13:59:59.999000+00:00,843947629.5911,346916,6631.32,413491985.7356,0,BTCUSDT,1h
2026-06-09 14:00:00+00:00,62244.4,62371.6,61075.9,61511.6,35615.599,2026-06-09 14:59:59.999000+00:00,2194302621.013,732874,16415.768,1011105183.9123,0,BTCUSDT,1h
2026-06-09 15:00:00+00:00,61511.6,61680.9,61001.0,61100.7,16545.058,2026-06-09 15:59:59.999000+00:00,1015068742.3575,426811,8060.756,494582924.5029,0,BTCUSDT,1h
2026-06-09 16:00:00+00:00,61100.6,61490.0,60755.0,61367.5,26909.919,2026-06-09 16:59:59.999000+00:00,1643096240.7368,593391,13140.512,802613983.1661,0,BTCUSDT,1h
2026-06-09 17:00:00+00:00,61367.5,61860.0,61367.0,61667.1,12632.633,2026-06-09 17:59:59.999000+00:00,778651562.4717,351953,6738.993,415377438.9189,0,BTCUSDT,1h
2026-06-09 18:00:00+00:00,61667.2,61939.0,61563.3,61756.1,5648.053,2026-06-09 18:59:59.999000+00:00,348673403.5346,214544,2626.883,162198059.1477,0,BTCUSDT,1h
2026-06-09 19:00:00+00:00,61756.2,62079.5,61685.0,62068.8,6032.774,2026-06-09 19:59:59.999000+00:00,373368445.2644,195594,3277.804,202912204.9485,0,BTCUSDT,1h
2026-06-09 20:00:00+00:00,62068.9,62253.2,61920.9,62132.3,4702.846,2026-06-09 20:59:59.999000+00:00,291957949.4684,129771,2500.591,155270943.9334,0,BTCUSDT,1h
2026-06-09 21:00:00+00:00,62132.3,62149.8,61660.0,61732.2,5903.611,2026-06-09 21:59:59.999000+00:00,365296135.2084,103294,2343.172,144927017.9632,0,BTCUSDT,1h
2026-06-09 22:00:00+00:00,61732.5,61945.4,61630.2,61688.0,3249.56,2026-06-09 22:59:59.999000+00:00,200730239.7721,111720,1723.196,106445171.2014,0,BTCUSDT,1h
2026-06-09 23:00:00+00:00,61687.9,61850.0,61519.0,61695.0,3688.76,2026-06-09 23:59:59.999000+00:00,227465180.1556,128802,1755.538,108278062.027,0,BTCUSDT,1h
2026-06-10 00:00:00+00:00,61694.9,61908.9,61404.6,61886.5,5067.624,2026-06-10 00:59:59.999000+00:00,312499277.4914,176438,2379.535,146767809.6847,0,BTCUSDT,1h
2026-06-10 01:00:00+00:00,61886.5,61947.4,61544.2,61680.7,4252.258,2026-06-10 01:59:59.999000+00:00,262614395.552,180414,2167.328,133863474.1622,0,BTCUSDT,1h
2026-06-10 02:00:00+00:00,61680.7,61807.9,61201.0,61271.3,6430.764,2026-06-10 02:59:59.999000+00:00,394844442.4357,192564,2814.537,172811846.3635,0,BTCUSDT,1h
2026-06-10 03:00:00+00:00,61271.4,61571.1,61250.0,61518.2,3472.635,2026-06-10 03:59:59.999000+00:00,213364239.3446,128377,2063.414,126785038.5281,0,BTCUSDT,1h
2026-06-10 04:00:00+00:00,61518.3,61535.0,61153.5,61269.6,4116.843,2026-06-10 04:59:59.999000+00:00,252422522.6956,130432,1856.216,113806266.0477,0,BTCUSDT,1h
2026-06-10 05:00:00+00:00,61269.6,61368.0,61045.7,61321.6,4160.181,2026-06-10 05:59:59.999000+00:00,254528823.9855,135270,2142.436,131073827.4962,0,BTCUSDT,1h
2026-06-10 06:00:00+00:00,61321.6,61493.0,61108.8,61436.5,4853.421,2026-06-10 06:59:59.999000+00:00,297764247.7499,137286,2389.165,146579056.3961,0,BTCUSDT,1h
2026-06-10 07:00:00+00:00,61436.4,61783.4,61400.7,61654.3,6313.665,2026-06-10 07:59:59.999000+00:00,389107047.6589,153658,3268.885,201453781.4502,0,BTCUSDT,1h
2026-06-10 08:00:00+00:00,61654.3,61707.6,61128.7,61228.7,7510.133,2026-06-10 08:59:59.999000+00:00,460900433.5435,188098,3675.276,225526258.4416,0,BTCUSDT,1h
2026-06-10 09:00:00+00:00,61228.8,61396.4,60691.9,61302.7,12001.158,2026-06-10 09:59:59.999000+00:00,732860225.6514,266637,5400.31,329899138.1912,0,BTCUSDT,1h
2026-06-10 10:00:00+00:00,61303.2,61426.7,61113.2,61350.1,4009.363,2026-06-10 10:59:59.999000+00:00,245643510.8299,132268,2179.74,133557097.1292,0,BTCUSDT,1h
2026-06-10 11:00:00+00:00,61350.1,61406.0,60824.5,61003.1,9567.514,2026-06-10 11:59:59.999000+00:00,583897466.5619,281102,4572.521,279035226.9047,0,BTCUSDT,1h
2026-06-10 12:00:00+00:00,61003.1,61918.0,60930.0,61531.7,17186.613,2026-06-10 12:59:59.999000+00:00,1057319994.5793,403573,8618.819,530215214.9436,0,BTCUSDT,1h
2026-06-10 13:00:00+00:00,61531.8,62445.0,61406.8,62123.9,18689.305,2026-06-10 13:59:59.999000+00:00,1158551869.2627,468829,10220.505,633610113.0371,0,BTCUSDT,1h
2026-06-10 14:00:00+00:00,62123.9,62230.0,61782.0,62170.8,11613.002,2026-06-10 14:59:59.999000+00:00,719814755.0045,374572,5898.847,365661980.4704,0,BTCUSDT,1h
2026-06-10 15:00:00+00:00,62170.9,62840.2,61814.0,62604.8,18864.285,2026-06-10 15:59:59.999000+00:00,1175979210.1835,489249,10067.098,627718563.1063,0,BTCUSDT,1h
2026-06-10 16:00:00+00:00,62604.7,62617.1,61891.2,62194.5,9692.542,2026-06-10 16:59:59.999000+00:00,603198841.2655,304928,4586.539,285498889.1442,0,BTCUSDT,1h
2026-06-10 17:00:00+00:00,62194.6,62330.3,61616.0,61944.5,11161.95,2026-06-10 17:59:59.999000+00:00,690840898.1555,300185,5337.135,330291919.0329,0,BTCUSDT,1h
2026-06-10 18:00:00+00:00,61944.4,62137.3,61552.0,61856.0,6181.953,2026-06-10 18:59:59.999000+00:00,382272649.3226,208914,3141.445,194312205.5942,0,BTCUSDT,1h
2026-06-10 19:00:00+00:00,61856.0,62038.0,61641.4,61908.7,4545.789,2026-06-10 19:59:59.999000+00:00,281191809.7112,191865,2299.918,142286701.7861,0,BTCUSDT,1h
2026-06-10 20:00:00+00:00,61908.7,61921.2,61644.4,61770.1,3195.626,2026-06-10 20:59:59.999000+00:00,197455915.9839,139726,1573.253,97212068.2867,0,BTCUSDT,1h
2026-06-10 21:00:00+00:00,61770.1,61773.1,61150.1,61327.3,7887.368,2026-06-10 21:59:59.999000+00:00,484559145.592,177157,3168.698,194713705.8526,0,BTCUSDT,1h
2026-06-10 22:00:00+00:00,61327.4,61547.9,61068.6,61353.2,7637.894,2026-06-10 22:59:59.999000+00:00,468021812.4381,227249,4241.562,259929394.5724,0,BTCUSDT,1h
2026-06-10 23:00:00+00:00,61353.1,61582.1,61135.8,61483.7,4642.378,2026-06-10 23:59:59.999000+00:00,284966338.8155,156831,2708.505,166255234.5346,0,BTCUSDT,1h
2026-06-11 00:00:00+00:00,61483.6,61955.8,61483.6,61794.6,6629.261,2026-06-11 00:59:59.999000+00:00,409583124.6326,193414,3464.727,214026917.6494,0,BTCUSDT,1h
2026-06-11 01:00:00+00:00,61794.6,62350.0,61793.5,62180.3,6360.787,2026-06-11 01:59:59.999000+00:00,395171066.6766,184920,3484.812,216484035.7395,0,BTCUSDT,1h
2026-06-11 02:00:00+00:00,62180.4,62278.3,61911.5,62113.5,4726.248,2026-06-11 02:59:59.999000+00:00,293438200.822,144256,2098.468,130293210.0133,0,BTCUSDT,1h
2026-06-11 03:00:00+00:00,62113.5,62922.0,61975.6,62657.5,11223.901,2026-06-11 03:59:59.999000+00:00,701208634.7481,230431,7153.561,447090127.1723,0,BTCUSDT,1h
2026-06-11 04:00:00+00:00,62657.5,62827.0,62512.6,62692.9,6342.014,2026-06-11 04:59:59.999000+00:00,397348302.9164,156960,3145.527,197122710.8953,0,BTCUSDT,1h
2026-06-11 05:00:00+00:00,62692.8,62696.7,62527.5,62581.7,3206.604,2026-06-11 05:59:59.999000+00:00,200755477.8227,100465,1353.523,84741790.5874,0,BTCUSDT,1h
2026-06-11 06:00:00+00:00,62581.7,62993.4,62507.9,62734.2,7813.001,2026-06-11 06:59:59.999000+00:00,490780945.7421,163082,4305.768,270508872.658,0,BTCUSDT,1h
2026-06-11 07:00:00+00:00,62734.1,62812.2,62574.3,62693.3,4667.736,2026-06-11 07:59:59.999000+00:00,292515077.5952,99497,2207.692,138355271.2292,0,BTCUSDT,1h
2026-06-11 08:00:00+00:00,62693.2,63043.1,62691.7,62927.2,6684.514,2026-06-11 08:59:59.999000+00:00,420405833.163,109760,3195.045,200958857.6639,0,BTCUSDT,1h
2026-06-11 09:00:00+00:00,62927.2,62970.7,62753.3,62899.9,4093.748,2026-06-11 09:59:59.999000+00:00,257339612.7118,85759,2108.818,132569590.2249,0,BTCUSDT,1h
2026-06-11 10:00:00+00:00,62900.0,63188.0,62771.0,63120.3,8162.024,2026-06-11 10:59:59.999000+00:00,514492474.9848,133252,5517.566,347920221.546,0,BTCUSDT,1h
2026-06-11 11:00:00+00:00,63120.2,63235.9,63020.6,63078.0,7361.917,2026-06-11 11:59:59.999000+00:00,464834197.4605,138966,4498.884,284103748.2536,0,BTCUSDT,1h
2026-06-11 12:00:00+00:00,63078.0,63173.8,62455.8,62978.3,20933.227,2026-06-11 12:59:59.999000+00:00,1315365346.3802,373231,10405.407,653924925.2957,0,BTCUSDT,1h
2026-06-11 13:00:00+00:00,62978.3,63200.0,62644.7,63046.1,13026.119,2026-06-11 13:59:59.999000+00:00,820092800.86,288260,6574.397,413929723.8885,0,BTCUSDT,1h
2026-06-11 14:00:00+00:00,63046.1,63060.0,62697.0,62699.6,7669.427,2026-06-11 14:59:59.999000+00:00,482157730.9457,255957,3692.075,232112049.3636,0,BTCUSDT,1h
2026-06-11 15:00:00+00:00,62699.6,62856.7,62494.6,62721.1,8504.57,2026-06-11 15:59:59.999000+00:00,532878570.0737,243331,3901.844,244464732.5008,0,BTCUSDT,1h
2026-06-11 16:00:00+00:00,62721.2,62810.0,62502.4,62546.6,4781.27,2026-06-11 16:59:59.999000+00:00,299594557.467,168569,2428.766,152194502.1182,0,BTCUSDT,1h
2026-06-11 17:00:00+00:00,62546.6,63643.0,62315.0,63614.2,28276.294,2026-06-11 17:59:59.999000+00:00,1785305227.6386,552127,16403.888,1036211350.9038,0,BTCUSDT,1h
2026-06-11 18:00:00+00:00,63614.2,63768.7,63283.4,63426.0,9903.762,2026-06-11 18:59:59.999000+00:00,628885673.3115,257451,4882.207,310170691.2414,0,BTCUSDT,1h
2026-06-11 19:00:00+00:00,63426.0,63915.3,63350.4,63567.6,10032.986,2026-06-11 19:59:59.999000+00:00,638516833.6739,228251,5635.861,358676281.1717,0,BTCUSDT,1h
2026-06-11 20:00:00+00:00,63567.7,63633.6,63235.8,63361.9,4935.297,2026-06-11 20:59:59.999000+00:00,312990609.2286,116033,2377.814,150798016.3299,0,BTCUSDT,1h
2026-06-11 21:00:00+00:00,63361.9,63571.5,63359.7,63487.2,2172.23,2026-06-11 21:59:59.999000+00:00,137868141.4782,63165,1135.007,72031204.1233,0,BTCUSDT,1h
2026-06-11 22:00:00+00:00,63487.3,63640.6,63425.0,63467.1,2216.095,2026-06-11 22:59:59.999000+00:00,140808107.1125,79190,1113.093,70730803.7943,0,BTCUSDT,1h
2026-06-11 23:00:00+00:00,63467.1,63712.3,63328.1,63597.9,4271.542,2026-06-11 23:59:59.999000+00:00,271308970.0495,98618,2502.379,158955811.8002,0,BTCUSDT,1h
2026-06-12 00:00:00+00:00,63598.0,63777.0,63489.8,63617.7,4243.194,2026-06-12 00:59:59.999000+00:00,270059309.3602,113735,2341.825,149050460.4403,0,BTCUSDT,1h
2026-06-12 01:00:00+00:00,63617.7,63617.7,63271.6,63402.9,4466.191,2026-06-12 01:59:59.999000+00:00,283150600.2284,123194,2190.263,138861098.4302,0,BTCUSDT,1h
2026-06-12 02:00:00+00:00,63402.9,63758.4,63402.9,63589.3,3408.002,2026-06-12 02:59:59.999000+00:00,216682093.717,96744,1740.167,110637913.511,0,BTCUSDT,1h
2026-06-12 03:00:00+00:00,63589.2,63620.1,63314.7,63490.0,2027.229,2026-06-12 03:59:59.999000+00:00,128644467.1462,75007,1001.404,63541498.3496,0,BTCUSDT,1h
2026-06-12 04:00:00+00:00,63490.1,63843.2,63391.2,63670.4,5901.952,2026-06-12 04:59:59.999000+00:00,375759168.8124,122536,3279.992,208839535.3756,0,BTCUSDT,1h
2026-06-12 05:00:00+00:00,63670.5,63695.4,63265.4,63317.6,6047.081,2026-06-12 05:59:59.999000+00:00,383526844.997,124677,2722.081,172633489.9445,0,BTCUSDT,1h
2026-06-12 06:00:00+00:00,63317.6,63385.9,62800.0,62955.9,8541.968,2026-06-12 06:59:59.999000+00:00,538348971.8865,190159,3742.046,235788504.2759,0,BTCUSDT,1h
2026-06-12 07:00:00+00:00,62956.0,63180.8,62919.9,63066.5,4785.19,2026-06-12 07:59:59.999000+00:00,301631221.524,117587,2871.389,181008037.7148,0,BTCUSDT,1h
2026-06-12 08:00:00+00:00,63066.5,63587.0,63063.9,63440.5,6555.915,2026-06-12 08:59:59.999000+00:00,415432819.0765,143260,3410.286,216065850.0093,0,BTCUSDT,1h
2026-06-12 09:00:00+00:00,63440.5,63929.9,63398.3,63729.5,7939.036,2026-06-12 09:59:59.999000+00:00,505973012.1031,167394,4174.334,266027008.5729,0,BTCUSDT,1h
2026-06-12 10:00:00+00:00,63729.5,63824.0,63541.9,63665.1,4205.305,2026-06-12 10:59:59.999000+00:00,267783683.1027,103400,2086.941,132893181.5528,0,BTCUSDT,1h
2026-06-12 11:00:00+00:00,63665.2,63855.8,63650.0,63729.4,3381.03,2026-06-12 11:59:59.999000+00:00,215605359.5345,99424,1640.658,104625609.6912,0,BTCUSDT,1h
2026-06-12 12:00:00+00:00,63729.4,63745.1,63331.9,63433.7,5597.36,2026-06-12 12:59:59.999000+00:00,355446963.4052,145799,2658.296,168798452.1331,0,BTCUSDT,1h
2026-06-12 13:00:00+00:00,63433.8,63507.9,63020.6,63200.3,9236.386,2026-06-12 13:59:59.999000+00:00,584112156.9441,255839,4644.771,293743332.5638,0,BTCUSDT,1h
2026-06-12 14:00:00+00:00,63200.3,63988.0,63160.4,63971.0,14271.383,2026-06-12 14:59:59.999000+00:00,907833753.5245,377711,7408.532,471302812.762,0,BTCUSDT,1h
2026-06-12 15:00:00+00:00,63971.1,64362.6,63504.2,63557.0,26003.214,2026-06-12 15:59:59.999000+00:00,1665222007.0364,456727,13724.17,879080555.5259,0,BTCUSDT,1h
2026-06-12 16:00:00+00:00,63557.1,63974.8,63477.5,63951.2,8532.953,2026-06-12 16:59:59.999000+00:00,544151624.6942,245098,4704.27,300013591.242,0,BTCUSDT,1h
2026-06-12 17:00:00+00:00,63951.2,64083.3,63708.0,63836.9,4217.505,2026-06-12 17:59:59.999000+00:00,269395730.1289,142854,2126.032,135819060.0211,0,BTCUSDT,1h
2026-06-12 18:00:00+00:00,63836.9,63907.0,63647.9,63661.8,3095.609,2026-06-12 18:59:59.999000+00:00,197390176.3447,122045,1454.23,92731944.9819,0,BTCUSDT,1h
2026-06-12 19:00:00+00:00,63661.8,63790.8,63555.0,63555.1,3164.169,2026-06-12 19:59:59.999000+00:00,201414533.1022,93118,1573.32,100164337.7611,0,BTCUSDT,1h
2026-06-12 20:00:00+00:00,63555.0,63664.4,63352.3,63417.9,4000.142,2026-06-12 20:59:59.999000+00:00,254005569.7031,95833,1855.969,117866384.7513,0,BTCUSDT,1h
2026-06-12 21:00:00+00:00,63418.2,63608.1,63413.0,63450.1,2246.705,2026-06-12 21:59:59.999000+00:00,142667185.8871,58658,1176.24,74690014.5613,0,BTCUSDT,1h
2026-06-12 22:00:00+00:00,63450.0,63633.3,63435.6,63482.8,2214.568,2026-06-12 22:59:59.999000+00:00,140647711.2639,63359,1147.613,72886210.4924,0,BTCUSDT,1h
2026-06-12 23:00:00+00:00,63482.8,63554.7,63394.3,63547.0,1641.695,2026-06-12 23:59:59.999000+00:00,104185528.9918,51961,872.038,55343998.7896,0,BTCUSDT,1h
2026-06-13 00:00:00+00:00,63547.0,63625.2,63480.0,63573.9,1951.164,2026-06-13 00:59:59.999000+00:00,124001300.6772,53806,1021.715,64932991.6555,0,BTCUSDT,1h
2026-06-13 01:00:00+00:00,63573.9,63828.4,63573.9,63801.0,2669.191,2026-06-13 01:59:59.999000+00:00,170018031.253,67363,1570.281,100026899.0192,0,BTCUSDT,1h
2026-06-13 02:00:00+00:00,63801.1,63806.9,63517.8,63612.0,2457.955,2026-06-13 02:59:59.999000+00:00,156496682.7981,58252,857.572,54596949.0017,0,BTCUSDT,1h
2026-06-13 03:00:00+00:00,63612.1,63695.0,63360.0,63494.4,3026.794,2026-06-13 03:59:59.999000+00:00,192233518.2374,62044,1214.695,77144827.3761,0,BTCUSDT,1h
2026-06-13 04:00:00+00:00,63494.4,63619.1,63444.9,63475.2,1293.536,2026-06-13 04:59:59.999000+00:00,82179181.9818,42576,603.791,38363846.7974,0,BTCUSDT,1h
2026-06-13 05:00:00+00:00,63475.2,63564.8,63456.0,63554.9,1208.298,2026-06-13 05:59:59.999000+00:00,76755171.5695,44664,696.533,44246166.3974,0,BTCUSDT,1h
2026-06-13 06:00:00+00:00,63554.9,63720.2,63516.3,63707.2,1642.636,2026-06-13 06:59:59.999000+00:00,104515139.0675,46376,957.399,60913859.8802,0,BTCUSDT,1h
2026-06-13 07:00:00+00:00,63707.2,63879.0,63637.1,63823.9,4873.909,2026-06-13 07:59:59.999000+00:00,310865437.4614,71085,2300.313,146717405.6935,0,BTCUSDT,1h
2026-06-13 08:00:00+00:00,63823.9,63896.5,63729.8,63771.6,3461.243,2026-06-13 08:59:59.999000+00:00,220840142.9017,66638,1564.778,99844094.3663,0,BTCUSDT,1h
2026-06-13 09:00:00+00:00,63771.5,63833.0,63708.2,63709.9,1419.807,2026-06-13 09:59:59.999000+00:00,90540292.0696,40987,600.76,38311691.8824,0,BTCUSDT,1h
2026-06-13 10:00:00+00:00,63709.9,63883.2,63683.1,63812.9,2679.471,2026-06-13 10:59:59.999000+00:00,170938602.3844,52474,1521.229,97049823.2134,0,BTCUSDT,1h
2026-06-13 11:00:00+00:00,63813.0,63949.9,63809.4,63936.1,2414.403,2026-06-13 11:59:59.999000+00:00,154277062.1935,53466,1336.621,85407795.1498,0,BTCUSDT,1h
2026-06-13 12:00:00+00:00,63936.1,64187.7,63882.6,64103.1,4756.321,2026-06-13 12:59:59.999000+00:00,304518167.3736,86664,2654.614,169973823.0115,0,BTCUSDT,1h
2026-06-13 13:00:00+00:00,64103.0,64217.0,64026.6,64071.0,4732.652,2026-06-13 13:59:59.999000+00:00,303476005.3878,87738,2383.846,152878562.4834,0,BTCUSDT,1h
2026-06-13 14:00:00+00:00,64071.0,64208.8,64052.3,64189.7,2178.915,2026-06-13 14:59:59.999000+00:00,139748102.8306,55591,1058.415,67886776.5238,0,BTCUSDT,1h
2026-06-13 15:00:00+00:00,64189.8,64323.0,64147.2,64265.0,4558.288,2026-06-13 15:59:59.999000+00:00,292853057.1994,90196,2507.627,161113111.5719,0,BTCUSDT,1h
2026-06-13 16:00:00+00:00,64265.1,64280.0,63862.9,63996.2,8214.293,2026-06-13 16:59:59.999000+00:00,525922937.5722,141568,3866.785,247595934.2847,0,BTCUSDT,1h
2026-06-13 17:00:00+00:00,63996.1,64090.1,63902.0,63939.7,2988.244,2026-06-13 17:59:59.999000+00:00,191231049.7461,71052,1510.558,96668419.3564,0,BTCUSDT,1h
2026-06-13 18:00:00+00:00,63939.7,64247.8,63939.6,64122.7,3116.164,2026-06-13 18:59:59.999000+00:00,199745579.0383,67487,1602.532,102710357.3531,0,BTCUSDT,1h
2026-06-13 19:00:00+00:00,64122.7,64298.7,64111.1,64264.2,3087.802,2026-06-13 19:59:59.999000+00:00,198255750.0777,54800,1326.197,85155564.5411,0,BTCUSDT,1h
2026-06-13 20:00:00+00:00,64264.2,64264.3,64195.3,64252.4,1079.311,2026-06-13 20:59:59.999000+00:00,69324290.1851,33147,509.828,32747213.7432,0,BTCUSDT,1h
2026-06-13 21:00:00+00:00,64252.4,64738.0,64189.6,64435.2,7334.893,2026-06-13 21:59:59.999000+00:00,473133442.3222,122524,4451.328,287188289.729,0,BTCUSDT,1h
2026-06-13 22:00:00+00:00,64435.2,64529.0,64349.3,64413.4,2850.59,2026-06-13 22:59:59.999000+00:00,183675319.6674,74103,1504.63,96950913.7962,0,BTCUSDT,1h
2026-06-13 23:00:00+00:00,64413.4,64572.0,64350.5,64418.2,2165.507,2026-06-13 23:59:59.999000+00:00,139537066.916,61127,1146.147,73859396.7085,0,BTCUSDT,1h
2026-06-14 00:00:00+00:00,64418.3,64548.6,64338.8,64519.3,2060.185,2026-06-14 00:59:59.999000+00:00,132796030.0756,61822,1093.972,70516031.0066,0,BTCUSDT,1h
2026-06-14 01:00:00+00:00,64519.2,64682.2,64466.4,64534.1,2612.929,2026-06-14 01:59:59.999000+00:00,168758956.8781,77071,1353.605,87427672.4591,0,BTCUSDT,1h
2026-06-14 02:00:00+00:00,64534.0,64606.4,64436.7,64450.0,2045.452,2026-06-14 02:59:59.999000+00:00,131979435.7898,54586,956.965,61749798.1597,0,BTCUSDT,1h
2026-06-14 03:00:00+00:00,64450.1,64518.4,64421.7,64515.0,3269.628,2026-06-14 03:59:59.999000+00:00,210792902.7133,51411,1807.328,116529213.2476,0,BTCUSDT,1h
2026-06-14 04:00:00+00:00,64515.0,64532.8,64281.0,64300.0,2599.296,2026-06-14 04:59:59.999000+00:00,167357946.5297,49009,1034.308,66601016.3041,0,BTCUSDT,1h
2026-06-14 05:00:00+00:00,64300.0,64378.5,64260.0,64318.1,2076.942,2026-06-14 05:59:59.999000+00:00,133585821.6022,48109,1070.474,68856701.4954,0,BTCUSDT,1h
2026-06-14 06:00:00+00:00,64318.1,64450.1,64208.5,64258.0,3360.246,2026-06-14 06:59:59.999000+00:00,216086075.1814,70438,1725.419,110969929.9331,0,BTCUSDT,1h
2026-06-14 07:00:00+00:00,64258.0,64412.7,64186.5,64392.0,2472.615,2026-06-14 07:59:59.999000+00:00,158959779.3186,49989,1230.592,79126382.3368,0,BTCUSDT,1h
2026-06-14 08:00:00+00:00,64392.1,64486.9,64353.2,64423.1,1629.08,2026-06-14 08:59:59.999000+00:00,104967437.7301,43419,827.462,53316003.1511,0,BTCUSDT,1h
2026-06-14 09:00:00+00:00,64423.1,64593.1,64281.1,64584.7,3100.679,2026-06-14 09:59:59.999000+00:00,199865538.384,66619,1538.284,99172470.5726,0,BTCUSDT,1h
2026-06-14 10:00:00+00:00,64584.8,64640.6,64452.8,64485.4,2531.79,2026-06-14 10:59:59.999000+00:00,163412898.0448,52777,1175.922,75899861.9178,0,BTCUSDT,1h
2026-06-14 11:00:00+00:00,64485.5,64614.4,64419.3,64511.7,1865.041,2026-06-14 11:59:59.999000+00:00,120353058.1334,46956,940.259,60680474.045,0,BTCUSDT,1h
2026-06-14 12:00:00+00:00,64511.7,64531.2,64255.9,64296.8,3294.214,2026-06-14 12:59:59.999000+00:00,212045734.7122,64524,1409.296,90701540.4563,0,BTCUSDT,1h
2026-06-14 13:00:00+00:00,64296.7,64369.0,64207.3,64287.5,2943.823,2026-06-14 13:59:59.999000+00:00,189258160.8556,66592,1503.064,96641332.5422,0,BTCUSDT,1h
2026-06-14 14:00:00+00:00,64287.4,64313.1,63830.0,63953.7,8475.881,2026-06-14 14:59:59.999000+00:00,542615826.7099,160479,3539.195,226551089.7684,0,BTCUSDT,1h
2026-06-14 15:00:00+00:00,63953.7,64123.8,63945.8,63995.2,4281.19,2026-06-14 15:59:59.999000+00:00,274162336.5579,88492,2221.71,142285195.0706,0,BTCUSDT,1h
2026-06-14 16:00:00+00:00,63995.2,64183.4,63901.3,63913.8,3323.998,2026-06-14 16:59:59.999000+00:00,212871274.261,81038,1546.883,99084260.7726,0,BTCUSDT,1h
2026-06-14 17:00:00+00:00,63913.8,64000.0,63650.0,63706.1,5470.458,2026-06-14 17:59:59.999000+00:00,349125728.1668,102527,2502.267,159701755.859,0,BTCUSDT,1h
2026-06-14 18:00:00+00:00,63706.2,63791.9,63650.9,63783.9,3170.311,2026-06-14 18:59:59.999000+00:00,202010466.294,67948,1883.198,120003812.1306,0,BTCUSDT,1h
2026-06-14 19:00:00+00:00,63783.9,63830.9,63702.0,63777.3,1358.481,2026-06-14 19:59:59.999000+00:00,86636854.0656,39984,716.92,45723022.1578,0,BTCUSDT,1h
2026-06-14 20:00:00+00:00,63777.4,64070.0,63761.5,63978.1,3073.059,2026-06-14 20:59:59.999000+00:00,196458165.9934,61589,1757.494,112352818.6344,0,BTCUSDT,1h
2026-06-14 21:00:00+00:00,63978.2,65652.0,63973.4,65284.4,27695.963,2026-06-14 21:59:59.999000+00:00,1799089803.5692,448485,16454.995,1068816059.8648,0,BTCUSDT,1h
2026-06-14 22:00:00+00:00,65284.4,65555.0,64918.2,65389.2,14246.288,2026-06-14 22:59:59.999000+00:00,929171859.6894,337479,6942.729,452889522.6383,0,BTCUSDT,1h
2026-06-14 23:00:00+00:00,65389.2,65775.0,65217.0,65702.1,9775.909,2026-06-14 23:59:59.999000+00:00,640994553.8766,229114,5317.632,348749763.0252,0,BTCUSDT,1h
2026-06-15 00:00:00+00:00,65702.1,65880.0,65444.0,65591.4,9044.986,2026-06-15 00:59:59.999000+00:00,593714832.8378,200137,4063.165,266794459.7554,0,BTCUSDT,1h
2026-06-15 01:00:00+00:00,65591.4,65705.6,65314.3,65482.6,5936.809,2026-06-15 01:59:59.999000+00:00,388738313.8676,142877,3190.768,208923916.8599,0,BTCUSDT,1h
2026-06-15 02:00:00+00:00,65482.6,65749.0,65383.6,65429.3,3923.62,2026-06-15 02:59:59.999000+00:00,257208201.9213,108602,1766.676,115821799.4387,0,BTCUSDT,1h
2026-06-15 03:00:00+00:00,65429.3,65996.8,65393.4,65894.7,9255.319,2026-06-15 03:59:59.999000+00:00,608640575.3684,155786,5208.315,342549885.5385,0,BTCUSDT,1h
2026-06-15 04:00:00+00:00,65894.6,65894.7,65601.8,65612.2,3331.818,2026-06-15 04:59:59.999000+00:00,218923744.7482,85438,1487.308,97715837.0095,0,BTCUSDT,1h
2026-06-15 05:00:00+00:00,65612.2,65844.7,65577.8,65828.1,3066.816,2026-06-15 05:59:59.999000+00:00,201566282.6909,78064,1700.723,111782827.9282,0,BTCUSDT,1h
2026-06-15 06:00:00+00:00,65828.0,65933.0,65716.4,65773.0,4071.861,2026-06-15 06:59:59.999000+00:00,268081716.5526,89040,1792.724,118034581.4041,0,BTCUSDT,1h
2026-06-15 07:00:00+00:00,65773.0,65978.1,65580.0,65642.3,5386.6,2026-06-15 07:59:59.999000+00:00,354235926.2223,112161,2719.246,178821303.9417,0,BTCUSDT,1h
2026-06-15 08:00:00+00:00,65642.4,65768.1,65580.3,65619.9,3912.2,2026-06-15 08:59:59.999000+00:00,256856879.2931,78437,1940.49,127401767.3153,0,BTCUSDT,1h
2026-06-15 09:00:00+00:00,65620.0,65740.1,65469.0,65559.9,3326.393,2026-06-15 09:59:59.999000+00:00,218154525.667,77693,1610.592,105637677.659,0,BTCUSDT,1h
2026-06-15 10:00:00+00:00,65559.8,65934.3,65545.2,65884.7,7895.239,2026-06-15 10:59:59.999000+00:00,519249569.5468,103602,5717.715,375998036.1526,0,BTCUSDT,1h
2026-06-15 11:00:00+00:00,65884.7,66346.2,65807.3,66192.0,15452.401,2026-06-15 11:59:59.999000+00:00,1021972017.0716,278494,8320.375,550357569.4923,0,BTCUSDT,1h
2026-06-15 12:00:00+00:00,66192.0,66570.0,66056.4,66528.5,12174.401,2026-06-15 12:59:59.999000+00:00,807585976.355,211212,5738.242,380741020.2786,0,BTCUSDT,1h
2026-06-15 13:00:00+00:00,66528.5,66915.2,66375.1,66410.8,20545.811,2026-06-15 13:59:59.999000+00:00,1369207055.5707,384707,10334.228,688836889.0984,0,BTCUSDT,1h
2026-06-15 14:00:00+00:00,66410.8,66646.8,66265.0,66552.3,8252.837,2026-06-15 14:59:59.999000+00:00,548290563.6888,196211,4295.961,285424846.6352,0,BTCUSDT,1h
2026-06-15 15:00:00+00:00,66552.4,67255.4,66541.5,67248.5,13362.263,2026-06-15 15:59:59.999000+00:00,894836036.6926,250899,7734.958,518090620.4434,0,BTCUSDT,1h
2026-06-15 16:00:00+00:00,67248.5,67254.5,67051.1,67122.3,7578.852,2026-06-15 16:59:59.999000+00:00,508869552.5936,174747,3489.849,234344911.5776,0,BTCUSDT,1h
2026-06-15 17:00:00+00:00,67122.3,67122.4,66635.1,66820.7,8193.907,2026-06-15 17:59:59.999000+00:00,547722910.0709,172358,3610.053,241271226.623,0,BTCUSDT,1h
2026-06-15 18:00:00+00:00,66820.7,66900.0,66678.5,66726.1,3557.451,2026-06-15 18:59:59.999000+00:00,237614562.1589,115284,1925.889,128638601.5731,0,BTCUSDT,1h
2026-06-15 19:00:00+00:00,66726.1,66856.1,66302.4,66579.2,6172.572,2026-06-15 19:59:59.999000+00:00,410957758.8355,166852,2894.709,192741265.0462,0,BTCUSDT,1h
2026-06-15 20:00:00+00:00,66579.1,66658.2,66445.0,66489.6,2244.671,2026-06-15 20:59:59.999000+00:00,149365128.6729,80928,1100.275,73221345.2883,0,BTCUSDT,1h
2026-06-15 21:00:00+00:00,66489.6,66534.8,66284.8,66337.1,2945.274,2026-06-15 21:59:59.999000+00:00,195592255.9575,69725,1306.769,86801418.0658,0,BTCUSDT,1h
2026-06-15 22:00:00+00:00,66337.1,66446.2,66065.1,66170.0,5545.129,2026-06-15 22:59:59.999000+00:00,367190488.9724,149518,2686.898,177931771.5951,0,BTCUSDT,1h
2026-06-15 23:00:00+00:00,66170.0,66335.5,66086.6,66285.9,2775.711,2026-06-15 23:59:59.999000+00:00,183794256.2623,96541,1533.092,101515244.2516,0,BTCUSDT,1h
2026-06-16 00:00:00+00:00,66285.9,66426.9,66197.2,66216.9,3431.519,2026-06-16 00:59:59.999000+00:00,227551069.5536,98946,1672.187,110903117.192,0,BTCUSDT,1h
2026-06-16 01:00:00+00:00,66216.8,66388.8,66206.6,66309.9,2298.901,2026-06-16 01:59:59.999000+00:00,152429537.4466,80207,1237.511,82058245.749,0,BTCUSDT,1h
2026-06-16 02:00:00+00:00,66309.9,66331.8,65655.0,65714.1,9099.747,2026-06-16 02:59:59.999000+00:00,599734097.7735,189441,3582.023,236014488.1308,0,BTCUSDT,1h
2026-06-16 03:00:00+00:00,65714.0,66145.4,65607.1,66125.4,6605.331,2026-06-16 03:59:59.999000+00:00,435458094.5375,139670,3692.556,243430446.5201,0,BTCUSDT,1h
2026-06-16 04:00:00+00:00,66125.4,66252.2,65768.7,65811.1,5555.333,2026-06-16 04:59:59.999000+00:00,366534670.4658,121790,2266.984,149588739.3803,0,BTCUSDT,1h
2026-06-16 05:00:00+00:00,65811.1,66119.9,65811.1,66028.0,3516.107,2026-06-16 05:59:59.999000+00:00,232069876.0528,97618,1994.306,131621318.6604,0,BTCUSDT,1h
2026-06-16 06:00:00+00:00,66028.1,66543.5,66025.1,66406.4,5633.376,2026-06-16 06:59:59.999000+00:00,373696685.7919,123387,3302.203,219035716.1018,0,BTCUSDT,1h
2026-06-16 07:00:00+00:00,66406.3,66497.0,66272.1,66341.7,3952.601,2026-06-16 07:59:59.999000+00:00,262307743.1608,90796,2383.108,158163001.1114,0,BTCUSDT,1h
2026-06-16 08:00:00+00:00,66341.8,66956.7,66310.5,66863.9,9095.48,2026-06-16 08:59:59.999000+00:00,606130945.0114,170537,5223.546,348079894.2653,0,BTCUSDT,1h
2026-06-16 09:00:00+00:00,66863.9,66884.6,66440.1,66478.4,5305.599,2026-06-16 09:59:59.999000+00:00,353670198.0528,130005,2267.19,151132104.0196,0,BTCUSDT,1h
2026-06-16 10:00:00+00:00,66478.5,66755.5,66451.1,66476.1,3834.46,2026-06-16 10:59:59.999000+00:00,255319786.2926,101022,1876.502,124962936.5356,0,BTCUSDT,1h
2026-06-16 11:00:00+00:00,66476.1,66619.3,66325.4,66456.0,3380.096,2026-06-16 11:59:59.999000+00:00,224529945.7977,90920,1586.088,105371131.8926,0,BTCUSDT,1h
2026-06-16 12:00:00+00:00,66456.0,66787.1,66325.2,66390.5,6611.999,2026-06-16 12:59:59.999000+00:00,439909210.4955,182337,3383.962,225174607.1352,0,BTCUSDT,1h
2026-06-16 13:00:00+00:00,66390.5,66435.6,65893.2,66012.7,10953.391,2026-06-16 13:59:59.999000+00:00,724080206.0218,269623,5135.613,339493841.8573,0,BTCUSDT,1h
2026-06-16 14:00:00+00:00,66012.8,66239.3,65328.8,65630.2,15588.828,2026-06-16 14:59:59.999000+00:00,1023946289.0224,365875,7233.133,475098524.1139,0,BTCUSDT,1h
2026-06-16 15:00:00+00:00,65630.2,65981.5,65580.0,65841.8,7659.939,2026-06-16 15:59:59.999000+00:00,504058183.3692,206093,4217.057,277512260.0968,0,BTCUSDT,1h
2026-06-16 16:00:00+00:00,65841.8,65932.3,65675.2,65730.8,3289.048,2026-06-16 16:59:59.999000+00:00,216312909.4767,118143,1530.754,100672539.4233,0,BTCUSDT,1h
2026-06-16 17:00:00+00:00,65730.9,65991.7,65677.1,65946.2,3368.206,2026-06-16 17:59:59.999000+00:00,221747737.8958,109072,1897.553,124944034.9168,0,BTCUSDT,1h
2026-06-16 18:00:00+00:00,65946.2,66246.1,65767.0,65822.4,5488.113,2026-06-16 18:59:59.999000+00:00,362140846.5427,133275,2861.579,188849299.5384,0,BTCUSDT,1h
2026-06-16 19:00:00+00:00,65822.5,65822.5,65529.0,65653.2,4965.888,2026-06-16 19:59:59.999000+00:00,325957239.2777,131500,2235.786,146759045.5805,0,BTCUSDT,1h
2026-06-16 20:00:00+00:00,65653.2,65832.7,65561.3,65824.0,2517.971,2026-06-16 20:59:59.999000+00:00,165475937.7269,67770,1295.13,85125928.6955,0,BTCUSDT,1h
2026-06-16 21:00:00+00:00,65824.0,65908.4,65609.8,65741.2,2613.731,2026-06-16 21:59:59.999000+00:00,171863035.9539,56624,1224.211,80498078.7935,0,BTCUSDT,1h
2026-06-16 22:00:00+00:00,65741.3,65855.0,65644.6,65745.2,2574.361,2026-06-16 22:59:59.999000+00:00,169235260.6201,56732,1522.855,100115316.5068,0,BTCUSDT,1h
2026-06-16 23:00:00+00:00,65745.2,65805.0,65580.1,65644.8,1766.401,2026-06-16 23:59:59.999000+00:00,116006935.0768,55449,836.209,54915381.7895,0,BTCUSDT,1h
2026-06-17 00:00:00+00:00,65644.8,65821.0,65644.8,65679.4,2124.11,2026-06-17 00:59:59.999000+00:00,139623193.5396,68997,1075.763,70712551.6262,0,BTCUSDT,1h
2026-06-17 01:00:00+00:00,65679.4,65925.1,65427.9,65901.1,4784.4,2026-06-17 01:59:59.999000+00:00,314064578.1063,127568,2315.803,152069257.3367,0,BTCUSDT,1h
2026-06-17 02:00:00+00:00,65901.1,66092.5,65743.0,65872.7,3487.582,2026-06-17 02:59:59.999000+00:00,229890421.4229,110515,1813.693,119568035.7879,0,BTCUSDT,1h
2026-06-17 03:00:00+00:00,65872.6,65872.7,65671.8,65818.6,1896.242,2026-06-17 03:59:59.999000+00:00,124709231.7379,68587,832.133,54727211.2314,0,BTCUSDT,1h
2026-06-17 04:00:00+00:00,65818.6,66019.0,65744.2,65852.5,1896.801,2026-06-17 04:59:59.999000+00:00,124974868.8349,59974,1066.014,70242914.5523,0,BTCUSDT,1h
2026-06-17 05:00:00+00:00,65852.5,65948.5,65702.9,65796.1,2152.245,2026-06-17 05:59:59.999000+00:00,141616229.7494,65090,1033.793,68026980.2574,0,BTCUSDT,1h
2026-06-17 06:00:00+00:00,65796.1,65869.8,65535.0,65589.4,3412.922,2026-06-17 06:59:59.999000+00:00,224088812.794,78983,1466.696,96304254.9533,0,BTCUSDT,1h
2026-06-17 07:00:00+00:00,65589.4,65680.3,65200.0,65504.0,9271.031,2026-06-17 07:59:59.999000+00:00,606732567.0812,157144,4106.461,268811044.6546,0,BTCUSDT,1h
2026-06-17 08:00:00+00:00,65503.9,65549.8,64800.0,64889.8,13620.919,2026-06-17 08:59:59.999000+00:00,886119540.5773,231312,6115.604,397753538.3709,0,BTCUSDT,1h
2026-06-17 09:00:00+00:00,64889.9,65045.0,64800.4,64880.1,6116.04,2026-06-17 09:59:59.999000+00:00,397161003.856,126225,3504.274,227574327.711,0,BTCUSDT,1h
2026-06-17 10:00:00+00:00,64880.0,64964.2,64733.5,64770.4,3937.974,2026-06-17 10:59:59.999000+00:00,255330744.2832,106883,1776.215,115175662.8241,0,BTCUSDT,1h
2026-06-17 11:00:00+00:00,64770.4,64834.9,64525.0,64774.5,8169.245,2026-06-17 11:59:59.999000+00:00,528351103.1544,172054,4043.189,261536154.5996,0,BTCUSDT,1h
2026-06-17 12:00:00+00:00,64774.6,65080.3,64550.7,65005.3,7979.636,2026-06-17 12:59:59.999000+00:00,517319431.9739,164630,4234.535,274581458.854,0,BTCUSDT,1h
2026-06-17 13:00:00+00:00,65005.2,65333.0,64804.1,65232.9,9997.319,2026-06-17 13:59:59.999000+00:00,650675934.2155,208928,5842.883,380246998.7535,0,BTCUSDT,1h
2026-06-17 14:00:00+00:00,65232.6,65434.1,64722.6,65072.4,10063.625,2026-06-17 14:59:59.999000+00:00,655204577.1142,274342,4706.41,306487999.3246,0,BTCUSDT,1h
2026-06-17 15:00:00+00:00,65072.4,65834.1,64943.5,65712.7,9718.331,2026-06-17 15:59:59.999000+00:00,636086462.0292,253018,5345.145,349918989.8334,0,BTCUSDT,1h
2026-06-17 16:00:00+00:00,65712.7,66419.2,65676.8,65829.7,14049.492,2026-06-17 16:59:59.999000+00:00,927553371.527,301045,7192.929,474944248.6318,0,BTCUSDT,1h
2026-06-17 17:00:00+00:00,65829.6,66160.0,65755.0,66073.1,5298.208,2026-06-17 17:59:59.999000+00:00,349302363.5617,153686,2847.926,187786021.4561,0,BTCUSDT,1h
2026-06-17 18:00:00+00:00,66073.1,66085.3,64746.6,65481.3,32342.617,2026-06-17 18:59:59.999000+00:00,2116970308.5822,714050,15057.934,985685466.2556,0,BTCUSDT,1h
2026-06-17 19:00:00+00:00,65481.2,65632.0,64015.0,64271.3,27562.287,2026-06-17 19:59:59.999000+00:00,1779635717.2386,649003,13134.642,848100966.8625,0,BTCUSDT,1h
2026-06-17 20:00:00+00:00,64271.4,64460.8,64137.1,64405.9,7023.72,2026-06-17 20:59:59.999000+00:00,451673392.5314,190289,3817.811,245548523.7098,0,BTCUSDT,1h
2026-06-17 21:00:00+00:00,64405.9,64427.0,64104.0,64229.4,4138.35,2026-06-17 21:59:59.999000+00:00,265980541.417,97742,2171.458,139578614.262,0,BTCUSDT,1h
2026-06-17 22:00:00+00:00,64229.4,64415.7,63881.2,64265.3,7515.198,2026-06-17 22:59:59.999000+00:00,482093996.5811,160236,3565.092,228810492.2373,0,BTCUSDT,1h
2026-06-17 23:00:00+00:00,64265.3,64495.3,64216.6,64472.9,2928.005,2026-06-17 23:59:59.999000+00:00,188557325.7808,90837,1755.45,113054957.3676,0,BTCUSDT,1h
2026-06-18 00:00:00+00:00,64472.9,64676.5,64422.4,64432.8,3367.814,2026-06-18 00:59:59.999000+00:00,217430634.4525,107334,1718.9,110986382.4296,0,BTCUSDT,1h
2026-06-18 01:00:00+00:00,64432.8,64780.0,64429.1,64520.9,3711.292,2026-06-18 01:59:59.999000+00:00,239874398.561,107092,1879.155,121465552.8958,0,BTCUSDT,1h
2026-06-18 02:00:00+00:00,64520.9,64750.0,64453.2,64652.3,2543.649,2026-06-18 02:59:59.999000+00:00,164382151.1444,82549,1354.903,87559078.5065,0,BTCUSDT,1h
2026-06-18 03:00:00+00:00,64652.3,64652.3,64228.9,64255.0,5092.146,2026-06-18 03:59:59.999000+00:00,327733747.5829,105771,2192.066,141062269.9112,0,BTCUSDT,1h
2026-06-18 04:00:00+00:00,64255.0,64323.4,63785.0,63850.1,9767.176,2026-06-18 04:59:59.999000+00:00,624737959.0388,214764,4335.848,277331047.208,0,BTCUSDT,1h
2026-06-18 05:00:00+00:00,63850.1,64000.0,63660.1,63961.8,5961.032,2026-06-18 05:59:59.999000+00:00,380539454.7675,158052,2969.047,189591190.1781,0,BTCUSDT,1h
2026-06-18 06:00:00+00:00,63961.9,64097.7,63811.3,64054.9,4272.735,2026-06-18 06:59:59.999000+00:00,273430504.7626,102840,2354.532,150699646.1833,0,BTCUSDT,1h
2026-06-18 07:00:00+00:00,64054.9,64491.1,63985.3,64470.3,6502.533,2026-06-18 07:59:59.999000+00:00,417953076.3104,122167,3631.798,233446929.8113,0,BTCUSDT,1h
2026-06-18 08:00:00+00:00,64470.4,64631.5,64349.2,64370.0,5742.264,2026-06-18 08:59:59.999000+00:00,370326420.3116,122240,2723.239,175658145.2759,0,BTCUSDT,1h
2026-06-18 09:00:00+00:00,64370.0,64450.0,64162.5,64172.6,3905.742,2026-06-18 09:59:59.999000+00:00,251101261.8079,91643,1644.932,105763216.2888,0,BTCUSDT,1h
2026-06-18 10:00:00+00:00,64172.7,64198.0,63880.2,64050.0,6808.319,2026-06-18 10:59:59.999000+00:00,435874138.1476,125406,2944.339,188509726.8003,0,BTCUSDT,1h
2026-06-18 11:00:00+00:00,64050.1,64175.9,63855.0,63940.1,4133.313,2026-06-18 11:59:59.999000+00:00,264421834.087,107628,2098.273,134232521.7997,0,BTCUSDT,1h
2026-06-18 12:00:00+00:00,63940.1,64377.8,63892.8,64345.9,5211.011,2026-06-18 12:59:59.999000+00:00,334338560.5968,133140,3110.021,199565781.7005,0,BTCUSDT,1h
2026-06-18 13:00:00+00:00,64345.8,64423.4,63753.0,63952.3,12076.44,2026-06-18 13:59:59.999000+00:00,773856776.3139,252556,5579.325,357714989.3452,0,BTCUSDT,1h
2026-06-18 14:00:00+00:00,63952.4,64181.7,63565.0,63784.1,13161.056,2026-06-18 14:59:59.999000+00:00,839830760.3168,335891,6624.25,422790632.4748,0,BTCUSDT,1h
2026-06-18 15:00:00+00:00,63784.2,63796.6,62232.1,62337.8,40637.073,2026-06-18 15:59:59.999000+00:00,2559774536.4884,651587,18977.299,1195284161.9024,0,BTCUSDT,1h
2026-06-18 16:00:00+00:00,62337.8,62789.0,62308.6,62664.2,14208.574,2026-06-18 16:59:59.999000+00:00,889492611.7619,284956,7499.863,469502237.1328,0,BTCUSDT,1h
2026-06-18 17:00:00+00:00,62664.2,62730.0,62241.0,62579.1,11740.083,2026-06-18 17:59:59.999000+00:00,733891002.1283,225918,6352.851,397188736.3973,0,BTCUSDT,1h
2026-06-18 18:00:00+00:00,62579.2,62932.7,62552.8,62683.5,9150.288,2026-06-18 18:59:59.999000+00:00,574100581.8812,195498,4503.511,282594948.7159,0,BTCUSDT,1h
2026-06-18 19:00:00+00:00,62683.5,62985.0,62608.0,62925.4,4674.584,2026-06-18 19:59:59.999000+00:00,293751812.3117,125162,2724.405,171201679.6562,0,BTCUSDT,1h
2026-06-18 20:00:00+00:00,62925.3,63266.8,62925.3,63063.1,6155.035,2026-06-18 20:59:59.999000+00:00,388405249.9089,132847,3102.937,195802352.3177,0,BTCUSDT,1h
2026-06-18 21:00:00+00:00,63063.1,63098.7,62831.8,62936.0,3244.761,2026-06-18 21:59:59.999000+00:00,204238080.7082,73231,1357.683,85453441.5424,0,BTCUSDT,1h
2026-06-18 22:00:00+00:00,62936.0,62962.1,62710.5,62853.0,3104.191,2026-06-18 22:59:59.999000+00:00,195009394.4449,72582,1417.715,89054784.4412,0,BTCUSDT,1h
2026-06-18 23:00:00+00:00,62852.9,62959.9,62717.0,62924.1,2527.605,2026-06-18 23:59:59.999000+00:00,158850466.9503,74947,1295.169,81406135.8318,0,BTCUSDT,1h
2026-06-19 00:00:00+00:00,62924.0,63066.7,62812.7,62991.7,2446.187,2026-06-19 00:59:59.999000+00:00,153981969.9695,82337,1455.779,91645558.3278,0,BTCUSDT,1h
2026-06-19 01:00:00+00:00,62991.7,63073.0,62814.3,62994.5,2562.735,2026-06-19 01:59:59.999000+00:00,161302168.5023,78670,1230.158,77435868.1304,0,BTCUSDT,1h
2026-06-19 02:00:00+00:00,62994.5,63088.0,62858.2,62974.2,2107.975,2026-06-19 02:59:59.999000+00:00,132736043.5038,65892,1027.943,64733520.0872,0,BTCUSDT,1h
2026-06-19 03:00:00+00:00,62974.2,63004.8,62237.2,62745.1,11677.236,2026-06-19 03:59:59.999000+00:00,730802295.657,192701,5048.7,315990093.3369,0,BTCUSDT,1h
2026-06-19 04:00:00+00:00,62745.1,62888.8,62375.7,62421.7,5551.656,2026-06-19 04:59:59.999000+00:00,347546088.7128,135323,2681.595,167879995.8421,0,BTCUSDT,1h
2026-06-19 05:00:00+00:00,62421.8,62715.0,62417.4,62707.0,3774.762,2026-06-19 05:59:59.999000+00:00,236320911.1167,94790,1965.874,123066745.9475,0,BTCUSDT,1h
2026-06-19 06:00:00+00:00,62707.1,62888.7,62691.0,62865.1,2658.473,2026-06-19 06:59:59.999000+00:00,166924032.2501,76367,1421.682,89271144.8888,0,BTCUSDT,1h
2026-06-19 07:00:00+00:00,62865.0,62896.8,62465.6,62592.4,5319.797,2026-06-19 07:59:59.999000+00:00,333072851.8227,107769,2617.273,163841324.2008,0,BTCUSDT,1h
2026-06-19 08:00:00+00:00,62592.4,62758.1,62504.7,62575.7,3585.07,2026-06-19 08:59:59.999000+00:00,224501495.2444,89421,1630.265,102092400.8457,0,BTCUSDT,1h
2026-06-19 09:00:00+00:00,62575.7,62623.2,62272.4,62353.0,6117.203,2026-06-19 09:59:59.999000+00:00,381634075.2728,137826,2826.376,176326787.3817,0,BTCUSDT,1h
2026-06-19 10:00:00+00:00,62352.9,62570.1,62347.8,62506.2,3659.625,2026-06-19 10:59:59.999000+00:00,228561342.5536,100904,2151.633,134383853.4363,0,BTCUSDT,1h
2026-06-19 11:00:00+00:00,62506.3,62664.3,62419.5,62600.0,3035.836,2026-06-19 11:59:59.999000+00:00,189945226.0185,85581,1642.792,102784800.4894,0,BTCUSDT,1h
2026-06-19 12:00:00+00:00,62600.0,62844.8,62315.2,62799.4,6739.352,2026-06-19 12:59:59.999000+00:00,421880813.9339,168296,3690.007,231017138.7189,0,BTCUSDT,1h
2026-06-19 13:00:00+00:00,62799.4,63410.3,62629.5,63174.2,13878.128,2026-06-19 13:59:59.999000+00:00,874679287.2135,271187,8056.831,507889642.3621,0,BTCUSDT,1h
2026-06-19 14:00:00+00:00,63174.1,63398.3,62972.8,63174.8,7794.914,2026-06-19 14:59:59.999000+00:00,492517238.2013,188165,3875.74,244924562.8521,0,BTCUSDT,1h
2026-06-19 15:00:00+00:00,63174.8,63266.3,62992.0,63193.0,4428.801,2026-06-19 15:59:59.999000+00:00,279601868.2347,138747,2204.447,139195131.5516,0,BTCUSDT,1h
2026-06-19 16:00:00+00:00,63193.1,63376.6,62897.8,62943.7,6372.556,2026-06-19 16:59:59.999000+00:00,402643151.0973,158651,3127.918,197701816.9769,0,BTCUSDT,1h
2026-06-19 17:00:00+00:00,62943.7,63213.0,62836.6,63166.7,4859.398,2026-06-19 17:59:59.999000+00:00,306217496.6786,142091,2528.681,159388930.8865,0,BTCUSDT,1h
2026-06-19 18:00:00+00:00,63166.6,63175.3,62958.0,63079.3,2166.381,2026-06-19 18:59:59.999000+00:00,136638381.3899,72793,951.18,59992681.6966,0,BTCUSDT,1h
2026-06-19 19:00:00+00:00,63079.2,63117.0,62907.4,63001.9,1719.554,2026-06-19 19:59:59.999000+00:00,108336022.1539,63559,890.744,56119636.7254,0,BTCUSDT,1h
2026-06-19 20:00:00+00:00,63001.8,63245.9,62926.2,63217.4,1587.361,2026-06-19 20:59:59.999000+00:00,100147249.5018,63360,923.663,58281767.1286,0,BTCUSDT,1h
2026-06-19 21:00:00+00:00,63217.3,63253.6,63024.1,63048.0,1954.973,2026-06-19 21:59:59.999000+00:00,123443316.9245,53651,982.408,62031471.2715,0,BTCUSDT,1h
2026-06-19 22:00:00+00:00,63048.0,63345.1,63015.1,63287.8,3005.024,2026-06-19 22:59:59.999000+00:00,189981493.7634,59813,1842.653,116489289.3338,0,BTCUSDT,1h
2026-06-19 23:00:00+00:00,63287.8,63645.0,63250.0,63512.6,5223.884,2026-06-19 23:59:59.999000+00:00,331511910.1341,93738,3484.383,221164731.6195,0,BTCUSDT,1h
2026-06-20 00:00:00+00:00,63512.5,63757.2,63435.0,63496.8,5620.834,2026-06-20 00:59:59.999000+00:00,357331265.0091,130643,3043.291,193496251.0328,0,BTCUSDT,1h
2026-06-20 01:00:00+00:00,63496.8,63594.2,63368.5,63550.9,2644.972,2026-06-20 01:59:59.999000+00:00,167923409.3224,76653,1276.425,81031119.5658,0,BTCUSDT,1h
2026-06-20 02:00:00+00:00,63551.0,63551.0,63301.8,63305.7,2722.798,2026-06-20 02:59:59.999000+00:00,172590397.0913,72025,1046.239,66316105.7092,0,BTCUSDT,1h
2026-06-20 03:00:00+00:00,63305.8,63487.2,63283.5,63440.5,1781.829,2026-06-20 03:59:59.999000+00:00,112939483.929,50886,918.119,58193745.3289,0,BTCUSDT,1h
2026-06-20 04:00:00+00:00,63440.5,63590.0,63367.6,63553.9,2036.026,2026-06-20 04:59:59.999000+00:00,129305627.8006,55954,1036.086,65802528.8622,0,BTCUSDT,1h
2026-06-20 05:00:00+00:00,63553.9,63894.0,63509.1,63645.5,6526.429,2026-06-20 05:59:59.999000+00:00,415807878.5311,131169,3966.785,252743435.0701,0,BTCUSDT,1h
2026-06-20 06:00:00+00:00,63645.4,63730.0,63608.6,63710.0,1912.419,2026-06-20 06:59:59.999000+00:00,121779598.1362,49408,1020.812,65004292.0273,0,BTCUSDT,1h
2026-06-20 07:00:00+00:00,63710.1,63774.2,63558.4,63625.0,3533.917,2026-06-20 07:59:59.999000+00:00,225051157.6893,63712,1566.431,99768555.8253,0,BTCUSDT,1h
2026-06-20 08:00:00+00:00,63625.0,63630.0,63360.0,63390.8,4745.106,2026-06-20 08:59:59.999000+00:00,301205834.7721,82366,1872.139,118844546.0318,0,BTCUSDT,1h
2026-06-20 09:00:00+00:00,63390.8,63760.8,63390.3,63700.8,3687.354,2026-06-20 09:59:59.999000+00:00,234394265.1662,71647,1978.404,125751881.9646,0,BTCUSDT,1h
2026-06-20 10:00:00+00:00,63700.8,63747.7,63559.8,63649.7,2170.014,2026-06-20 10:59:59.999000+00:00,138119882.5951,51014,1046.525,66615116.9495,0,BTCUSDT,1h
2026-06-20 11:00:00+00:00,63649.6,63770.0,63586.8,63651.3,1580.907,2026-06-20 11:59:59.999000+00:00,100662437.3103,43768,863.388,54977585.4571,0,BTCUSDT,1h
2026-06-20 12:00:00+00:00,63651.4,63756.0,63497.3,63627.8,3118.595,2026-06-20 12:59:59.999000+00:00,198465084.625,65714,1451.769,92389245.6808,0,BTCUSDT,1h
2026-06-20 13:00:00+00:00,63627.7,63627.8,63242.0,63368.0,6104.423,2026-06-20 13:59:59.999000+00:00,386933312.6422,116674,2641.617,167412730.904,0,BTCUSDT,1h
2026-06-20 14:00:00+00:00,63368.0,64150.0,63136.2,63929.5,15156.582,2026-06-20 14:59:59.999000+00:00,965218641.1133,265029,8445.589,538104172.7883,0,BTCUSDT,1h
2026-06-20 15:00:00+00:00,63929.4,64370.9,63810.0,64139.5,11736.081,2026-06-20 15:59:59.999000+00:00,752394065.4803,234682,6289.752,403258060.9351,0,BTCUSDT,1h
2026-06-20 16:00:00+00:00,64139.4,64150.0,63875.0,63999.9,4431.632,2026-06-20 16:59:59.999000+00:00,283581179.0503,116941,2429.545,155465830.7615,0,BTCUSDT,1h
2026-06-20 17:00:00+00:00,63999.9,64015.0,63661.9,63810.7,5116.225,2026-06-20 17:59:59.999000+00:00,326626556.2009,130949,1968.035,125660332.6615,0,BTCUSDT,1h
2026-06-20 18:00:00+00:00,63810.8,63899.0,63750.3,63776.4,1651.649,2026-06-20 18:59:59.999000+00:00,105397159.8749,51736,842.719,53776486.8315,0,BTCUSDT,1h
2026-06-20 19:00:00+00:00,63776.3,63940.3,63764.2,63905.5,1802.738,2026-06-20 19:59:59.999000+00:00,115139190.2441,52754,1002.741,64045596.2709,0,BTCUSDT,1h
2026-06-20 20:00:00+00:00,63905.5,63945.0,63820.0,63899.4,958.033,2026-06-20 20:59:59.999000+00:00,61213457.5862,35817,464.538,29681729.0079,0,BTCUSDT,1h
2026-06-20 21:00:00+00:00,63899.4,64066.6,63886.6,63983.0,1679.864,2026-06-20 21:59:59.999000+00:00,107447746.3154,48874,977.076,62499975.5971,0,BTCUSDT,1h
2026-06-20 22:00:00+00:00,63983.0,64326.0,63943.6,64245.9,3225.948,2026-06-20 22:59:59.999000+00:00,207081792.5748,95446,1934.694,124188412.4587,0,BTCUSDT,1h
2026-06-20 23:00:00+00:00,64245.9,64317.6,64219.7,64270.0,1732.321,2026-06-20 23:59:59.999000+00:00,111316876.6972,53439,830.479,53367693.2641,0,BTCUSDT,1h
2026-06-21 00:00:00+00:00,64270.1,64303.0,64217.6,64264.3,2410.512,2026-06-21 00:59:59.999000+00:00,154849845.5274,45719,907.301,58292476.6675,0,BTCUSDT,1h
2026-06-21 01:00:00+00:00,64264.3,64297.0,64199.0,64221.3,2876.502,2026-06-21 01:59:59.999000+00:00,184742512.8166,47505,881.29,56608386.051,0,BTCUSDT,1h
2026-06-21 02:00:00+00:00,64221.3,64251.2,64199.0,64219.5,1446.395,2026-06-21 02:59:59.999000+00:00,92875774.0479,29684,572.212,36744405.8541,0,BTCUSDT,1h
2026-06-21 03:00:00+00:00,64219.5,64450.0,64207.0,64398.8,3632.131,2026-06-21 03:59:59.999000+00:00,233796765.0318,77959,2196.488,141394754.1284,0,BTCUSDT,1h
2026-06-21 04:00:00+00:00,64398.8,64568.0,64223.3,64252.7,4422.656,2026-06-21 04:59:59.999000+00:00,284936397.6328,92344,2167.299,139658502.196,0,BTCUSDT,1h
2026-06-21 05:00:00+00:00,64252.6,64339.7,64199.0,64226.5,2673.68,2026-06-21 05:59:59.999000+00:00,171760488.5382,52062,1281.017,82300672.2358,0,BTCUSDT,1h
2026-06-21 06:00:00+00:00,64226.6,64300.0,64168.7,64270.0,1874.008,2026-06-21 06:59:59.999000+00:00,120354834.3953,39069,840.738,54000423.8499,0,BTCUSDT,1h
2026-06-21 07:00:00+00:00,64269.9,64270.0,64143.2,64170.1,3195.625,2026-06-21 07:59:59.999000+00:00,205105422.8473,43184,1109.78,71237798.9518,0,BTCUSDT,1h
2026-06-21 08:00:00+00:00,64170.0,64204.8,63871.3,63987.9,5172.436,2026-06-21 08:59:59.999000+00:00,331159254.9897,81421,1996.889,127794345.2733,0,BTCUSDT,1h
2026-06-21 09:00:00+00:00,63987.9,64224.5,63928.4,64189.8,3868.644,2026-06-21 09:59:59.999000+00:00,247873439.2129,81576,2486.121,159302553.6837,0,BTCUSDT,1h
2026-06-21 10:00:00+00:00,64189.8,64384.0,64175.5,64338.9,4012.6,2026-06-21 10:59:59.999000+00:00,257968016.4798,75817,2329.105,149729998.2565,0,BTCUSDT,1h
2026-06-21 11:00:00+00:00,64339.0,64453.3,64077.3,64149.9,4721.509,2026-06-21 11:59:59.999000+00:00,303388892.3712,115633,2199.617,141360434.5103,0,BTCUSDT,1h
2026-06-21 12:00:00+00:00,64149.8,64208.7,63916.0,64161.1,4648.175,2026-06-21 12:59:59.999000+00:00,297697416.6229,107144,2407.276,154190599.3313,0,BTCUSDT,1h
2026-06-21 13:00:00+00:00,64161.1,64161.1,63981.2,64123.2,2524.614,2026-06-21 13:59:59.999000+00:00,161772506.3035,59204,1209.866,77528341.318,0,BTCUSDT,1h
2026-06-21 14:00:00+00:00,64123.2,64128.3,63969.7,64120.0,1789.791,2026-06-21 14:59:59.999000+00:00,114632169.1132,52439,922.487,59087454.3072,0,BTCUSDT,1h
2026-06-21 15:00:00+00:00,64120.0,64337.3,64081.5,64200.3,2931.074,2026-06-21 15:59:59.999000+00:00,188241189.5947,77997,1767.921,113544838.3406,0,BTCUSDT,1h
2026-06-21 16:00:00+00:00,64200.2,64231.6,64013.0,64122.3,2597.496,2026-06-21 16:59:59.999000+00:00,166559683.3661,70667,1126.024,72197521.6017,0,BTCUSDT,1h
2026-06-21 17:00:00+00:00,64122.2,64197.1,64046.4,64114.6,1339.794,2026-06-21 17:59:59.999000+00:00,85907331.4832,42022,678.478,43504470.9212,0,BTCUSDT,1h
2026-06-21 18:00:00+00:00,64114.6,64221.0,63907.4,64180.0,2519.631,2026-06-21 18:59:59.999000+00:00,161413180.9969,75264,1353.233,86706971.4854,0,BTCUSDT,1h
2026-06-21 19:00:00+00:00,64180.1,64284.9,64135.1,64173.6,1206.193,2026-06-21 19:59:59.999000+00:00,77433777.4896,40174,673.418,43233482.6921,0,BTCUSDT,1h
2026-06-21 20:00:00+00:00,64173.7,64243.4,63641.3,63824.8,4784.615,2026-06-21 20:59:59.999000+00:00,305538944.0687,101791,2165.113,138249788.6112,0,BTCUSDT,1h
2026-06-21 21:00:00+00:00,63824.8,63950.0,63475.3,63778.2,7220.217,2026-06-21 21:59:59.999000+00:00,459748734.9927,161162,3716.427,236683012.8382,0,BTCUSDT,1h
2026-06-21 22:00:00+00:00,63778.1,63840.0,63543.0,63775.3,5017.033,2026-06-21 22:59:59.999000+00:00,319428121.9503,140804,2876.678,183134410.702,0,BTCUSDT,1h
2026-06-21 23:00:00+00:00,63775.3,63775.3,63220.0,63287.1,8096.745,2026-06-21 23:59:59.999000+00:00,513627526.6681,192953,3500.261,221983444.7431,0,BTCUSDT,1h
2026-06-22 00:00:00+00:00,63287.2,64076.0,63286.2,63867.2,8324.368,2026-06-22 00:59:59.999000+00:00,530304903.7307,214008,4503.159,286875423.622,0,BTCUSDT,1h
2026-06-22 01:00:00+00:00,63867.3,64788.0,63818.0,64574.5,16112.153,2026-06-22 01:59:59.999000+00:00,1038071455.1989,339614,9033.214,581982391.651,0,BTCUSDT,1h
2026-06-22 02:00:00+00:00,64574.5,64643.7,64213.8,64226.5,4686.405,2026-06-22 02:59:59.999000+00:00,301983227.9292,143035,2213.576,142666127.4226,0,BTCUSDT,1h
2026-06-22 03:00:00+00:00,64226.5,64434.6,63857.1,63935.1,8838.637,2026-06-22 03:59:59.999000+00:00,566657445.7815,204673,4033.038,258539383.7556,0,BTCUSDT,1h
2026-06-22 04:00:00+00:00,63935.1,64085.4,63833.4,64063.6,3987.486,2026-06-22 04:59:59.999000+00:00,255012233.4312,106721,1960.681,125406120.0298,0,BTCUSDT,1h
2026-06-22 05:00:00+00:00,64063.5,64311.8,64050.6,64219.5,3574.11,2026-06-22 05:59:59.999000+00:00,229450156.6646,93355,1781.303,114346360.4701,0,BTCUSDT,1h
2026-06-22 06:00:00+00:00,64219.5,64299.0,63912.8,63960.7,2873.557,2026-06-22 06:59:59.999000+00:00,184113259.4032,83434,1328.823,85140434.5525,0,BTCUSDT,1h
2026-06-22 07:00:00+00:00,63960.6,64384.3,63931.0,64187.9,4308.349,2026-06-22 07:59:59.999000+00:00,276642869.6665,99733,2299.277,147631748.687,0,BTCUSDT,1h
2026-06-22 08:00:00+00:00,64188.0,64332.4,64014.9,64133.8,3083.064,2026-06-22 08:59:59.999000+00:00,197826706.1538,98672,1647.274,105682319.1207,0,BTCUSDT,1h
2026-06-22 09:00:00+00:00,64133.9,64232.5,64019.0,64114.8,1760.141,2026-06-22 09:59:59.999000+00:00,112838248.1015,66604,850.041,54491351.0758,0,BTCUSDT,1h
2026-06-22 10:00:00+00:00,64114.7,64250.0,64044.1,64109.8,1568.598,2026-06-22 10:59:59.999000+00:00,100620771.6542,50558,739.526,47435586.6706,0,BTCUSDT,1h
2026-06-22 11:00:00+00:00,64109.9,64750.0,64064.5,64624.3,9530.798,2026-06-22 11:59:59.999000+00:00,614592859.1048,214505,4880.75,314734657.7817,0,BTCUSDT,1h
2026-06-22 12:00:00+00:00,64624.2,65199.0,64545.7,65120.1,14700.714,2026-06-22 12:59:59.999000+00:00,954207030.1418,279145,8479.359,550392929.1044,0,BTCUSDT,1h
2026-06-22 13:00:00+00:00,65120.0,65565.7,64915.6,65548.0,15228.832,2026-06-22 13:59:59.999000+00:00,993940360.8922,323294,8374.742,546793301.235,0,BTCUSDT,1h
2026-06-22 14:00:00+00:00,65547.9,65597.2,64802.3,64943.0,14941.027,2026-06-22 14:59:59.999000+00:00,972430911.9677,304155,7276.858,473468124.6997,0,BTCUSDT,1h
2026-06-22 15:00:00+00:00,64943.1,65117.2,64722.2,64808.0,6535.352,2026-06-22 15:59:59.999000+00:00,424387784.651,199629,3031.406,196886152.2946,0,BTCUSDT,1h
2026-06-22 16:00:00+00:00,64808.0,64835.6,64481.0,64695.7,8721.001,2026-06-22 16:59:59.999000+00:00,563871214.7117,199444,4266.348,275877273.1245,0,BTCUSDT,1h
2026-06-22 17:00:00+00:00,64695.8,64746.4,64355.0,64580.6,5298.329,2026-06-22 17:59:59.999000+00:00,341765674.8768,134356,2424.195,156394950.5143,0,BTCUSDT,1h
2026-06-22 18:00:00+00:00,64580.6,64708.0,64249.6,64312.9,5474.731,2026-06-22 18:59:59.999000+00:00,352987692.2835,123077,2580.313,166381956.6901,0,BTCUSDT,1h
2026-06-22 19:00:00+00:00,64312.9,64475.8,64240.0,64447.9,4662.824,2026-06-22 19:59:59.999000+00:00,300062106.7743,129320,2473.665,159199670.8062,0,BTCUSDT,1h
2026-06-22 20:00:00+00:00,64450.6,64637.1,64326.0,64409.8,3634.307,2026-06-22 20:59:59.999000+00:00,234360729.6003,82918,1759.114,113438631.8233,0,BTCUSDT,1h
2026-06-22 21:00:00+00:00,64409.8,64461.0,64112.1,64291.0,3088.035,2026-06-22 21:59:59.999000+00:00,198393324.0947,67567,1317.522,84653972.3724,0,BTCUSDT,1h
2026-06-22 22:00:00+00:00,64291.0,64370.8,63758.3,63948.4,7545.433,2026-06-22 22:59:59.999000+00:00,482849392.3679,187188,3669.437,234844360.8977,0,BTCUSDT,1h
2026-06-22 23:00:00+00:00,63948.5,64030.7,63843.8,63990.2,3364.757,2026-06-22 23:59:59.999000+00:00,215163098.0568,93504,1665.701,106515992.561,0,BTCUSDT,1h
2026-06-23 00:00:00+00:00,63990.1,64130.0,63803.2,64119.4,3891.308,2026-06-23 00:59:59.999000+00:00,248947841.0036,110416,2089.0,133656055.1676,0,BTCUSDT,1h
2026-06-23 01:00:00+00:00,64119.4,64242.8,63852.5,64125.2,5358.072,2026-06-23 01:59:59.999000+00:00,343421976.5475,137371,2824.681,181060079.553,0,BTCUSDT,1h
2026-06-23 02:00:00+00:00,64125.1,64247.2,64005.5,64165.9,2594.761,2026-06-23 02:59:59.999000+00:00,166476979.0378,77746,1030.497,66112351.0176,0,BTCUSDT,1h
2026-06-23 03:00:00+00:00,64165.8,64172.2,63933.3,64037.3,3099.414,2026-06-23 03:59:59.999000+00:00,198360505.8517,80201,1475.92,94450222.6547,0,BTCUSDT,1h
2026-06-23 04:00:00+00:00,64037.2,64068.0,63569.2,63594.9,5712.933,2026-06-23 04:59:59.999000+00:00,364396552.7112,124308,2094.189,133595012.2803,0,BTCUSDT,1h
2026-06-23 05:00:00+00:00,63594.8,63707.5,63322.0,63372.1,8699.821,2026-06-23 05:59:59.999000+00:00,552260738.6859,195087,4058.525,257667206.8619,0,BTCUSDT,1h
2026-06-23 06:00:00+00:00,63372.0,63374.4,62532.4,62905.5,25443.262,2026-06-23 06:59:59.999000+00:00,1599450356.1669,386993,13446.67,844949069.7384,0,BTCUSDT,1h
2026-06-23 07:00:00+00:00,62905.5,63070.1,62828.0,62849.2,5860.475,2026-06-23 07:59:59.999000+00:00,368838837.7769,144703,2721.207,171283843.1908,0,BTCUSDT,1h
2026-06-23 08:00:00+00:00,62849.3,62916.5,61870.0,62353.7,25191.723,2026-06-23 08:59:59.999000+00:00,1569716447.932,456969,11588.977,722092623.4877,0,BTCUSDT,1h
2026-06-23 09:00:00+00:00,62353.6,62482.0,62309.0,62350.2,4877.636,2026-06-23 09:59:59.999000+00:00,304367202.0402,107040,2180.375,136053843.0123,0,BTCUSDT,1h
2026-06-23 10:00:00+00:00,62350.3,62563.9,62207.1,62290.4,5432.761,2026-06-23 10:59:59.999000+00:00,338738525.6871,114258,2715.398,169329641.0663,0,BTCUSDT,1h
2026-06-23 11:00:00+00:00,62290.4,62600.0,62289.2,62478.5,5964.423,2026-06-23 11:59:59.999000+00:00,372672969.2292,118323,3526.647,220374129.5949,0,BTCUSDT,1h
2026-06-23 12:00:00+00:00,62478.4,62531.6,62157.0,62227.9,5881.479,2026-06-23 12:59:59.999000+00:00,366465383.3082,124341,2525.804,157407629.5864,0,BTCUSDT,1h
2026-06-23 13:00:00+00:00,62228.0,62513.4,61916.9,62446.6,15070.538,2026-06-23 13:59:59.999000+00:00,937967686.0272,354781,7502.874,467038060.104,0,BTCUSDT,1h
2026-06-23 14:00:00+00:00,62446.5,62837.1,62359.2,62462.8,14169.381,2026-06-23 14:59:59.999000+00:00,886473506.1868,353835,7290.267,456167438.8925,0,BTCUSDT,1h
2026-06-23 15:00:00+00:00,62462.8,62480.3,62161.2,62455.8,7509.637,2026-06-23 15:59:59.999000+00:00,468037451.6331,209473,3793.27,236424294.4543,0,BTCUSDT,1h
2026-06-23 16:00:00+00:00,62455.9,62812.2,62393.4,62522.9,8663.062,2026-06-23 16:59:59.999000+00:00,542608271.7779,200418,4739.429,296872639.7605,0,BTCUSDT,1h
2026-06-23 17:00:00+00:00,62522.9,62668.7,62301.7,62330.0,3484.745,2026-06-23 17:59:59.999000+00:00,217702621.9139,131476,1590.575,99380255.2473,0,BTCUSDT,1h
2026-06-23 18:00:00+00:00,62330.0,62420.0,62075.6,62215.3,4189.498,2026-06-23 18:59:59.999000+00:00,260770180.088,132269,2048.758,127539487.1985,0,BTCUSDT,1h
2026-06-23 19:00:00+00:00,62215.3,62467.2,62201.3,62365.7,2790.577,2026-06-23 19:59:59.999000+00:00,173938033.7279,119736,1501.929,93618513.0256,0,BTCUSDT,1h
2026-06-23 20:00:00+00:00,62365.7,62518.5,62344.2,62439.8,2217.701,2026-06-23 20:59:59.999000+00:00,138478505.2637,75843,967.052,60384136.5819,0,BTCUSDT,1h
2026-06-23 21:00:00+00:00,62439.9,62629.9,62434.9,62563.1,2110.412,2026-06-23 21:59:59.999000+00:00,131966592.8578,71344,1027.312,64239482.5294,0,BTCUSDT,1h
2026-06-23 22:00:00+00:00,62563.1,62749.9,62488.1,62560.1,2806.833,2026-06-23 22:59:59.999000+00:00,175730774.9645,88164,1379.071,86353992.025,0,BTCUSDT,1h
2026-06-23 23:00:00+00:00,62560.1,62770.6,62463.7,62696.7,1898.787,2026-06-23 23:59:59.999000+00:00,118870766.8262,78117,873.294,54676357.2674,0,BTCUSDT,1h
2026-06-24 00:00:00+00:00,62696.7,62999.9,62696.7,62982.1,4509.603,2026-06-24 00:59:59.999000+00:00,283538188.1826,145181,2642.91,166187354.8623,0,BTCUSDT,1h
2026-06-24 01:00:00+00:00,62982.1,63090.9,62737.0,62904.6,3777.468,2026-06-24 01:59:59.999000+00:00,237734989.9658,141605,1867.301,117541057.2374,0,BTCUSDT,1h
2026-06-24 02:00:00+00:00,62904.6,62994.6,62572.1,62598.0,4358.54,2026-06-24 02:59:59.999000+00:00,273419992.9554,135069,2042.574,128137813.0941,0,BTCUSDT,1h
2026-06-24 03:00:00+00:00,62598.0,62804.0,62402.8,62704.6,5111.386,2026-06-24 03:59:59.999000+00:00,320005446.8374,126894,2376.228,148804773.3303,0,BTCUSDT,1h
2026-06-24 04:00:00+00:00,62704.6,62779.9,62500.0,62720.6,2797.018,2026-06-24 04:59:59.999000+00:00,175237400.9548,90544,1320.107,82708600.0606,0,BTCUSDT,1h
2026-06-24 05:00:00+00:00,62720.7,63053.5,62678.0,62859.9,3935.298,2026-06-24 05:59:59.999000+00:00,247496032.2816,105028,2078.426,130719016.6236,0,BTCUSDT,1h
2026-06-24 06:00:00+00:00,62859.8,62888.0,62700.0,62754.6,1940.615,2026-06-24 06:59:59.999000+00:00,121850022.7279,71552,929.463,58361870.5275,0,BTCUSDT,1h
2026-06-24 07:00:00+00:00,62754.7,62822.0,62570.8,62630.3,3406.243,2026-06-24 07:59:59.999000+00:00,213479887.9636,95081,1583.17,99226658.9044,0,BTCUSDT,1h
2026-06-24 08:00:00+00:00,62630.4,62786.2,62574.0,62773.0,2748.793,2026-06-24 08:59:59.999000+00:00,172300096.3669,79336,1492.863,93574518.9682,0,BTCUSDT,1h
2026-06-24 09:00:00+00:00,62773.0,62773.0,62608.6,62650.2,1488.171,2026-06-24 09:59:59.999000+00:00,93288134.1403,57788,655.351,41080452.3746,0,BTCUSDT,1h
2026-06-24 10:00:00+00:00,62650.2,62657.8,62365.4,62416.8,4330.738,2026-06-24 10:59:59.999000+00:00,270728406.6554,102442,1811.297,113251002.3506,0,BTCUSDT,1h
2026-06-24 11:00:00+00:00,62416.9,63209.6,62272.1,62887.7,11430.749,2026-06-24 11:59:59.999000+00:00,716735864.8492,221483,5857.163,367437677.9482,0,BTCUSDT,1h
2026-06-24 12:00:00+00:00,62887.8,62939.3,62543.4,62589.5,5404.984,2026-06-24 12:59:59.999000+00:00,339281218.8441,167134,2465.1,154742218.7639,0,BTCUSDT,1h
2026-06-24 13:00:00+00:00,62589.5,62604.0,61220.7,61308.2,35472.77,2026-06-24 13:59:59.999000+00:00,2191282974.8272,695110,16154.41,997904455.7494,0,BTCUSDT,1h
2026-06-24 14:00:00+00:00,61308.2,61434.5,60866.0,61085.3,24983.872,2026-06-24 14:59:59.999000+00:00,1527885047.6285,521570,12263.291,750109789.3097,0,BTCUSDT,1h
2026-06-24 15:00:00+00:00,61085.3,61128.9,60238.0,60254.9,24553.002,2026-06-24 15:59:59.999000+00:00,1489571815.764,449774,10858.704,658821993.1571,0,BTCUSDT,1h
2026-06-24 16:00:00+00:00,60254.9,60649.1,59260.0,59808.2,37783.564,2026-06-24 16:59:59.999000+00:00,2267845253.7662,549190,16070.854,965474914.894,0,BTCUSDT,1h
2026-06-24 17:00:00+00:00,59808.3,60025.2,59060.0,59363.7,33548.446,2026-06-24 17:59:59.999000+00:00,1996233251.013,640149,14542.085,865620417.767,0,BTCUSDT,1h
2026-06-24 18:00:00+00:00,59363.6,59895.3,59269.4,59569.5,16224.69,2026-06-24 18:59:59.999000+00:00,966837894.0978,384511,8970.207,534611883.2602,0,BTCUSDT,1h
2026-06-24 19:00:00+00:00,59569.5,59973.3,59484.7,59923.8,7889.569,2026-06-24 19:59:59.999000+00:00,471160084.4202,246642,4374.98,261273346.2698,0,BTCUSDT,1h
2026-06-24 20:00:00+00:00,59923.7,61188.0,59813.9,60926.5,26953.645,2026-06-24 20:59:59.999000+00:00,1635089533.3149,516628,14788.942,896931610.0288,0,BTCUSDT,1h
2026-06-24 21:00:00+00:00,60926.5,61115.2,60633.1,61073.6,6808.637,2026-06-24 21:59:59.999000+00:00,414454053.1294,157390,3201.869,194916200.9235,0,BTCUSDT,1h
2026-06-24 22:00:00+00:00,61073.6,61256.0,60752.8,60850.2,5756.512,2026-06-24 22:59:59.999000+00:00,350950052.2928,139910,2581.019,157380346.5009,0,BTCUSDT,1h
2026-06-24 23:00:00+00:00,60850.3,61086.3,60799.9,61051.2,2882.991,2026-06-24 23:59:59.999000+00:00,175728171.1013,97727,1606.761,97938906.2839,0,BTCUSDT,1h
2026-06-25 00:00:00+00:00,61051.2,61138.9,60666.0,60786.9,5410.751,2026-06-25 00:59:59.999000+00:00,329450088.1915,153417,2435.589,148325118.8975,0,BTCUSDT,1h
2026-06-25 01:00:00+00:00,60786.9,60960.5,60686.8,60892.9,3603.816,2026-06-25 01:59:59.999000+00:00,219171551.1943,121290,1964.225,119462830.2636,0,BTCUSDT,1h
2026-06-25 02:00:00+00:00,60892.9,60939.0,60660.0,60763.2,4314.462,2026-06-25 02:59:59.999000+00:00,262193675.499,108317,1813.767,110230105.3672,0,BTCUSDT,1h
2026-06-25 03:00:00+00:00,60763.3,60877.7,60648.0,60853.9,3048.144,2026-06-25 03:59:59.999000+00:00,185233715.4027,80850,1542.388,93735815.9557,0,BTCUSDT,1h
2026-06-25 04:00:00+00:00,60854.0,61389.0,60756.4,61323.2,6224.548,2026-06-25 04:59:59.999000+00:00,380265631.9221,123052,3705.358,226396787.1316,0,BTCUSDT,1h
2026-06-25 05:00:00+00:00,61323.3,61800.0,61241.9,61567.1,13551.642,2026-06-25 05:59:59.999000+00:00,834442555.2051,267220,7264.429,447363928.8128,0,BTCUSDT,1h
2026-06-25 06:00:00+00:00,61567.1,61829.1,61567.1,61693.5,4754.255,2026-06-25 06:59:59.999000+00:00,293304921.9211,125671,2587.039,159605337.7807,0,BTCUSDT,1h
2026-06-25 07:00:00+00:00,61693.5,61931.1,61632.2,61886.7,6467.034,2026-06-25 07:59:59.999000+00:00,399729723.7279,136712,3234.921,199956123.8416,0,BTCUSDT,1h
2026-06-25 08:00:00+00:00,61886.8,61897.6,61653.0,61686.4,5343.995,2026-06-25 08:59:59.999000+00:00,329970546.6982,90317,2334.428,144134137.0329,0,BTCUSDT,1h
2026-06-25 09:00:00+00:00,61686.5,61764.9,61578.4,61707.8,3667.26,2026-06-25 09:59:59.999000+00:00,226236388.8652,87298,1946.92,120117564.7818,0,BTCUSDT,1h
2026-06-25 10:00:00+00:00,61707.9,61727.9,61228.4,61245.3,7304.194,2026-06-25 10:59:59.999000+00:00,448895669.0608,131069,3163.743,194467373.2184,0,BTCUSDT,1h
2026-06-25 11:00:00+00:00,61245.4,61395.3,61033.5,61258.2,11773.247,2026-06-25 11:59:59.999000+00:00,720971262.683,191801,5367.864,328699802.0494,0,BTCUSDT,1h
2026-06-25 12:00:00+00:00,61258.2,61742.9,61048.5,61216.4,12542.989,2026-06-25 12:59:59.999000+00:00,769318874.8653,362577,6539.364,401174075.0649,0,BTCUSDT,1h
2026-06-25 13:00:00+00:00,61216.4,61346.4,58030.0,58248.4,65568.385,2026-06-25 13:59:59.999000+00:00,3906493549.2821,988568,30167.375,1798147758.2174,0,BTCUSDT,1h
2026-06-25 14:00:00+00:00,58248.4,60466.9,58248.4,59448.7,68127.991,2026-06-25 14:59:59.999000+00:00,4044545759.2281,1298258,34844.753,2068075886.2998,0,BTCUSDT,1h
2026-06-25 15:00:00+00:00,59448.7,59630.2,58835.2,59536.2,20883.361,2026-06-25 15:59:59.999000+00:00,1237010866.1097,619945,10966.013,649760242.6545,0,BTCUSDT,1h
2026-06-25 16:00:00+00:00,59536.2,60035.7,59130.0,59284.0,13732.675,2026-06-25 16:59:59.999000+00:00,817999550.4361,423099,6649.827,396177177.9429,0,BTCUSDT,1h
2026-06-25 17:00:00+00:00,59284.1,59720.0,59114.4,59656.3,7827.95,2026-06-25 17:59:59.999000+00:00,465448345.7194,313438,4152.285,246887039.4437,0,BTCUSDT,1h
2026-06-25 18:00:00+00:00,59656.3,59775.0,59333.0,59491.0,7260.279,2026-06-25 18:59:59.999000+00:00,432285295.5683,273807,3775.219,224802596.4718,0,BTCUSDT,1h
2026-06-25 19:00:00+00:00,59491.2,59496.6,59152.7,59299.8,7110.978,2026-06-25 19:59:59.999000+00:00,421659963.1322,201478,3326.687,197246494.6168,0,BTCUSDT,1h
2026-06-25 20:00:00+00:00,59299.9,59723.5,59298.7,59428.8,6367.176,2026-06-25 20:59:59.999000+00:00,379056009.1237,183601,3243.155,193040881.5387,0,BTCUSDT,1h
2026-06-25 21:00:00+00:00,59428.9,60245.0,59422.7,60180.7,6267.02,2026-06-25 21:59:59.999000+00:00,375120141.099,152091,3507.988,210021518.4655,0,BTCUSDT,1h
2026-06-25 22:00:00+00:00,60180.7,60180.8,59705.4,59815.1,6099.121,2026-06-25 22:59:59.999000+00:00,365351958.3837,161381,2608.688,156265562.4754,0,BTCUSDT,1h
2026-06-25 23:00:00+00:00,59815.1,60164.3,59709.1,59771.9,4578.901,2026-06-25 23:59:59.999000+00:00,274584503.4061,144320,2230.782,133768845.7301,0,BTCUSDT,1h
2026-06-26 00:00:00+00:00,59772.0,59882.2,59608.1,59638.2,3871.116,2026-06-26 00:59:59.999000+00:00,231299588.9932,145649,2010.075,120106055.3598,0,BTCUSDT,1h
2026-06-26 01:00:00+00:00,59638.2,59761.3,59200.0,59413.0,6344.268,2026-06-26 01:59:59.999000+00:00,376900283.7403,193225,3261.387,193731913.6037,0,BTCUSDT,1h
2026-06-26 02:00:00+00:00,59413.1,59432.3,58325.6,58536.0,24980.279,2026-06-26 02:59:59.999000+00:00,1465984323.4001,525904,12235.247,717997370.1753,0,BTCUSDT,1h
2026-06-26 03:00:00+00:00,58536.0,60125.7,58288.0,60015.0,26425.366,2026-06-26 03:59:59.999000+00:00,1565941533.3497,513883,12839.111,761208014.9166,0,BTCUSDT,1h
2026-06-26 04:00:00+00:00,60015.0,60234.8,59802.3,59899.9,8739.818,2026-06-26 04:59:59.999000+00:00,524056081.5759,237113,4553.749,273122783.7472,0,BTCUSDT,1h
2026-06-26 05:00:00+00:00,59899.9,60039.1,59703.1,59921.8,5871.329,2026-06-26 05:59:59.999000+00:00,351545705.3679,181260,2983.283,178651115.0451,0,BTCUSDT,1h
2026-06-26 06:00:00+00:00,59921.9,60440.0,59666.2,60298.9,10771.225,2026-06-26 06:59:59.999000+00:00,647054344.7765,259314,6421.165,385764002.5776,0,BTCUSDT,1h
2026-06-26 07:00:00+00:00,60298.9,60734.0,60252.6,60491.0,14629.556,2026-06-26 07:59:59.999000+00:00,885605739.3225,276178,6893.402,417254418.9709,0,BTCUSDT,1h
2026-06-26 08:00:00+00:00,60491.0,60542.6,60112.0,60215.3,7945.368,2026-06-26 08:59:59.999000+00:00,478781936.6593,185567,3560.153,214509281.5058,0,BTCUSDT,1h
2026-06-26 09:00:00+00:00,60215.3,60229.8,59544.7,59709.3,10679.166,2026-06-26 09:59:59.999000+00:00,639612739.6468,236909,4953.812,296666470.3472,0,BTCUSDT,1h
2026-06-26 10:00:00+00:00,59709.3,59834.2,59210.4,59290.0,10744.708,2026-06-26 10:59:59.999000+00:00,639819285.3768,252256,5074.273,302219144.7002,0,BTCUSDT,1h
2026-06-26 11:00:00+00:00,59290.0,59569.0,59233.1,59392.4,6798.892,2026-06-26 11:59:59.999000+00:00,403941536.5632,213078,3413.409,202816284.5459,0,BTCUSDT,1h
2026-06-26 12:00:00+00:00,59392.4,59998.4,58940.0,59167.6,23971.564,2026-06-26 12:59:59.999000+00:00,1424085935.1553,492998,11811.782,702068902.4334,0,BTCUSDT,1h
2026-06-26 13:00:00+00:00,59167.6,60189.5,58388.0,60153.3,35902.97,2026-06-26 13:59:59.999000+00:00,2124818686.1185,842357,17180.888,1018326749.0612,0,BTCUSDT,1h
2026-06-26 14:00:00+00:00,60153.5,60274.2,59358.8,59568.9,21091.08,2026-06-26 14:59:59.999000+00:00,1262235458.9421,613814,10150.101,607487149.2308,0,BTCUSDT,1h
2026-06-26 15:00:00+00:00,59568.9,60494.1,59560.0,60296.6,16399.595,2026-06-26 15:59:59.999000+00:00,986384749.8571,451583,8495.537,510877509.3345,0,BTCUSDT,1h
2026-06-26 16:00:00+00:00,60296.9,60580.0,59933.1,60017.8,13029.495,2026-06-26 16:59:59.999000+00:00,784159735.2403,328135,6510.197,391899363.328,0,BTCUSDT,1h
2026-06-26 17:00:00+00:00,60017.8,60276.5,59921.4,60000.0,6949.554,2026-06-26 17:59:59.999000+00:00,417461237.6814,229751,3725.983,223850893.3352,0,BTCUSDT,1h
2026-06-26 18:00:00+00:00,60000.0,60140.7,59530.7,59648.9,5774.528,2026-06-26 18:59:59.999000+00:00,345429599.9764,183662,2589.99,154959919.0781,0,BTCUSDT,1h
2026-06-26 19:00:00+00:00,59648.9,60077.8,59586.3,59719.7,7106.059,2026-06-26 19:59:59.999000+00:00,425495258.2741,210103,3450.444,206586911.3312,0,BTCUSDT,1h
2026-06-26 20:00:00+00:00,59719.9,59970.0,59556.0,59694.7,4861.161,2026-06-26 20:59:59.999000+00:00,290310473.5407,170968,2460.076,146924985.4574,0,BTCUSDT,1h
2026-06-26 21:00:00+00:00,59694.7,60028.0,59649.2,59887.6,2664.982,2026-06-26 21:59:59.999000+00:00,159510490.7136,80622,1396.41,83576665.4407,0,BTCUSDT,1h
2026-06-26 22:00:00+00:00,59887.6,60051.0,59717.1,60007.5,3088.676,2026-06-26 22:59:59.999000+00:00,185014442.4387,86986,1611.759,96547852.3224,0,BTCUSDT,1h
2026-06-26 23:00:00+00:00,60007.6,60090.8,59871.9,60072.0,3454.396,2026-06-26 23:59:59.999000+00:00,207309251.8001,72053,1758.873,105554458.0905,0,BTCUSDT,1h
2026-06-27 00:00:00+00:00,60071.9,60167.3,59846.2,60033.4,3606.601,2026-06-27 00:59:59.999000+00:00,216529131.3779,75519,1985.663,119244534.0788,0,BTCUSDT,1h
2026-06-27 01:00:00+00:00,60033.4,60046.9,59904.8,59919.1,1013.631,2026-06-27 01:59:59.999000+00:00,60770560.0178,41323,430.393,25802437.2572,0,BTCUSDT,1h
2026-06-27 02:00:00+00:00,59919.0,60349.0,59888.7,60256.6,4979.232,2026-06-27 02:59:59.999000+00:00,299901924.4367,112596,2630.25,158416640.7194,0,BTCUSDT,1h
2026-06-27 03:00:00+00:00,60256.6,60387.8,60134.5,60274.7,3264.048,2026-06-27 03:59:59.999000+00:00,196738555.2145,85712,1742.373,105043130.4505,0,BTCUSDT,1h
2026-06-27 04:00:00+00:00,60274.8,60472.2,60189.4,60215.9,3433.958,2026-06-27 04:59:59.999000+00:00,207275963.505,80096,1738.791,104978566.3361,0,BTCUSDT,1h
2026-06-27 05:00:00+00:00,60215.9,60286.0,60101.9,60208.3,1945.532,2026-06-27 05:59:59.999000+00:00,117125938.996,64281,985.514,59330968.1455,0,BTCUSDT,1h
2026-06-27 06:00:00+00:00,60208.4,60492.2,60074.5,60345.3,4271.161,2026-06-27 06:59:59.999000+00:00,257551108.2866,91889,2073.983,125086734.6715,0,BTCUSDT,1h
2026-06-27 07:00:00+00:00,60345.2,60557.8,60266.0,60522.3,3356.548,2026-06-27 07:59:59.999000+00:00,202797791.4963,74965,1869.445,112972531.6523,0,BTCUSDT,1h
2026-06-27 08:00:00+00:00,60522.4,60522.5,60336.2,60425.1,2454.04,2026-06-27 08:59:59.999000+00:00,148308647.6471,63197,1322.693,79943895.5784,0,BTCUSDT,1h
2026-06-27 09:00:00+00:00,60425.2,60482.9,60261.0,60391.2,2310.771,2026-06-27 09:59:59.999000+00:00,139484962.2078,54500,1128.454,68108921.3397,0,BTCUSDT,1h
2026-06-27 10:00:00+00:00,60391.3,60466.5,60350.0,60390.3,1032.741,2026-06-27 10:59:59.999000+00:00,62385819.2715,33659,479.677,28976680.1669,0,BTCUSDT,1h
2026-06-27 11:00:00+00:00,60390.3,60425.4,60162.0,60331.9,3122.375,2026-06-27 11:59:59.999000+00:00,188200628.9898,65285,1638.328,98758419.0043,0,BTCUSDT,1h
2026-06-27 12:00:00+00:00,60331.9,60407.1,60222.6,60394.0,1807.192,2026-06-27 12:59:59.999000+00:00,108995049.3296,52248,954.968,57602286.213,0,BTCUSDT,1h
2026-06-27 13:00:00+00:00,60394.0,60643.1,60356.1,60554.6,4154.884,2026-06-27 13:59:59.999000+00:00,251456048.7013,87836,2297.405,139065421.8894,0,BTCUSDT,1h
2026-06-27 14:00:00+00:00,60554.6,60697.6,60480.0,60588.9,3321.5,2026-06-27 14:59:59.999000+00:00,201266271.1178,90364,1764.199,106906060.8328,0,BTCUSDT,1h
2026-06-27 15:00:00+00:00,60589.0,60924.7,60541.1,60817.2,7814.952,2026-06-27 15:59:59.999000+00:00,474970532.6607,154067,4730.067,287510619.93,0,BTCUSDT,1h
2026-06-27 16:00:00+00:00,60817.3,60850.0,60648.2,60785.0,2778.326,2026-06-27 16:59:59.999000+00:00,168781867.4374,67448,1423.683,86497331.5621,0,BTCUSDT,1h
2026-06-27 17:00:00+00:00,60784.9,60796.6,60383.0,60495.6,6435.887,2026-06-27 17:59:59.999000+00:00,389547686.739,117669,3011.816,182299874.0392,0,BTCUSDT,1h
2026-06-27 18:00:00+00:00,60495.6,60547.3,60420.2,60537.8,1662.956,2026-06-27 18:59:59.999000+00:00,100584785.7312,54353,852.137,51544330.4988,0,BTCUSDT,1h
2026-06-27 19:00:00+00:00,60537.9,60576.9,60050.0,60149.9,5900.77,2026-06-27 19:59:59.999000+00:00,355445684.6236,128684,2417.726,145615560.419,0,BTCUSDT,1h
2026-06-27 20:00:00+00:00,60149.9,60283.4,60141.7,60272.8,1563.196,2026-06-27 20:59:59.999000+00:00,94157450.2114,43063,919.824,55405037.7722,0,BTCUSDT,1h
2026-06-27 21:00:00+00:00,60272.8,60469.8,60108.9,60173.4,2727.898,2026-06-27 21:59:59.999000+00:00,164526862.2922,69616,1572.78,94887221.8169,0,BTCUSDT,1h
2026-06-27 22:00:00+00:00,60173.4,60230.0,59819.8,60204.3,4692.97,2026-06-27 22:59:59.999000+00:00,281752715.8834,125661,2218.096,133212352.772,0,BTCUSDT,1h
2026-06-27 23:00:00+00:00,60204.3,60303.2,59913.9,60000.3,3651.424,2026-06-27 23:59:59.999000+00:00,219329668.8425,99204,1881.26,112989370.7157,0,BTCUSDT,1h
2026-06-28 00:00:00+00:00,60000.4,60168.7,59983.3,60125.1,1900.278,2026-06-28 00:59:59.999000+00:00,114221289.4191,59263,922.346,55438381.7097,0,BTCUSDT,1h
2026-06-28 01:00:00+00:00,60125.1,60256.8,59950.0,60193.0,2439.438,2026-06-28 01:59:59.999000+00:00,146675359.8697,64559,1373.002,82569462.0681,0,BTCUSDT,1h
2026-06-28 02:00:00+00:00,60193.1,60314.3,60017.2,60121.2,2057.691,2026-06-28 02:59:59.999000+00:00,123774528.1117,59308,1077.128,64806102.0603,0,BTCUSDT,1h
2026-06-28 03:00:00+00:00,60121.2,60250.4,60121.2,60169.5,1454.945,2026-06-28 03:59:59.999000+00:00,87569723.6368,42880,638.333,38421313.3462,0,BTCUSDT,1h
2026-06-28 04:00:00+00:00,60169.5,60205.4,60060.0,60108.1,1216.104,2026-06-28 04:59:59.999000+00:00,73136315.2376,39904,604.025,36327318.6593,0,BTCUSDT,1h
2026-06-28 05:00:00+00:00,60108.0,60112.3,59714.8,59956.6,5438.2,2026-06-28 05:59:59.999000+00:00,325685189.4434,114863,2518.518,150809869.6796,0,BTCUSDT,1h
2026-06-28 06:00:00+00:00,59956.6,60020.0,59772.9,59970.0,2915.154,2026-06-28 06:59:59.999000+00:00,174653001.4299,72060,1485.137,88973661.6751,0,BTCUSDT,1h
2026-06-28 07:00:00+00:00,59970.0,60247.1,59965.8,60192.5,3433.223,2026-06-28 07:59:59.999000+00:00,206485748.235,77481,2043.262,122894040.5518,0,BTCUSDT,1h
2026-06-28 08:00:00+00:00,60192.4,60543.3,60109.5,60340.1,4910.201,2026-06-28 08:59:59.999000+00:00,296265599.0511,101259,2573.398,155274207.7186,0,BTCUSDT,1h
2026-06-28 09:00:00+00:00,60340.1,60444.0,60223.1,60230.0,2760.374,2026-06-28 09:59:59.999000+00:00,166486627.8264,69630,1252.793,75575429.2094,0,BTCUSDT,1h
2026-06-28 10:00:00+00:00,60230.0,60271.8,60037.0,60138.5,2477.136,2026-06-28 10:59:59.999000+00:00,148985024.5388,69111,1206.668,72584121.5871,0,BTCUSDT,1h
2026-06-28 11:00:00+00:00,60138.4,60351.3,60091.4,60314.9,2495.801,2026-06-28 11:59:59.999000+00:00,150341243.8249,74345,1298.081,78189517.8642,0,BTCUSDT,1h
2026-06-28 12:00:00+00:00,60315.0,60435.8,60161.2,60270.0,2227.61,2026-06-28 12:59:59.999000+00:00,134273861.8246,77790,1163.455,70141732.3225,0,BTCUSDT,1h
2026-06-28 13:00:00+00:00,60269.9,60269.9,59934.3,60044.5,4290.318,2026-06-28 13:59:59.999000+00:00,257665126.5072,116396,2028.452,121817835.8571,0,BTCUSDT,1h
2026-06-28 14:00:00+00:00,60044.6,60228.5,59983.0,59995.3,2937.391,2026-06-28 14:59:59.999000+00:00,176523584.7199,94962,1336.647,80336651.8601,0,BTCUSDT,1h
2026-06-28 15:00:00+00:00,59995.3,60103.2,59781.8,59849.9,5771.027,2026-06-28 15:59:59.999000+00:00,345848970.4395,127906,2811.029,168467864.156,0,BTCUSDT,1h
2026-06-28 16:00:00+00:00,59850.0,59915.7,59550.0,59655.9,7424.561,2026-06-28 16:59:59.999000+00:00,443332281.1202,180566,3370.917,201309927.9333,0,BTCUSDT,1h
2026-06-28 17:00:00+00:00,59655.9,59821.9,59366.6,59557.3,8401.918,2026-06-28 17:59:59.999000+00:00,500305869.0517,172001,3764.811,224253761.8962,0,BTCUSDT,1h
2026-06-28 18:00:00+00:00,59557.3,59678.8,59466.9,59580.7,3170.957,2026-06-28 18:59:59.999000+00:00,188964881.5043,92705,1419.142,84577798.0149,0,BTCUSDT,1h
2026-06-28 19:00:00+00:00,59580.7,59658.2,59224.6,59451.4,5640.911,2026-06-28 19:59:59.999000+00:00,335136266.2323,137834,2404.963,142892584.2811,0,BTCUSDT,1h
2026-06-28 20:00:00+00:00,59451.3,59747.7,59443.8,59634.0,4223.368,2026-06-28 20:59:59.999000+00:00,251879432.3678,79039,2186.687,130402511.3284,0,BTCUSDT,1h
2026-06-28 21:00:00+00:00,59634.1,59773.8,59300.0,59418.1,4650.66,2026-06-28 21:59:59.999000+00:00,276925981.2929,101944,1912.802,113884181.6642,0,BTCUSDT,1h
2026-06-28 22:00:00+00:00,59418.1,59883.2,58888.0,59040.1,13650.068,2026-06-28 22:59:59.999000+00:00,809707368.958,389437,6214.599,368834081.1386,0,BTCUSDT,1h
2026-06-28 23:00:00+00:00,59040.0,59820.4,58975.0,59550.2,7711.363,2026-06-28 23:59:59.999000+00:00,458749995.2064,228253,4123.919,245282716.3585,0,BTCUSDT,1h
2026-06-29 00:00:00+00:00,59550.2,59678.1,58978.2,59637.3,9238.488,2026-06-29 00:59:59.999000+00:00,547815187.6615,322945,4825.042,286167272.9847,0,BTCUSDT,1h
2026-06-29 01:00:00+00:00,59637.3,59674.3,59170.5,59413.0,5035.286,2026-06-29 01:59:59.999000+00:00,299137146.2794,215727,2607.222,154872467.82,0,BTCUSDT,1h
2026-06-29 02:00:00+00:00,59413.0,59788.0,58850.0,59731.7,13997.776,2026-06-29 02:59:59.999000+00:00,832075976.5036,317024,6766.189,402298254.79,0,BTCUSDT,1h
2026-06-29 03:00:00+00:00,59731.8,60219.4,59731.8,60019.8,9982.299,2026-06-29 03:59:59.999000+00:00,598727561.7479,247368,5443.961,326448828.8999,0,BTCUSDT,1h
2026-06-29 04:00:00+00:00,60019.9,60031.5,59717.0,59806.2,2746.071,2026-06-29 04:59:59.999000+00:00,164377501.1093,110081,1313.097,78600644.9169,0,BTCUSDT,1h
2026-06-29 05:00:00+00:00,59806.2,60088.0,59360.3,60082.7,6969.253,2026-06-29 05:59:59.999000+00:00,415945541.9734,210635,3814.799,227717353.9535,0,BTCUSDT,1h
2026-06-29 06:00:00+00:00,60082.7,60325.0,60022.2,60051.0,7371.999,2026-06-29 06:59:59.999000+00:00,443476036.2798,179691,3686.187,221757542.3414,0,BTCUSDT,1h
2026-06-29 07:00:00+00:00,60051.1,60162.5,59900.7,59998.9,3635.785,2026-06-29 07:59:59.999000+00:00,218259835.9763,109198,1773.799,106496151.698,0,BTCUSDT,1h
2026-06-29 08:00:00+00:00,59998.9,60070.1,59712.8,59806.9,4899.419,2026-06-29 08:59:59.999000+00:00,293370914.1688,157064,2344.813,140410496.0543,0,BTCUSDT,1h
2026-06-29 09:00:00+00:00,59806.9,60089.1,59750.1,60031.3,5094.505,2026-06-29 09:59:59.999000+00:00,305295372.1438,155958,2489.002,149139305.9501,0,BTCUSDT,1h
2026-06-29 10:00:00+00:00,60031.3,60287.1,60031.3,60062.4,5511.908,2026-06-29 10:59:59.999000+00:00,331611389.7345,145769,2348.016,141259766.6604,0,BTCUSDT,1h
2026-06-29 11:00:00+00:00,60062.3,60193.2,59770.4,59927.2,6062.808,2026-06-29 11:59:59.999000+00:00,363346584.2666,153187,3133.236,187788414.5732,0,BTCUSDT,1h
2026-06-29 12:00:00+00:00,59927.2,60758.3,59552.6,59923.5,34963.613,2026-06-29 12:59:59.999000+00:00,2106023855.018,638746,16935.572,1020207561.9389,0,BTCUSDT,1h
2026-06-29 13:00:00+00:00,59923.5,60313.0,59302.8,59559.3,21676.377,2026-06-29 13:59:59.999000+00:00,1294150833.1432,576946,11079.44,661503288.5045,0,BTCUSDT,1h
2026-06-29 14:00:00+00:00,59559.4,59689.6,58988.0,59444.0,22336.282,2026-06-29 14:59:59.999000+00:00,1324460082.5687,635093,10565.467,626578151.301,0,BTCUSDT,1h
2026-06-29 15:00:00+00:00,59444.1,59939.2,59067.6,59800.2,18439.212,2026-06-29 15:59:59.999000+00:00,1099263482.4939,429585,10015.77,597261721.6271,0,BTCUSDT,1h
2026-06-29 16:00:00+00:00,59800.3,59999.0,59562.6,59870.9,6543.241,2026-06-29 16:59:59.999000+00:00,391130138.0503,214290,3332.285,199215826.2411,0,BTCUSDT,1h
2026-06-29 17:00:00+00:00,59870.9,60666.6,59870.9,60396.0,17431.193,2026-06-29 17:59:59.999000+00:00,1053039411.428,387349,9365.019,565724211.79,0,BTCUSDT,1h
2026-06-29 18:00:00+00:00,60396.0,60500.1,60150.2,60275.4,6924.679,2026-06-29 18:59:59.999000+00:00,417602307.6514,157440,2920.474,176145926.0,0,BTCUSDT,1h
2026-06-29 19:00:00+00:00,60275.4,60540.0,60127.4,60409.3,6026.141,2026-06-29 19:59:59.999000+00:00,363780692.908,161760,3583.288,216324111.2784,0,BTCUSDT,1h
2026-06-29 20:00:00+00:00,60409.3,60535.0,60265.1,60271.2,4954.154,2026-06-29 20:59:59.999000+00:00,299271646.1828,112511,2201.676,133026734.7248,0,BTCUSDT,1h
2026-06-29 21:00:00+00:00,60271.2,60565.6,60232.1,60454.9,2822.026,2026-06-29 21:59:59.999000+00:00,170393623.1023,69123,1261.634,76181112.2021,0,BTCUSDT,1h
2026-06-29 22:00:00+00:00,60454.9,60493.2,60314.0,60326.5,2066.396,2026-06-29 22:59:59.999000+00:00,124795319.2395,64884,949.422,57340634.0449,0,BTCUSDT,1h
2026-06-29 23:00:00+00:00,60326.4,60353.9,60134.0,60224.7,3047.364,2026-06-29 23:59:59.999000+00:00,183572826.0056,72365,1405.466,84669067.846,0,BTCUSDT,1h
2026-06-30 00:00:00+00:00,60224.7,60250.0,59667.5,59806.1,9133.247,2026-06-30 00:59:59.999000+00:00,546929570.3764,202677,4144.279,248170475.9408,0,BTCUSDT,1h
2026-06-30 01:00:00+00:00,59806.1,60024.9,59740.0,59919.6,4682.306,2026-06-30 01:59:59.999000+00:00,280340776.4844,143565,2346.66,140514397.7456,0,BTCUSDT,1h
2026-06-30 02:00:00+00:00,59919.6,60021.4,59719.6,59920.4,3470.21,2026-06-30 02:59:59.999000+00:00,207857001.2632,82662,1821.689,109107453.2138,0,BTCUSDT,1h
2026-06-30 03:00:00+00:00,59920.4,60007.9,59570.0,59596.1,5570.503,2026-06-30 03:59:59.999000+00:00,332840864.889,112228,2430.324,145236807.3114,0,BTCUSDT,1h
2026-06-30 04:00:00+00:00,59596.1,59672.1,59400.0,59458.3,8066.536,2026-06-30 04:59:59.999000+00:00,480076970.0588,151907,4084.42,243090928.8751,0,BTCUSDT,1h
2026-06-30 05:00:00+00:00,59458.3,59633.5,59329.2,59627.7,7258.542,2026-06-30 05:59:59.999000+00:00,431526333.4757,122962,3522.716,209458856.5112,0,BTCUSDT,1h
2026-06-30 06:00:00+00:00,59627.8,59698.9,59488.6,59571.7,3736.821,2026-06-30 06:59:59.999000+00:00,222600492.0188,80735,1802.898,107416981.8429,0,BTCUSDT,1h
2026-06-30 07:00:00+00:00,59571.6,59611.7,59423.3,59497.7,3824.498,2026-06-30 07:59:59.999000+00:00,227529742.1112,99705,1810.394,107700959.8697,0,BTCUSDT,1h
2026-06-30 08:00:00+00:00,59497.7,59532.7,59159.0,59285.8,8863.332,2026-06-30 08:59:59.999000+00:00,525553729.4328,168337,3928.314,232912560.8373,0,BTCUSDT,1h
2026-06-30 09:00:00+00:00,59285.8,59397.0,59225.0,59348.7,4167.963,2026-06-30 09:59:59.999000+00:00,247219156.2737,93650,2082.911,123558183.1997,0,BTCUSDT,1h
2026-06-30 10:00:00+00:00,59348.7,59403.0,59264.5,59303.6,2380.9,2026-06-30 10:59:59.999000+00:00,141268884.1936,70803,1191.301,70688803.3306,0,BTCUSDT,1h
2026-06-30 11:00:00+00:00,59303.7,59399.3,59100.0,59162.3,6214.318,2026-06-30 11:59:59.999000+00:00,367951568.9655,146984,2995.388,177356199.077,0,BTCUSDT,1h
2026-06-30 12:00:00+00:00,59162.2,59162.3,58351.0,58374.8,25243.04,2026-06-30 12:59:59.999000+00:00,1482759267.1218,365534,9829.21,577329802.4017,0,BTCUSDT,1h
2026-06-30 13:00:00+00:00,58374.8,58791.7,58200.0,58711.9,26034.559,2026-06-30 13:59:59.999000+00:00,1522327608.5666,520700,12963.253,758228407.8547,0,BTCUSDT,1h
2026-06-30 14:00:00+00:00,58711.8,59264.4,58400.1,58458.6,23045.692,2026-06-30 14:59:59.999000+00:00,1356809685.0496,551747,11284.187,664433155.5795,0,BTCUSDT,1h
2026-06-30 15:00:00+00:00,58458.7,58785.6,58160.0,58356.2,18133.224,2026-06-30 15:59:59.999000+00:00,1058516650.914,402764,8630.611,503993237.0034,0,BTCUSDT,1h
2026-06-30 16:00:00+00:00,58356.2,58617.4,58223.3,58479.3,7812.9,2026-06-30 16:59:59.999000+00:00,456232940.6697,214192,4063.509,237297743.8493,0,BTCUSDT,1h
2026-06-30 17:00:00+00:00,58479.2,58604.8,58290.0,58396.7,4252.186,2026-06-30 17:59:59.999000+00:00,248402325.8529,141963,2172.882,126950046.4528,0,BTCUSDT,1h
2026-06-30 18:00:00+00:00,58396.8,58675.0,58334.0,58659.8,4692.25,2026-06-30 18:59:59.999000+00:00,274570209.136,151725,2409.204,140978500.4458,0,BTCUSDT,1h
2026-06-30 19:00:00+00:00,58659.9,58819.9,58560.0,58794.4,4770.762,2026-06-30 19:59:59.999000+00:00,279995225.1586,150920,2407.071,141280075.1857,0,BTCUSDT,1h
2026-06-30 20:00:00+00:00,58794.0,58850.0,58621.3,58708.0,3590.107,2026-06-30 20:59:59.999000+00:00,210840894.7142,100725,1681.647,98763814.6657,0,BTCUSDT,1h
2026-06-30 21:00:00+00:00,58708.0,58744.3,58472.3,58612.1,3145.534,2026-06-30 21:59:59.999000+00:00,184281607.0214,84898,1234.358,72315867.1969,0,BTCUSDT,1h
2026-06-30 22:00:00+00:00,58612.3,58780.0,58477.1,58575.8,2005.278,2026-06-30 22:59:59.999000+00:00,117536916.9914,75627,1051.278,61627812.6146,0,BTCUSDT,1h
2026-06-30 23:00:00+00:00,58575.7,58636.7,58518.8,58605.4,1551.593,2026-06-30 23:59:59.999000+00:00,90905274.1184,60693,687.773,40296131.1871,0,BTCUSDT,1h
2026-07-01 00:00:00+00:00,58605.4,58720.0,58270.0,58548.7,5536.729,2026-07-01 00:59:59.999000+00:00,323655246.7551,145946,2341.332,136904796.9337,0,BTCUSDT,1h
2026-07-01 01:00:00+00:00,58548.7,58991.6,57758.6,58741.7,28902.834,2026-07-01 01:59:59.999000+00:00,1687021205.3029,560918,13262.39,775057828.6559,0,BTCUSDT,1h
2026-07-01 02:00:00+00:00,58741.8,59152.0,58632.4,59063.3,12017.6,2026-07-01 02:59:59.999000+00:00,708571651.177,222776,6833.58,402998821.6327,0,BTCUSDT,1h
2026-07-01 03:00:00+00:00,59063.3,59298.4,58823.9,59169.6,9833.129,2026-07-01 03:59:59.999000+00:00,580473815.7853,187134,5353.504,316062495.8146,0,BTCUSDT,1h
2026-07-01 04:00:00+00:00,59169.7,59444.5,59030.9,59311.2,5966.189,2026-07-01 04:59:59.999000+00:00,353507953.324,158185,3070.098,181944640.5081,0,BTCUSDT,1h
2026-07-01 05:00:00+00:00,59311.1,59350.0,59085.0,59122.4,4463.091,2026-07-01 05:59:59.999000+00:00,264181564.2912,106304,1644.253,97335689.7011,0,BTCUSDT,1h
2026-07-01 06:00:00+00:00,59122.3,59130.0,58500.1,58726.8,13792.727,2026-07-01 06:59:59.999000+00:00,810155688.9618,220754,7335.504,430769694.9819,0,BTCUSDT,1h
2026-07-01 07:00:00+00:00,58726.7,58797.6,58567.2,58744.4,4204.786,2026-07-01 07:59:59.999000+00:00,246780596.257,124416,2012.794,118118506.791,0,BTCUSDT,1h
2026-07-01 08:00:00+00:00,58744.4,58965.0,58450.7,58950.8,6346.255,2026-07-01 08:59:59.999000+00:00,372495687.5887,166407,3483.921,204574606.5448,0,BTCUSDT,1h
2026-07-01 09:00:00+00:00,58950.8,59069.7,58792.8,58921.4,5253.469,2026-07-01 09:59:59.999000+00:00,309512820.0093,124437,2748.313,161926376.8542,0,BTCUSDT,1h
2026-07-01 10:00:00+00:00,58921.4,58923.3,58590.9,58631.6,3734.411,2026-07-01 10:59:59.999000+00:00,219249096.1937,96733,1608.758,94448841.1064,0,BTCUSDT,1h
2026-07-01 11:00:00+00:00,58631.6,58733.5,58524.2,58592.9,3608.449,2026-07-01 11:59:59.999000+00:00,211595362.6045,111524,1910.476,112037155.2844,0,BTCUSDT,1h
2026-07-01 12:00:00+00:00,58592.8,58655.6,58294.1,58495.6,8651.069,2026-07-01 12:59:59.999000+00:00,505572737.0982,213955,4363.106,254994845.2317,0,BTCUSDT,1h
2026-07-01 13:00:00+00:00,58495.6,59486.7,58495.5,59463.1,22483.032,2026-07-01 13:59:59.999000+00:00,1326316174.072,490560,11876.872,700594720.3057,0,BTCUSDT,1h
2026-07-01 14:00:00+00:00,59463.0,60067.9,59239.9,59523.8,29537.612,2026-07-01 14:59:59.999000+00:00,1763963132.974,540126,14859.006,887261206.8827,0,BTCUSDT,1h
2026-07-01 15:00:00+00:00,59523.7,60520.0,59496.9,60118.5,22422.372,2026-07-01 15:59:59.999000+00:00,1348687393.3377,419294,12244.642,736479719.8028,0,BTCUSDT,1h
2026-07-01 16:00:00+00:00,60118.6,60244.0,59836.1,59902.8,7712.896,2026-07-01 16:59:59.999000+00:00,463053844.9907,164335,3273.679,196582777.4988,0,BTCUSDT,1h
2026-07-01 17:00:00+00:00,59902.9,60218.2,59762.6,60166.5,6967.927,2026-07-01 17:59:59.999000+00:00,418302990.6079,161802,3710.054,222740497.6096,0,BTCUSDT,1h
2026-07-01 18:00:00+00:00,60166.5,60278.9,59992.7,60141.5,4929.144,2026-07-01 18:59:59.999000+00:00,296427279.6917,127873,2622.292,157726548.8705,0,BTCUSDT,1h
2026-07-01 19:00:00+00:00,60141.5,60332.8,59952.3,60000.0,5201.063,2026-07-01 19:59:59.999000+00:00,312753825.7373,123830,2401.837,144454669.76,0,BTCUSDT,1h
2026-07-01 20:00:00+00:00,60000.0,60170.3,59844.5,60100.3,4206.586,2026-07-01 20:59:59.999000+00:00,252272420.3425,98990,2171.894,130257560.4668,0,BTCUSDT,1h
2026-07-01 21:00:00+00:00,60100.3,60827.8,60092.7,60799.9,16099.76,2026-07-01 21:59:59.999000+00:00,975263958.6568,207973,10388.332,629267865.3807,0,BTCUSDT,1h
2026-07-01 22:00:00+00:00,60799.9,61322.0,60319.3,60446.3,23792.275,2026-07-01 22:59:59.999000+00:00,1447868343.0056,305049,12880.811,783911836.8455,0,BTCUSDT,1h
2026-07-01 23:00:00+00:00,60446.3,60446.3,59949.2,59999.6,8275.076,2026-07-01 23:59:59.999000+00:00,497749852.2603,167059,3972.394,238936239.4487,0,BTCUSDT,1h
2026-07-02 00:00:00+00:00,59999.6,60005.7,59555.0,59719.7,11009.328,2026-07-02 00:59:59.999000+00:00,658001064.3729,198236,5543.616,331349719.6703,0,BTCUSDT,1h
2026-07-02 01:00:00+00:00,59719.7,60298.0,59688.9,60150.0,8878.647,2026-07-02 01:59:59.999000+00:00,532737185.8072,185981,4873.4,292354510.0607,0,BTCUSDT,1h
2026-07-02 02:00:00+00:00,60150.0,60467.2,59978.3,60392.5,5419.48,2026-07-02 02:59:59.999000+00:00,326567136.268,141744,2690.732,162150522.3205,0,BTCUSDT,1h
2026-07-02 03:00:00+00:00,60392.4,61102.5,60259.1,61032.9,12526.353,2026-07-02 03:59:59.999000+00:00,760511414.9821,232061,7121.36,432458798.792,0,BTCUSDT,1h
2026-07-02 04:00:00+00:00,61032.9,61033.0,60703.1,60757.7,7263.034,2026-07-02 04:59:59.999000+00:00,441819390.0221,138824,2791.261,169813845.8383,0,BTCUSDT,1h
2026-07-02 05:00:00+00:00,60757.7,60852.9,60450.0,60479.9,9042.359,2026-07-02 05:59:59.999000+00:00,548290467.7868,163105,3846.067,233231150.9565,0,BTCUSDT,1h
2026-07-02 06:00:00+00:00,60480.0,60623.5,60232.6,60247.6,8467.548,2026-07-02 06:59:59.999000+00:00,511606790.3679,144166,3651.611,220670118.8333,0,BTCUSDT,1h
2026-07-02 07:00:00+00:00,60247.6,60288.0,60080.9,60125.8,9344.837,2026-07-02 07:59:59.999000+00:00,562182911.38,140649,4321.92,260007110.6959,0,BTCUSDT,1h
2026-07-02 08:00:00+00:00,60125.8,60542.2,60113.5,60486.8,6198.207,2026-07-02 08:59:59.999000+00:00,374069600.1497,134288,3666.823,221304025.8678,0,BTCUSDT,1h
2026-07-02 09:00:00+00:00,60486.7,61447.0,60342.5,61159.6,25607.036,2026-07-02 09:59:59.999000+00:00,1562063828.7962,412522,14587.916,889951627.1233,0,BTCUSDT,1h
2026-07-02 10:00:00+00:00,61159.6,61330.0,61019.8,61238.5,9252.747,2026-07-02 10:59:59.999000+00:00,566150277.903,228665,4019.327,245885287.7354,0,BTCUSDT,1h
2026-07-02 11:00:00+00:00,61238.4,61367.3,61100.0,61329.1,12681.094,2026-07-02 11:59:59.999000+00:00,776849330.2885,222937,5781.462,354157883.4327,0,BTCUSDT,1h
2026-07-02 12:00:00+00:00,61329.1,61591.1,61109.9,61507.4,18071.778,2026-07-02 12:59:59.999000+00:00,1108969610.0496,354504,9126.245,560176762.4687,0,BTCUSDT,1h
2026-07-02 13:00:00+00:00,61507.3,62077.3,61472.0,61913.5,25674.18,2026-07-02 13:59:59.999000+00:00,1586755234.2802,463512,13870.115,857326971.7262,0,BTCUSDT,1h
2026-07-02 14:00:00+00:00,61913.6,62180.0,61368.8,61669.8,18344.228,2026-07-02 14:59:59.999000+00:00,1132654907.8898,458562,9049.473,558899149.897,0,BTCUSDT,1h
2026-07-02 15:00:00+00:00,61669.7,61844.4,61400.0,61584.0,7696.828,2026-07-02 15:59:59.999000+00:00,474289330.552,249568,3775.389,232662149.9827,0,BTCUSDT,1h
2026-07-02 16:00:00+00:00,61584.0,61754.9,61113.8,61646.8,13879.115,2026-07-02 16:59:59.999000+00:00,852140451.7016,259302,6435.153,395265123.4871,0,BTCUSDT,1h
2026-07-02 17:00:00+00:00,61646.8,61900.0,61592.8,61643.0,6139.152,2026-07-02 17:59:59.999000+00:00,379117330.803,157383,3472.865,214506014.4122,0,BTCUSDT,1h
2026-07-02 18:00:00+00:00,61643.0,61847.2,61633.7,61733.5,3075.802,2026-07-02 18:59:59.999000+00:00,189968975.6393,100170,1579.753,97571761.1304,0,BTCUSDT,1h
2026-07-02 19:00:00+00:00,61733.5,61739.7,61388.1,61452.5,5108.61,2026-07-02 19:59:59.999000+00:00,314387104.8189,128260,2249.807,138476096.8572,0,BTCUSDT,1h
2026-07-02 20:00:00+00:00,61452.4,61576.8,61308.3,61555.4,4121.371,2026-07-02 20:59:59.999000+00:00,253116105.6426,91643,2214.592,136040567.0074,0,BTCUSDT,1h
2026-07-02 21:00:00+00:00,61555.3,61634.3,61500.0,61570.6,1957.081,2026-07-02 21:59:59.999000+00:00,120424802.0424,43088,917.164,56437612.6753,0,BTCUSDT,1h
2026-07-02 22:00:00+00:00,61570.5,61570.6,61388.0,61445.0,3574.01,2026-07-02 22:59:59.999000+00:00,219797847.1617,45314,931.132,57264242.9384,0,BTCUSDT,1h
2026-07-02 23:00:00+00:00,61444.9,61588.2,61333.0,61540.6,2617.247,2026-07-02 23:59:59.999000+00:00,160853077.7991,71439,1463.332,89954789.9756,0,BTCUSDT,1h
2026-07-03 00:00:00+00:00,61540.5,61558.8,61229.0,61283.9,3597.556,2026-07-03 00:59:59.999000+00:00,220727922.5824,114901,1773.623,108833335.9625,0,BTCUSDT,1h
2026-07-03 01:00:00+00:00,61283.9,61727.2,61261.0,61566.5,4451.238,2026-07-03 01:59:59.999000+00:00,274064180.7967,155945,2358.112,145185491.816,0,BTCUSDT,1h
2026-07-03 02:00:00+00:00,61566.6,61647.0,61271.0,61411.8,3999.381,2026-07-03 02:59:59.999000+00:00,245706947.5835,110627,2075.143,127487127.4173,0,BTCUSDT,1h
2026-07-03 03:00:00+00:00,61411.9,61558.0,61300.0,61407.6,3005.736,2026-07-03 03:59:59.999000+00:00,184602791.1375,80913,1583.192,97226131.2329,0,BTCUSDT,1h
2026-07-03 04:00:00+00:00,61407.5,61504.6,61300.4,61420.5,2696.433,2026-07-03 04:59:59.999000+00:00,165581031.3095,71031,1469.233,90225625.1326,0,BTCUSDT,1h
2026-07-03 05:00:00+00:00,61420.5,61788.0,61403.1,61674.8,4765.665,2026-07-03 05:59:59.999000+00:00,293700503.9476,111589,2474.722,152524928.4799,0,BTCUSDT,1h
2026-07-03 06:00:00+00:00,61674.7,61825.1,61584.0,61680.5,3450.463,2026-07-03 06:59:59.999000+00:00,212944668.9,84400,1732.935,106966754.7618,0,BTCUSDT,1h
2026-07-03 07:00:00+00:00,61680.6,61849.7,61634.1,61733.6,3348.266,2026-07-03 07:59:59.999000+00:00,206759579.9297,75979,1532.016,94605247.1859,0,BTCUSDT,1h
2026-07-03 08:00:00+00:00,61733.7,61875.3,61525.9,61553.5,4222.917,2026-07-03 08:59:59.999000+00:00,260601375.6186,105208,1968.61,121518794.8549,0,BTCUSDT,1h
2026-07-03 09:00:00+00:00,61553.6,61760.7,61480.7,61686.8,3311.924,2026-07-03 09:59:59.999000+00:00,204095123.8501,95641,1770.734,109128354.7432,0,BTCUSDT,1h
2026-07-03 10:00:00+00:00,61686.9,62017.7,61640.2,61886.6,5642.212,2026-07-03 10:59:59.999000+00:00,349050556.7763,121306,3264.838,201996989.6125,0,BTCUSDT,1h
2026-07-03 11:00:00+00:00,61886.5,62078.6,61808.1,61992.8,5889.006,2026-07-03 11:59:59.999000+00:00,364869322.5852,124920,3101.796,192185865.3359,0,BTCUSDT,1h
2026-07-03 12:00:00+00:00,61992.8,62149.3,61841.0,61952.5,8242.179,2026-07-03 12:59:59.999000+00:00,511313621.852,147376,4628.977,287198820.3795,0,BTCUSDT,1h
2026-07-03 13:00:00+00:00,61952.6,62271.9,61910.5,62083.8,5936.24,2026-07-03 13:59:59.999000+00:00,368500717.3716,140188,3053.051,189577720.8483,0,BTCUSDT,1h
2026-07-03 14:00:00+00:00,62083.9,62257.0,61653.0,62142.9,8788.007,2026-07-03 14:59:59.999000+00:00,544277616.0863,203558,4262.362,264042353.196,0,BTCUSDT,1h
2026-07-03 15:00:00+00:00,62142.9,62386.7,61778.1,61895.2,13581.616,2026-07-03 15:59:59.999000+00:00,843009662.2376,223112,6667.154,413973456.8627,0,BTCUSDT,1h
2026-07-03 16:00:00+00:00,61895.2,62103.5,61877.6,62081.9,4059.255,2026-07-03 16:59:59.999000+00:00,251692659.8322,93398,2417.71,149929889.2412,0,BTCUSDT,1h
2026-07-03 17:00:00+00:00,62081.9,62266.8,62036.0,62171.5,4094.585,2026-07-03 17:59:59.999000+00:00,254612278.8879,90069,2023.744,125842515.8912,0,BTCUSDT,1h
2026-07-03 18:00:00+00:00,62171.5,62223.7,62087.4,62180.2,2583.154,2026-07-03 18:59:59.999000+00:00,160562887.3194,65054,1267.192,78764677.7216,0,BTCUSDT,1h
2026-07-03 19:00:00+00:00,62180.3,62292.4,62120.1,62178.4,3755.875,2026-07-03 19:59:59.999000+00:00,233603970.3369,83533,1894.723,117846632.0466,0,BTCUSDT,1h
2026-07-03 20:00:00+00:00,62178.4,62898.0,62151.2,62759.3,21132.14,2026-07-03 20:59:59.999000+00:00,1322688357.8173,265270,12218.122,764792956.1315,0,BTCUSDT,1h
2026-07-03 21:00:00+00:00,62759.3,62957.2,62488.8,62706.8,7035.75,2026-07-03 21:59:59.999000+00:00,441158315.6652,139027,3605.397,226083010.6714,0,BTCUSDT,1h
2026-07-03 22:00:00+00:00,62706.9,62726.0,62513.0,62549.3,2682.334,2026-07-03 22:59:59.999000+00:00,167924101.3908,71080,1181.594,73968485.768,0,BTCUSDT,1h
2026-07-03 23:00:00+00:00,62549.3,62688.0,62507.1,62565.5,2226.562,2026-07-03 23:59:59.999000+00:00,139377148.7812,60226,1212.37,75893067.9389,0,BTCUSDT,1h
2026-07-04 00:00:00+00:00,62565.5,62925.7,62560.5,62735.1,5338.885,2026-07-04 00:59:59.999000+00:00,335145679.6741,115369,3110.38,195238528.5965,0,BTCUSDT,1h
2026-07-04 01:00:00+00:00,62735.0,62735.1,62381.6,62450.0,5177.732,2026-07-04 01:59:59.999000+00:00,323590819.9836,122303,2165.762,135347394.0755,0,BTCUSDT,1h
2026-07-04 02:00:00+00:00,62450.0,62556.5,62404.0,62514.0,1900.751,2026-07-04 02:59:59.999000+00:00,118765547.7703,57113,980.494,61271247.0471,0,BTCUSDT,1h
2026-07-04 03:00:00+00:00,62514.1,62734.7,62460.0,62609.6,2757.48,2026-07-04 03:59:59.999000+00:00,172644328.7254,71420,1518.467,95070433.4564,0,BTCUSDT,1h
2026-07-04 04:00:00+00:00,62609.6,62735.2,62568.8,62661.5,1944.821,2026-07-04 04:59:59.999000+00:00,121833329.3975,58393,1029.315,64487568.9166,0,BTCUSDT,1h
2026-07-04 05:00:00+00:00,62661.6,62661.6,62395.7,62445.6,2620.858,2026-07-04 05:59:59.999000+00:00,163788811.7339,61424,865.127,54072545.9443,0,BTCUSDT,1h
2026-07-04 06:00:00+00:00,62445.7,62538.6,62302.6,62473.2,2993.905,2026-07-04 06:59:59.999000+00:00,186875966.4896,68203,1400.737,87440251.153,0,BTCUSDT,1h
2026-07-04 07:00:00+00:00,62473.1,62612.6,62441.8,62549.0,2131.436,2026-07-04 07:59:59.999000+00:00,133254817.1972,54945,1233.89,77141633.1947,0,BTCUSDT,1h
2026-07-04 08:00:00+00:00,62549.1,62654.1,62485.1,62528.0,2712.962,2026-07-04 08:59:59.999000+00:00,169741008.5878,57937,1367.097,85548958.8914,0,BTCUSDT,1h
2026-07-04 09:00:00+00:00,62527.9,62559.3,62386.1,62466.0,1929.56,2026-07-04 09:59:59.999000+00:00,120519504.6608,53756,904.154,56473879.3109,0,BTCUSDT,1h
2026-07-04 10:00:00+00:00,62466.0,62518.8,62418.3,62483.9,1203.457,2026-07-04 10:59:59.999000+00:00,75170934.7949,36031,520.332,32502400.768,0,BTCUSDT,1h
2026-07-04 11:00:00+00:00,62483.8,62545.4,62430.1,62458.7,1559.204,2026-07-04 11:59:59.999000+00:00,97416289.0153,40909,823.494,51455811.0854,0,BTCUSDT,1h
2026-07-04 12:00:00+00:00,62458.6,62671.5,62458.6,62634.1,1790.061,2026-07-04 12:59:59.999000+00:00,112015259.6503,49349,1077.268,67416511.3113,0,BTCUSDT,1h
2026-07-04 13:00:00+00:00,62634.0,62755.5,62509.4,62563.0,2399.918,2026-07-04 13:59:59.999000+00:00,150265410.2506,63642,1187.166,74351132.3323,0,BTCUSDT,1h
2026-07-04 14:00:00+00:00,62562.9,62719.3,62562.4,62671.9,1875.0,2026-07-04 14:59:59.999000+00:00,117453868.807,59254,1045.462,65489723.0123,0,BTCUSDT,1h
2026-07-04 15:00:00+00:00,62671.8,63069.6,62666.7,62908.8,9460.185,2026-07-04 15:59:59.999000+00:00,594917648.7213,199887,5827.528,366533867.8167,0,BTCUSDT,1h
2026-07-04 16:00:00+00:00,62908.7,62943.0,62752.9,62895.2,2956.899,2026-07-04 16:59:59.999000+00:00,185852974.3477,86981,1481.369,93112197.5018,0,BTCUSDT,1h
2026-07-04 17:00:00+00:00,62895.2,63420.0,62769.8,63245.6,10022.122,2026-07-04 17:59:59.999000+00:00,633071910.9352,182615,5913.221,373581038.2913,0,BTCUSDT,1h
2026-07-04 18:00:00+00:00,63245.5,63324.8,63070.0,63137.5,3957.615,2026-07-04 18:59:59.999000+00:00,250040159.1182,94640,1761.413,111281208.5585,0,BTCUSDT,1h
2026-07-04 19:00:00+00:00,63137.5,63450.0,63090.0,63268.1,4202.383,2026-07-04 19:59:59.999000+00:00,265980535.6064,84022,2196.874,139042479.0987,0,BTCUSDT,1h
2026-07-04 20:00:00+00:00,63268.0,63367.0,63128.4,63208.9,2485.99,2026-07-04 20:59:59.999000+00:00,157195895.3003,69442,1173.956,74231907.7818,0,BTCUSDT,1h
2026-07-04 21:00:00+00:00,63208.8,63430.0,63172.8,63274.7,2460.986,2026-07-04 21:59:59.999000+00:00,155850929.2626,54897,1268.731,80340075.1967,0,BTCUSDT,1h
2026-07-04 22:00:00+00:00,63274.6,63286.4,63129.4,63167.7,1955.701,2026-07-04 22:59:59.999000+00:00,123590428.3952,50208,1007.683,63683576.1654,0,BTCUSDT,1h
2026-07-04 23:00:00+00:00,63167.7,63215.8,62902.7,63114.8,3811.613,2026-07-04 23:59:59.999000+00:00,240381259.4785,92370,1690.687,106632241.7908,0,BTCUSDT,1h
2026-07-05 00:00:00+00:00,63114.9,63114.9,62824.4,62962.5,3551.601,2026-07-05 00:59:59.999000+00:00,223703701.1934,86000,1358.617,85591610.0801,0,BTCUSDT,1h
2026-07-05 01:00:00+00:00,62962.6,63022.6,62762.3,62859.8,4010.604,2026-07-05 01:59:59.999000+00:00,252127298.5575,91351,1789.251,112500675.546,0,BTCUSDT,1h
2026-07-05 02:00:00+00:00,62859.8,62902.6,62549.6,62673.8,4562.372,2026-07-05 02:59:59.999000+00:00,285997874.6808,106284,1974.856,123807237.2893,0,BTCUSDT,1h
2026-07-05 03:00:00+00:00,62673.7,62766.0,62626.5,62739.1,2361.782,2026-07-05 03:59:59.999000+00:00,148107735.3685,61232,1200.339,75274875.8065,0,BTCUSDT,1h
2026-07-05 04:00:00+00:00,62739.1,62928.0,62680.0,62787.3,2921.002,2026-07-05 04:59:59.999000+00:00,183518861.4929,68468,1708.176,107321999.6937,0,BTCUSDT,1h
2026-07-05 05:00:00+00:00,62787.0,62788.4,62628.0,62716.4,2140.339,2026-07-05 05:59:59.999000+00:00,134240102.4507,56762,963.955,60460350.187,0,BTCUSDT,1h
2026-07-05 06:00:00+00:00,62716.4,62800.0,62644.3,62749.9,1389.733,2026-07-05 06:59:59.999000+00:00,87182640.9309,46408,778.868,48860335.0163,0,BTCUSDT,1h
2026-07-05 07:00:00+00:00,62749.8,63039.3,62690.5,62995.1,3714.195,2026-07-05 07:59:59.999000+00:00,233523261.4228,75833,2262.315,142254266.2434,0,BTCUSDT,1h
2026-07-05 08:00:00+00:00,62995.1,63084.0,62868.0,62893.3,2742.219,2026-07-05 08:59:59.999000+00:00,172646257.2007,66859,1245.456,78418499.7036,0,BTCUSDT,1h
2026-07-05 09:00:00+00:00,62893.4,62908.7,62410.1,62600.3,6542.351,2026-07-05 09:59:59.999000+00:00,409652399.9033,124097,2700.665,169104710.6305,0,BTCUSDT,1h
2026-07-05 10:00:00+00:00,62600.2,62737.9,62507.2,62737.6,2252.572,2026-07-05 10:59:59.999000+00:00,141136751.7438,59584,1252.596,78487185.4499,0,BTCUSDT,1h
2026-07-05 11:00:00+00:00,62737.6,62799.9,62582.3,62630.0,1774.562,2026-07-05 11:59:59.999000+00:00,111205963.8778,52176,819.558,51363122.6819,0,BTCUSDT,1h
2026-07-05 12:00:00+00:00,62630.0,62752.0,62534.3,62718.2,2260.963,2026-07-05 12:59:59.999000+00:00,141665783.8058,62195,1191.57,74669401.3055,0,BTCUSDT,1h
2026-07-05 13:00:00+00:00,62718.3,62797.9,62617.5,62769.9,2043.696,2026-07-05 13:59:59.999000+00:00,128191476.9483,56876,964.358,60488884.4303,0,BTCUSDT,1h
2026-07-05 14:00:00+00:00,62769.9,62793.6,62621.5,62785.3,1709.374,2026-07-05 14:59:59.999000+00:00,107188033.1599,55691,832.268,52191633.2391,0,BTCUSDT,1h
2026-07-05 15:00:00+00:00,62785.2,62923.7,62646.9,62711.9,4065.907,2026-07-05 15:59:59.999000+00:00,255308628.9139,95570,2110.198,132519862.9537,0,BTCUSDT,1h
2026-07-05 16:00:00+00:00,62711.9,62745.6,62570.0,62612.0,3034.915,2026-07-05 16:59:59.999000+00:00,190085305.5807,65643,1420.886,88992314.1118,0,BTCUSDT,1h
2026-07-05 17:00:00+00:00,62612.0,62800.0,62564.4,62601.3,2087.571,2026-07-05 17:59:59.999000+00:00,130827894.8724,63801,1100.824,68997627.0864,0,BTCUSDT,1h
2026-07-05 18:00:00+00:00,62601.4,62865.0,62587.8,62787.6,1904.702,2026-07-05 18:59:59.999000+00:00,119453656.5911,57549,1109.12,69565026.0348,0,BTCUSDT,1h
2026-07-05 19:00:00+00:00,62787.6,62848.5,62691.2,62744.0,1276.56,2026-07-05 19:59:59.999000+00:00,80139535.1851,48966,605.902,38038344.2871,0,BTCUSDT,1h
2026-07-05 20:00:00+00:00,62744.1,62815.1,62667.5,62704.7,862.24,2026-07-05 20:59:59.999000+00:00,54095548.2482,32512,355.919,22327265.6099,0,BTCUSDT,1h
2026-07-05 21:00:00+00:00,62704.8,63224.7,62580.0,63070.4,6287.574,2026-07-05 21:59:59.999000+00:00,395928282.2589,123997,3637.224,229030773.2425,0,BTCUSDT,1h
2026-07-05 22:00:00+00:00,63070.4,63979.3,62976.3,63717.1,20592.411,2026-07-05 22:59:59.999000+00:00,1308712448.4664,342582,12339.736,784443724.4149,0,BTCUSDT,1h
2026-07-05 23:00:00+00:00,63717.1,63990.7,63542.8,63617.1,8537.899,2026-07-05 23:59:59.999000+00:00,544300233.7558,188882,4448.626,283635133.6907,0,BTCUSDT,1h
2026-07-06 00:00:00+00:00,63617.2,63760.0,63308.3,63728.4,7726.289,2026-07-06 00:59:59.999000+00:00,491020031.2189,191174,4316.451,274358326.9292,0,BTCUSDT,1h
2026-07-06 01:00:00+00:00,63728.3,63900.0,63520.0,63544.2,4911.735,2026-07-06 01:59:59.999000+00:00,312965088.9184,159718,2450.331,156136823.4405,0,BTCUSDT,1h
2026-07-06 02:00:00+00:00,63544.1,63644.1,63340.4,63425.1,5031.491,2026-07-06 02:59:59.999000+00:00,319315683.402,140396,2456.862,155945000.6465,0,BTCUSDT,1h
2026-07-06 03:00:00+00:00,63425.1,63478.4,63101.2,63273.0,6110.788,2026-07-06 03:59:59.999000+00:00,386406163.2599,156466,2744.517,173548242.1315,0,BTCUSDT,1h
2026-07-06 04:00:00+00:00,63272.9,63368.3,63154.6,63242.9,2765.979,2026-07-06 04:59:59.999000+00:00,175003052.2627,90195,1421.713,89957238.774,0,BTCUSDT,1h
2026-07-06 05:00:00+00:00,63242.8,63242.8,62912.6,63086.0,6116.52,2026-07-06 05:59:59.999000+00:00,385759100.4986,140812,2761.459,174140407.7267,0,BTCUSDT,1h
2026-07-06 06:00:00+00:00,63086.0,63125.6,62940.0,62962.6,3366.096,2026-07-06 06:59:59.999000+00:00,212131976.0579,82442,1668.312,105142564.6097,0,BTCUSDT,1h
2026-07-06 07:00:00+00:00,62962.6,63102.7,62858.4,63064.5,4208.151,2026-07-06 07:59:59.999000+00:00,264962620.2988,91400,2247.983,141545698.5051,0,BTCUSDT,1h
2026-07-06 08:00:00+00:00,63064.5,63226.4,62807.1,62876.1,5227.929,2026-07-06 08:59:59.999000+00:00,329402110.4993,109875,2718.157,171311675.2128,0,BTCUSDT,1h
2026-07-06 09:00:00+00:00,62876.0,62893.9,62610.0,62646.6,5981.406,2026-07-06 09:59:59.999000+00:00,375110626.3333,110927,2540.908,159333961.0526,0,BTCUSDT,1h
2026-07-06 10:00:00+00:00,62646.5,63019.3,62641.5,62797.6,5488.25,2026-07-06 10:59:59.999000+00:00,344911349.5683,105009,3004.691,188831909.0947,0,BTCUSDT,1h
2026-07-06 11:00:00+00:00,62797.7,62979.4,62461.4,62461.4,10912.522,2026-07-06 11:59:59.999000+00:00,683990982.0362,127433,2827.563,177417850.5306,0,BTCUSDT,1h
2026-07-06 12:00:00+00:00,62461.2,62467.2,61652.0,61733.6,34860.28,2026-07-06 12:59:59.999000+00:00,2161266046.4773,548944,16735.405,1037492136.4399,0,BTCUSDT,1h
2026-07-06 13:00:00+00:00,61733.6,62023.8,61297.0,61751.7,25787.251,2026-07-06 13:59:59.999000+00:00,1589662997.8176,499330,13398.545,826170537.5173,0,BTCUSDT,1h
2026-07-06 14:00:00+00:00,61751.7,62397.3,61679.4,62019.7,16281.511,2026-07-06 14:59:59.999000+00:00,1009860185.5599,402981,8339.674,517268107.8748,0,BTCUSDT,1h
2026-07-06 15:00:00+00:00,62019.7,63531.1,62019.7,63523.1,28807.014,2026-07-06 15:59:59.999000+00:00,1809888334.1981,564604,15436.88,970334199.918,0,BTCUSDT,1h
2026-07-06 16:00:00+00:00,63523.0,63850.0,63356.8,63710.4,21207.184,2026-07-06 16:59:59.999000+00:00,1349061557.8628,431627,10546.166,670949218.1566,0,BTCUSDT,1h
2026-07-06 17:00:00+00:00,63710.4,63977.9,63539.9,63565.2,11369.867,2026-07-06 17:59:59.999000+00:00,725021978.5062,231027,5892.247,375849822.1525,0,BTCUSDT,1h
2026-07-06 18:00:00+00:00,63565.2,63867.5,63532.8,63675.7,4653.007,2026-07-06 18:59:59.999000+00:00,296441980.6837,136575,2478.126,157886488.7809,0,BTCUSDT,1h
2026-07-06 19:00:00+00:00,63675.8,63874.4,63628.0,63709.8,3459.098,2026-07-06 19:59:59.999000+00:00,220566437.1621,112476,1754.495,111876991.9287,0,BTCUSDT,1h
2026-07-06 20:00:00+00:00,63709.9,63868.0,63560.0,63798.0,3993.392,2026-07-06 20:59:59.999000+00:00,254362361.516,100388,1844.794,117482311.8981,0,BTCUSDT,1h
2026-07-06 21:00:00+00:00,63798.1,64691.9,63781.7,64475.9,17905.498,2026-07-06 21:59:59.999000+00:00,1152141685.8956,336209,10849.251,698148002.9701,0,BTCUSDT,1h
2026-07-06 22:00:00+00:00,64475.9,64488.8,64129.4,64227.2,3777.611,2026-07-06 22:59:59.999000+00:00,242805455.5978,115237,1788.639,114959553.9459,0,BTCUSDT,1h
2026-07-06 23:00:00+00:00,64227.2,64330.5,64002.0,64023.6,2844.93,2026-07-06 23:59:59.999000+00:00,182448483.7604,88692,1164.086,74664284.5465,0,BTCUSDT,1h
2026-07-07 00:00:00+00:00,64023.5,64298.1,63981.6,64175.2,4516.091,2026-07-07 00:59:59.999000+00:00,289529261.1414,139745,2450.576,157117797.2263,0,BTCUSDT,1h
2026-07-07 01:00:00+00:00,64175.1,64175.2,63738.9,63815.0,6656.918,2026-07-07 01:59:59.999000+00:00,425438387.8917,181002,2753.475,175992926.8148,0,BTCUSDT,1h
2026-07-07 02:00:00+00:00,63815.0,63884.1,63257.0,63298.2,12011.75,2026-07-07 02:59:59.999000+00:00,763170312.3964,197119,4765.581,302776305.9367,0,BTCUSDT,1h
2026-07-07 03:00:00+00:00,63298.2,63412.8,63122.0,63165.0,6438.175,2026-07-07 03:59:59.999000+00:00,407309308.1423,148767,2897.478,183336677.2651,0,BTCUSDT,1h
2026-07-07 04:00:00+00:00,63164.9,63266.7,63030.7,63069.0,5517.363,2026-07-07 04:59:59.999000+00:00,348441400.6243,112650,2509.763,158529884.8111,0,BTCUSDT,1h
2026-07-07 05:00:00+00:00,63069.0,63232.7,62745.6,63092.5,10146.888,2026-07-07 05:59:59.999000+00:00,639216097.0782,155468,5178.295,326252853.8978,0,BTCUSDT,1h
2026-07-07 06:00:00+00:00,63092.4,63373.3,62954.4,63310.0,6420.153,2026-07-07 06:59:59.999000+00:00,405689105.2091,119404,3584.363,226514102.0334,0,BTCUSDT,1h
2026-07-07 07:00:00+00:00,63309.9,63424.2,63050.0,63062.6,5308.971,2026-07-07 07:59:59.999000+00:00,335612324.6907,108853,2290.709,144812751.8441,0,BTCUSDT,1h
2026-07-07 08:00:00+00:00,63062.7,63165.7,62958.4,63074.0,3246.141,2026-07-07 08:59:59.999000+00:00,204722673.3387,81924,1528.325,96390877.871,0,BTCUSDT,1h
2026-07-07 09:00:00+00:00,63074.0,63317.4,63030.0,63226.9,3984.997,2026-07-07 09:59:59.999000+00:00,251819958.5104,81077,2134.973,134913866.7912,0,BTCUSDT,1h
2026-07-07 10:00:00+00:00,63227.0,63432.8,63185.4,63258.6,4429.345,2026-07-07 10:59:59.999000+00:00,280462895.9861,96822,2211.897,140078805.3918,0,BTCUSDT,1h
2026-07-07 11:00:00+00:00,63258.6,63427.8,63080.0,63377.7,4669.388,2026-07-07 11:59:59.999000+00:00,295311351.4249,107499,2259.954,142927354.9159,0,BTCUSDT,1h
2026-07-07 12:00:00+00:00,63377.8,63868.0,63365.7,63451.9,11307.971,2026-07-07 12:59:59.999000+00:00,719467423.5037,211740,5789.854,368357490.2039,0,BTCUSDT,1h
2026-07-07 13:00:00+00:00,63451.8,63455.4,62960.3,63033.2,13510.125,2026-07-07 13:59:59.999000+00:00,853384197.1852,354575,6379.695,403008464.5726,0,BTCUSDT,1h
2026-07-07 14:00:00+00:00,63033.3,63617.8,62638.0,63536.5,19586.851,2026-07-07 14:59:59.999000+00:00,1235250052.3235,510609,9872.115,622935933.9496,0,BTCUSDT,1h
2026-07-07 15:00:00+00:00,63536.5,64096.0,63349.4,63910.0,15827.862,2026-07-07 15:59:59.999000+00:00,1009166069.3293,380472,7952.303,507172568.521,0,BTCUSDT,1h
2026-07-07 16:00:00+00:00,63910.0,64234.1,63780.3,63962.4,8485.483,2026-07-07 16:59:59.999000+00:00,542886254.1549,229715,4300.035,275152347.1246,0,BTCUSDT,1h
2026-07-07 17:00:00+00:00,63962.4,64211.0,63868.2,64164.7,4437.323,2026-07-07 17:59:59.999000+00:00,284225091.343,139199,2065.063,132295352.6883,0,BTCUSDT,1h
2026-07-07 18:00:00+00:00,64164.6,64168.8,63646.5,63653.8,6767.564,2026-07-07 18:59:59.999000+00:00,432398766.3037,160547,2744.406,175322764.8957,0,BTCUSDT,1h
2026-07-07 19:00:00+00:00,63653.6,63873.2,63351.4,63794.9,8996.679,2026-07-07 19:59:59.999000+00:00,572293562.2904,209837,5051.668,321353628.237,0,BTCUSDT,1h
2026-07-07 20:00:00+00:00,63794.9,63874.6,63588.5,63668.3,2860.895,2026-07-07 20:59:59.999000+00:00,182297647.4108,78815,1300.019,82846053.5751,0,BTCUSDT,1h
2026-07-07 21:00:00+00:00,63668.4,63839.9,63264.0,63399.5,5782.613,2026-07-07 21:59:59.999000+00:00,367002836.8071,121571,2727.828,173128457.0397,0,BTCUSDT,1h
2026-07-07 22:00:00+00:00,63399.5,63635.4,63177.0,63514.9,3966.559,2026-07-07 22:59:59.999000+00:00,251550232.6026,109643,1999.268,126836161.6491,0,BTCUSDT,1h
2026-07-07 23:00:00+00:00,63514.9,63679.5,63288.0,63335.4,2329.733,2026-07-07 23:59:59.999000+00:00,147936052.4102,59649,1126.945,71572735.289,0,BTCUSDT,1h
2026-07-08 00:00:00+00:00,63335.4,63740.2,63274.1,63585.9,3564.601,2026-07-08 00:59:59.999000+00:00,226464864.9442,104433,1872.817,118973884.9815,0,BTCUSDT,1h
2026-07-08 01:00:00+00:00,63585.9,63624.0,62883.6,63003.7,8120.007,2026-07-08 01:59:59.999000+00:00,512605074.9239,187652,3304.949,208638943.0131,0,BTCUSDT,1h
2026-07-08 02:00:00+00:00,63003.7,63037.1,62466.9,62951.3,13015.007,2026-07-08 02:59:59.999000+00:00,817228551.049,253115,6144.78,385962635.869,0,BTCUSDT,1h
2026-07-08 03:00:00+00:00,62951.4,63067.9,62666.0,62741.0,4155.352,2026-07-08 03:59:59.999000+00:00,261351609.0614,113157,1878.392,118160211.6194,0,BTCUSDT,1h
2026-07-08 04:00:00+00:00,62741.0,62873.3,62643.6,62767.3,3191.098,2026-07-08 04:59:59.999000+00:00,200286116.9161,101574,1629.474,102278079.3343,0,BTCUSDT,1h
2026-07-08 05:00:00+00:00,62766.9,62851.2,62520.4,62613.8,4053.867,2026-07-08 05:59:59.999000+00:00,254079122.1887,105031,1856.559,116367092.3063,0,BTCUSDT,1h
2026-07-08 06:00:00+00:00,62613.8,62718.2,62434.9,62628.5,5098.065,2026-07-08 06:59:59.999000+00:00,318983984.9709,137700,2515.365,157406158.5438,0,BTCUSDT,1h
2026-07-08 07:00:00+00:00,62628.5,62867.7,62519.3,62854.1,5614.701,2026-07-08 07:59:59.999000+00:00,352244755.5833,121550,3221.175,202090136.2573,0,BTCUSDT,1h
2026-07-08 08:00:00+00:00,62854.1,62921.8,61821.0,61989.8,24133.055,2026-07-08 08:59:59.999000+00:00,1500821368.1147,461548,11450.246,711869028.8624,0,BTCUSDT,1h
2026-07-08 09:00:00+00:00,61989.8,62142.9,61708.2,62031.7,11392.528,2026-07-08 09:59:59.999000+00:00,705627444.9948,229528,5597.421,346731762.566,0,BTCUSDT,1h
2026-07-08 10:00:00+00:00,62031.8,62164.7,61876.0,62149.8,5056.481,2026-07-08 10:59:59.999000+00:00,313681188.8783,106505,2658.427,164936144.7143,0,BTCUSDT,1h
2026-07-08 11:00:00+00:00,62149.9,62366.0,62025.2,62270.0,5367.666,2026-07-08 11:59:59.999000+00:00,333907930.2007,127866,2762.036,171838070.4908,0,BTCUSDT,1h
2026-07-08 12:00:00+00:00,62270.0,62394.1,61933.0,61933.9,5991.213,2026-07-08 12:59:59.999000+00:00,372465889.4082,129510,2597.105,161489790.0335,0,BTCUSDT,1h
2026-07-08 13:00:00+00:00,61933.9,62073.6,61615.0,61923.0,12545.108,2026-07-08 13:59:59.999000+00:00,775902020.2411,285917,6147.518,380268470.4356,0,BTCUSDT,1h
2026-07-08 14:00:00+00:00,61922.9,62151.9,61686.7,61865.5,10860.112,2026-07-08 14:59:59.999000+00:00,672644807.3477,317922,5675.72,351615108.7082,0,BTCUSDT,1h
2026-07-08 15:00:00+00:00,61865.6,61900.5,61520.0,61674.5,9713.099,2026-07-08 15:59:59.999000+00:00,598816315.7789,226207,4601.061,283697040.7293,0,BTCUSDT,1h
2026-07-08 16:00:00+00:00,61674.6,62129.8,61666.0,62086.4,7113.853,2026-07-08 16:59:59.999000+00:00,440344735.2762,181362,3915.875,242409142.5008,0,BTCUSDT,1h
2026-07-08 17:00:00+00:00,62086.3,62372.7,62005.2,62086.5,6899.963,2026-07-08 17:59:59.999000+00:00,429203915.9064,143503,3781.376,235227681.4782,0,BTCUSDT,1h
2026-07-08 18:00:00+00:00,62086.4,62331.0,62014.1,62158.8,3724.733,2026-07-08 18:59:59.999000+00:00,231590779.8055,122641,1905.597,118491288.0249,0,BTCUSDT,1h
2026-07-08 19:00:00+00:00,62158.9,62270.4,62043.0,62251.9,2519.071,2026-07-08 19:59:59.999000+00:00,156607497.8749,100097,1229.108,76415054.7519,0,BTCUSDT,1h
2026-07-08 20:00:00+00:00,62251.9,62287.1,62051.2,62076.2,2354.879,2026-07-08 20:59:59.999000+00:00,146393782.7419,73568,998.299,62060008.2872,0,BTCUSDT,1h
2026-07-08 21:00:00+00:00,62076.2,62226.4,61926.9,62162.4,4462.192,2026-07-08 21:59:59.999000+00:00,276952429.8309,105446,2065.152,128191674.7793,0,BTCUSDT,1h
2026-07-08 22:00:00+00:00,62162.4,62331.8,62144.4,62303.5,2226.252,2026-07-08 22:59:59.999000+00:00,138570556.4264,69257,1175.735,73190150.5282,0,BTCUSDT,1h
2026-07-08 23:00:00+00:00,62303.5,62320.6,62139.3,62255.3,1922.822,2026-07-08 23:59:59.999000+00:00,119665700.7352,62133,917.592,57114073.4361,0,BTCUSDT,1h
2026-07-09 00:00:00+00:00,62255.1,62284.4,62025.4,62101.8,3023.797,2026-07-09 00:59:59.999000+00:00,187920578.3508,101766,1431.198,88943322.4844,0,BTCUSDT,1h
2026-07-09 01:00:00+00:00,62101.8,62620.2,61796.1,61882.2,10363.949,2026-07-09 01:59:59.999000+00:00,645081589.1017,241238,4932.865,307248841.405,0,BTCUSDT,1h
2026-07-09 02:00:00+00:00,61882.2,62098.0,61666.0,61753.7,4989.881,2026-07-09 02:59:59.999000+00:00,308759332.2074,151301,2336.858,144631468.6972,0,BTCUSDT,1h
2026-07-09 03:00:00+00:00,61753.8,62042.7,61693.1,61943.1,3408.734,2026-07-09 03:59:59.999000+00:00,210865907.8517,115467,1758.335,108768298.448,0,BTCUSDT,1h
2026-07-09 04:00:00+00:00,61943.2,62427.7,61929.0,62420.4,5177.524,2026-07-09 04:59:59.999000+00:00,322055438.3847,117845,2954.037,183802789.4067,0,BTCUSDT,1h
2026-07-09 05:00:00+00:00,62420.3,62599.6,62204.9,62565.8,7762.964,2026-07-09 05:59:59.999000+00:00,484493501.5188,154693,3872.845,241750340.879,0,BTCUSDT,1h
2026-07-09 06:00:00+00:00,62565.8,62958.0,62452.1,62934.0,10744.759,2026-07-09 06:59:59.999000+00:00,673988106.3416,182495,6165.693,386825137.665,0,BTCUSDT,1h
2026-07-09 07:00:00+00:00,62933.9,63286.5,62774.5,62973.7,11947.227,2026-07-09 07:59:59.999000+00:00,752426558.8462,219021,6081.965,383137007.007,0,BTCUSDT,1h
2026-07-09 08:00:00+00:00,62973.6,63083.9,62822.8,62872.6,4400.093,2026-07-09 08:59:59.999000+00:00,276998939.7864,105011,2044.305,128712908.8514,0,BTCUSDT,1h
2026-07-09 09:00:00+00:00,62872.6,62980.4,62753.1,62925.0,3618.009,2026-07-09 09:59:59.999000+00:00,227413729.9019,100176,1781.957,112025776.072,0,BTCUSDT,1h
2026-07-09 10:00:00+00:00,62925.0,63030.5,62653.8,62757.2,3716.851,2026-07-09 10:59:59.999000+00:00,233524278.3679,97693,1707.865,107325383.4262,0,BTCUSDT,1h
2026-07-09 11:00:00+00:00,62757.2,62804.8,62583.4,62756.0,5140.324,2026-07-09 11:59:59.999000+00:00,322173815.9163,113918,2401.65,150542405.2517,0,BTCUSDT,1h
2026-07-09 12:00:00+00:00,62755.9,62934.3,62428.5,62583.3,19486.3,2026-07-09 12:59:59.999000+00:00,1221803946.3662,281228,9944.542,623615678.2173,0,BTCUSDT,1h
2026-07-09 13:00:00+00:00,62583.3,63215.0,62490.2,62999.9,9489.196,2026-07-09 13:59:59.999000+00:00,596259369.9971,300061,5478.984,344309292.0081,0,BTCUSDT,1h
2026-07-09 14:00:00+00:00,63000.0,63117.9,62620.1,62982.5,7113.788,2026-07-09 14:59:59.999000+00:00,447038874.4322,274898,3399.535,213670272.5326,0,BTCUSDT,1h
2026-07-09 15:00:00+00:00,62982.4,63233.0,62782.5,62835.4,6941.238,2026-07-09 15:59:59.999000+00:00,437431388.3652,208781,3505.689,220966273.4523,0,BTCUSDT,1h
2026-07-09 16:00:00+00:00,62835.4,62969.3,62525.2,62670.7,5324.178,2026-07-09 16:59:59.999000+00:00,333897601.2864,151512,2702.442,169506760.0805,0,BTCUSDT,1h
2026-07-09 17:00:00+00:00,62670.7,63146.0,62640.2,63114.7,5492.868,2026-07-09 17:59:59.999000+00:00,345716597.5461,135962,2772.293,174463941.6268,0,BTCUSDT,1h
2026-07-09 18:00:00+00:00,63114.8,63484.9,63041.9,63199.8,10034.92,2026-07-09 18:59:59.999000+00:00,635329710.0804,194308,5542.98,350967882.2544,0,BTCUSDT,1h
2026-07-09 19:00:00+00:00,63199.9,63365.0,63130.0,63222.9,2981.368,2026-07-09 19:59:59.999000+00:00,188521301.5564,101712,1701.668,107601637.1234,0,BTCUSDT,1h
2026-07-09 20:00:00+00:00,63222.9,63300.0,63148.1,63288.7,1854.485,2026-07-09 20:59:59.999000+00:00,117259595.7548,62210,801.058,50652067.9033,0,BTCUSDT,1h
2026-07-09 21:00:00+00:00,63288.8,63371.7,63162.7,63248.9,1886.986,2026-07-09 21:59:59.999000+00:00,119390605.7232,52460,888.323,56206401.8122,0,BTCUSDT,1h
2026-07-09 22:00:00+00:00,63249.0,63395.9,63180.9,63186.1,2732.059,2026-07-09 22:59:59.999000+00:00,172896915.0831,69908,1448.615,91685711.3988,0,BTCUSDT,1h
2026-07-09 23:00:00+00:00,63186.2,63299.9,63032.2,63197.0,3222.795,2026-07-09 23:59:59.999000+00:00,203614815.942,89534,1513.061,95605324.3916,0,BTCUSDT,1h
2026-07-10 00:00:00+00:00,63197.1,63239.2,62897.0,63085.3,4961.377,2026-07-10 00:59:59.999000+00:00,312823677.6175,130844,2309.422,145645736.9873,0,BTCUSDT,1h
2026-07-10 01:00:00+00:00,63085.3,63938.8,62931.7,63726.6,11961.053,2026-07-10 01:59:59.999000+00:00,760820261.849,231383,7274.574,462621383.701,0,BTCUSDT,1h
2026-07-10 02:00:00+00:00,63726.7,64022.0,63662.6,63935.0,7618.357,2026-07-10 02:59:59.999000+00:00,486486852.2656,168582,4079.943,260581960.0307,0,BTCUSDT,1h
2026-07-10 03:00:00+00:00,63935.0,64019.7,63789.0,63917.2,4041.922,2026-07-10 03:59:59.999000+00:00,258238714.9421,94066,2011.753,128533171.3702,0,BTCUSDT,1h
2026-07-10 04:00:00+00:00,63917.3,64168.0,63826.4,64019.3,6097.263,2026-07-10 04:59:59.999000+00:00,390358608.2681,120316,3280.043,210013500.36,0,BTCUSDT,1h
2026-07-10 05:00:00+00:00,64019.2,64185.0,63915.0,64090.0,4203.902,2026-07-10 05:59:59.999000+00:00,269248396.2521,89245,2256.919,144549288.3915,0,BTCUSDT,1h
2026-07-10 06:00:00+00:00,64089.9,64138.7,63804.4,63832.8,4672.326,2026-07-10 06:59:59.999000+00:00,298626688.2838,82733,1848.848,118181357.1661,0,BTCUSDT,1h
2026-07-10 07:00:00+00:00,63832.8,63980.0,63765.5,63956.1,4743.281,2026-07-10 07:59:59.999000+00:00,303053043.5916,75427,2621.44,167494943.6904,0,BTCUSDT,1h
2026-07-10 08:00:00+00:00,63956.1,64387.9,63949.1,64211.4,12036.605,2026-07-10 08:59:59.999000+00:00,772820289.2152,181580,7116.418,456883819.6845,0,BTCUSDT,1h
2026-07-10 09:00:00+00:00,64211.5,64459.9,64065.7,64360.4,8387.949,2026-07-10 09:59:59.999000+00:00,539460910.1424,153254,5144.873,330821239.3144,0,BTCUSDT,1h
2026-07-10 10:00:00+00:00,64360.4,64478.3,64244.6,64374.0,4417.956,2026-07-10 10:59:59.999000+00:00,284371260.2169,99046,2212.711,142442831.2832,0,BTCUSDT,1h
2026-07-10 11:00:00+00:00,64374.0,64450.3,64309.0,64394.2,2719.427,2026-07-10 11:59:59.999000+00:00,175089413.5319,76012,1304.701,84006902.9748,0,BTCUSDT,1h
2026-07-10 12:00:00+00:00,64394.2,64587.9,64236.3,64258.9,6480.494,2026-07-10 12:59:59.999000+00:00,417506094.7686,129285,3630.886,233976075.8435,0,BTCUSDT,1h
2026-07-10 13:00:00+00:00,64258.9,64680.0,64127.0,64453.7,9691.781,2026-07-10 13:59:59.999000+00:00,623987622.0017,219930,5453.845,351224100.2124,0,BTCUSDT,1h
2026-07-10 14:00:00+00:00,64453.6,64491.8,63768.0,63897.9,13660.447,2026-07-10 14:59:59.999000+00:00,875129819.8868,329383,6832.191,437725412.7552,0,BTCUSDT,1h
2026-07-10 15:00:00+00:00,63897.9,64196.1,63875.5,64018.7,5262.22,2026-07-10 15:59:59.999000+00:00,336862734.7326,159705,2928.894,187482900.8249,0,BTCUSDT,1h
2026-07-10 16:00:00+00:00,64018.7,64208.1,63802.4,64118.9,4431.076,2026-07-10 16:59:59.999000+00:00,283584579.0371,134138,2210.977,141529164.538,0,BTCUSDT,1h
2026-07-10 17:00:00+00:00,64118.9,64139.6,63803.6,63804.0,2988.902,2026-07-10 17:59:59.999000+00:00,191056389.1707,90040,1436.016,91788320.0229,0,BTCUSDT,1h
2026-07-10 18:00:00+00:00,63804.1,63990.0,63718.1,63792.0,2758.665,2026-07-10 18:59:59.999000+00:00,176127376.0394,80542,1380.189,88126646.017,0,BTCUSDT,1h
2026-07-10 19:00:00+00:00,63792.0,64029.9,63755.8,63900.4,3498.343,2026-07-10 19:59:59.999000+00:00,223598396.7864,86721,1796.478,114819442.5388,0,BTCUSDT,1h
2026-07-10 20:00:00+00:00,63900.4,63909.2,63619.9,63820.0,6698.936,2026-07-10 20:59:59.999000+00:00,427242417.5598,93726,2604.457,166098046.0843,0,BTCUSDT,1h
2026-07-10 21:00:00+00:00,63820.1,64086.4,63813.6,63987.6,2417.892,2026-07-10 21:59:59.999000+00:00,154641875.2639,52368,1315.259,84114002.0502,0,BTCUSDT,1h
2026-07-10 22:00:00+00:00,63987.7,64142.7,63953.9,64089.9,2814.802,2026-07-10 22:59:59.999000+00:00,180374091.3426,45468,1070.821,68612229.3041,0,BTCUSDT,1h
2026-07-10 23:00:00+00:00,64089.8,64176.9,63989.2,64129.5,2223.081,2026-07-10 23:59:59.999000+00:00,142491977.5958,49565,1136.4,72844961.9168,0,BTCUSDT,1h
2026-07-11 00:00:00+00:00,64129.5,64137.1,64000.0,64090.1,1731.884,2026-07-11 00:59:59.999000+00:00,110968286.3417,44277,655.386,41990992.5845,0,BTCUSDT,1h
2026-07-11 01:00:00+00:00,64090.1,64288.7,63969.9,63979.2,2766.132,2026-07-11 01:59:59.999000+00:00,177363200.3235,72963,1362.867,87408680.3202,0,BTCUSDT,1h
2026-07-11 02:00:00+00:00,63979.1,64137.8,63950.1,64130.5,1433.009,2026-07-11 02:59:59.999000+00:00,91762429.3011,44381,727.196,46568250.5025,0,BTCUSDT,1h
2026-07-11 03:00:00+00:00,64130.5,64169.1,64037.4,64117.2,1351.12,2026-07-11 03:59:59.999000+00:00,86634518.2236,40841,662.936,42507477.4716,0,BTCUSDT,1h
2026-07-11 04:00:00+00:00,64117.2,64182.0,64047.2,64123.4,1026.864,2026-07-11 04:59:59.999000+00:00,65835720.6052,33472,461.796,29607904.5597,0,BTCUSDT,1h
2026-07-11 05:00:00+00:00,64123.4,64198.8,64085.2,64141.6,1652.038,2026-07-11 05:59:59.999000+00:00,105971607.4821,44398,862.148,55301249.959,0,BTCUSDT,1h
2026-07-11 06:00:00+00:00,64141.6,64250.0,64091.6,64186.7,1422.943,2026-07-11 06:59:59.999000+00:00,91342885.0064,37441,748.921,48075613.0408,0,BTCUSDT,1h
2026-07-11 07:00:00+00:00,64186.7,64224.0,64120.6,64132.6,1227.267,2026-07-11 07:59:59.999000+00:00,78753415.1984,30300,502.727,32258527.1142,0,BTCUSDT,1h
2026-07-11 08:00:00+00:00,64132.6,64280.0,64123.0,64239.6,1627.259,2026-07-11 08:59:59.999000+00:00,104488434.3328,40813,1000.052,64211309.5954,0,BTCUSDT,1h
2026-07-11 09:00:00+00:00,64239.6,64272.7,64129.0,64143.0,1347.449,2026-07-11 09:59:59.999000+00:00,86499767.4154,34118,648.823,41655221.2718,0,BTCUSDT,1h
2026-07-11 10:00:00+00:00,64143.1,64185.0,64110.2,64163.9,1266.216,2026-07-11 10:59:59.999000+00:00,81218547.452,30566,563.734,36160238.3264,0,BTCUSDT,1h
2026-07-11 11:00:00+00:00,64163.9,64192.8,64146.3,64176.0,761.804,2026-07-11 11:59:59.999000+00:00,48882727.9352,22086,413.416,26527941.9911,0,BTCUSDT,1h
2026-07-11 12:00:00+00:00,64176.1,64207.0,64112.0,64168.4,1196.286,2026-07-11 12:59:59.999000+00:00,76746959.4178,30861,573.558,36797056.4937,0,BTCUSDT,1h
2026-07-11 13:00:00+00:00,64168.5,64245.4,64144.4,64213.9,1495.498,2026-07-11 13:59:59.999000+00:00,96003858.6329,36465,779.223,50022590.7331,0,BTCUSDT,1h
2026-07-11 14:00:00+00:00,64213.9,64497.4,64213.9,64321.0,4280.166,2026-07-11 14:59:59.999000+00:00,275498049.6068,82656,2527.908,162704432.0353,0,BTCUSDT,1h
2026-07-11 15:00:00+00:00,64321.0,64461.4,63668.8,64139.0,11703.971,2026-07-11 15:59:59.999000+00:00,750286690.888,182438,4501.178,288721079.6662,0,BTCUSDT,1h
2026-07-11 16:00:00+00:00,64139.1,64245.3,64050.4,64148.2,2521.736,2026-07-11 16:59:59.999000+00:00,161731089.5178,83349,1276.027,81845415.8356,0,BTCUSDT,1h
2026-07-11 17:00:00+00:00,64148.1,64375.8,64133.4,64289.8,2299.591,2026-07-11 17:59:59.999000+00:00,147829268.6796,59293,1283.002,82468024.5129,0,BTCUSDT,1h
2026-07-11 18:00:00+00:00,64289.8,64368.6,64258.1,64299.7,1059.229,2026-07-11 18:59:59.999000+00:00,68112883.6328,39170,515.208,33131020.9491,0,BTCUSDT,1h
2026-07-11 19:00:00+00:00,64299.7,64313.1,64205.7,64262.0,899.66,2026-07-11 19:59:59.999000+00:00,57804375.0224,29994,383.838,24663148.6843,0,BTCUSDT,1h
2026-07-11 20:00:00+00:00,64261.9,64438.9,64261.9,64353.2,1218.353,2026-07-11 20:59:59.999000+00:00,78405765.251,32607,764.833,49221136.3568,0,BTCUSDT,1h
2026-07-11 21:00:00+00:00,64353.3,64404.7,64310.0,64325.5,906.265,2026-07-11 21:59:59.999000+00:00,58312769.459,23391,375.283,24149197.6913,0,BTCUSDT,1h
2026-07-11 22:00:00+00:00,64325.5,64405.2,64110.5,64169.1,2214.267,2026-07-11 22:59:59.999000+00:00,142241953.5205,61457,962.766,61852757.6707,0,BTCUSDT,1h
2026-07-11 23:00:00+00:00,64169.1,64223.2,63776.0,63783.0,6265.888,2026-07-11 23:59:59.999000+00:00,400480391.8841,139678,2721.142,173929971.5657,0,BTCUSDT,1h
2026-07-12 00:00:00+00:00,63783.1,63884.9,63657.4,63802.9,4816.995,2026-07-12 00:59:59.999000+00:00,307231271.8127,127261,2522.698,160918256.275,0,BTCUSDT,1h
2026-07-12 01:00:00+00:00,63802.9,64146.2,63783.0,64106.0,3478.097,2026-07-12 01:59:59.999000+00:00,222602612.2896,87701,1903.507,121824011.0246,0,BTCUSDT,1h
2026-07-12 02:00:00+00:00,64106.0,64112.7,64002.0,64049.2,1748.455,2026-07-12 02:59:59.999000+00:00,112007115.7934,48954,711.352,45568911.982,0,BTCUSDT,1h
2026-07-12 03:00:00+00:00,64049.2,64217.8,64002.9,64201.8,2142.993,2026-07-12 03:59:59.999000+00:00,137442545.2708,59739,1293.321,82956595.5794,0,BTCUSDT,1h
2026-07-12 04:00:00+00:00,64201.9,64238.0,63912.5,63974.3,2506.065,2026-07-12 04:59:59.999000+00:00,160522748.4912,68824,1123.819,71995579.2179,0,BTCUSDT,1h
2026-07-12 05:00:00+00:00,63974.2,63998.6,63867.0,63938.0,1922.293,2026-07-12 05:59:59.999000+00:00,122883759.1698,40326,834.438,53345142.0569,0,BTCUSDT,1h
2026-07-12 06:00:00+00:00,63938.0,63938.0,63602.8,63728.7,5247.13,2026-07-12 06:59:59.999000+00:00,334410136.4278,100898,2546.681,162294861.0173,0,BTCUSDT,1h
2026-07-12 07:00:00+00:00,63728.6,63879.0,63708.2,63856.4,1638.415,2026-07-12 07:59:59.999000+00:00,104553242.7807,40994,969.429,61860997.5659,0,BTCUSDT,1h
2026-07-12 08:00:00+00:00,63856.4,64083.7,63854.1,63951.6,2612.699,2026-07-12 08:59:59.999000+00:00,167142047.9285,60126,1284.712,82181863.2074,0,BTCUSDT,1h
2026-07-12 09:00:00+00:00,63951.6,64024.4,63730.7,63930.0,3030.6,2026-07-12 09:59:59.999000+00:00,193596003.904,68466,1460.428,93276973.537,0,BTCUSDT,1h
2026-07-12 10:00:00+00:00,63930.1,63930.1,63807.3,63838.9,1174.004,2026-07-12 10:59:59.999000+00:00,74975885.0789,38815,519.159,33153418.5769,0,BTCUSDT,1h
2026-07-12 11:00:00+00:00,63838.9,64012.8,63796.3,63993.8,1872.65,2026-07-12 11:59:59.999000+00:00,119736203.8377,49093,1097.642,70185231.81,0,BTCUSDT,1h
2026-07-12 12:00:00+00:00,63993.8,64118.5,63946.0,63998.4,2403.082,2026-07-12 12:59:59.999000+00:00,153881206.5542,56241,1448.586,92768850.6882,0,BTCUSDT,1h
2026-07-12 13:00:00+00:00,63998.5,64073.4,63959.3,63997.3,1262.062,2026-07-12 13:59:59.999000+00:00,80791254.0573,39432,614.28,39325053.1536,0,BTCUSDT,1h
2026-07-12 14:00:00+00:00,63997.3,64271.9,63928.0,64175.0,2804.565,2026-07-12 14:59:59.999000+00:00,179791750.5265,72058,1625.038,104201238.3992,0,BTCUSDT,1h
2026-07-12 15:00:00+00:00,64175.0,64238.9,64091.5,64149.9,2903.188,2026-07-12 15:59:59.999000+00:00,186253969.4148,71549,1313.69,84283112.7947,0,BTCUSDT,1h
2026-07-12 16:00:00+00:00,64150.0,64184.8,64013.0,64146.8,2987.458,2026-07-12 16:59:59.999000+00:00,191480542.5928,70455,1281.309,82127214.5919,0,BTCUSDT,1h
2026-07-12 17:00:00+00:00,64146.7,64146.8,63983.1,64050.3,1096.969,2026-07-12 17:59:59.999000+00:00,70299105.1226,42845,496.647,31830040.2229,0,BTCUSDT,1h
2026-07-12 18:00:00+00:00,64050.2,64126.6,63985.1,64124.6,1249.778,2026-07-12 18:59:59.999000+00:00,80045202.4935,44965,563.396,36086039.8453,0,BTCUSDT,1h
2026-07-12 19:00:00+00:00,64124.7,64248.0,64114.9,64201.9,1298.912,2026-07-12 19:59:59.999000+00:00,83354119.6758,40078,749.587,48103485.5602,0,BTCUSDT,1h
2026-07-12 20:00:00+00:00,64202.0,64227.4,64141.6,64168.5,878.789,2026-07-12 20:59:59.999000+00:00,56396545.4868,33539,345.928,22199858.3354,0,BTCUSDT,1h
2026-07-12 21:00:00+00:00,64168.5,64207.4,63856.3,63889.6,2630.665,2026-07-12 21:59:59.999000+00:00,168357621.3298,68804,1127.242,72147809.086,0,BTCUSDT,1h
2026-07-12 22:00:00+00:00,63889.5,63895.8,63634.1,63855.0,6060.141,2026-07-12 22:59:59.999000+00:00,386356987.6783,139036,2842.311,181217227.1615,0,BTCUSDT,1h
2026-07-12 23:00:00+00:00,63855.0,63883.6,63693.0,63750.0,2325.941,2026-07-12 23:59:59.999000+00:00,148325196.8012,78845,1187.937,75756171.496,0,BTCUSDT,1h
2026-07-13 00:00:00+00:00,63749.9,64411.8,63538.0,64041.8,16536.408,2026-07-13 00:59:59.999000+00:00,1057582458.1875,356490,8064.614,515963091.7027,0,BTCUSDT,1h
2026-07-13 01:00:00+00:00,64041.8,64044.0,63366.0,63382.1,12315.44,2026-07-13 01:59:59.999000+00:00,783999328.829,264513,5519.01,351423559.4109,0,BTCUSDT,1h
2026-07-13 02:00:00+00:00,63382.1,63527.6,63204.0,63344.8,7882.245,2026-07-13 02:59:59.999000+00:00,499532315.1623,216482,4102.061,259996244.2595,0,BTCUSDT,1h
2026-07-13 03:00:00+00:00,63344.9,63362.4,62705.0,62780.2,15709.528,2026-07-13 03:59:59.999000+00:00,988765953.6719,292773,6832.73,430039575.4533,0,BTCUSDT,1h
2026-07-13 04:00:00+00:00,62780.1,62884.8,62592.1,62649.8,6758.166,2026-07-13 04:59:59.999000+00:00,423971882.5183,141401,3399.097,213277483.1031,0,BTCUSDT,1h
2026-07-13 05:00:00+00:00,62649.7,62880.0,62434.9,62764.1,8371.052,2026-07-13 05:59:59.999000+00:00,524555305.0905,168359,3988.282,250017778.6192,0,BTCUSDT,1h
2026-07-13 06:00:00+00:00,62764.1,62848.2,62675.0,62766.6,2684.94,2026-07-13 06:59:59.999000+00:00,168535013.107,77469,1516.223,95176582.9844,0,BTCUSDT,1h
2026-07-13 07:00:00+00:00,62766.6,63030.0,62719.4,62952.7,6413.166,2026-07-13 07:59:59.999000+00:00,403514850.3247,112056,3598.088,226379155.8804,0,BTCUSDT,1h
2026-07-13 08:00:00+00:00,62952.8,63260.0,62902.5,63174.9,5653.085,2026-07-13 08:59:59.999000+00:00,356580411.0819,111608,2975.79,187710744.6524,0,BTCUSDT,1h
2026-07-13 09:00:00+00:00,63174.9,63179.3,63064.4,63074.0,3292.544,2026-07-13 09:59:59.999000+00:00,207732683.1648,52064,1153.111,72752241.4942,0,BTCUSDT,1h
2026-07-13 10:00:00+00:00,63074.0,63130.9,62834.4,62844.6,9350.106,2026-07-13 10:59:59.999000+00:00,589112851.478,81279,2968.688,186994289.7202,0,BTCUSDT,1h
2026-07-13 11:00:00+00:00,62844.7,63116.1,62844.7,62881.3,4701.727,2026-07-13 11:59:59.999000+00:00,296170007.1894,79063,2440.473,153713268.0199,0,BTCUSDT,1h
2026-07-13 12:00:00+00:00,62881.4,62970.7,62531.0,62597.9,8803.456,2026-07-13 12:59:59.999000+00:00,552036473.0089,155106,4089.709,256417138.2999,0,BTCUSDT,1h
2026-07-13 13:00:00+00:00,62597.9,62752.4,62141.2,62300.1,18486.59,2026-07-13 13:59:59.999000+00:00,1153858864.0167,348592,9111.742,568680673.0676,0,BTCUSDT,1h
2026-07-13 14:00:00+00:00,62300.1,62777.0,62061.3,62770.3,15429.637,2026-07-13 14:59:59.999000+00:00,963818370.0145,347528,7688.131,480390908.6791,0,BTCUSDT,1h
2026-07-13 15:00:00+00:00,62770.2,62965.0,62543.5,62596.6,9348.486,2026-07-13 15:59:59.999000+00:00,586469053.265,182083,4521.343,283649143.3392,0,BTCUSDT,1h
2026-07-13 16:00:00+00:00,62596.7,62614.5,62183.9,62258.0,8644.969,2026-07-13 16:59:59.999000+00:00,539028982.1495,181290,4035.481,251574391.374,0,BTCUSDT,1h
2026-07-13 17:00:00+00:00,62258.0,62347.2,61877.0,61877.0,8894.99,2026-07-13 17:59:59.999000+00:00,552117880.6879,179606,3837.259,238274945.5104,0,BTCUSDT,1h
2026-07-13 18:00:00+00:00,61877.1,62077.6,61806.0,61997.3,7281.929,2026-07-13 18:59:59.999000+00:00,451024636.8619,152020,4009.499,248358063.1128,0,BTCUSDT,1h
2026-07-13 19:00:00+00:00,61997.4,62267.0,61962.5,62258.0,4034.752,2026-07-13 19:59:59.999000+00:00,250609787.0967,93564,2180.354,135463518.2257,0,BTCUSDT,1h
2026-07-13 20:00:00+00:00,62257.9,62299.0,62020.0,62179.3,3539.601,2026-07-13 20:59:59.999000+00:00,220050511.449,75810,1594.707,99140489.3608,0,BTCUSDT,1h
2026-07-13 21:00:00+00:00,62179.3,62192.1,61868.0,62034.1,3364.102,2026-07-13 21:59:59.999000+00:00,208591787.2377,73141,1323.663,82082882.3176,0,BTCUSDT,1h
2026-07-13 22:00:00+00:00,62034.0,62199.0,61883.1,61897.9,3177.324,2026-07-13 22:59:59.999000+00:00,197203723.1652,82324,1517.555,94183403.9941,0,BTCUSDT,1h
2026-07-13 23:00:00+00:00,61897.9,62333.4,61854.5,62307.0,5107.98,2026-07-13 23:59:59.999000+00:00,317374167.4873,104335,3171.142,197043220.2306,0,BTCUSDT,1h
2026-07-14 00:00:00+00:00,62307.0,62639.3,62240.9,62520.7,5906.236,2026-07-14 00:59:59.999000+00:00,368615976.2534,154084,3368.62,210254840.4998,0,BTCUSDT,1h
2026-07-14 01:00:00+00:00,62520.7,62614.2,62427.0,62505.2,3019.814,2026-07-14 01:59:59.999000+00:00,188745944.5268,101278,1519.943,95003269.2037,0,BTCUSDT,1h
2026-07-14 02:00:00+00:00,62505.2,62610.0,62286.9,62516.8,3512.258,2026-07-14 02:59:59.999000+00:00,219376182.2714,89788,1679.425,104914521.2795,0,BTCUSDT,1h
2026-07-14 03:00:00+00:00,62516.8,62576.2,62279.0,62538.2,3341.315,2026-07-14 03:59:59.999000+00:00,208572397.4203,86891,1500.97,93695293.9014,0,BTCUSDT,1h
2026-07-14 04:00:00+00:00,62538.3,62744.4,62511.0,62713.6,3346.574,2026-07-14 04:59:59.999000+00:00,209652575.5155,83216,1884.532,118065848.1045,0,BTCUSDT,1h
2026-07-14 05:00:00+00:00,62713.6,62848.0,62669.4,62699.9,3751.791,2026-07-14 05:59:59.999000+00:00,235465697.4402,88374,1780.549,111754340.1336,0,BTCUSDT,1h
2026-07-14 06:00:00+00:00,62699.9,62752.0,62537.0,62600.1,3174.255,2026-07-14 06:59:59.999000+00:00,198858941.8075,73581,1432.394,89738372.9662,0,BTCUSDT,1h
2026-07-14 07:00:00+00:00,62600.1,62633.0,62489.7,62529.7,2683.89,2026-07-14 07:59:59.999000+00:00,167918604.0826,71118,1289.515,80679401.1345,0,BTCUSDT,1h
2026-07-14 08:00:00+00:00,62529.7,62780.0,62458.3,62680.1,3017.401,2026-07-14 08:59:59.999000+00:00,189000321.7945,72931,1631.157,102176293.3165,0,BTCUSDT,1h
2026-07-14 09:00:00+00:00,62680.1,62721.2,62502.3,62604.2,2286.405,2026-07-14 09:59:59.999000+00:00,143146597.8978,60934,1082.051,67743112.8838,0,BTCUSDT,1h
2026-07-14 10:00:00+00:00,62604.2,62880.0,62577.5,62767.5,3460.434,2026-07-14 10:59:59.999000+00:00,217136531.3869,87171,1891.624,118700302.0135,0,BTCUSDT,1h
2026-07-14 11:00:00+00:00,62767.6,62896.0,62680.7,62810.3,3168.243,2026-07-14 11:59:59.999000+00:00,198987453.2871,80404,1519.115,95421742.5068,0,BTCUSDT,1h
2026-07-14 12:00:00+00:00,62810.3,63956.0,62756.5,63935.2,42323.953,2026-07-14 12:59:59.999000+00:00,2685557078.1301,558669,22853.25,1449979902.8963,0,BTCUSDT,1h
2026-07-14 13:00:00+00:00,63935.2,64162.2,63666.0,63802.8,18520.356,2026-07-14 13:59:59.999000+00:00,1182805066.8878,363130,8693.74,555290776.5314,0,BTCUSDT,1h
2026-07-14 14:00:00+00:00,63802.8,64310.0,63550.0,64277.3,13029.805,2026-07-14 14:59:59.999000+00:00,832908899.9365,272531,7407.468,473866695.5639,0,BTCUSDT,1h
2026-07-14 15:00:00+00:00,64277.2,64950.0,64163.6,64727.5,25734.552,2026-07-14 15:59:59.999000+00:00,1661929574.5585,445814,14687.296,948579951.1493,0,BTCUSDT,1h
2026-07-14 16:00:00+00:00,64727.4,64879.0,64589.3,64703.9,8467.888,2026-07-14 16:59:59.999000+00:00,548441031.1445,193003,4023.843,260624944.1038,0,BTCUSDT,1h
2026-07-14 17:00:00+00:00,64704.0,64704.0,64200.0,64597.5,14211.303,2026-07-14 17:59:59.999000+00:00,915873322.9879,198713,6059.606,390839936.3697,0,BTCUSDT,1h
2026-07-14 18:00:00+00:00,64597.5,64631.6,64448.7,64544.0,2451.479,2026-07-14 18:59:59.999000+00:00,158209534.9685,83948,1236.316,79788995.0887,0,BTCUSDT,1h
2026-07-14 19:00:00+00:00,64544.0,64687.9,64456.3,64543.0,2680.106,2026-07-14 19:59:59.999000+00:00,173037261.9965,84185,1397.463,90231501.5106,0,BTCUSDT,1h
2026-07-14 20:00:00+00:00,64543.1,64576.4,64390.4,64538.6,2370.521,2026-07-14 20:59:59.999000+00:00,152802397.9586,64746,1213.805,78242458.8229,0,BTCUSDT,1h
2026-07-14 21:00:00+00:00,64538.6,64877.7,64496.2,64650.0,3377.629,2026-07-14 21:59:59.999000+00:00,218457132.2977,78410,1927.215,124652134.2886,0,BTCUSDT,1h
2026-07-14 22:00:00+00:00,64649.9,65130.0,64485.4,64837.1,12393.571,2026-07-14 22:59:59.999000+00:00,804101693.875,182664,7478.915,485333616.5554,0,BTCUSDT,1h
2026-07-14 23:00:00+00:00,64837.2,65040.3,64750.0,65014.7,4645.404,2026-07-14 23:59:59.999000+00:00,301641741.3354,92929,2355.963,152988845.0358,0,BTCUSDT,1h
2026-07-15 00:00:00+00:00,65014.6,65043.3,64743.6,64798.1,4489.662,2026-07-15 00:59:59.999000+00:00,291260853.7614,96217,2118.907,137478247.7887,0,BTCUSDT,1h
2026-07-15 01:00:00+00:00,64798.1,64830.2,64618.8,64643.7,3480.114,2026-07-15 01:59:59.999000+00:00,225192393.8365,83872,1492.926,96616479.7405,0,BTCUSDT,1h
2026-07-15 02:00:00+00:00,64643.7,64732.6,64456.7,64473.0,3174.884,2026-07-15 02:59:59.999000+00:00,204927664.3184,70222,1458.739,94159893.2654,0,BTCUSDT,1h
2026-07-15 03:00:00+00:00,64473.1,64820.1,64473.0,64760.8,2866.928,2026-07-15 03:59:59.999000+00:00,185373608.7525,75931,1700.558,109945463.4712,0,BTCUSDT,1h
2026-07-15 04:00:00+00:00,64760.9,64868.0,64686.6,64723.5,2176.426,2026-07-15 04:59:59.999000+00:00,140985278.8657,63775,1003.921,65035065.71,0,BTCUSDT,1h
2026-07-15 05:00:00+00:00,64723.6,64941.7,64580.0,64920.5,2716.995,2026-07-15 05:59:59.999000+00:00,175883868.9139,71409,1430.718,92627101.6094,0,BTCUSDT,1h
2026-07-15 06:00:00+00:00,64920.5,65260.0,64784.7,64784.7,8661.145,2026-07-15 06:59:59.999000+00:00,563221809.3933,181660,4626.126,300924817.7715,0,BTCUSDT,1h
2026-07-15 07:00:00+00:00,64784.8,64850.0,64450.9,64528.0,6827.282,2026-07-15 07:59:59.999000+00:00,441139628.6091,135661,3337.084,215641292.7595,0,BTCUSDT,1h
2026-07-15 08:00:00+00:00,64528.0,64785.8,64528.0,64745.0,3889.073,2026-07-15 08:59:59.999000+00:00,251427366.9281,81995,2153.353,139223159.8354,0,BTCUSDT,1h
2026-07-15 09:00:00+00:00,64744.9,64899.9,64626.2,64644.6,3146.199,2026-07-15 09:59:59.999000+00:00,203786245.6668,80808,1511.218,97888869.7539,0,BTCUSDT,1h
2026-07-15 10:00:00+00:00,64644.6,64826.8,64582.7,64633.0,2611.385,2026-07-15 10:59:59.999000+00:00,168912790.9394,67304,1353.136,87526431.9456,0,BTCUSDT,1h
2026-07-15 11:00:00+00:00,64633.0,64728.7,64585.6,64707.5,1873.463,2026-07-15 11:59:59.999000+00:00,121146338.1558,56183,953.588,61665827.6557,0,BTCUSDT,1h
2026-07-15 12:00:00+00:00,64707.4,65241.3,64568.8,65133.7,12263.474,2026-07-15 12:59:59.999000+00:00,795838971.2457,248408,6825.088,442985460.4094,0,BTCUSDT,1h
2026-07-15 13:00:00+00:00,65133.7,65550.5,64852.5,65090.2,18067.99,2026-07-15 13:59:59.999000+00:00,1179423648.0364,431527,9557.476,623942501.4329,0,BTCUSDT,1h
2026-07-15 14:00:00+00:00,65090.2,65497.0,65033.5,65364.8,10429.982,2026-07-15 14:59:59.999000+00:00,680937670.9553,302870,5744.15,375020144.8664,0,BTCUSDT,1h
2026-07-15 15:00:00+00:00,65364.8,65589.7,65230.0,65391.6,7683.692,2026-07-15 15:59:59.999000+00:00,502612907.0317,190184,4207.588,275293444.8072,0,BTCUSDT,1h
2026-07-15 16:00:00+00:00,65391.5,65438.0,64752.0,65089.5,14894.086,2026-07-15 16:59:59.999000+00:00,968547770.8818,237060,8286.692,538950803.6879,0,BTCUSDT,1h
2026-07-15 17:00:00+00:00,65089.6,65148.2,64939.5,65023.1,8953.781,2026-07-15 17:59:59.999000+00:00,582313076.8968,132124,4624.581,300771012.3723,0,BTCUSDT,1h
2026-07-15 18:00:00+00:00,65023.1,65130.0,64817.1,64837.4,3429.166,2026-07-15 18:59:59.999000+00:00,222862977.9524,91602,1571.068,102123229.9806,0,BTCUSDT,1h
2026-07-15 19:00:00+00:00,64837.4,64967.9,64708.0,64942.0,2826.502,2026-07-15 19:59:59.999000+00:00,183299698.94,85368,1426.406,92509367.264,0,BTCUSDT,1h
2026-07-15 20:00:00+00:00,64942.1,65030.5,64869.8,64939.9,1207.369,2026-07-15 20:59:59.999000+00:00,78429427.9175,46417,630.464,40955932.4763,0,BTCUSDT,1h
2026-07-15 21:00:00+00:00,64939.9,64985.9,64756.7,64800.0,1958.445,2026-07-15 21:59:59.999000+00:00,126975118.9475,49468,805.475,52216600.4202,0,BTCUSDT,1h
2026-07-15 22:00:00+00:00,64800.0,64949.7,64739.0,64831.5,2140.517,2026-07-15 22:59:59.999000+00:00,138800750.2988,60796,1199.493,77783381.1878,0,BTCUSDT,1h
2026-07-15 23:00:00+00:00,64831.6,64912.5,64660.0,64721.4,2455.054,2026-07-15 23:59:59.999000+00:00,158978086.1172,60833,998.646,64682454.4788,0,BTCUSDT,1h
2026-07-16 00:00:00+00:00,64721.4,64814.7,64464.0,64554.3,4878.987,2026-07-16 00:59:59.999000+00:00,315157208.2096,110574,2326.767,150303092.3792,0,BTCUSDT,1h
2026-07-16 01:00:00+00:00,64554.3,64807.9,64362.2,64698.6,4747.944,2026-07-16 01:59:59.999000+00:00,306634209.5371,113320,2422.077,156453278.7518,0,BTCUSDT,1h
2026-07-16 02:00:00+00:00,64698.6,64705.0,64550.0,64616.1,1791.299,2026-07-16 02:59:59.999000+00:00,115754759.5961,64261,1010.366,65289285.2736,0,BTCUSDT,1h
2026-07-16 03:00:00+00:00,64616.1,64723.3,64521.0,64593.0,2045.084,2026-07-16 03:59:59.999000+00:00,132157551.1189,64485,1080.163,69804398.5502,0,BTCUSDT,1h
2026-07-16 04:00:00+00:00,64593.0,64667.0,64512.0,64610.9,2014.066,2026-07-16 04:59:59.999000+00:00,130085264.6829,51166,1118.076,72214239.4717,0,BTCUSDT,1h
2026-07-16 05:00:00+00:00,64610.9,64974.5,64573.4,64897.9,6259.94,2026-07-16 05:59:59.999000+00:00,405906909.9903,107738,3339.857,216564074.6227,0,BTCUSDT,1h
2026-07-16 06:00:00+00:00,64898.0,64951.2,64603.4,64750.0,3438.699,2026-07-16 06:59:59.999000+00:00,222741119.6925,84361,1542.864,99941409.7384,0,BTCUSDT,1h
2026-07-16 07:00:00+00:00,64749.9,64750.0,64005.6,64200.0,12271.054,2026-07-16 07:59:59.999000+00:00,789026941.8405,176437,5517.224,354735624.4135,0,BTCUSDT,1h
2026-07-16 08:00:00+00:00,64200.1,64340.0,63843.1,64096.7,14623.947,2026-07-16 08:59:59.999000+00:00,937055354.3315,233618,6893.168,441749894.7265,0,BTCUSDT,1h
2026-07-16 09:00:00+00:00,64096.6,64155.9,63985.1,64063.8,3330.267,2026-07-16 09:59:59.999000+00:00,213379678.0155,83738,1656.258,106126044.1568,0,BTCUSDT,1h
2026-07-16 10:00:00+00:00,64063.9,64241.3,64047.7,64186.9,2653.349,2026-07-16 10:59:59.999000+00:00,170222226.1198,61532,1490.699,95631554.5937,0,BTCUSDT,1h
2026-07-16 11:00:00+00:00,64187.0,64245.6,64057.2,64226.6,2957.306,2026-07-16 11:59:59.999000+00:00,189736292.9365,76099,1473.843,94572309.4911,0,BTCUSDT,1h
2026-07-16 12:00:00+00:00,64226.6,64226.6,63833.0,63938.1,6794.898,2026-07-16 12:59:59.999000+00:00,434759892.7878,135149,2837.183,181538031.6067,0,BTCUSDT,1h
2026-07-16 13:00:00+00:00,63938.2,64458.7,63930.1,64354.4,11289.067,2026-07-16 13:59:59.999000+00:00,725055819.2291,235866,5922.375,380296286.7554,0,BTCUSDT,1h
2026-07-16 14:00:00+00:00,64354.3,64844.3,64300.1,64510.0,12450.661,2026-07-16 14:59:59.999000+00:00,804104784.7677,310496,6234.993,402712161.4969,0,BTCUSDT,1h
2026-07-16 15:00:00+00:00,64510.0,64874.7,64281.6,64677.7,8163.41,2026-07-16 15:59:59.999000+00:00,527551972.9578,230375,4303.816,278156505.3609,0,BTCUSDT,1h
2026-07-16 16:00:00+00:00,64677.7,64687.6,64299.4,64448.4,5409.449,2026-07-16 16:59:59.999000+00:00,348817104.7398,173237,2430.33,156724782.3389,0,BTCUSDT,1h
2026-07-16 17:00:00+00:00,64448.4,64453.1,63958.0,64045.6,7575.592,2026-07-16 17:59:59.999000+00:00,486045854.9006,178607,2910.296,186707332.0742,0,BTCUSDT,1h
2026-07-16 18:00:00+00:00,64045.5,64306.8,64022.3,64217.1,3448.519,2026-07-16 18:59:59.999000+00:00,221286532.87,102408,1723.193,110585904.5652,0,BTCUSDT,1h
2026-07-16 19:00:00+00:00,64217.0,64277.7,64120.2,64241.6,1749.703,2026-07-16 19:59:59.999000+00:00,112349050.298,69456,950.777,61048903.7953,0,BTCUSDT,1h
2026-07-16 20:00:00+00:00,64241.7,64249.9,64075.1,64090.1,1258.646,2026-07-16 20:59:59.999000+00:00,80744581.7338,41672,660.827,42393453.8145,0,BTCUSDT,1h
2026-07-16 21:00:00+00:00,64090.1,64217.6,64077.3,64135.9,1257.933,2026-07-16 21:59:59.999000+00:00,80706642.8971,36521,652.889,41886417.6426,0,BTCUSDT,1h
2026-07-16 22:00:00+00:00,64136.0,64221.3,63922.6,63939.5,3705.96,2026-07-16 22:59:59.999000+00:00,237423536.6952,88576,1974.817,126544293.8605,0,BTCUSDT,1h
2026-07-16 23:00:00+00:00,63939.6,63978.6,63712.6,63801.0,6353.682,2026-07-16 23:59:59.999000+00:00,405474448.3197,122329,2629.235,167766826.923,0,BTCUSDT,1h
2026-07-17 00:00:00+00:00,63801.1,63890.4,63580.0,63862.9,6331.479,2026-07-17 00:59:59.999000+00:00,403524813.1331,145474,2760.626,175971996.3613,0,BTCUSDT,1h
2026-07-17 01:00:00+00:00,63862.9,64041.6,63435.6,63510.8,8486.817,2026-07-17 01:59:59.999000+00:00,540732103.5779,192708,4068.679,259295346.6971,0,BTCUSDT,1h
2026-07-17 02:00:00+00:00,63510.7,63628.0,63358.0,63457.5,5328.647,2026-07-17 02:59:59.999000+00:00,338222611.6627,144528,2331.92,148050538.7158,0,BTCUSDT,1h
2026-07-17 03:00:00+00:00,63457.5,63693.2,63450.1,63538.1,3554.461,2026-07-17 03:59:59.999000+00:00,226038472.619,102058,1966.531,125063869.9175,0,BTCUSDT,1h
2026-07-17 04:00:00+00:00,63538.0,63560.0,63281.0,63460.0,5069.199,2026-07-17 04:59:59.999000+00:00,321416091.2138,114974,2719.55,172466156.2721,0,BTCUSDT,1h
2026-07-17 05:00:00+00:00,63460.1,63460.1,62754.6,62807.3,15626.008,2026-07-17 05:59:59.999000+00:00,984325575.8483,206248,6704.611,422162718.214,0,BTCUSDT,1h
2026-07-17 06:00:00+00:00,62807.4,62961.7,62655.0,62915.4,10696.868,2026-07-17 06:59:59.999000+00:00,671809081.1614,164704,5677.159,356593694.8968,0,BTCUSDT,1h
2026-07-17 07:00:00+00:00,62915.5,62947.1,62761.3,62792.9,4831.261,2026-07-17 07:59:59.999000+00:00,303761733.0968,98840,2507.655,157667973.7559,0,BTCUSDT,1h
2026-07-17 08:00:00+00:00,62792.8,62905.0,62611.0,62857.5,6784.932,2026-07-17 08:59:59.999000+00:00,425929015.7944,124340,3678.098,230934657.1401,0,BTCUSDT,1h
2026-07-17 09:00:00+00:00,62857.4,63039.8,62831.8,62962.2,4213.74,2026-07-17 09:59:59.999000+00:00,265241841.9373,77587,2212.762,139279302.3809,0,BTCUSDT,1h
2026-07-17 10:00:00+00:00,62962.3,63165.9,62962.2,63146.9,4237.483,2026-07-17 10:59:59.999000+00:00,267322456.0585,84515,2497.939,157577923.7523,0,BTCUSDT,1h
2026-07-17 11:00:00+00:00,63146.9,63337.4,63031.3,63273.2,5404.24,2026-07-17 11:59:59.999000+00:00,341540256.436,89702,2693.117,170193177.9967,0,BTCUSDT,1h
2026-07-17 12:00:00+00:00,63273.1,63320.0,63037.0,63073.9,5253.453,2026-07-17 12:59:59.999000+00:00,331840950.3073,99018,1912.394,120780513.4185,0,BTCUSDT,1h
2026-07-17 13:00:00+00:00,63073.9,63155.8,62505.1,63128.6,16457.338,2026-07-17 13:59:59.999000+00:00,1033408356.6184,353972,8088.86,507996114.9584,0,BTCUSDT,1h
2026-07-17 14:00:00+00:00,63128.7,63496.0,63051.4,63142.5,11255.645,2026-07-17 14:59:59.999000+00:00,712100425.0982,330106,5293.42,334946417.02,0,BTCUSDT,1h
2026-07-17 15:00:00+00:00,63142.5,63432.5,62817.0,63432.4,9297.664,2026-07-17 15:59:59.999000+00:00,586767886.9906,239910,4764.705,300763232.0284,0,BTCUSDT,1h
2026-07-17 16:00:00+00:00,63432.4,63681.3,63272.4,63553.7,9059.142,2026-07-17 16:59:59.999000+00:00,574944467.8006,198120,4357.919,276630401.1309,0,BTCUSDT,1h
2026-07-17 17:00:00+00:00,63553.7,64194.6,63553.7,64011.8,12832.426,2026-07-17 17:59:59.999000+00:00,820846042.3635,264475,6961.381,445223146.2949,0,BTCUSDT,1h
2026-07-17 18:00:00+00:00,64011.8,64356.7,63855.8,64220.1,8585.457,2026-07-17 18:59:59.999000+00:00,550273257.4743,184466,4101.471,262921532.2236,0,BTCUSDT,1h
2026-07-17 19:00:00+00:00,64220.1,64226.1,63943.5,64121.4,4380.552,2026-07-17 19:59:59.999000+00:00,280718313.7923,117729,2078.339,133194786.1652,0,BTCUSDT,1h
2026-07-17 20:00:00+00:00,64121.4,64165.7,63928.9,64086.1,3417.904,2026-07-17 20:59:59.999000+00:00,218806236.8103,82632,1551.534,99331284.4648,0,BTCUSDT,1h
2026-07-17 21:00:00+00:00,64086.2,64188.2,64031.6,64070.6,1550.761,2026-07-17 21:59:59.999000+00:00,99411951.6477,40198,699.268,44826924.887,0,BTCUSDT,1h
2026-07-17 22:00:00+00:00,64070.6,64117.5,63891.6,63952.8,1753.78,2026-07-17 22:59:59.999000+00:00,112188727.9499,43196,749.235,47922577.4898,0,BTCUSDT,1h
2026-07-17 23:00:00+00:00,63952.7,63985.0,63860.0,63909.9,1443.556,2026-07-17 23:59:59.999000+00:00,92276182.7955,37321,622.062,39764668.484,0,BTCUSDT,1h
2026-07-18 00:00:00+00:00,63909.9,63991.0,63859.6,63881.6,1490.455,2026-07-18 00:59:59.999000+00:00,95257685.3877,39519,698.325,44636580.4853,0,BTCUSDT,1h
2026-07-18 01:00:00+00:00,63881.6,63980.0,63862.0,63929.2,1280.563,2026-07-18 01:59:59.999000+00:00,81850156.7893,31135,693.733,44342186.7227,0,BTCUSDT,1h
2026-07-18 02:00:00+00:00,63929.2,64014.9,63900.0,63931.5,1347.221,2026-07-18 02:59:59.999000+00:00,86160023.3807,33679,707.917,45275117.1997,0,BTCUSDT,1h
2026-07-18 03:00:00+00:00,63931.6,63995.8,63900.0,63989.5,1220.595,2026-07-18 03:59:59.999000+00:00,78039738.1985,29685,741.22,47389016.113,0,BTCUSDT,1h
2026-07-18 04:00:00+00:00,63989.5,63992.8,63915.0,63946.3,780.402,2026-07-18 04:59:59.999000+00:00,49903960.3425,23085,436.903,27937883.0751,0,BTCUSDT,1h
2026-07-18 05:00:00+00:00,63946.3,63973.3,63894.3,63936.3,1075.625,2026-07-18 05:59:59.999000+00:00,68767849.3695,25139,445.336,28470942.5117,0,BTCUSDT,1h
2026-07-18 06:00:00+00:00,63936.3,63979.0,63914.1,63954.1,888.648,2026-07-18 06:59:59.999000+00:00,56827064.4039,18024,501.886,32095529.2548,0,BTCUSDT,1h
2026-07-18 07:00:00+00:00,63954.2,64000.0,63952.8,63980.1,1583.413,2026-07-18 07:59:59.999000+00:00,101306902.4738,24667,826.29,52864682.2442,0,BTCUSDT,1h
2026-07-18 08:00:00+00:00,63980.0,63997.8,63930.4,63977.2,1367.761,2026-07-18 08:59:59.999000+00:00,87492214.5254,26699,787.47,50372926.6625,0,BTCUSDT,1h
2026-07-18 09:00:00+00:00,63977.2,63985.0,63912.0,63961.2,1041.152,2026-07-18 09:59:59.999000+00:00,66572704.3088,19602,463.889,29662182.9417,0,BTCUSDT,1h
2026-07-18 10:00:00+00:00,63961.1,63990.0,63957.3,63981.2,581.795,2026-07-18 10:59:59.999000+00:00,37219753.244,13736,295.851,18926363.4548,0,BTCUSDT,1h
2026-07-18 11:00:00+00:00,63981.2,64073.2,63981.2,64033.3,1101.39,2026-07-18 11:59:59.999000+00:00,70498219.378,19697,695.123,44494255.762,0,BTCUSDT,1h
2026-07-18 12:00:00+00:00,64033.2,64237.7,64019.4,64181.4,3668.169,2026-07-18 12:59:59.999000+00:00,235219984.2764,73382,2138.965,137166724.9837,0,BTCUSDT,1h
2026-07-18 13:00:00+00:00,64181.5,64185.4,63925.2,64081.3,3187.123,2026-07-18 13:59:59.999000+00:00,204088230.5717,72621,1400.137,89654885.3652,0,BTCUSDT,1h
2026-07-18 14:00:00+00:00,64081.2,64167.2,64065.8,64099.0,1539.936,2026-07-18 14:59:59.999000+00:00,98741343.7294,42699,734.289,47083289.0157,0,BTCUSDT,1h
2026-07-18 15:00:00+00:00,64099.0,64135.6,64000.0,64090.0,1415.443,2026-07-18 15:59:59.999000+00:00,90689816.0026,37565,724.592,46426231.4622,0,BTCUSDT,1h
2026-07-18 16:00:00+00:00,64090.0,64298.6,64054.5,64278.2,3832.348,2026-07-18 16:59:59.999000+00:00,246045612.3801,58305,2524.049,162053486.0663,0,BTCUSDT,1h
2026-07-18 17:00:00+00:00,64278.3,64466.0,64250.3,64450.0,5266.335,2026-07-18 17:59:59.999000+00:00,338882191.4966,96230,3149.436,202680975.129,0,BTCUSDT,1h
2026-07-18 18:00:00+00:00,64450.0,64666.0,64424.5,64477.3,4442.025,2026-07-18 18:59:59.999000+00:00,286518605.5744,95328,2546.574,164280183.2185,0,BTCUSDT,1h
2026-07-18 19:00:00+00:00,64477.4,64566.0,64445.5,64526.3,1721.549,2026-07-18 19:59:59.999000+00:00,111050409.3593,44657,835.426,53891213.4067,0,BTCUSDT,1h
2026-07-18 20:00:00+00:00,64526.4,64738.2,64467.2,64665.5,3210.202,2026-07-18 20:59:59.999000+00:00,207409774.2774,72013,1624.331,104966782.1275,0,BTCUSDT,1h
2026-07-18 21:00:00+00:00,64665.5,64819.2,64584.2,64697.6,3096.293,2026-07-18 21:59:59.999000+00:00,200373308.8791,74860,1533.765,99266821.9909,0,BTCUSDT,1h
2026-07-18 22:00:00+00:00,64697.5,64837.4,64680.6,64774.4,2034.289,2026-07-18 22:59:59.999000+00:00,131734753.9786,57848,1017.139,65868233.451,0,BTCUSDT,1h
2026-07-18 23:00:00+00:00,64774.3,64818.1,64677.7,64806.7,2054.006,2026-07-18 23:59:59.999000+00:00,133036735.9488,47897,928.83,60157985.7073,0,BTCUSDT,1h
2026-07-19 00:00:00+00:00,64806.7,64878.8,64750.0,64756.5,2842.165,2026-07-19 00:59:59.999000+00:00,184116482.6618,46747,1107.5,71759604.574,0,BTCUSDT,1h
2026-07-19 01:00:00+00:00,64756.5,64771.8,64750.0,64750.0,2790.617,2026-07-19 01:59:59.999000+00:00,180697000.7376,30917,763.917,49465270.9049,0,BTCUSDT,1h
2026-07-19 02:00:00+00:00,64750.0,64948.8,64672.4,64795.4,5032.332,2026-07-19 02:59:59.999000+00:00,326235058.8014,81521,2661.327,172588218.5369,0,BTCUSDT,1h
2026-07-19 03:00:00+00:00,64795.5,64815.8,64594.6,64686.8,2849.995,2026-07-19 03:59:59.999000+00:00,184296523.0554,55083,1299.89,84052212.5928,0,BTCUSDT,1h
2026-07-19 04:00:00+00:00,64686.8,64775.2,64580.4,64692.2,1668.466,2026-07-19 04:59:59.999000+00:00,107897249.8947,40071,755.563,48867649.7846,0,BTCUSDT,1h
2026-07-19 05:00:00+00:00,64692.2,64789.8,64643.4,64695.1,1325.774,2026-07-19 05:59:59.999000+00:00,85795734.7138,33954,678.629,43919383.1378,0,BTCUSDT,1h
2026-07-19 06:00:00+00:00,64695.0,64737.7,64670.0,64682.3,934.088,2026-07-19 06:59:59.999000+00:00,60433100.7053,27115,456.562,29538421.8646,0,BTCUSDT,1h
2026-07-19 07:00:00+00:00,64682.2,64759.3,64643.4,64692.2,1918.387,2026-07-19 07:59:59.999000+00:00,124107508.9729,36616,914.829,59183738.482,0,BTCUSDT,1h
2026-07-19 08:00:00+00:00,64692.1,64723.5,64600.0,64678.1,2064.203,2026-07-19 08:59:59.999000+00:00,133459114.9664,41491,1082.126,69964396.5923,0,BTCUSDT,1h
2026-07-19 09:00:00+00:00,64678.2,64694.0,64467.2,64495.2,3177.976,2026-07-19 09:59:59.999000+00:00,205094739.8077,55141,1227.562,79228924.157,0,BTCUSDT,1h
2026-07-19 10:00:00+00:00,64495.1,64677.7,64454.6,64561.4,2700.58,2026-07-19 10:59:59.999000+00:00,174382893.7039,57818,1378.243,88996150.1443,0,BTCUSDT,1h
2026-07-19 11:00:00+00:00,64561.4,64610.0,64415.0,64445.7,2748.941,2026-07-19 11:59:59.999000+00:00,177324323.0585,60236,1243.429,80209799.2902,0,BTCUSDT,1h
2026-07-19 12:00:00+00:00,64445.7,64445.7,64259.5,64417.5,4959.504,2026-07-19 12:59:59.999000+00:00,319194467.7477,96660,2345.591,150963595.9618,0,BTCUSDT,1h
2026-07-19 13:00:00+00:00,64417.4,64497.9,64273.4,64453.0,2219.753,2026-07-19 13:59:59.999000+00:00,142933780.8108,61152,1232.977,79397116.5654,0,BTCUSDT,1h
2026-07-19 14:00:00+00:00,64453.0,64633.0,64389.0,64561.1,2455.842,2026-07-19 14:59:59.999000+00:00,158430946.6177,67025,1341.404,86547500.2643,0,BTCUSDT,1h
2026-07-19 15:00:00+00:00,64561.0,64594.7,64466.6,64545.2,1616.379,2026-07-19 15:59:59.999000+00:00,104298044.5791,46624,724.987,46781792.1495,0,BTCUSDT,1h
2026-07-19 16:00:00+00:00,64545.3,64624.8,64474.2,64510.7,1470.209,2026-07-19 16:59:59.999000+00:00,94891864.9129,49489,677.955,43757166.1366,0,BTCUSDT,1h
2026-07-19 17:00:00+00:00,64510.7,64733.0,64365.7,64520.0,3957.134,2026-07-19 17:59:59.999000+00:00,255576465.6891,95172,1973.961,127505850.2737,0,BTCUSDT,1h
2026-07-19 18:00:00+00:00,64520.0,64529.1,64262.9,64399.8,3442.309,2026-07-19 18:59:59.999000+00:00,221677128.41,89361,1708.332,110017011.0983,0,BTCUSDT,1h
2026-07-19 19:00:00+00:00,64399.8,64442.2,64319.5,64438.1,1085.17,2026-07-19 19:59:59.999000+00:00,69879619.4469,36611,594.631,38291214.4005,0,BTCUSDT,1h
2026-07-19 20:00:00+00:00,64438.1,64534.3,64438.0,64515.9,1059.316,2026-07-19 20:59:59.999000+00:00,68304099.5466,35398,553.75,35706750.2766,0,BTCUSDT,1h
2026-07-19 21:00:00+00:00,64516.0,64539.0,64305.0,64393.7,1677.019,2026-07-19 21:59:59.999000+00:00,107991858.4417,45087,738.075,47529848.6338,0,BTCUSDT,1h
2026-07-19 22:00:00+00:00,64393.6,64874.9,64319.3,64642.7,6743.994,2026-07-19 22:59:59.999000+00:00,436050763.0684,175314,3471.519,224450320.139,0,BTCUSDT,1h
2026-07-19 23:00:00+00:00,64642.8,64748.1,64534.9,64694.7,2054.877,2026-07-19 23:59:59.999000+00:00,132822790.7762,86154,1009.118,65226068.7746,0,BTCUSDT,1h
2026-07-20 00:00:00+00:00,64694.8,65084.6,64380.0,64526.0,9897.467,2026-07-20 00:59:59.999000+00:00,641470035.7737,223175,5382.383,348965499.9026,0,BTCUSDT,1h
2026-07-20 01:00:00+00:00,64526.0,65011.0,64470.0,64594.7,5478.733,2026-07-20 01:59:59.999000+00:00,354724319.535,178862,2817.319,182395271.1945,0,BTCUSDT,1h
2026-07-20 02:00:00+00:00,64594.7,64940.0,64551.6,64800.1,4762.318,2026-07-20 02:59:59.999000+00:00,308503462.7719,151590,2350.844,152259322.4675,0,BTCUSDT,1h
2026-07-20 03:00:00+00:00,64800.1,64887.0,64610.2,64839.4,2578.628,2026-07-20 03:59:59.999000+00:00,166993139.5515,96634,1317.184,85291596.761,0,BTCUSDT,1h
2026-07-20 04:00:00+00:00,64839.3,64843.4,64503.0,64511.3,3108.675,2026-07-20 04:59:59.999000+00:00,200986572.8025,89622,1477.126,95488756.1938,0,BTCUSDT,1h
2026-07-20 05:00:00+00:00,64511.4,64536.1,64046.0,64101.7,9123.542,2026-07-20 05:59:59.999000+00:00,585858675.9787,226279,4223.251,271151889.5741,0,BTCUSDT,1h
2026-07-20 06:00:00+00:00,64101.8,64198.3,63736.1,63890.0,10191.102,2026-07-20 06:59:59.999000+00:00,651336175.6262,221965,5127.977,327727722.703,0,BTCUSDT,1h
2026-07-20 07:00:00+00:00,63890.0,64285.5,63865.0,64250.0,5480.1,2026-07-20 07:59:59.999000+00:00,351211432.3958,131086,3202.98,205274459.6877,0,BTCUSDT,1h
2026-07-20 08:00:00+00:00,64250.0,64337.0,63858.1,64031.4,8326.137,2026-07-20 08:59:59.999000+00:00,533813090.1044,138284,3448.867,221124170.99,0,BTCUSDT,1h
2026-07-20 09:00:00+00:00,64031.4,64260.0,63984.5,64176.6,3055.595,2026-07-20 09:59:59.999000+00:00,196014162.9483,74323,1738.027,111487456.1286,0,BTCUSDT,1h
2026-07-20 10:00:00+00:00,64176.6,64393.2,64137.0,64280.5,3345.929,2026-07-20 10:59:59.999000+00:00,215077150.9125,79013,1634.251,105052610.2475,0,BTCUSDT,1h
2026-07-20 11:00:00+00:00,64280.5,65048.3,64237.1,64970.8,13005.77,2026-07-20 11:59:59.999000+00:00,841991041.8895,244789,7296.084,472268552.7721,0,BTCUSDT,1h
2026-07-20 12:00:00+00:00,64970.8,64982.0,64571.0,64627.2,10164.095,2026-07-20 12:59:59.999000+00:00,658017463.2669,188525,4661.329,301781927.8592,0,BTCUSDT,1h
2026-07-20 13:00:00+00:00,64627.1,64737.5,64174.5,64315.0,9833.494,2026-07-20 13:59:59.999000+00:00,634443045.6516,266408,4936.221,318547350.2977,0,BTCUSDT,1h
2026-07-20 14:00:00+00:00,64315.0,64550.0,64034.3,64393.0,7606.114,2026-07-20 14:59:59.999000+00:00,489199869.99,279972,3876.312,249381261.3358,0,BTCUSDT,1h
2026-07-20 15:00:00+00:00,64393.0,65688.0,64386.8,65570.1,26658.588,2026-07-20 15:59:59.999000+00:00,1737761571.6199,444276,15819.096,1031524528.8119,0,BTCUSDT,1h
2026-07-20 16:00:00+00:00,65570.1,65615.5,65301.8,65478.6,10648.534,2026-07-20 16:59:59.999000+00:00,697029440.6276,206675,4874.108,319071839.0105,0,BTCUSDT,1h
2026-07-20 17:00:00+00:00,65478.6,65642.0,65313.9,65560.0,6542.949,2026-07-20 17:59:59.999000+00:00,428502528.8172,132859,3768.815,246869232.2925,0,BTCUSDT,1h
2026-07-20 18:00:00+00:00,65560.0,65788.0,65168.0,65215.8,11084.442,2026-07-20 18:59:59.999000+00:00,725946859.037,209170,6059.348,397012282.0208,0,BTCUSDT,1h
2026-07-20 19:00:00+00:00,65215.7,65256.1,65011.4,65119.3,7696.738,2026-07-20 19:59:59.999000+00:00,501177275.7031,150300,4303.194,280199184.2044,0,BTCUSDT,1h
2026-07-20 20:00:00+00:00,65119.3,65435.3,65030.2,65344.7,4390.078,2026-07-20 20:59:59.999000+00:00,286507335.5093,90200,2665.777,173975788.9446,0,BTCUSDT,1h
2026-07-20 21:00:00+00:00,65344.8,65416.4,65241.6,65258.5,1872.846,2026-07-20 21:59:59.999000+00:00,122330421.8653,51074,804.916,52574859.0676,0,BTCUSDT,1h
2026-07-20 22:00:00+00:00,65258.4,65258.5,65061.2,65118.7,2625.107,2026-07-20 22:59:59.999000+00:00,171014043.4029,66994,1199.272,78119800.172,0,BTCUSDT,1h
2026-07-20 23:00:00+00:00,65118.8,65244.9,65098.8,65224.8,2029.166,2026-07-20 23:59:59.999000+00:00,132272598.4621,56484,1031.811,67259725.2492,0,BTCUSDT,1h
2026-07-21 00:00:00+00:00,65224.7,65561.0,65115.3,65538.9,4344.322,2026-07-21 00:59:59.999000+00:00,283961578.921,125682,2565.937,167721907.6118,0,BTCUSDT,1h
2026-07-21 01:00:00+00:00,65538.8,65634.4,65202.1,65205.1,4372.902,2026-07-21 01:59:59.999000+00:00,286045453.4735,107043,1882.1,123103806.2026,0,BTCUSDT,1h
2026-07-21 02:00:00+00:00,65205.1,65479.5,65145.1,65386.4,3325.329,2026-07-21 02:59:59.999000+00:00,217103935.613,100415,1889.066,123330333.2401,0,BTCUSDT,1h
2026-07-21 03:00:00+00:00,65386.4,65572.2,65380.0,65539.5,3014.818,2026-07-21 03:59:59.999000+00:00,197370476.3031,93846,1629.192,106659211.7215,0,BTCUSDT,1h
2026-07-21 04:00:00+00:00,65539.5,65723.0,65453.5,65494.2,4594.005,2026-07-21 04:59:59.999000+00:00,301298282.1417,95682,2517.286,165114450.7448,0,BTCUSDT,1h
2026-07-21 05:00:00+00:00,65494.2,65927.9,65460.1,65724.9,6383.305,2026-07-21 05:59:59.999000+00:00,419440590.7108,124595,3490.98,229431643.9386,0,BTCUSDT,1h
2026-07-21 06:00:00+00:00,65724.8,65970.0,65604.8,65892.4,5914.487,2026-07-21 06:59:59.999000+00:00,389339800.0865,126174,3054.847,201090945.2023,0,BTCUSDT,1h
2026-07-21 07:00:00+00:00,65892.5,66240.0,65828.2,66166.9,10295.944,2026-07-21 07:59:59.999000+00:00,680272711.7452,172524,6447.137,426046799.9669,0,BTCUSDT,1h
2026-07-21 08:00:00+00:00,66166.8,66337.8,66103.4,66200.0,9095.828,2026-07-21 08:59:59.999000+00:00,602429161.2575,166810,4471.792,296207551.1156,0,BTCUSDT,1h
2026-07-21 09:00:00+00:00,66199.9,66320.4,66110.0,66261.2,3769.983,2026-07-21 09:59:59.999000+00:00,249670436.3095,84430,1703.82,112842674.2065,0,BTCUSDT,1h
2026-07-21 10:00:00+00:00,66261.3,66390.0,66145.5,66161.1,6340.189,2026-07-21 10:59:59.999000+00:00,420311000.1815,106319,3175.194,210535243.3744,0,BTCUSDT,1h
2026-07-21 11:00:00+00:00,66161.0,66333.0,66117.1,66317.9,3759.054,2026-07-21 11:59:59.999000+00:00,248910248.1576,76923,1868.234,123715345.0009,0,BTCUSDT,1h
2026-07-21 12:00:00+00:00,66317.9,66618.0,66236.0,66527.7,7956.073,2026-07-21 12:59:59.999000+00:00,528785605.0802,151695,4791.766,318466522.8281,0,BTCUSDT,1h
2026-07-21 13:00:00+00:00,66527.7,66777.0,66290.4,66748.8,11900.874,2026-07-21 13:59:59.999000+00:00,791808991.8186,244549,6629.367,441152952.9663,0,BTCUSDT,1h
2026-07-21 14:00:00+00:00,66748.7,66924.1,66609.0,66804.3,13494.794,2026-07-21 14:59:59.999000+00:00,901347451.5503,263544,7121.208,475679911.3928,0,BTCUSDT,1h
2026-07-21 15:00:00+00:00,66804.3,66804.4,66487.9,66648.5,6212.963,2026-07-21 15:59:59.999000+00:00,413988663.4749,156504,2933.692,195485349.0121,0,BTCUSDT,1h
2026-07-21 16:00:00+00:00,66648.5,66736.7,66428.5,66507.1,4088.719,2026-07-21 16:59:59.999000+00:00,272148764.2035,110008,1821.619,121258250.75,0,BTCUSDT,1h
2026-07-21 17:00:00+00:00,66507.1,66537.1,65939.0,66181.1,12541.97,2026-07-21 17:59:59.999000+00:00,830806667.2069,179102,4635.048,307239593.0475,0,BTCUSDT,1h
2026-07-21 18:00:00+00:00,66181.1,66333.0,66071.2,66287.5,4476.6,2026-07-21 18:59:59.999000+00:00,296388678.6471,123163,2404.8,159221271.0438,0,BTCUSDT,1h
2026-07-21 19:00:00+00:00,66287.6,66467.4,66230.0,66409.5,3604.885,2026-07-21 19:59:59.999000+00:00,239271890.829,83529,1808.751,120056356.7858,0,BTCUSDT,1h
2026-07-21 20:00:00+00:00,66409.5,66465.6,66326.3,66373.8,1670.198,2026-07-21 20:59:59.999000+00:00,110887449.8021,50304,814.587,54083749.9423,0,BTCUSDT,1h
2026-07-21 21:00:00+00:00,66373.8,66380.8,66261.7,66352.4,2220.28,2026-07-21 21:59:59.999000+00:00,147245633.5058,52266,1050.988,69699903.9068,0,BTCUSDT,1h
2026-07-21 22:00:00+00:00,66352.4,66352.6,66172.0,66271.2,2432.153,2026-07-21 22:59:59.999000+00:00,161172736.6013,62342,1191.191,78935315.0331,0,BTCUSDT,1h
2026-07-21 23:00:00+00:00,66271.3,66544.8,66200.0,66522.4,3085.24,2026-07-21 23:59:59.999000+00:00,204856385.0919,68656,1968.181,130704577.7041,0,BTCUSDT,1h
2026-07-22 00:00:00+00:00,66522.3,66711.0,66503.9,66591.7,4924.6,2026-07-22 00:59:59.999000+00:00,328064861.958,117686,2651.986,176663938.5374,0,BTCUSDT,1h
2026-07-22 01:00:00+00:00,66591.8,66629.3,66253.0,66399.9,3861.949,2026-07-22 01:59:59.999000+00:00,256484296.9213,99489,1876.413,124611629.7318,0,BTCUSDT,1h
2026-07-22 02:00:00+00:00,66399.9,66513.8,66264.9,66283.2,2039.117,2026-07-22 02:59:59.999000+00:00,135323474.297,71734,995.314,66059705.7545,0,BTCUSDT,1h
2026-07-22 03:00:00+00:00,66283.2,66343.4,66141.7,66176.7,2975.392,2026-07-22 03:59:59.999000+00:00,197060623.2129,78331,1291.843,85564625.4655,0,BTCUSDT,1h
2026-07-22 04:00:00+00:00,66176.6,66399.0,66161.4,66349.3,1913.639,2026-07-22 04:59:59.999000+00:00,126918063.7772,60066,1105.943,73347565.9056,0,BTCUSDT,1h
2026-07-22 05:00:00+00:00,66349.2,66349.3,65909.1,65954.5,7960.255,2026-07-22 05:59:59.999000+00:00,525621065.1603,130035,3234.239,213573733.698,0,BTCUSDT,1h
2026-07-22 06:00:00+00:00,65954.4,66000.0,65800.1,65906.8,6026.171,2026-07-22 06:59:59.999000+00:00,397086743.8794,121113,3131.468,206352004.8041,0,BTCUSDT,1h
2026-07-22 07:00:00+00:00,65906.7,65941.5,65668.6,65813.4,6294.319,2026-07-22 07:59:59.999000+00:00,414136342.2772,108397,2937.704,193307830.8706,0,BTCUSDT,1h
2026-07-22 08:00:00+00:00,65813.4,66140.5,65813.4,65953.5,5831.709,2026-07-22 08:59:59.999000+00:00,384821873.4138,101423,3306.677,218193833.7015,0,BTCUSDT,1h
2026-07-22 09:00:00+00:00,65953.4,66053.2,65816.4,65896.4,3223.673,2026-07-22 09:59:59.999000+00:00,212513260.6364,64556,1621.64,106899914.6938,0,BTCUSDT,1h
2026-07-22 10:00:00+00:00,65896.3,66077.3,65861.4,66016.2,7121.677,2026-07-22 10:59:59.999000+00:00,469851709.9581,69290,5032.603,332000533.87,0,BTCUSDT,1h
2026-07-22 11:00:00+00:00,66016.2,66057.9,65872.1,65981.4,3175.036,2026-07-22 11:59:59.999000+00:00,209471081.5895,69021,1483.462,97868164.5568,0,BTCUSDT,1h
2026-07-22 12:00:00+00:00,65981.3,65986.0,65505.0,65604.2,7832.203,2026-07-22 12:59:59.999000+00:00,514657652.619,127193,3087.084,202841469.3088,0,BTCUSDT,1h
2026-07-22 13:00:00+00:00,65604.1,65956.0,65531.7,65924.9,8594.386,2026-07-22 13:59:59.999000+00:00,564867126.4399,184142,4684.209,307878761.7303,0,BTCUSDT,1h
2026-07-22 14:00:00+00:00,65924.9,66190.4,65556.3,65770.2,10598.179,2026-07-22 14:59:59.999000+00:00,697701890.8596,242005,5236.526,344754565.9867,0,BTCUSDT,1h
2026-07-22 15:00:00+00:00,65770.2,66100.0,65770.0,66014.8,6873.918,2026-07-22 15:59:59.999000+00:00,453450996.1438,179395,3724.202,245684250.4909,0,BTCUSDT,1h
2026-07-22 16:00:00+00:00,66014.8,66363.6,65877.0,66199.7,7769.463,2026-07-22 16:59:59.999000+00:00,513997769.9778,173133,4430.519,293164449.344,0,BTCUSDT,1h
2026-07-22 17:00:00+00:00,66199.8,66249.3,65912.6,65997.5,3809.016,2026-07-22 17:59:59.999000+00:00,251698709.0792,110440,1787.59,118107969.4775,0,BTCUSDT,1h
2026-07-22 18:00:00+00:00,65997.5,66052.8,65701.2,65860.5,4340.972,2026-07-22 18:59:59.999000+00:00,285807348.7643,114098,2055.747,135344701.4452,0,BTCUSDT,1h
2026-07-22 19:00:00+00:00,65860.6,65924.0,65650.2,65891.1,3197.039,2026-07-22 19:59:59.999000+00:00,210441141.4129,82628,1565.615,103062438.6302,0,BTCUSDT,1h
2026-07-22 20:00:00+00:00,65891.2,65954.3,65753.0,65887.8,2320.046,2026-07-22 20:59:59.999000+00:00,152844725.5122,74486,1142.782,75293837.4239,0,BTCUSDT,1h
2026-07-22 21:00:00+00:00,65887.8,66103.1,65853.2,66034.5,2201.826,2026-07-22 21:59:59.999000+00:00,145305195.3275,51113,1219.037,80451741.2043,0,BTCUSDT,1h
2026-07-22 22:00:00+00:00,66034.5,66046.0,65891.8,66013.8,1660.556,2026-07-22 22:59:59.999000+00:00,109540605.1687,52506,792.701,52288088.2406,0,BTCUSDT,1h
2026-07-22 23:00:00+00:00,66013.9,66116.5,65808.5,66082.0,2265.474,2026-07-22 23:59:59.999000+00:00,149457958.8377,66428,1062.961,70135659.0596,0,BTCUSDT,1h
2026-07-23 00:00:00+00:00,66082.0,66284.1,66020.0,66023.8,4469.351,2026-07-23 00:59:59.999000+00:00,295647816.0398,107820,1972.328,130479287.7438,0,BTCUSDT,1h
2026-07-23 01:00:00+00:00,66023.8,66180.0,65715.9,65793.8,5399.416,2026-07-23 01:59:59.999000+00:00,355764632.3912,120655,2394.519,157741291.0607,0,BTCUSDT,1h
2026-07-23 02:00:00+00:00,65793.7,65808.9,65616.3,65777.4,3027.886,2026-07-23 02:59:59.999000+00:00,199030272.7462,88008,1592.657,104697555.4755,0,BTCUSDT,1h
2026-07-23 03:00:00+00:00,65777.4,65788.2,65548.0,65626.8,3847.55,2026-07-23 03:59:59.999000+00:00,252477129.9139,84421,1578.698,103605134.0705,0,BTCUSDT,1h
2026-07-23 04:00:00+00:00,65626.7,65710.0,65558.0,65585.3,2534.037,2026-07-23 04:59:59.999000+00:00,166290464.0105,60757,1152.875,75661030.1403,0,BTCUSDT,1h
2026-07-23 05:00:00+00:00,65585.4,65764.8,65543.1,65663.9,2512.364,2026-07-23 05:59:59.999000+00:00,164953213.4459,56525,1243.317,81638711.5742,0,BTCUSDT,1h
2026-07-23 06:00:00+00:00,65663.9,65793.7,65593.9,65763.2,2021.415,2026-07-23 06:59:59.999000+00:00,132811575.1152,48497,1114.005,73199146.1277,0,BTCUSDT,1h
2026-07-23 07:00:00+00:00,65763.3,65763.3,65313.7,65405.3,8530.657,2026-07-23 07:59:59.999000+00:00,558101216.8052,144263,3712.77,242884132.2818,0,BTCUSDT,1h
2026-07-23 08:00:00+00:00,65405.3,65637.2,65383.6,65605.9,3577.763,2026-07-23 08:59:59.999000+00:00,234463494.1313,79218,1920.818,125869671.6487,0,BTCUSDT,1h
2026-07-23 09:00:00+00:00,65605.8,65732.3,65573.8,65607.9,3031.028,2026-07-23 09:59:59.999000+00:00,199034516.2479,71614,1353.995,88913541.0181,0,BTCUSDT,1h
2026-07-23 10:00:00+00:00,65607.9,65756.6,65555.1,65704.2,2837.969,2026-07-23 10:59:59.999000+00:00,186413354.6497,63908,1403.688,92208079.4068,0,BTCUSDT,1h
2026-07-23 11:00:00+00:00,65704.1,65709.4,65511.0,65525.4,2374.826,2026-07-23 11:59:59.999000+00:00,155768101.0804,57482,1071.998,70311941.6801,0,BTCUSDT,1h
2026-07-23 12:00:00+00:00,65525.4,65557.8,64927.3,65138.0,15552.526,2026-07-23 12:59:59.999000+00:00,1014187388.3578,218069,6626.268,432117954.0344,0,BTCUSDT,1h
2026-07-23 13:00:00+00:00,65138.0,65215.3,64839.1,64858.6,14102.63,2026-07-23 13:59:59.999000+00:00,916841166.9959,280225,7505.153,488011408.177,0,BTCUSDT,1h
2026-07-23 14:00:00+00:00,64858.7,65197.0,64801.0,64884.6,11702.687,2026-07-23 14:59:59.999000+00:00,760417258.4414,209544,5366.514,348720118.8389,0,BTCUSDT,1h
2026-07-23 15:00:00+00:00,64884.7,65003.6,64696.2,64940.4,10141.344,2026-07-23 15:59:59.999000+00:00,657544206.9423,200605,5118.152,331903726.3249,0,BTCUSDT,1h
2026-07-23 16:00:00+00:00,64940.4,64940.5,64688.0,64731.4,4677.967,2026-07-23 16:59:59.999000+00:00,303026532.1337,109880,2098.38,135931859.6856,0,BTCUSDT,1h
2026-07-23 17:00:00+00:00,64731.5,64877.6,64636.0,64654.4,4543.014,2026-07-23 17:59:59.999000+00:00,294196001.253,106098,2167.124,140362159.5205,0,BTCUSDT,1h
2026-07-23 18:00:00+00:00,64654.4,64924.9,64654.3,64842.5,3309.665,2026-07-23 18:59:59.999000+00:00,214409738.3893,83115,1802.404,116760577.9122,0,BTCUSDT,1h
2026-07-23 19:00:00+00:00,64842.5,64908.1,64670.0,64820.7,3454.039,2026-07-23 19:59:59.999000+00:00,223767563.0856,89823,1850.71,119889220.0153,0,BTCUSDT,1h
2026-07-23 20:00:00+00:00,64820.7,65176.0,64809.7,65117.7,5482.38,2026-07-23 20:59:59.999000+00:00,356613631.2125,94719,3409.949,221797849.8692,0,BTCUSDT,1h
2026-07-23 21:00:00+00:00,65117.6,65183.1,64979.9,65137.4,2461.061,2026-07-23 21:59:59.999000+00:00,160167142.7855,60320,1204.278,78385606.743,0,BTCUSDT,1h
2026-07-23 22:00:00+00:00,65137.4,65193.5,64976.7,65158.2,3003.047,2026-07-23 22:59:59.999000+00:00,195514941.3081,67824,1466.892,95519031.9754,0,BTCUSDT,1h
2026-07-23 23:00:00+00:00,65158.2,65189.5,65018.8,65069.6,2173.156,2026-07-23 23:59:59.999000+00:00,141534448.8368,53727,1045.916,68122877.6154,0,BTCUSDT,1h
2026-07-24 00:00:00+00:00,65069.6,65084.0,64733.2,64953.1,4831.001,2026-07-24 00:59:59.999000+00:00,313509849.7025,110130,2211.566,143531504.2392,0,BTCUSDT,1h
2026-07-24 01:00:00+00:00,64953.0,65146.4,64912.4,65053.2,3089.748,2026-07-24 01:59:59.999000+00:00,200967988.2069,86521,1651.956,107457606.9234,0,BTCUSDT,1h
2026-07-24 02:00:00+00:00,65053.2,65164.8,64890.5,65091.8,3231.376,2026-07-24 02:59:59.999000+00:00,210138991.882,81820,1638.295,106549872.8409,0,BTCUSDT,1h
2026-07-24 03:00:00+00:00,65091.8,65436.8,65045.0,65425.4,7118.962,2026-07-24 03:59:59.999000+00:00,464900206.7966,122715,4104.472,268055130.4786,0,BTCUSDT,1h
2026-07-24 04:00:00+00:00,65425.5,65440.0,65235.4,65281.9,3917.507,2026-07-24 04:59:59.999000+00:00,256022060.7952,71693,1542.472,100802578.6107,0,BTCUSDT,1h
2026-07-24 05:00:00+00:00,65282.0,65365.9,65213.0,65282.3,1810.83,2026-07-24 05:59:59.999000+00:00,118219787.249,47353,859.881,56141059.92,0,BTCUSDT,1h
2026-07-24 06:00:00+00:00,65282.4,65490.0,65245.6,65441.6,3572.79,2026-07-24 06:59:59.999000+00:00,233691552.6609,70071,2153.757,140877575.1347,0,BTCUSDT,1h
2026-07-24 07:00:00+00:00,65441.6,65780.0,65338.0,65470.0,12855.234,2026-07-24 07:59:59.999000+00:00,842702140.9544,161995,6347.016,416073588.1906,0,BTCUSDT,1h
2026-07-24 08:00:00+00:00,65470.1,65477.2,65274.5,65274.6,3662.526,2026-07-24 08:59:59.999000+00:00,239467092.5766,63934,1599.104,104555525.0099,0,BTCUSDT,1h
2026-07-24 09:00:00+00:00,65274.6,65290.7,64919.7,65088.1,7663.998,2026-07-24 09:59:59.999000+00:00,498565639.1723,127765,3702.473,240820853.5901,0,BTCUSDT,1h
2026-07-24 10:00:00+00:00,65088.2,65132.2,64878.0,64927.8,3324.749,2026-07-24 10:59:59.999000+00:00,216065897.3568,70739,1680.064,109190465.1039,0,BTCUSDT,1h
2026-07-24 11:00:00+00:00,64927.7,65073.6,64821.9,65045.7,4034.095,2026-07-24 11:59:59.999000+00:00,262044320.6599,94851,1991.338,129359244.9084,0,BTCUSDT,1h
2026-07-24 12:00:00+00:00,65045.7,65110.1,64707.5,64746.6,4732.922,2026-07-24 12:59:59.999000+00:00,307222556.3291,101645,2063.864,134015598.5911,0,BTCUSDT,1h
2026-07-24 13:00:00+00:00,64746.5,64774.5,63882.3,64129.1,29360.681,2026-07-24 13:59:59.999000+00:00,1887644260.3877,403713,14246.549,915632846.5996,0,BTCUSDT,1h
2026-07-24 14:00:00+00:00,64129.1,64170.0,63666.0,64031.4,18282.036,2026-07-24 14:59:59.999000+00:00,1167908697.5558,332842,8993.979,574642889.4093,0,BTCUSDT,1h
2026-07-24 15:00:00+00:00,64031.3,64305.8,63824.3,64065.1,15421.724,2026-07-24 15:59:59.999000+00:00,988667901.3811,293430,7865.378,504247314.6016,0,BTCUSDT,1h
2026-07-24 16:00:00+00:00,64065.1,64176.5,63854.3,63930.4,5378.185,2026-07-24 16:59:59.999000+00:00,344253794.0292,118959,2517.359,161149268.8004,0,BTCUSDT,1h
2026-07-24 17:00:00+00:00,63930.3,64177.9,63882.6,64154.9,3685.779,2026-07-24 17:59:59.999000+00:00,236118270.0009,95006,1978.683,126751501.4139,0,BTCUSDT,1h
2026-07-24 18:00:00+00:00,64154.9,64262.3,64104.1,64242.8,3081.464,2026-07-24 18:59:59.999000+00:00,197729344.9491,65183,1546.561,99249465.1401,0,BTCUSDT,1h
2026-07-24 19:00:00+00:00,64242.7,64266.9,64113.4,64199.5,2530.206,2026-07-24 19:59:59.999000+00:00,162400416.4212,69589,1037.566,66597580.576,0,BTCUSDT,1h
2026-07-24 20:00:00+00:00,64199.5,64260.1,64105.0,64139.6,2090.567,2026-07-24 20:59:59.999000+00:00,134155701.5902,42403,1046.707,67168084.1257,0,BTCUSDT,1h
2026-07-24 21:00:00+00:00,64139.6,64195.1,64098.7,64112.2,1832.95,2026-07-24 21:59:59.999000+00:00,117561234.3696,44648,713.661,45772831.7824,0,BTCUSDT,1h
2026-07-24 22:00:00+00:00,64112.2,64187.6,64098.7,64132.7,1039.951,2026-07-24 22:59:59.999000+00:00,66700398.942,28228,479.08,30725546.393,0,BTCUSDT,1h
2026-07-24 23:00:00+00:00,64132.8,64155.0,64102.2,64116.5,988.191,2026-07-24 23:59:59.999000+00:00,63369720.8549,27569,394.003,25266168.9575,0,BTCUSDT,1h
2026-07-25 00:00:00+00:00,64116.5,64155.0,64005.4,64049.6,6490.967,2026-07-25 00:59:59.999000+00:00,415954819.4248,40299,1268.21,81289865.4441,0,BTCUSDT,1h
2026-07-25 01:00:00+00:00,64049.6,64135.0,63977.0,64039.2,2142.025,2026-07-25 01:59:59.999000+00:00,137175007.1905,47777,1117.489,71562596.0696,0,BTCUSDT,1h
2026-07-25 02:00:00+00:00,64039.1,64072.3,63988.4,64010.5,1372.173,2026-07-25 02:59:59.999000+00:00,87846388.2992,31942,656.113,42004569.0918,0,BTCUSDT,1h
2026-07-25 03:00:00+00:00,64010.5,64073.7,63988.4,64052.9,1221.84,2026-07-25 03:59:59.999000+00:00,78241371.8049,28431,660.556,42298812.017,0,BTCUSDT,1h
2026-07-25 04:00:00+00:00,64053.0,64181.0,64052.9,64146.9,1255.783,2026-07-25 04:59:59.999000+00:00,80520951.8799,31318,697.973,44752904.0201,0,BTCUSDT,1h
2026-07-25 05:00:00+00:00,64147.0,64166.6,63940.7,63990.1,1755.924,2026-07-25 05:59:59.999000+00:00,112442914.675,34021,631.94,40471339.9026,0,BTCUSDT,1h
2026-07-25 06:00:00+00:00,63990.0,64032.0,63933.2,63982.9,1842.202,2026-07-25 06:59:59.999000+00:00,117853865.7643,34489,880.25,56316352.0226,0,BTCUSDT,1h
2026-07-25 07:00:00+00:00,63982.9,64005.5,63966.8,63972.9,1138.406,2026-07-25 07:59:59.999000+00:00,72846642.09,26555,523.397,33492532.5423,0,BTCUSDT,1h
2026-07-25 08:00:00+00:00,63973.0,63973.1,63760.5,63844.3,3567.434,2026-07-25 08:59:59.999000+00:00,227862879.4127,60796,1295.937,82776204.8363,0,BTCUSDT,1h
2026-07-25 09:00:00+00:00,63844.4,64000.0,63794.2,63973.9,2160.102,2026-07-25 09:59:59.999000+00:00,138026973.0821,44352,1260.508,80549912.2239,0,BTCUSDT,1h
2026-07-25 10:00:00+00:00,63973.8,64039.7,63959.3,64039.6,1751.971,2026-07-25 10:59:59.999000+00:00,112125501.4055,28224,1113.67,71278039.5583,0,BTCUSDT,1h
2026-07-25 11:00:00+00:00,64039.6,64078.5,64014.7,64031.3,1213.513,2026-07-25 11:59:59.999000+00:00,77718271.1682,30248,577.454,36983009.4502,0,BTCUSDT,1h
2026-07-25 12:00:00+00:00,64031.2,64088.2,64006.2,64088.2,1166.645,2026-07-25 12:59:59.999000+00:00,74718700.0682,26547,490.42,31410791.3909,0,BTCUSDT,1h
2026-07-25 13:00:00+00:00,64088.1,64236.8,64072.2,64136.9,2768.49,2026-07-25 13:59:59.999000+00:00,177600547.7724,49561,1611.969,103414289.1912,0,BTCUSDT,1h
2026-07-25 14:00:00+00:00,64136.8,64187.4,64079.2,64177.7,1570.678,2026-07-25 14:59:59.999000+00:00,100731203.1957,36507,738.304,47353576.2517,0,BTCUSDT,1h
2026-07-25 15:00:00+00:00,64177.7,64243.6,64135.5,64150.0,1961.221,2026-07-25 15:59:59.999000+00:00,125897041.6711,41449,923.279,59272548.4974,0,BTCUSDT,1h
2026-07-25 16:00:00+00:00,64150.1,64219.0,64092.2,64180.9,1548.05,2026-07-25 16:59:59.999000+00:00,99311892.3498,34114,607.116,38950402.1704,0,BTCUSDT,1h
2026-07-25 17:00:00+00:00,64180.8,64330.2,64162.1,64236.6,2620.615,2026-07-25 17:59:59.999000+00:00,168362661.9822,43820,1644.603,105664679.4888,0,BTCUSDT,1h
2026-07-25 18:00:00+00:00,64236.7,64417.1,64236.7,64391.4,2559.51,2026-07-25 18:59:59.999000+00:00,164723102.6548,57090,1610.129,103621019.6862,0,BTCUSDT,1h
2026-07-25 19:00:00+00:00,64391.3,64410.0,64351.4,64359.6,1546.182,2026-07-25 19:59:59.999000+00:00,99544887.6653,26358,656.91,42292485.5646,0,BTCUSDT,1h
2026-07-25 20:00:00+00:00,64359.7,64367.8,64282.9,64303.9,1212.571,2026-07-25 20:59:59.999000+00:00,77994915.5184,28496,560.012,36019919.1965,0,BTCUSDT,1h
2026-07-25 21:00:00+00:00,64304.0,64407.1,64233.0,64318.5,1521.137,2026-07-25 21:59:59.999000+00:00,97831467.7173,31697,899.804,57878698.621,0,BTCUSDT,1h
2026-07-25 22:00:00+00:00,64318.6,64393.0,64318.5,64377.6,868.254,2026-07-25 22:59:59.999000+00:00,55880713.5651,25112,432.479,27833111.86,0,BTCUSDT,1h
2026-07-25 23:00:00+00:00,64377.7,64393.4,64331.9,64338.1,991.941,2026-07-25 23:59:59.999000+00:00,63852070.0464,21413,424.838,27346800.4035,0,BTCUSDT,1h
2026-07-26 00:00:00+00:00,64338.0,64482.7,64317.9,64482.6,1921.435,2026-07-26 00:59:59.999000+00:00,123777516.4713,43699,1218.444,78494638.9745,0,BTCUSDT,1h
2026-07-26 01:00:00+00:00,64482.7,64514.1,64422.6,64434.3,1584.646,2026-07-26 01:59:59.999000+00:00,102153809.3127,36355,780.808,50338934.4252,0,BTCUSDT,1h
2026-07-26 02:00:00+00:00,64434.3,64500.0,64394.0,64490.6,1140.605,2026-07-26 02:59:59.999000+00:00,73505000.1087,29420,627.663,40450477.8134,0,BTCUSDT,1h
2026-07-26 03:00:00+00:00,64490.6,64553.9,64453.2,64518.8,1560.582,2026-07-26 03:59:59.999000+00:00,100685333.9567,35982,771.665,49785433.6115,0,BTCUSDT,1h
2026-07-26 04:00:00+00:00,64518.9,64566.0,64452.9,64493.1,1510.232,2026-07-26 04:59:59.999000+00:00,97427523.1856,30249,790.174,50977769.179,0,BTCUSDT,1h
2026-07-26 05:00:00+00:00,64493.2,64493.2,64359.3,64386.0,2022.339,2026-07-26 05:59:59.999000+00:00,130298149.4883,35628,714.508,46034896.6556,0,BTCUSDT,1h
2026-07-26 06:00:00+00:00,64386.0,64428.7,64256.4,64408.9,3152.044,2026-07-26 06:59:59.999000+00:00,202784074.8401,53795,1455.023,93618449.1906,0,BTCUSDT,1h
2026-07-26 07:00:00+00:00,64409.0,64439.1,64313.5,64341.2,1444.629,2026-07-26 07:59:59.999000+00:00,92975227.6121,33093,657.523,42318374.4766,0,BTCUSDT,1h
2026-07-26 08:00:00+00:00,64341.3,64467.5,64320.2,64450.1,1158.466,2026-07-26 08:59:59.999000+00:00,74599907.0733,26854,675.979,43529237.7,0,BTCUSDT,1h
2026-07-26 09:00:00+00:00,64450.0,64525.2,64450.0,64512.3,1615.264,2026-07-26 09:59:59.999000+00:00,104183640.2429,28725,897.134,57864216.8567,0,BTCUSDT,1h
2026-07-26 10:00:00+00:00,64512.3,64557.3,64472.4,64490.9,1709.222,2026-07-26 10:59:59.999000+00:00,110243684.7702,25859,665.083,42901060.1984,0,BTCUSDT,1h
2026-07-26 11:00:00+00:00,64491.0,64507.2,64470.0,64481.4,968.837,2026-07-26 11:59:59.999000+00:00,62473457.8916,19133,438.665,28286441.7815,0,BTCUSDT,1h
2026-07-26 12:00:00+00:00,64481.5,64639.0,64405.9,64434.2,3951.26,2026-07-26 12:59:59.999000+00:00,254971560.4796,59005,1974.578,127442023.6912,0,BTCUSDT,1h
2026-07-26 13:00:00+00:00,64434.2,64548.3,64379.7,64491.8,2041.798,2026-07-26 13:59:59.999000+00:00,131587244.3042,38821,1044.333,67308494.652,0,BTCUSDT,1h
2026-07-26 14:00:00+00:00,64491.9,64748.3,64491.8,64687.2,5026.726,2026-07-26 14:59:59.999000+00:00,325023615.5995,103183,2988.681,193242546.8327,0,BTCUSDT,1h
2026-07-26 15:00:00+00:00,64687.2,64819.3,64640.0,64733.6,3665.271,2026-07-26 15:59:59.999000+00:00,237277733.1705,80340,1977.212,128007102.8578,0,BTCUSDT,1h
2026-07-26 16:00:00+00:00,64733.5,64909.0,64670.1,64700.0,4283.747,2026-07-26 16:59:59.999000+00:00,277508972.7801,90392,2022.432,131044225.6948,0,BTCUSDT,1h
2026-07-26 17:00:00+00:00,64700.0,64769.1,64639.9,64663.2,2119.427,2026-07-26 17:59:59.999000+00:00,137100246.7188,50004,926.371,59928953.9953,0,BTCUSDT,1h
2026-07-26 18:00:00+00:00,64663.3,64749.4,64634.0,64706.8,1135.743,2026-07-26 18:59:59.999000+00:00,73457483.3736,31702,565.257,36559371.7231,0,BTCUSDT,1h
2026-07-26 19:00:00+00:00,64706.8,64729.4,64638.8,64665.5,791.484,2026-07-26 19:59:59.999000+00:00,51196991.6636,24963,423.206,27375918.7785,0,BTCUSDT,1h
2026-07-26 20:00:00+00:00,64665.6,64676.2,64606.3,64621.3,748.268,2026-07-26 20:59:59.999000+00:00,48363711.9152,20712,292.189,18886107.8849,0,BTCUSDT,1h
2026-07-26 21:00:00+00:00,64621.2,64897.1,64621.2,64821.7,1929.004,2026-07-26 21:59:59.999000+00:00,124970475.2459,50020,1161.23,75227734.9261,0,BTCUSDT,1h
2026-07-26 22:00:00+00:00,64821.7,65480.0,64821.7,65384.7,13652.278,2026-07-26 22:59:59.999000+00:00,890586756.5897,224172,8042.243,524529624.1284,0,BTCUSDT,1h
2026-07-26 23:00:00+00:00,65384.7,65555.0,65245.6,65375.1,6629.856,2026-07-26 23:59:59.999000+00:00,433605045.2492,132995,2909.742,190323568.6498,0,BTCUSDT,1h
2026-07-27 00:00:00+00:00,65375.2,65398.8,65033.0,65106.0,5619.723,2026-07-27 00:59:59.999000+00:00,366183365.6147,129208,2541.833,165617891.9134,0,BTCUSDT,1h
2026-07-27 01:00:00+00:00,65106.0,65196.7,64872.0,65179.8,5474.232,2026-07-27 01:59:59.999000+00:00,356137637.6768,123070,2816.715,183280627.491,0,BTCUSDT,1h
2026-07-27 02:00:00+00:00,65179.9,65254.4,65088.0,65145.7,2410.619,2026-07-27 02:59:59.999000+00:00,157105183.9864,72865,1232.898,80353345.1187,0,BTCUSDT,1h
2026-07-27 03:00:00+00:00,65145.6,65344.0,65143.5,65261.5,2331.283,2026-07-27 03:59:59.999000+00:00,152145940.4062,65578,1203.374,78535025.2385,0,BTCUSDT,1h
2026-07-27 04:00:00+00:00,65261.5,65484.6,65216.0,65257.2,3606.45,2026-07-27 04:59:59.999000+00:00,235630105.9246,82723,1715.375,112076985.6055,0,BTCUSDT,1h
2026-07-27 05:00:00+00:00,65257.2,65468.2,65251.0,65434.3,2052.379,2026-07-27 05:59:59.999000+00:00,134135582.0098,59804,1084.042,70849854.7881,0,BTCUSDT,1h
2026-07-27 06:00:00+00:00,65434.2,65722.5,65377.5,65388.0,6825.399,2026-07-27 06:59:59.999000+00:00,447380874.9428,135920,3735.677,244885994.5415,0,BTCUSDT,1h
2026-07-27 07:00:00+00:00,65388.0,65421.3,65190.0,65195.9,4161.868,2026-07-27 07:59:59.999000+00:00,271809158.7247,89286,1994.165,130250016.408,0,BTCUSDT,1h
2026-07-27 08:00:00+00:00,65196.0,65234.0,65092.3,65133.0,3777.889,2026-07-27 08:59:59.999000+00:00,246195162.6615,77001,1754.014,114307738.3889,0,BTCUSDT,1h
2026-07-27 09:00:00+00:00,65132.9,65315.7,65066.3,65234.4,3233.697,2026-07-27 09:59:59.999000+00:00,210827348.1767,62735,1821.941,118799640.2463,0,BTCUSDT,1h
2026-07-27 10:00:00+00:00,65234.5,65412.8,65202.1,65314.7,2361.136,2026-07-27 10:59:59.999000+00:00,154215138.87,51675,1318.651,86130115.811,0,BTCUSDT,1h
2026-07-27 11:00:00+00:00,65314.7,65314.8,65061.1,65073.1,2731.686,2026-07-27 11:59:59.999000+00:00,178008168.9815,62939,1132.777,73819827.1465,0,BTCUSDT,1h
2026-07-27 12:00:00+00:00,65073.1,65240.2,64811.0,65065.0,8493.576,2026-07-27 12:59:59.999000+00:00,552241615.8284,143045,4276.81,278161215.1067,0,BTCUSDT,1h
2026-07-27 13:00:00+00:00,65065.0,65689.6,64885.3,65189.4,16449.888,2026-07-27 13:59:59.999000+00:00,1075246102.109,319721,7762.414,507275927.1687,0,BTCUSDT,1h
2026-07-27 14:00:00+00:00,65189.4,65409.3,64418.9,64663.4,18708.373,2026-07-27 14:59:59.999000+00:00,1212427891.9799,436215,8876.231,575448685.6145,0,BTCUSDT,1h
2026-07-27 15:00:00+00:00,64663.4,64750.0,64374.4,64517.1,9045.046,2026-07-27 15:59:59.999000+00:00,584062162.9344,218753,4271.62,275854656.0147,0,BTCUSDT,1h
2026-07-27 16:00:00+00:00,64517.2,64941.7,64479.0,64871.0,6852.718,2026-07-27 16:59:59.999000+00:00,443685630.9678,164491,3452.996,223534757.0149,0,BTCUSDT,1h
2026-07-27 17:00:00+00:00,64871.0,65069.4,64761.7,64994.3,4101.367,2026-07-27 17:59:59.999000+00:00,266370088.0452,102137,2026.481,131618375.289,0,BTCUSDT,1h
2026-07-27 18:00:00+00:00,64994.2,65034.9,64727.3,64854.7,3642.72,2026-07-27 18:59:59.999000+00:00,236192680.6104,87654,1785.12,115736758.1759,0,BTCUSDT,1h
2026-07-27 19:00:00+00:00,64854.7,65056.8,64782.0,64959.2,2642.628,2026-07-27 19:59:59.999000+00:00,171606866.94,79018,1385.741,89993805.8039,0,BTCUSDT,1h
2026-07-27 20:00:00+00:00,64959.2,65030.8,64873.6,64940.4,1671.359,2026-07-27 20:59:59.999000+00:00,108548894.2467,44317,863.228,56065781.0038,0,BTCUSDT,1h
2026-07-27 21:00:00+00:00,64940.3,64940.4,64762.1,64790.2,1614.505,2026-07-27 21:59:59.999000+00:00,104668615.5899,41836,617.97,40061344.6453,0,BTCUSDT,1h
2026-07-27 22:00:00+00:00,64790.3,64790.3,63755.3,63755.4,16449.15,2026-07-27 22:59:59.999000+00:00,1055203474.7227,238279,5774.219,370515082.0633,0,BTCUSDT,1h
2026-07-27 23:00:00+00:00,63755.5,63903.6,63567.0,63720.8,13574.042,2026-07-27 23:59:59.999000+00:00,864984090.5577,254074,6566.575,418547846.3352,0,BTCUSDT,1h
2026-07-28 00:00:00+00:00,63720.7,63794.3,63439.1,63453.1,7909.745,2026-07-28 00:59:59.999000+00:00,502985966.2386,191138,3395.255,215936135.9471,0,BTCUSDT,1h
2026-07-28 01:00:00+00:00,63453.1,63500.0,63021.0,63195.9,13354.768,2026-07-28 01:59:59.999000+00:00,844215654.4205,229814,6180.08,390663321.1687,0,BTCUSDT,1h
2026-07-28 02:00:00+00:00,63195.9,63269.8,63069.8,63148.2,4990.923,2026-07-28 02:59:59.999000+00:00,315272565.2683,89344,2317.856,146435838.1497,0,BTCUSDT,1h
2026-07-28 03:00:00+00:00,63148.1,63342.8,63131.9,63310.1,4066.35,2026-07-28 03:59:59.999000+00:00,257228305.6894,81329,2460.16,155622307.2743,0,BTCUSDT,1h
2026-07-28 04:00:00+00:00,63310.0,63333.3,63187.2,63323.5,4684.392,2026-07-28 04:59:59.999000+00:00,296460786.3079,72850,2726.807,172579156.984,0,BTCUSDT,1h
2026-07-28 05:00:00+00:00,63323.5,63588.0,63294.9,63417.4,5443.976,2026-07-28 05:59:59.999000+00:00,345524107.6483,96325,2758.189,175072966.4686,0,BTCUSDT,1h
2026-07-28 06:00:00+00:00,63417.5,63642.2,63365.4,63609.4,3804.782,2026-07-28 06:59:59.999000+00:00,241643799.4036,76252,2276.584,144604000.6939,0,BTCUSDT,1h
2026-07-28 07:00:00+00:00,63609.4,63635.4,63421.0,63476.8,3883.873,2026-07-28 07:59:59.999000+00:00,246728815.6365,71930,1633.855,103784117.4478,0,BTCUSDT,1h
2026-07-28 08:00:00+00:00,63476.8,63513.9,63370.1,63401.7,2415.759,2026-07-28 08:59:59.999000+00:00,153251413.6396,58073,1042.851,66158313.2283,0,BTCUSDT,1h
2026-07-28 09:00:00+00:00,63401.6,63557.0,63337.7,63367.8,4377.904,2026-07-28 09:59:59.999000+00:00,277801181.7529,64811,1814.318,115119354.7855,0,BTCUSDT,1h
2026-07-28 10:00:00+00:00,63367.8,63532.1,63263.5,63439.6,7147.337,2026-07-28 10:59:59.999000+00:00,453030725.8648,97373,3418.208,216703909.9733,0,BTCUSDT,1h
2026-07-28 11:00:00+00:00,63439.6,63569.0,63322.6,63430.8,3763.568,2026-07-28 11:59:59.999000+00:00,238721275.5887,91137,1775.301,112612599.4141,0,BTCUSDT,1h
2026-07-28 12:00:00+00:00,63430.7,63548.8,63355.4,63520.1,3288.693,2026-07-28 12:59:59.999000+00:00,208678725.9991,79687,1557.722,98843738.9502,0,BTCUSDT,1h
2026-07-28 13:00:00+00:00,63520.1,63568.6,62660.1,63078.9,16804.472,2026-07-28 13:59:59.999000+00:00,1059476684.1138,312546,7452.593,469922941.4406,0,BTCUSDT,1h
2026-07-28 14:00:00+00:00,63078.9,63521.0,62937.0,63384.1,10759.073,2026-07-28 14:59:59.999000+00:00,680392626.0646,280170,5590.627,353551525.0917,0,BTCUSDT,1h
2026-07-28 15:00:00+00:00,63384.0,64014.2,63231.9,63899.4,15235.464,2026-07-28 15:59:59.999000+00:00,970796592.1303,328226,8533.996,543903382.1433,0,BTCUSDT,1h
2026-07-28 16:00:00+00:00,63899.5,64084.5,63746.4,64020.0,5705.085,2026-07-28 16:59:59.999000+00:00,364546052.7326,141690,3217.011,205605251.5523,0,BTCUSDT,1h
2026-07-28 17:00:00+00:00,64019.9,64020.0,63477.2,63666.0,6338.588,2026-07-28 17:59:59.999000+00:00,403697474.5729,150106,2819.659,179571084.5972,0,BTCUSDT,1h
2026-07-28 18:00:00+00:00,63666.0,63824.0,63646.6,63710.8,2521.312,2026-07-28 18:59:59.999000+00:00,160653733.0119,96045,1395.396,88919479.2439,0,BTCUSDT,1h
2026-07-28 19:00:00+00:00,63710.8,63882.4,63650.1,63882.4,2666.007,2026-07-28 19:59:59.999000+00:00,170021669.291,84505,1582.039,100903569.6676,0,BTCUSDT,1h
2026-07-28 20:00:00+00:00,63882.4,63993.2,63850.4,63890.8,3090.519,2026-07-28 20:59:59.999000+00:00,197511598.8226,80635,1719.235,109874973.3779,0,BTCUSDT,1h
2026-07-28 21:00:00+00:00,63890.7,64047.9,63863.8,63950.1,2344.876,2026-07-28 21:59:59.999000+00:00,149968919.1397,62170,1446.286,92497550.5504,0,BTCUSDT,1h
2026-07-28 22:00:00+00:00,63950.1,64000.0,63739.8,63754.6,3276.39,2026-07-28 22:59:59.999000+00:00,209247563.5609,85939,1684.807,107601497.6672,0,BTCUSDT,1h
2026-07-28 23:00:00+00:00,63754.6,63934.3,63526.0,63903.6,6400.006,2026-07-28 23:59:59.999000+00:00,407635996.1595,109179,3934.69,250602271.0392,0,BTCUSDT,1h
2026-07-29 00:00:00+00:00,63903.6,64175.0,63846.0,63927.5,5771.301,2026-07-29 00:59:59.999000+00:00,369457600.3523,143284,2961.193,189589253.624,0,BTCUSDT,1h
2026-07-29 01:00:00+00:00,63927.5,63978.7,63657.8,63682.5,4706.938,2026-07-29 01:59:59.999000+00:00,300350905.647,161419,2453.11,156548610.1428,0,BTCUSDT,1h
2026-07-29 02:00:00+00:00,63682.5,64110.5,63630.0,63955.0,5422.055,2026-07-29 02:59:59.999000+00:00,346396636.9508,163712,2980.39,190367031.0949,0,BTCUSDT,1h
2026-07-29 03:00:00+00:00,63955.0,63984.7,63684.7,63727.0,4992.94,2026-07-29 03:59:59.999000+00:00,318513558.8095,137758,2460.814,156962183.9724,0,BTCUSDT,1h
2026-07-29 04:00:00+00:00,63727.0,63950.0,63569.5,63944.2,4296.721,2026-07-29 04:59:59.999000+00:00,273898479.742,134025,2394.96,152676508.4264,0,BTCUSDT,1h
2026-07-29 05:00:00+00:00,63944.3,64071.1,63866.4,64045.3,3574.698,2026-07-29 05:59:59.999000+00:00,228693537.2911,87178,1794.852,114827651.319,0,BTCUSDT,1h
2026-07-29 06:00:00+00:00,64045.3,64444.0,64004.7,64407.7,9275.804,2026-07-29 06:59:59.999000+00:00,596418574.2942,146057,5202.238,334446095.2482,0,BTCUSDT,1h
2026-07-29 07:00:00+00:00,64407.8,64544.0,64376.1,64539.0,5453.408,2026-07-29 07:59:59.999000+00:00,351473501.4338,88491,2866.686,184764547.8549,0,BTCUSDT,1h
2026-07-29 08:00:00+00:00,64539.1,64556.6,64251.0,64391.2,5688.224,2026-07-29 08:59:59.999000+00:00,366261594.4603,93423,2371.335,152685392.4262,0,BTCUSDT,1h
2026-07-29 09:00:00+00:00,64391.2,64715.9,64353.2,64660.7,5905.262,2026-07-29 09:59:59.999000+00:00,381219596.8755,108819,2984.737,192697093.4708,0,BTCUSDT,1h
2026-07-29 10:00:00+00:00,64660.8,64691.4,64381.2,64444.0,4695.38,2026-07-29 10:59:59.999000+00:00,303146009.8068,82164,2114.508,136528498.1695,0,BTCUSDT,1h
2026-07-29 11:00:00+00:00,64444.0,64565.2,64388.0,64480.0,2928.166,2026-07-29 11:59:59.999000+00:00,188741203.8282,68807,1366.694,88090814.4434,0,BTCUSDT,1h
2026-07-29 12:00:00+00:00,64479.9,64480.0,64175.4,64248.2,4373.432,2026-07-29 12:59:59.999000+00:00,281281402.1585,100513,1719.512,110590028.0931,0,BTCUSDT,1h
2026-07-29 13:00:00+00:00,64248.2,64639.9,64113.6,64634.6,10594.764,2026-07-29 13:59:59.999000+00:00,681619900.5992,258410,5523.403,355441178.5391,0,BTCUSDT,1h
2026-07-29 14:00:00+00:00,64634.6,64688.0,64019.0,64078.1,8887.439,2026-07-29 14:59:59.999000+00:00,571174180.577,288932,4433.19,284880451.7109,0,BTCUSDT,1h
2026-07-29 15:00:00+00:00,64078.2,64170.7,63857.4,63940.2,6804.924,2026-07-29 15:59:59.999000+00:00,435592571.5037,196568,3454.863,221161085.1242,0,BTCUSDT,1h
2026-07-29 16:00:00+00:00,63940.2,64131.9,63600.0,63786.6,10205.123,2026-07-29 16:59:59.999000+00:00,651385654.8576,211957,4846.644,309392740.9064,0,BTCUSDT,1h
2026-07-29 17:00:00+00:00,63786.6,64287.3,63680.1,64247.5,7085.746,2026-07-29 17:59:59.999000+00:00,452929958.1642,162829,4002.501,255906777.8975,0,BTCUSDT,1h
2026-07-29 18:00:00+00:00,64247.4,64703.9,63742.9,64484.5,24784.012,2026-07-29 18:59:59.999000+00:00,1594287776.9042,501248,12244.677,787715493.9184,0,BTCUSDT,1h
2026-07-29 19:00:00+00:00,64484.4,64575.7,63483.9,63564.1,14295.245,2026-07-29 19:59:59.999000+00:00,914167288.9766,362407,6579.009,420641286.5418,0,BTCUSDT,1h
2026-07-29 20:00:00+00:00,63564.0,63721.0,63336.0,63487.9,9804.197,2026-07-29 20:59:59.999000+00:00,622922112.1717,239288,4823.12,306480929.7821,0,BTCUSDT,1h
2026-07-29 21:00:00+00:00,63487.8,63831.8,63234.0,63831.1,9361.784,2026-07-29 21:59:59.999000+00:00,594371211.5914,157656,5456.693,346545275.0012,0,BTCUSDT,1h
2026-07-29 22:00:00+00:00,63831.2,64108.4,63831.1,63916.9,8261.334,2026-07-29 22:59:59.999000+00:00,528474386.9604,141652,4208.87,269224366.0572,0,BTCUSDT,1h
2026-07-29 23:00:00+00:00,63916.9,64044.4,63868.0,63958.9,2807.402,2026-07-29 23:59:59.999000+00:00,179561238.9171,80659,1527.594,97718651.8208,0,BTCUSDT,1h
2026-07-30 00:00:00+00:00,63958.9,64098.2,63576.4,63673.7,6274.187,2026-07-30 00:59:59.999000+00:00,400238749.7128,123654,2842.911,181358898.9857,0,BTCUSDT,1h
2026-07-30 01:00:00+00:00,63673.7,64355.9,63662.6,64245.3,6840.859,2026-07-30 01:59:59.999000+00:00,437828269.4242,158127,4061.024,259920341.1628,0,BTCUSDT,1h
2026-07-30 02:00:00+00:00,64245.2,64393.0,64139.0,64163.7,3764.311,2026-07-30 02:59:59.999000+00:00,241991045.2405,108796,1816.794,116811413.4827,0,BTCUSDT,1h
2026-07-30 03:00:00+00:00,64163.7,64282.8,64109.0,64134.0,2384.038,2026-07-30 03:59:59.999000+00:00,153002636.6956,81450,1276.362,81917518.9129,0,BTCUSDT,1h
2026-07-30 04:00:00+00:00,64134.0,64152.3,63980.0,63998.5,2650.287,2026-07-30 04:59:59.999000+00:00,169818439.3186,64801,1145.028,73371969.1215,0,BTCUSDT,1h
2026-07-30 05:00:00+00:00,63998.6,64156.4,63881.0,64013.6,3410.62,2026-07-30 05:59:59.999000+00:00,218268066.3314,101607,1835.795,117490859.9151,0,BTCUSDT,1h
2026-07-30 06:00:00+00:00,64013.5,64054.8,63930.0,63974.6,1486.362,2026-07-30 06:59:59.999000+00:00,95110788.8361,59102,798.431,51092825.8266,0,BTCUSDT,1h
2026-07-30 07:00:00+00:00,63974.6,64121.9,63913.6,63981.9,3159.857,2026-07-30 07:59:59.999000+00:00,202292817.327,80297,1790.96,114656891.1479,0,BTCUSDT,1h
2026-07-30 08:00:00+00:00,63981.9,64334.6,63950.0,64280.4,4231.718,2026-07-30 08:59:59.999000+00:00,271620799.5235,106177,2532.922,162560501.1071,0,BTCUSDT,1h
2026-07-30 09:00:00+00:00,64280.4,64618.1,64257.1,64550.0,6694.068,2026-07-30 09:59:59.999000+00:00,431799644.7034,122603,3514.043,226649517.9219,0,BTCUSDT,1h
2026-07-30 10:00:00+00:00,64550.0,64612.5,64538.2,64548.9,3675.459,2026-07-30 10:59:59.999000+00:00,237321504.2964,58253,1248.621,80628675.7471,0,BTCUSDT,1h
2026-07-30 11:00:00+00:00,64548.9,64870.0,64515.1,64766.8,7542.228,2026-07-30 11:59:59.999000+00:00,488021132.7413,112902,4663.871,301800663.0335,0,BTCUSDT,1h
2026-07-30 12:00:00+00:00,64766.9,65015.6,64765.6,64892.6,9133.871,2026-07-30 12:59:59.999000+00:00,592668370.6186,144485,5052.706,327877043.2498,0,BTCUSDT,1h
2026-07-30 13:00:00+00:00,64892.7,65157.0,64663.0,64995.9,14010.887,2026-07-30 13:59:59.999000+00:00,909624539.855,222293,6993.624,454077021.2896,0,BTCUSDT,1h
2026-07-30 14:00:00+00:00,64995.8,65015.3,64588.4,64649.0,9678.971,2026-07-30 14:59:59.999000+00:00,626822384.8571,194754,4166.521,269777447.0,0,BTCUSDT,1h
2026-07-30 15:00:00+00:00,64649.1,64861.4,64571.4,64694.2,4737.528,2026-07-30 15:59:59.999000+00:00,306497099.615,124292,2567.008,166077121.5453,0,BTCUSDT,1h
2026-07-30 16:00:00+00:00,64694.2,64933.0,64694.2,64785.1,3285.643,2026-07-30 16:59:59.999000+00:00,212986306.6807,97697,1845.832,119660244.9304,0,BTCUSDT,1h
2026-07-30 17:00:00+00:00,64785.1,64957.2,64738.1,64842.4,2494.063,2026-07-30 17:59:59.999000+00:00,161758604.3187,72901,1225.098,79455149.1459,0,BTCUSDT,1h
2026-07-30 18:00:00+00:00,64842.4,64871.1,64657.4,64668.9,1921.207,2026-07-30 18:59:59.999000+00:00,124371180.0673,49307,940.198,60863872.5507,0,BTCUSDT,1h
2026-07-30 19:00:00+00:00,64668.9,64875.0,64668.8,64778.6,1965.073,2026-07-30 19:59:59.999000+00:00,127327434.4294,61092,1118.096,72445650.8943,0,BTCUSDT,1h
2026-07-30 20:00:00+00:00,64778.5,64909.0,64723.4,64750.0,2723.326,2026-07-30 20:59:59.999000+00:00,176477279.994,67504,1448.7,93882544.0141,0,BTCUSDT,1h
2026-07-30 21:00:00+00:00,64750.0,64780.8,64678.2,64706.5,1435.863,2026-07-30 21:59:59.999000+00:00,92950019.8597,40459,799.537,51758334.0574,0,BTCUSDT,1h
2026-07-30 22:00:00+00:00,64706.6,64995.0,64636.3,64827.4,3686.525,2026-07-30 22:59:59.999000+00:00,239167382.4039,83690,2004.99,130082417.4097,0,BTCUSDT,1h
2026-07-30 23:00:00+00:00,64827.3,65062.9,64698.5,64750.0,5668.781,2026-07-30 23:59:59.999000+00:00,367650572.3888,94007,2824.135,183191197.8838,0,BTCUSDT,1h
2026-07-31 00:00:00+00:00,64750.0,64878.0,64663.7,64698.5,2973.54,2026-07-31 00:59:59.999000+00:00,192537696.6992,78819,1388.266,89885575.7789,0,BTCUSDT,1h
2026-07-31 01:00:00+00:00,64698.5,65391.3,64444.0,64535.1,16749.679,2026-07-31 01:59:59.999000+00:00,1088311409.0424,301450,9311.845,605271421.2828,0,BTCUSDT,1h
2026-07-31 02:00:00+00:00,64535.2,64593.3,64177.9,64271.9,9560.756,2026-07-31 02:59:59.999000+00:00,615339153.1539,191773,4824.906,310555652.8232,0,BTCUSDT,1h
2026-07-31 03:00:00+00:00,64272.0,64410.4,64138.0,64344.0,5854.658,2026-07-31 03:59:59.999000+00:00,376462764.9026,129088,3297.15,212036339.7357,0,BTCUSDT,1h
2026-07-31 04:00:00+00:00,64344.0,64425.6,64210.0,64281.6,3166.071,2026-07-31 04:59:59.999000+00:00,203642668.112,77175,1771.525,113958982.616,0,BTCUSDT,1h
2026-07-31 05:00:00+00:00,64281.6,64396.7,64242.5,64334.4,2568.023,2026-07-31 05:59:59.999000+00:00,165201455.5576,63719,1442.421,92792682.4018,0,BTCUSDT,1h
2026-07-31 06:00:00+00:00,64334.3,64476.8,64179.9,64208.5,4155.684,2026-07-31 06:59:59.999000+00:00,267232035.22,82771,2102.209,135218360.7635,0,BTCUSDT,1h
2026-07-31 07:00:00+00:00,64208.4,64217.0,63835.6,63909.1,11234.331,2026-07-31 07:59:59.999000+00:00,718825262.0896,165948,4590.202,293731043.5199,0,BTCUSDT,1h
2026-07-31 08:00:00+00:00,63909.1,63950.0,63777.7,63801.9,6279.775,2026-07-31 08:59:59.999000+00:00,401001538.3934,104733,3274.524,209103929.5901,0,BTCUSDT,1h
2026-07-31 09:00:00+00:00,63801.8,63820.0,63601.2,63689.0,5255.291,2026-07-31 09:59:59.999000+00:00,334745364.9865,108158,2635.812,167891809.7198,0,BTCUSDT,1h
2026-07-31 10:00:00+00:00,63689.1,63923.4,63577.0,63886.1,5345.605,2026-07-31 10:59:59.999000+00:00,340879608.8745,91786,3168.395,202065243.2999,0,BTCUSDT,1h
2026-07-31 11:00:00+00:00,63886.2,63982.2,63755.1,63779.4,3656.002,2026-07-31 11:59:59.999000+00:00,233494007.9039,70649,1637.817,104608518.4039,0,BTCUSDT,1h
2026-07-31 12:00:00+00:00,63779.4,63804.1,63595.3,63727.4,5013.922,2026-07-31 12:59:59.999000+00:00,319347656.4853,98285,2627.436,167352918.0063,0,BTCUSDT,1h
2026-07-31 13:00:00+00:00,63727.4,63807.5,63216.2,63248.1,15778.254,2026-07-31 13:59:59.999000+00:00,1001673801.1715,283542,7089.776,450214717.1624,0,BTCUSDT,1h
2026-07-31 14:00:00+00:00,63248.0,63291.6,62410.5,62663.8,37380.196,2026-07-31 14:59:59.999000+00:00,2344270193.7261,619865,18617.83,1167153346.6344,0,BTCUSDT,1h
2026-07-31 15:00:00+00:00,62663.9,62749.7,62458.0,62695.4,9158.832,2026-07-31 15:59:59.999000+00:00,573555081.6724,209135,5099.846,319414055.639,0,BTCUSDT,1h
2026-07-31 16:00:00+00:00,62695.3,62913.4,62680.1,62849.4,6323.225,2026-07-31 16:59:59.999000+00:00,397282503.3762,143561,3469.009,217961324.6667,0,BTCUSDT,1h
2026-07-31 17:00:00+00:00,62849.4,63270.1,62780.8,63215.6,6762.001,2026-07-31 17:59:59.999000+00:00,426252787.3906,142582,3660.437,230770623.2662,0,BTCUSDT,1h
2026-07-31 18:00:00+00:00,63215.6,63275.7,62935.1,63064.9,5633.135,2026-07-31 18:59:59.999000+00:00,355420163.8703,105178,2215.499,139792141.6994,0,BTCUSDT,1h
2026-07-31 19:00:00+00:00,63065.0,63133.0,62906.3,62947.2,2889.931,2026-07-31 19:59:59.999000+00:00,182040049.4905,79870,1142.079,71937401.6457,0,BTCUSDT,1h
2026-07-31 20:00:00+00:00,62947.1,63003.0,62901.0,62928.7,2268.918,2026-07-31 20:59:59.999000+00:00,142833497.4037,56442,1167.757,73515260.4373,0,BTCUSDT,1h
2026-07-31 21:00:00+00:00,62928.7,63037.0,62814.1,62924.7,2820.424,2026-07-31 21:59:59.999000+00:00,177554665.6122,62927,1442.284,90798885.7992,0,BTCUSDT,1h
2026-07-31 22:00:00+00:00,62924.8,62996.7,62835.0,62916.7,2306.85,2026-07-31 22:59:59.999000+00:00,145176094.7077,48659,1151.968,72493315.3011,0,BTCUSDT,1h
2026-07-31 23:00:00+00:00,62916.8,62990.0,62825.0,62859.9,1829.832,2026-07-31 23:59:59.999000+00:00,115115953.8147,38507,735.897,46297103.01,0,BTCUSDT,1h
2026-08-01 00:00:00+00:00,62859.9,62995.0,62859.8,62909.4,1932.848,2026-08-01 00:59:59.999000+00:00,121641114.7452,49244,1072.374,67489334.0704,0,BTCUSDT,1h
2026-08-01 01:00:00+00:00,62909.4,62964.6,62888.9,62946.7,1321.888,2026-08-01 01:59:59.999000+00:00,83179127.0279,34786,598.398,37652805.0705,0,BTCUSDT,1h
2026-08-01 02:00:00+00:00,62946.7,63084.6,62946.7,63040.8,1697.14,2026-08-01 02:59:59.999000+00:00,106974243.4717,37772,1040.111,65558843.4754,0,BTCUSDT,1h
2026-08-01 03:00:00+00:00,63040.8,63045.7,62937.5,62973.8,1561.868,2026-08-01 03:59:59.999000+00:00,98374535.286,36063,611.416,38507855.8968,0,BTCUSDT,1h
2026-08-01 04:00:00+00:00,62973.8,63079.2,62964.1,63073.9,869.586,2026-08-01 04:59:59.999000+00:00,54802299.1232,23396,522.567,32933143.488,0,BTCUSDT,1h
2026-08-01 05:00:00+00:00,63074.0,63118.7,62969.6,62999.8,1857.218,2026-08-01 05:59:59.999000+00:00,117080292.5216,35910,938.939,59192524.3774,0,BTCUSDT,1h
2026-08-01 06:00:00+00:00,62999.8,63014.9,62965.2,63001.9,327.732,2026-08-01 06:59:59.999000+00:00,20644294.0133,9577,110.216,6942404.0837,0,BTCUSDT,1h
