open_time,open,high,low,close,volume,close_time,quote_asset_volume,number_of_trades,taker_buy_base,taker_buy_quote,ignore,symbol,timeframe
2026-02-02 07:00:00+00:00,100.67,102.39,100.4,101.38,1863273.05,2026-02-02 07:59:59.999000+00:00,188838388.0396,214700,1040937.08,105521781.6847,0,SOLUSDT,1h
2026-02-02 08:00:00+00:00,101.39,102.42,101.33,101.65,1132445.27,2026-02-02 08:59:59.999000+00:00,115345714.781,146412,593073.75,60404945.1934,0,SOLUSDT,1h
2026-02-02 09:00:00+00:00,101.65,103.16,101.36,102.74,1352979.94,2026-02-02 09:59:59.999000+00:00,138607794.2506,154083,711889.7,72955061.8116,0,SOLUSDT,1h
2026-02-02 10:00:00+00:00,102.73,103.39,102.56,102.84,853481.25,2026-02-02 10:59:59.999000+00:00,87867138.3031,98212,400912.65,41272262.0678,0,SOLUSDT,1h
2026-02-02 11:00:00+00:00,102.85,103.37,102.58,102.73,641204.17,2026-02-02 11:59:59.999000+00:00,66042441.6046,82112,303768.47,31288736.7826,0,SOLUSDT,1h
2026-02-02 12:00:00+00:00,102.73,103.7,102.72,103.24,904498.97,2026-02-02 12:59:59.999000+00:00,93328216.695,96360,476841.45,49206068.0746,0,SOLUSDT,1h
2026-02-02 13:00:00+00:00,103.23,103.64,102.76,103.25,894369.92,2026-02-02 13:59:59.999000+00:00,92269195.2815,98095,450570.54,46485367.0786,0,SOLUSDT,1h
2026-02-02 14:00:00+00:00,103.26,105.11,102.29,103.92,3128764.04,2026-02-02 14:59:59.999000+00:00,325030703.043,266883,1639436.19,170401295.3906,0,SOLUSDT,1h
2026-02-02 15:00:00+00:00,103.92,106.06,103.51,104.63,2364647.54,2026-02-02 15:59:59.999000+00:00,248250148.3947,255877,1248074.3,131056896.6669,0,SOLUSDT,1h
2026-02-02 16:00:00+00:00,104.62,105.71,104.2,104.93,1256892.46,2026-02-02 16:59:59.999000+00:00,132008336.7499,154032,681350.41,71572995.8566,0,SOLUSDT,1h
2026-02-02 17:00:00+00:00,104.93,105.53,104.37,104.74,802876.75,2026-02-02 17:59:59.999000+00:00,84301971.4637,111083,393912.75,41368192.4887,0,SOLUSDT,1h
2026-02-02 18:00:00+00:00,104.75,104.97,103.79,104.64,1105026.91,2026-02-02 18:59:59.999000+00:00,115249851.3684,104272,527573.37,55036104.7153,0,SOLUSDT,1h
2026-02-02 19:00:00+00:00,104.64,104.76,103.43,103.83,769521.78,2026-02-02 19:59:59.999000+00:00,80031657.9338,83617,392470.92,40825956.0961,0,SOLUSDT,1h
2026-02-02 20:00:00+00:00,103.83,104.2,103.25,103.77,951811.2,2026-02-02 20:59:59.999000+00:00,98709445.1272,98754,472337.35,48988857.6962,0,SOLUSDT,1h
2026-02-02 21:00:00+00:00,103.78,104.92,103.72,104.75,576590.76,2026-02-02 21:59:59.999000+00:00,60254009.096,69306,332509.81,34743467.0938,0,SOLUSDT,1h
2026-02-02 22:00:00+00:00,104.76,105.13,104.5,104.94,358232.41,2026-02-02 22:59:59.999000+00:00,37571362.302,48944,170099.25,17840728.8135,0,SOLUSDT,1h
2026-02-02 23:00:00+00:00,104.95,105.0,104.34,104.48,366557.0,2026-02-02 23:59:59.999000+00:00,38347123.4386,52307,181014.73,18938351.8678,0,SOLUSDT,1h
2026-02-03 00:00:00+00:00,104.47,104.6,103.62,104.09,765957.43,2026-02-03 00:59:59.999000+00:00,79639653.0556,81678,372057.31,38673790.4176,0,SOLUSDT,1h
2026-02-03 01:00:00+00:00,104.1,104.33,103.47,104.31,512673.74,2026-02-03 01:59:59.999000+00:00,53261542.2328,73767,272947.47,28359279.4377,0,SOLUSDT,1h
2026-02-03 02:00:00+00:00,104.32,104.34,102.26,102.35,1023798.39,2026-02-03 02:59:59.999000+00:00,105577974.1869,108760,419064.22,43223179.4572,0,SOLUSDT,1h
2026-02-03 03:00:00+00:00,102.36,104.36,102.08,104.1,1274430.25,2026-02-03 03:59:59.999000+00:00,131308674.7451,129533,688999.72,71026510.4163,0,SOLUSDT,1h
2026-02-03 04:00:00+00:00,104.09,105.06,103.79,104.62,660046.96,2026-02-03 04:59:59.999000+00:00,68930217.0162,79281,360843.01,37692652.1604,0,SOLUSDT,1h
2026-02-03 05:00:00+00:00,104.63,104.68,103.58,103.65,512403.99,2026-02-03 05:59:59.999000+00:00,53285850.4635,66677,220462.83,22929311.4935,0,SOLUSDT,1h
2026-02-03 06:00:00+00:00,103.65,104.02,102.88,103.9,726413.89,2026-02-03 06:59:59.999000+00:00,75156999.4917,82942,344388.8,35642439.5223,0,SOLUSDT,1h
2026-02-03 07:00:00+00:00,103.91,104.85,103.68,104.62,575805.04,2026-02-03 07:59:59.999000+00:00,60112076.8689,76715,309346.28,32289813.0885,0,SOLUSDT,1h
2026-02-03 08:00:00+00:00,104.62,104.95,103.99,104.03,833604.94,2026-02-03 08:59:59.999000+00:00,87140484.6374,79823,426651.28,44625314.5958,0,SOLUSDT,1h
2026-02-03 09:00:00+00:00,104.03,104.14,102.43,103.03,1521989.23,2026-02-03 09:59:59.999000+00:00,156951623.2773,139900,686693.6,70807678.0137,0,SOLUSDT,1h
2026-02-03 10:00:00+00:00,103.04,103.25,102.38,102.8,687352.29,2026-02-03 10:59:59.999000+00:00,70661526.1814,76932,323128.42,33225442.2143,0,SOLUSDT,1h
2026-02-03 11:00:00+00:00,102.8,103.33,102.75,102.92,534039.24,2026-02-03 11:59:59.999000+00:00,55040778.594,61493,265003.38,27316729.8802,0,SOLUSDT,1h
2026-02-03 12:00:00+00:00,102.93,103.29,102.42,103.05,666079.98,2026-02-03 12:59:59.999000+00:00,68531641.4902,73043,334798.63,34453153.2367,0,SOLUSDT,1h
2026-02-03 13:00:00+00:00,103.05,103.53,102.68,103.33,622811.94,2026-02-03 13:59:59.999000+00:00,64174925.0982,65447,303310.78,31255926.2076,0,SOLUSDT,1h
2026-02-03 14:00:00+00:00,103.34,103.58,100.7,100.79,2049817.74,2026-02-03 14:59:59.999000+00:00,209210719.2415,195434,954061.75,97403245.2613,0,SOLUSDT,1h
2026-02-03 15:00:00+00:00,100.78,102.73,100.3,102.52,3235872.8,2026-02-03 15:59:59.999000+00:00,328553904.7482,293463,1742344.63,176959923.5286,0,SOLUSDT,1h
2026-02-03 16:00:00+00:00,102.52,102.52,99.81,100.67,2123579.52,2026-02-03 16:59:59.999000+00:00,214188385.8118,206866,998668.74,100764512.6869,0,SOLUSDT,1h
2026-02-03 17:00:00+00:00,100.67,100.93,98.94,99.04,2122517.05,2026-02-03 17:59:59.999000+00:00,211790393.2233,209435,1005499.49,100326969.7007,0,SOLUSDT,1h
2026-02-03 18:00:00+00:00,99.04,99.38,96.6,96.77,3485573.31,2026-02-03 18:59:59.999000+00:00,341406446.7153,304978,1581429.14,154895493.8689,0,SOLUSDT,1h
2026-02-03 19:00:00+00:00,96.77,100.03,96.63,98.95,3700289.01,2026-02-03 19:59:59.999000+00:00,365406331.0524,305263,2036771.53,201116109.7549,0,SOLUSDT,1h
2026-02-03 20:00:00+00:00,98.94,102.12,98.23,101.08,3274952.12,2026-02-03 20:59:59.999000+00:00,328467728.0752,267423,1739999.53,174511545.7557,0,SOLUSDT,1h
2026-02-03 21:00:00+00:00,101.09,101.76,99.89,100.14,1650981.42,2026-02-03 21:59:59.999000+00:00,166619860.0302,147434,778727.6,78607721.6387,0,SOLUSDT,1h
2026-02-03 22:00:00+00:00,100.14,100.21,98.07,98.41,1234315.2,2026-02-03 22:59:59.999000+00:00,122448882.6455,135582,572508.16,56806932.3487,0,SOLUSDT,1h
2026-02-03 23:00:00+00:00,98.41,98.53,97.11,97.81,1786707.83,2026-02-03 23:59:59.999000+00:00,174741439.3977,180816,865739.67,84681689.2852,0,SOLUSDT,1h
2026-02-04 00:00:00+00:00,97.82,98.73,97.08,97.9,1206153.62,2026-02-04 00:59:59.999000+00:00,118145637.3883,132503,621539.23,60879140.4725,0,SOLUSDT,1h
2026-02-04 01:00:00+00:00,97.9,99.6,97.9,99.04,1226127.04,2026-02-04 01:59:59.999000+00:00,121541020.4933,134895,595643.11,59049260.4098,0,SOLUSDT,1h
2026-02-04 02:00:00+00:00,99.03,99.13,97.31,97.84,1025695.7,2026-02-04 02:59:59.999000+00:00,100731950.0098,118740,425226.33,41750761.0958,0,SOLUSDT,1h
2026-02-04 03:00:00+00:00,97.83,99.58,97.81,99.04,1136160.39,2026-02-04 03:59:59.999000+00:00,112371085.5387,121469,610023.71,60338814.5846,0,SOLUSDT,1h
2026-02-04 04:00:00+00:00,99.03,99.27,97.95,98.01,698174.04,2026-02-04 04:59:59.999000+00:00,68894402.7476,82781,251690.86,24839292.0018,0,SOLUSDT,1h
2026-02-04 05:00:00+00:00,98.01,98.38,96.2,96.88,1656131.88,2026-02-04 05:59:59.999000+00:00,161256843.8862,139146,688466.5,67080231.3748,0,SOLUSDT,1h
2026-02-04 06:00:00+00:00,96.88,98.69,96.61,98.13,1673718.39,2026-02-04 06:59:59.999000+00:00,163650663.7834,137082,893802.21,87414283.9172,0,SOLUSDT,1h
2026-02-04 07:00:00+00:00,98.12,98.17,97.28,97.82,1021105.53,2026-02-04 07:59:59.999000+00:00,99830943.4292,108174,510099.15,49869362.1734,0,SOLUSDT,1h
2026-02-04 08:00:00+00:00,97.83,97.88,96.69,97.64,1208095.81,2026-02-04 08:59:59.999000+00:00,117507411.499,114930,554214.23,53922455.5124,0,SOLUSDT,1h
2026-02-04 09:00:00+00:00,97.64,97.71,96.69,97.07,1102946.6,2026-02-04 09:59:59.999000+00:00,107074547.7284,104380,481290.19,46727414.2955,0,SOLUSDT,1h
2026-02-04 10:00:00+00:00,97.07,97.23,96.7,96.96,654864.37,2026-02-04 10:59:59.999000+00:00,63476721.1058,71483,288692.79,27990451.5696,0,SOLUSDT,1h
2026-02-04 11:00:00+00:00,96.97,97.01,94.5,96.03,4763604.01,2026-02-04 11:59:59.999000+00:00,455974881.5705,313334,2188774.32,209546199.206,0,SOLUSDT,1h
2026-02-04 12:00:00+00:00,96.04,96.69,95.77,96.41,879602.93,2026-02-04 12:59:59.999000+00:00,84600086.2601,116682,434005.39,41748963.9796,0,SOLUSDT,1h
2026-02-04 13:00:00+00:00,96.4,96.42,94.07,94.31,2308104.09,2026-02-04 13:59:59.999000+00:00,219430948.3114,209941,975942.49,92767954.975,0,SOLUSDT,1h
2026-02-04 14:00:00+00:00,94.3,94.97,92.81,93.02,4452825.93,2026-02-04 14:59:59.999000+00:00,418387856.8452,366922,2089306.35,196386819.6486,0,SOLUSDT,1h
2026-02-04 15:00:00+00:00,93.03,94.12,91.19,92.69,4976463.86,2026-02-04 15:59:59.999000+00:00,461253524.8354,451402,2463237.16,228401413.3813,0,SOLUSDT,1h
2026-02-04 16:00:00+00:00,92.69,93.03,90.87,91.89,3790882.26,2026-02-04 16:59:59.999000+00:00,348366306.8937,336343,1912932.21,175807730.7351,0,SOLUSDT,1h
2026-02-04 17:00:00+00:00,91.88,92.54,89.92,91.35,4358090.65,2026-02-04 17:59:59.999000+00:00,396852486.5875,334361,2134355.98,194446092.3784,0,SOLUSDT,1h
2026-02-04 18:00:00+00:00,91.35,93.19,90.24,92.24,3798679.92,2026-02-04 18:59:59.999000+00:00,348523860.573,310538,1981843.77,181870875.1848,0,SOLUSDT,1h
2026-02-04 19:00:00+00:00,92.23,94.67,92.2,94.32,3896273.27,2026-02-04 19:59:59.999000+00:00,365343552.2249,268689,2061988.84,193360848.0811,0,SOLUSDT,1h
2026-02-04 20:00:00+00:00,94.32,94.46,92.94,93.19,1380417.85,2026-02-04 20:59:59.999000+00:00,129226926.8522,132994,670732.55,62789433.8661,0,SOLUSDT,1h
2026-02-04 21:00:00+00:00,93.2,93.35,90.68,91.28,2552870.42,2026-02-04 21:59:59.999000+00:00,234608562.7773,196319,1213106.21,111461697.6275,0,SOLUSDT,1h
2026-02-04 22:00:00+00:00,91.27,92.85,89.19,90.78,3082797.95,2026-02-04 22:59:59.999000+00:00,280449791.7293,267256,1524150.26,138718937.9601,0,SOLUSDT,1h
2026-02-04 23:00:00+00:00,90.77,92.9,90.21,92.07,1903064.19,2026-02-04 23:59:59.999000+00:00,174527225.5497,181002,1002996.09,91989243.0509,0,SOLUSDT,1h
2026-02-05 00:00:00+00:00,92.07,92.72,91.33,91.69,975620.84,2026-02-05 00:59:59.999000+00:00,89804100.4058,120350,482305.54,44409618.7924,0,SOLUSDT,1h
2026-02-05 01:00:00+00:00,91.7,92.88,90.48,91.89,2053528.5,2026-02-05 01:59:59.999000+00:00,188643480.8271,216965,977956.04,89867018.7786,0,SOLUSDT,1h
2026-02-05 02:00:00+00:00,91.88,92.67,90.63,90.87,2010682.56,2026-02-05 02:59:59.999000+00:00,184078679.5085,231074,998510.62,91433123.1223,0,SOLUSDT,1h
2026-02-05 03:00:00+00:00,90.86,91.66,90.13,91.1,1988632.22,2026-02-05 03:59:59.999000+00:00,180811825.6397,220701,1013828.83,92216091.9833,0,SOLUSDT,1h
2026-02-05 04:00:00+00:00,91.1,91.89,90.26,91.08,2162957.32,2026-02-05 04:59:59.999000+00:00,196912096.7007,220265,1095071.24,99740430.7407,0,SOLUSDT,1h
2026-02-05 05:00:00+00:00,91.08,92.07,89.85,91.13,3028691.75,2026-02-05 05:59:59.999000+00:00,275375688.7773,245700,1525542.01,138788971.4272,0,SOLUSDT,1h
2026-02-05 06:00:00+00:00,91.12,91.21,89.62,90.16,2104977.79,2026-02-05 06:59:59.999000+00:00,189695925.534,194769,988939.54,89145198.8036,0,SOLUSDT,1h
2026-02-05 07:00:00+00:00,90.16,91.63,90.1,90.5,1758266.95,2026-02-05 07:59:59.999000+00:00,160135155.4885,173955,941440.65,85745695.6619,0,SOLUSDT,1h
2026-02-05 08:00:00+00:00,90.51,92.44,90.51,91.73,1499400.94,2026-02-05 08:59:59.999000+00:00,137384094.8151,149175,770317.27,70590058.2076,0,SOLUSDT,1h
2026-02-05 09:00:00+00:00,91.74,93.4,91.7,92.47,1425461.93,2026-02-05 09:59:59.999000+00:00,132049564.3903,150342,808057.11,74863897.6944,0,SOLUSDT,1h
2026-02-05 10:00:00+00:00,92.47,92.6,89.7,90.22,2302104.52,2026-02-05 10:59:59.999000+00:00,209694323.2088,164685,982243.65,89453844.307,0,SOLUSDT,1h
2026-02-05 11:00:00+00:00,90.23,90.75,88.61,89.92,3504436.26,2026-02-05 11:59:59.999000+00:00,314373225.8521,284748,1717935.82,154161562.4292,0,SOLUSDT,1h
2026-02-05 12:00:00+00:00,89.93,90.72,88.64,89.47,3224085.71,2026-02-05 12:59:59.999000+00:00,288504833.4287,292562,1618219.25,144795488.1916,0,SOLUSDT,1h
2026-02-05 13:00:00+00:00,89.46,90.0,88.14,88.44,2100937.68,2026-02-05 13:59:59.999000+00:00,186568232.7609,216651,1061594.35,94303273.665,0,SOLUSDT,1h
2026-02-05 14:00:00+00:00,88.44,91.43,88.25,88.56,4337491.59,2026-02-05 14:59:59.999000+00:00,389713778.3447,392729,2220399.03,199568747.9759,0,SOLUSDT,1h
2026-02-05 15:00:00+00:00,88.57,88.96,83.36,84.55,10515115.39,2026-02-05 15:59:59.999000+00:00,898991921.572,739205,5085235.24,434786063.232,0,SOLUSDT,1h
2026-02-05 16:00:00+00:00,84.55,86.18,83.61,85.5,5049746.48,2026-02-05 16:59:59.999000+00:00,428518593.7739,407352,2650659.62,224989558.18,0,SOLUSDT,1h
2026-02-05 17:00:00+00:00,85.49,85.66,82.34,82.64,5310450.21,2026-02-05 17:59:59.999000+00:00,444095372.8129,428334,2469903.45,206578200.6599,0,SOLUSDT,1h
2026-02-05 18:00:00+00:00,82.64,83.28,81.12,82.89,4529247.51,2026-02-05 18:59:59.999000+00:00,371850840.321,390503,2262628.34,185819839.4734,0,SOLUSDT,1h
2026-02-05 19:00:00+00:00,82.9,83.27,81.35,81.63,2881346.02,2026-02-05 19:59:59.999000+00:00,236979649.2206,262759,1468512.44,120809485.0757,0,SOLUSDT,1h
2026-02-05 20:00:00+00:00,81.63,82.26,77.6,78.77,10167536.83,2026-02-05 20:59:59.999000+00:00,806888736.2228,670002,4743977.87,376507630.7626,0,SOLUSDT,1h
2026-02-05 21:00:00+00:00,78.78,81.14,78.29,78.93,4695034.07,2026-02-05 21:59:59.999000+00:00,373833939.3199,453127,2313379.69,184237680.7047,0,SOLUSDT,1h
2026-02-05 22:00:00+00:00,78.94,80.65,77.49,79.76,4298207.74,2026-02-05 22:59:59.999000+00:00,339968644.014,354087,2259488.13,178817183.6126,0,SOLUSDT,1h
2026-02-05 23:00:00+00:00,79.77,81.57,78.01,78.29,3463688.1,2026-02-05 23:59:59.999000+00:00,276074525.1067,288187,1570651.83,125282478.0961,0,SOLUSDT,1h
2026-02-06 00:00:00+00:00,78.29,78.74,67.29,75.42,18817305.45,2026-02-06 00:59:59.999000+00:00,1371039353.122,1247417,9128073.66,665756220.6862,0,SOLUSDT,1h
2026-02-06 01:00:00+00:00,75.42,79.67,75.4,79.48,5382571.76,2026-02-06 01:59:59.999000+00:00,416992943.3311,471751,2810505.55,217889756.4305,0,SOLUSDT,1h
2026-02-06 02:00:00+00:00,79.48,80.22,76.34,76.89,4830997.8,2026-02-06 02:59:59.999000+00:00,376291390.1312,377625,2404235.18,187212726.0837,0,SOLUSDT,1h
2026-02-06 03:00:00+00:00,76.89,77.35,75.68,76.66,2634863.89,2026-02-06 03:59:59.999000+00:00,201529059.8178,264441,1292450.85,98866515.3066,0,SOLUSDT,1h
2026-02-06 04:00:00+00:00,76.66,77.97,76.16,77.69,2091054.2,2026-02-06 04:59:59.999000+00:00,161224657.3207,192403,997824.17,76967574.3572,0,SOLUSDT,1h
2026-02-06 05:00:00+00:00,77.68,81.56,77.51,81.06,3251935.66,2026-02-06 05:59:59.999000+00:00,258784052.3938,257243,1843878.12,146731814.2434,0,SOLUSDT,1h
2026-02-06 06:00:00+00:00,81.07,81.51,79.31,79.41,2742740.24,2026-02-06 06:59:59.999000+00:00,220508130.011,232725,1337961.34,107570405.6082,0,SOLUSDT,1h
2026-02-06 07:00:00+00:00,79.41,80.55,78.67,79.5,2399367.12,2026-02-06 07:59:59.999000+00:00,190635397.5623,196827,1170997.54,93064567.5848,0,SOLUSDT,1h
2026-02-06 08:00:00+00:00,79.49,80.14,78.55,78.98,2182115.84,2026-02-06 08:59:59.999000+00:00,172858899.1562,201360,1072292.17,84951355.2344,0,SOLUSDT,1h
2026-02-06 09:00:00+00:00,78.97,81.58,78.84,81.22,2315731.36,2026-02-06 09:59:59.999000+00:00,185567894.9492,199794,1282167.37,102714349.1363,0,SOLUSDT,1h
2026-02-06 10:00:00+00:00,81.22,81.98,80.63,80.73,2055867.84,2026-02-06 10:59:59.999000+00:00,166983839.4607,174380,1022595.14,83096318.7059,0,SOLUSDT,1h
2026-02-06 11:00:00+00:00,80.73,81.66,80.36,81.26,1859468.69,2026-02-06 11:59:59.999000+00:00,150692854.5652,141212,983026.29,79674428.7537,0,SOLUSDT,1h
2026-02-06 12:00:00+00:00,81.25,81.86,80.72,81.78,1349575.41,2026-02-06 12:59:59.999000+00:00,109773036.0603,130997,641999.35,52235536.0762,0,SOLUSDT,1h
2026-02-06 13:00:00+00:00,81.78,83.75,81.58,83.01,3837850.57,2026-02-06 13:59:59.999000+00:00,317682319.2042,270860,2160122.88,178797787.3388,0,SOLUSDT,1h
2026-02-06 14:00:00+00:00,83.01,85.14,81.82,84.1,5083614.14,2026-02-06 14:59:59.999000+00:00,424375409.4569,368085,2558759.07,213729346.7056,0,SOLUSDT,1h
2026-02-06 15:00:00+00:00,84.11,84.98,83.31,84.4,3683094.5,2026-02-06 15:59:59.999000+00:00,309981274.7032,311802,1873634.62,157673481.8789,0,SOLUSDT,1h
2026-02-06 16:00:00+00:00,84.39,87.1,83.5,86.58,4440409.73,2026-02-06 16:59:59.999000+00:00,380622438.496,323836,2348252.76,201310131.4493,0,SOLUSDT,1h
2026-02-06 17:00:00+00:00,86.57,88.59,86.02,86.58,3787426.63,2026-02-06 17:59:59.999000+00:00,330451639.6942,299836,2001874.1,174738211.6649,0,SOLUSDT,1h
2026-02-06 18:00:00+00:00,86.57,86.73,85.1,86.03,2810991.08,2026-02-06 18:59:59.999000+00:00,241430427.4576,251110,1326602.87,113944037.3037,0,SOLUSDT,1h
2026-02-06 19:00:00+00:00,86.03,87.35,85.41,86.97,1984889.98,2026-02-06 19:59:59.999000+00:00,171545966.4496,184581,1038577.59,89777752.5177,0,SOLUSDT,1h
2026-02-06 20:00:00+00:00,86.97,87.87,86.48,86.83,1873875.26,2026-02-06 20:59:59.999000+00:00,163250481.6987,175712,928860.59,80959875.6738,0,SOLUSDT,1h
2026-02-06 21:00:00+00:00,86.83,88.13,86.5,87.97,1220345.21,2026-02-06 21:59:59.999000+00:00,106728258.3996,135753,604355.32,52879143.0975,0,SOLUSDT,1h
2026-02-06 22:00:00+00:00,87.97,89.74,87.85,89.1,1648356.95,2026-02-06 22:59:59.999000+00:00,146379502.5888,159545,915202.94,81285858.9082,0,SOLUSDT,1h
2026-02-06 23:00:00+00:00,89.09,89.53,87.25,87.42,1692742.74,2026-02-06 23:59:59.999000+00:00,149123234.9216,171811,770520.88,67859557.4627,0,SOLUSDT,1h
2026-02-07 00:00:00+00:00,87.41,87.42,86.04,86.51,1993108.33,2026-02-07 00:59:59.999000+00:00,172595951.5583,216800,901070.09,78036998.9256,0,SOLUSDT,1h
2026-02-07 01:00:00+00:00,86.51,87.43,85.84,87.06,1142680.08,2026-02-07 01:59:59.999000+00:00,98931878.8645,122584,567796.59,49164450.5163,0,SOLUSDT,1h
2026-02-07 02:00:00+00:00,87.06,87.54,86.72,87.23,663029.84,2026-02-07 02:59:59.999000+00:00,57724453.1936,88102,308428.76,26862896.2974,0,SOLUSDT,1h
2026-02-07 03:00:00+00:00,87.24,88.31,87.16,88.01,1044658.86,2026-02-07 03:59:59.999000+00:00,91806577.0494,107906,570393.38,50126975.3758,0,SOLUSDT,1h
2026-02-07 04:00:00+00:00,88.01,88.97,87.21,87.65,1285392.74,2026-02-07 04:59:59.999000+00:00,113337645.1171,144865,672260.58,59312587.395,0,SOLUSDT,1h
2026-02-07 05:00:00+00:00,87.64,88.57,87.49,87.75,948662.11,2026-02-07 05:59:59.999000+00:00,83459114.5288,101351,430879.11,37912831.6435,0,SOLUSDT,1h
2026-02-07 06:00:00+00:00,87.74,88.17,86.16,86.21,1101961.49,2026-02-07 06:59:59.999000+00:00,96145819.6693,108699,455085.56,39725921.6607,0,SOLUSDT,1h
2026-02-07 07:00:00+00:00,86.21,86.59,84.15,85.24,4578018.92,2026-02-07 07:59:59.999000+00:00,390548331.1725,341839,2012254.7,171642140.9017,0,SOLUSDT,1h
2026-02-07 08:00:00+00:00,85.24,85.66,84.68,85.29,1308229.71,2026-02-07 08:59:59.999000+00:00,111398710.7863,125203,620603.34,52857344.7501,0,SOLUSDT,1h
2026-02-07 09:00:00+00:00,85.3,85.67,84.75,85.19,941421.77,2026-02-07 09:59:59.999000+00:00,80178051.5932,90577,445171.29,37927447.8684,0,SOLUSDT,1h
2026-02-07 10:00:00+00:00,85.18,85.46,84.44,84.94,901653.22,2026-02-07 10:59:59.999000+00:00,76568950.6518,85741,416462.37,35378107.7345,0,SOLUSDT,1h
2026-02-07 11:00:00+00:00,84.93,85.16,84.52,84.85,814353.41,2026-02-07 11:59:59.999000+00:00,69090740.1816,76403,439814.04,37328431.2426,0,SOLUSDT,1h
2026-02-07 12:00:00+00:00,84.85,87.15,84.78,86.16,2405119.08,2026-02-07 12:59:59.999000+00:00,207164504.6267,203872,1323601.43,113997287.1437,0,SOLUSDT,1h
2026-02-07 13:00:00+00:00,86.16,86.59,85.48,86.06,874864.61,2026-02-07 13:59:59.999000+00:00,75217662.9067,92258,445742.11,38325507.1405,0,SOLUSDT,1h
2026-02-07 14:00:00+00:00,86.07,86.55,85.43,85.71,1013713.16,2026-02-07 14:59:59.999000+00:00,87108413.9052,98420,467720.81,40189908.6687,0,SOLUSDT,1h
2026-02-07 15:00:00+00:00,85.71,86.91,85.59,86.52,1321513.19,2026-02-07 15:59:59.999000+00:00,114147053.9141,118894,688660.46,59478686.7278,0,SOLUSDT,1h
2026-02-07 16:00:00+00:00,86.51,88.07,86.11,86.99,6317534.03,2026-02-07 16:59:59.999000+00:00,550373855.9888,403776,3234956.32,281873929.4648,0,SOLUSDT,1h
2026-02-07 17:00:00+00:00,87.0,87.67,86.42,87.58,789231.58,2026-02-07 17:59:59.999000+00:00,68753647.3624,95009,381516.32,33252362.4473,0,SOLUSDT,1h
2026-02-07 18:00:00+00:00,87.57,89.15,87.38,88.65,1234263.76,2026-02-07 18:59:59.999000+00:00,109050322.8984,118760,694336.23,61358511.9371,0,SOLUSDT,1h
2026-02-07 19:00:00+00:00,88.65,88.73,87.93,88.22,812568.05,2026-02-07 19:59:59.999000+00:00,71782656.1216,83594,334194.16,29525724.168,0,SOLUSDT,1h
2026-02-07 20:00:00+00:00,88.21,89.13,87.92,88.83,697746.61,2026-02-07 20:59:59.999000+00:00,61757213.4606,73431,358181.57,31720710.8916,0,SOLUSDT,1h
2026-02-07 21:00:00+00:00,88.83,89.11,88.02,88.12,562586.99,2026-02-07 21:59:59.999000+00:00,49823324.5692,61579,275129.43,24368628.6526,0,SOLUSDT,1h
2026-02-07 22:00:00+00:00,88.13,88.69,88.08,88.21,435263.71,2026-02-07 22:59:59.999000+00:00,38458131.4727,52855,226555.5,20016487.325,0,SOLUSDT,1h
2026-02-07 23:00:00+00:00,88.21,88.29,86.8,87.51,829647.79,2026-02-07 23:59:59.999000+00:00,72535800.2053,93113,336766.78,29442182.2735,0,SOLUSDT,1h
2026-02-08 00:00:00+00:00,87.52,87.6,87.03,87.27,551983.92,2026-02-08 00:59:59.999000+00:00,48170507.584,71740,257604.67,22481040.1686,0,SOLUSDT,1h
2026-02-08 01:00:00+00:00,87.27,87.93,87.24,87.79,399947.65,2026-02-08 01:59:59.999000+00:00,35068371.049,53974,207119.13,18163328.9077,0,SOLUSDT,1h
2026-02-08 02:00:00+00:00,87.8,88.15,86.83,87.19,609105.22,2026-02-08 02:59:59.999000+00:00,53257284.1058,70205,274060.2,23983535.5372,0,SOLUSDT,1h
2026-02-08 03:00:00+00:00,87.2,87.47,86.63,86.74,498116.4,2026-02-08 03:59:59.999000+00:00,43368093.1768,58647,223396.01,19454652.1031,0,SOLUSDT,1h
2026-02-08 04:00:00+00:00,86.74,87.33,86.53,87.32,445988.42,2026-02-08 04:59:59.999000+00:00,38779808.9012,55093,233491.91,20311257.7207,0,SOLUSDT,1h
2026-02-08 05:00:00+00:00,87.32,87.48,86.95,87.2,270493.3,2026-02-08 05:59:59.999000+00:00,23585290.4825,38299,127883.34,11151808.2671,0,SOLUSDT,1h
2026-02-08 06:00:00+00:00,87.21,87.43,86.86,87.08,320560.34,2026-02-08 06:59:59.999000+00:00,27949837.7224,46072,153692.91,13403003.7771,0,SOLUSDT,1h
2026-02-08 07:00:00+00:00,87.08,87.32,86.59,87.32,540540.07,2026-02-08 07:59:59.999000+00:00,46991196.4972,59827,278883.18,24251767.7909,0,SOLUSDT,1h
2026-02-08 08:00:00+00:00,87.32,88.75,86.85,88.55,1434069.56,2026-02-08 08:59:59.999000+00:00,126186025.8343,143114,812827.78,71535723.1502,0,SOLUSDT,1h
2026-02-08 09:00:00+00:00,88.54,88.93,87.45,87.52,984404.51,2026-02-08 09:59:59.999000+00:00,86764213.3548,101427,490863.01,43264997.5343,0,SOLUSDT,1h
2026-02-08 10:00:00+00:00,87.52,88.05,86.34,86.81,1215882.3,2026-02-08 10:59:59.999000+00:00,105744984.7505,115146,567698.92,49384240.1521,0,SOLUSDT,1h
2026-02-08 11:00:00+00:00,86.81,88.24,86.67,88.16,1183268.11,2026-02-08 11:59:59.999000+00:00,103797505.0343,115863,639071.63,56057814.7426,0,SOLUSDT,1h
2026-02-08 12:00:00+00:00,88.17,88.32,87.6,88.07,818459.37,2026-02-08 12:59:59.999000+00:00,71979257.4645,91143,408943.28,35973824.7022,0,SOLUSDT,1h
2026-02-08 13:00:00+00:00,88.07,88.82,87.67,88.5,1213953.5,2026-02-08 13:59:59.999000+00:00,107203335.3448,106940,602724.08,53233159.3462,0,SOLUSDT,1h
2026-02-08 14:00:00+00:00,88.5,88.67,87.94,88.37,648813.74,2026-02-08 14:59:59.999000+00:00,57287565.2918,74446,279486.87,24677901.314,0,SOLUSDT,1h
2026-02-08 15:00:00+00:00,88.38,88.71,87.26,87.71,1259041.61,2026-02-08 15:59:59.999000+00:00,110678229.1051,114420,606512.76,53324353.3095,0,SOLUSDT,1h
2026-02-08 16:00:00+00:00,87.71,87.85,85.68,86.14,1674416.27,2026-02-08 16:59:59.999000+00:00,145071973.9915,149740,740549.4,64181569.0036,0,SOLUSDT,1h
2026-02-08 17:00:00+00:00,86.13,87.05,86.09,86.86,889354.42,2026-02-08 17:59:59.999000+00:00,77091183.3869,88536,470410.84,40775691.2526,0,SOLUSDT,1h
2026-02-08 18:00:00+00:00,86.85,88.57,86.84,87.75,1179723.65,2026-02-08 18:59:59.999000+00:00,103596934.9465,103070,640717.1,56252056.3152,0,SOLUSDT,1h
2026-02-08 19:00:00+00:00,87.75,88.54,87.73,88.34,648485.88,2026-02-08 19:59:59.999000+00:00,57193232.4008,67458,333546.49,29418560.0745,0,SOLUSDT,1h
2026-02-08 20:00:00+00:00,88.34,88.35,86.69,86.84,920376.96,2026-02-08 20:59:59.999000+00:00,80417432.8633,82525,440654.32,38513550.3832,0,SOLUSDT,1h
2026-02-08 21:00:00+00:00,86.85,87.29,86.17,86.54,737649.39,2026-02-08 21:59:59.999000+00:00,63962634.0782,71746,355619.49,30839995.8074,0,SOLUSDT,1h
2026-02-08 22:00:00+00:00,86.55,87.2,86.37,87.07,440696.75,2026-02-08 22:59:59.999000+00:00,38254180.1855,57440,234879.38,20393255.3344,0,SOLUSDT,1h
2026-02-08 23:00:00+00:00,87.07,89.09,86.0,86.92,2837603.83,2026-02-08 23:59:59.999000+00:00,248136105.8281,254993,1431552.13,125253746.7734,0,SOLUSDT,1h
2026-02-09 00:00:00+00:00,86.91,87.4,86.3,87.01,900255.81,2026-02-09 00:59:59.999000+00:00,78172122.3433,116625,470238.07,40844658.0887,0,SOLUSDT,1h
2026-02-09 01:00:00+00:00,87.0,87.93,85.66,86.35,1561177.85,2026-02-09 01:59:59.999000+00:00,135239930.8148,148381,729913.55,63262810.4579,0,SOLUSDT,1h
2026-02-09 02:00:00+00:00,86.35,87.84,86.13,86.96,1111447.27,2026-02-09 02:59:59.999000+00:00,96827075.1824,99724,568959.19,49558191.6261,0,SOLUSDT,1h
2026-02-09 03:00:00+00:00,86.96,87.86,86.78,87.62,873802.89,2026-02-09 03:59:59.999000+00:00,76301023.9121,90425,443336.43,38717800.468,0,SOLUSDT,1h
2026-02-09 04:00:00+00:00,87.61,87.67,86.9,87.06,566632.07,2026-02-09 04:59:59.999000+00:00,49437162.4525,62412,293606.3,25622803.8593,0,SOLUSDT,1h
2026-02-09 05:00:00+00:00,87.05,87.41,86.82,87.19,483930.55,2026-02-09 05:59:59.999000+00:00,42137912.01,52309,237420.95,20675203.6843,0,SOLUSDT,1h
2026-02-09 06:00:00+00:00,87.2,87.2,85.88,86.37,1033735.44,2026-02-09 06:59:59.999000+00:00,89252787.0227,88022,481452.47,41569539.6671,0,SOLUSDT,1h
2026-02-09 07:00:00+00:00,86.37,86.51,85.12,85.43,1273730.84,2026-02-09 07:59:59.999000+00:00,109258740.9745,101267,558327.62,47906575.4156,0,SOLUSDT,1h
2026-02-09 08:00:00+00:00,85.43,85.57,83.76,84.5,1936289.99,2026-02-09 08:59:59.999000+00:00,163875897.6858,153340,872400.18,73850202.4905,0,SOLUSDT,1h
2026-02-09 09:00:00+00:00,84.5,84.86,83.88,84.27,1009128.43,2026-02-09 09:59:59.999000+00:00,85088373.052,91441,505264.0,42612624.0951,0,SOLUSDT,1h
2026-02-09 10:00:00+00:00,84.27,84.43,82.82,83.2,1961138.1,2026-02-09 10:59:59.999000+00:00,163700599.0983,147496,902053.42,75280242.2117,0,SOLUSDT,1h
2026-02-09 11:00:00+00:00,83.19,83.68,83.18,83.43,826925.78,2026-02-09 11:59:59.999000+00:00,68990504.6102,80797,431552.05,36006907.7087,0,SOLUSDT,1h
2026-02-09 12:00:00+00:00,83.44,84.33,83.39,84.01,880331.59,2026-02-09 12:59:59.999000+00:00,73867774.0498,79817,494819.99,41521888.4819,0,SOLUSDT,1h
2026-02-09 13:00:00+00:00,84.0,84.58,83.69,83.73,899340.46,2026-02-09 13:59:59.999000+00:00,75651754.8166,81391,443111.56,37288217.0742,0,SOLUSDT,1h
2026-02-09 14:00:00+00:00,83.72,85.21,83.51,84.9,2392014.09,2026-02-09 14:59:59.999000+00:00,201599096.113,217758,1267826.99,106852219.8076,0,SOLUSDT,1h
2026-02-09 15:00:00+00:00,84.91,85.77,84.27,85.23,2024389.89,2026-02-09 15:59:59.999000+00:00,172314882.8273,185778,1037261.07,88308050.332,0,SOLUSDT,1h
2026-02-09 16:00:00+00:00,85.23,86.86,84.75,86.04,1650878.33,2026-02-09 16:59:59.999000+00:00,141763527.7714,160875,949853.84,81572751.3902,0,SOLUSDT,1h
2026-02-09 17:00:00+00:00,86.05,88.06,85.57,87.74,2307185.93,2026-02-09 17:59:59.999000+00:00,200969586.3588,180150,1225089.11,106729252.1551,0,SOLUSDT,1h
2026-02-09 18:00:00+00:00,87.73,88.66,87.01,87.46,2084385.37,2026-02-09 18:59:59.999000+00:00,183047639.9387,177593,1002861.2,88055886.5547,0,SOLUSDT,1h
2026-02-09 19:00:00+00:00,87.45,88.18,87.08,87.9,1161591.12,2026-02-09 19:59:59.999000+00:00,101777708.8512,105091,614864.94,53871934.3725,0,SOLUSDT,1h
2026-02-09 20:00:00+00:00,87.89,88.28,87.12,87.7,851215.98,2026-02-09 20:59:59.999000+00:00,74581483.532,97230,396743.79,34770311.1272,0,SOLUSDT,1h
2026-02-09 21:00:00+00:00,87.7,87.84,86.45,87.27,868171.29,2026-02-09 21:59:59.999000+00:00,75550002.6428,89006,406985.38,35424750.3536,0,SOLUSDT,1h
2026-02-09 22:00:00+00:00,87.27,87.53,86.9,87.05,477077.62,2026-02-09 22:59:59.999000+00:00,41610266.611,58394,225252.08,19648640.8888,0,SOLUSDT,1h
2026-02-09 23:00:00+00:00,87.06,87.36,86.59,86.71,360889.48,2026-02-09 23:59:59.999000+00:00,31381406.3032,52946,185012.88,16090174.8151,0,SOLUSDT,1h
2026-02-10 00:00:00+00:00,86.71,86.88,86.25,86.36,439156.04,2026-02-10 00:59:59.999000+00:00,37996693.4787,57692,204285.47,17675999.8385,0,SOLUSDT,1h
2026-02-10 01:00:00+00:00,86.36,87.44,86.32,87.22,550982.19,2026-02-10 01:59:59.999000+00:00,47981061.7366,70591,295456.52,25724956.8167,0,SOLUSDT,1h
2026-02-10 02:00:00+00:00,87.22,87.28,86.36,86.62,439451.78,2026-02-10 02:59:59.999000+00:00,38143810.483,56413,229638.68,19935242.5305,0,SOLUSDT,1h
2026-02-10 03:00:00+00:00,86.62,86.81,85.2,85.8,1224973.27,2026-02-10 03:59:59.999000+00:00,105084634.2518,101644,530422.01,45502008.3998,0,SOLUSDT,1h
2026-02-10 04:00:00+00:00,85.8,86.62,85.72,86.5,587827.34,2026-02-10 04:59:59.999000+00:00,50694327.2955,56207,294504.76,25407368.3671,0,SOLUSDT,1h
2026-02-10 05:00:00+00:00,86.49,86.53,85.54,85.89,609133.57,2026-02-10 05:59:59.999000+00:00,52412696.4627,67792,285201.33,24541784.2636,0,SOLUSDT,1h
2026-02-10 06:00:00+00:00,85.88,85.98,84.26,84.55,1393552.81,2026-02-10 06:59:59.999000+00:00,118444710.304,115533,581038.37,49370900.029,0,SOLUSDT,1h
2026-02-10 07:00:00+00:00,84.56,85.07,84.36,84.59,970875.49,2026-02-10 07:59:59.999000+00:00,82224266.1481,76435,474590.09,40189495.6953,0,SOLUSDT,1h
2026-02-10 08:00:00+00:00,84.58,84.84,84.11,84.59,1039381.9,2026-02-10 08:59:59.999000+00:00,87825325.8425,79533,496781.97,41985213.1354,0,SOLUSDT,1h
2026-02-10 09:00:00+00:00,84.58,85.03,84.21,84.51,843604.91,2026-02-10 09:59:59.999000+00:00,71464908.9351,64316,401488.13,34021622.0764,0,SOLUSDT,1h
2026-02-10 10:00:00+00:00,84.51,84.7,84.14,84.16,463511.34,2026-02-10 10:59:59.999000+00:00,39104508.6505,49727,223124.84,18827094.4399,0,SOLUSDT,1h
2026-02-10 11:00:00+00:00,84.17,84.55,83.69,83.79,1050336.17,2026-02-10 11:59:59.999000+00:00,88290731.3158,80223,491063.75,41292838.9305,0,SOLUSDT,1h
2026-02-10 12:00:00+00:00,83.78,84.32,83.58,83.89,867089.81,2026-02-10 12:59:59.999000+00:00,72826577.9579,70146,417297.55,35062881.1254,0,SOLUSDT,1h
2026-02-10 13:00:00+00:00,83.89,84.72,83.61,84.59,1090018.65,2026-02-10 13:59:59.999000+00:00,91861917.967,87584,603039.75,50826268.2131,0,SOLUSDT,1h
2026-02-10 14:00:00+00:00,84.6,85.18,83.14,83.66,2782860.69,2026-02-10 14:59:59.999000+00:00,233759069.5895,206392,1323423.33,111204631.8173,0,SOLUSDT,1h
2026-02-10 15:00:00+00:00,83.66,84.49,83.37,84.24,1776972.9,2026-02-10 15:59:59.999000+00:00,149388054.1195,170415,902461.02,75876645.289,0,SOLUSDT,1h
2026-02-10 16:00:00+00:00,84.24,84.89,83.71,84.42,1238945.52,2026-02-10 16:59:59.999000+00:00,104545275.3387,118104,632411.97,53375726.6462,0,SOLUSDT,1h
2026-02-10 17:00:00+00:00,84.41,85.1,84.14,84.87,856574.93,2026-02-10 17:59:59.999000+00:00,72511911.2364,84537,485473.66,41101392.3264,0,SOLUSDT,1h
2026-02-10 18:00:00+00:00,84.87,84.93,82.66,82.89,1574138.22,2026-02-10 18:59:59.999000+00:00,131524927.0316,131692,737394.25,61631563.6841,0,SOLUSDT,1h
2026-02-10 19:00:00+00:00,82.89,83.47,82.39,83.05,1051239.08,2026-02-10 19:59:59.999000+00:00,87160984.7326,96095,563588.67,46740757.7215,0,SOLUSDT,1h
2026-02-10 20:00:00+00:00,83.04,83.19,82.25,82.6,1018269.65,2026-02-10 20:59:59.999000+00:00,84182818.4389,81377,497928.58,41174285.0551,0,SOLUSDT,1h
2026-02-10 21:00:00+00:00,82.59,82.89,81.84,82.41,816674.51,2026-02-10 21:59:59.999000+00:00,67212970.1243,75406,406318.35,33451792.2679,0,SOLUSDT,1h
2026-02-10 22:00:00+00:00,82.42,82.95,82.31,82.55,469570.76,2026-02-10 22:59:59.999000+00:00,38782604.4507,48920,256648.91,21198041.6509,0,SOLUSDT,1h
2026-02-10 23:00:00+00:00,82.54,82.96,82.31,82.95,498636.62,2026-02-10 23:59:59.999000+00:00,41217348.0647,52824,271652.64,22456465.0813,0,SOLUSDT,1h
2026-02-11 00:00:00+00:00,82.96,83.68,82.88,83.42,643102.29,2026-02-11 00:59:59.999000+00:00,53566416.769,62494,356835.02,29721016.6145,0,SOLUSDT,1h
2026-02-11 01:00:00+00:00,83.41,83.74,83.14,83.73,397232.45,2026-02-11 01:59:59.999000+00:00,33155306.2003,46149,209347.39,17476732.8712,0,SOLUSDT,1h
2026-02-11 02:00:00+00:00,83.72,84.34,83.46,83.49,730535.89,2026-02-11 02:59:59.999000+00:00,61330302.9227,74246,358801.36,30125112.9591,0,SOLUSDT,1h
2026-02-11 03:00:00+00:00,83.49,83.8,82.53,83.28,1029957.36,2026-02-11 03:59:59.999000+00:00,85664342.9155,101180,455337.19,37875940.134,0,SOLUSDT,1h
2026-02-11 04:00:00+00:00,83.27,83.49,81.63,81.92,1480901.24,2026-02-11 04:59:59.999000+00:00,121994298.6381,132927,652723.54,53786349.7985,0,SOLUSDT,1h
2026-02-11 05:00:00+00:00,81.92,82.35,81.67,81.85,645246.28,2026-02-11 05:59:59.999000+00:00,52935162.5268,66463,330976.92,27158108.844,0,SOLUSDT,1h
2026-02-11 06:00:00+00:00,81.85,81.93,80.52,80.82,2198279.08,2026-02-11 06:59:59.999000+00:00,178290511.3608,153821,958043.8,77695745.8624,0,SOLUSDT,1h
2026-02-11 07:00:00+00:00,80.83,81.33,80.23,80.96,1262591.27,2026-02-11 07:59:59.999000+00:00,102005718.4305,98010,652671.64,52748870.9532,0,SOLUSDT,1h
2026-02-11 08:00:00+00:00,80.95,81.16,80.48,81.04,736899.91,2026-02-11 08:59:59.999000+00:00,59611281.667,72014,367415.65,29730045.4348,0,SOLUSDT,1h
2026-02-11 09:00:00+00:00,81.04,81.25,80.62,80.76,763305.16,2026-02-11 09:59:59.999000+00:00,61770457.5856,61601,370004.57,29943968.3137,0,SOLUSDT,1h
2026-02-11 10:00:00+00:00,80.75,80.97,80.33,80.67,923365.48,2026-02-11 10:59:59.999000+00:00,74432335.3341,73706,445277.72,35899540.7629,0,SOLUSDT,1h
2026-02-11 11:00:00+00:00,80.66,81.44,80.61,81.21,1078140.07,2026-02-11 11:59:59.999000+00:00,87473263.7136,76101,595397.75,48311921.3504,0,SOLUSDT,1h
2026-02-11 12:00:00+00:00,81.2,81.42,80.9,81.13,967537.15,2026-02-11 12:59:59.999000+00:00,78550370.4784,68289,466229.14,37851962.3581,0,SOLUSDT,1h
2026-02-11 13:00:00+00:00,81.14,81.82,80.58,81.61,1842101.02,2026-02-11 13:59:59.999000+00:00,149644099.6274,133735,944499.32,76745909.962,0,SOLUSDT,1h
2026-02-11 14:00:00+00:00,81.61,83.13,79.7,79.91,4369276.56,2026-02-11 14:59:59.999000+00:00,356429091.8837,308756,2198164.68,179537119.7839,0,SOLUSDT,1h
2026-02-11 15:00:00+00:00,79.9,80.29,78.52,79.65,3694784.51,2026-02-11 15:59:59.999000+00:00,293503379.7466,305361,1945254.19,154578571.4879,0,SOLUSDT,1h
2026-02-11 16:00:00+00:00,79.66,80.88,78.64,78.68,2209798.27,2026-02-11 16:59:59.999000+00:00,175989886.8188,188092,1084216.62,86386328.8248,0,SOLUSDT,1h
2026-02-11 17:00:00+00:00,78.67,79.99,77.92,78.96,2235151.7,2026-02-11 17:59:59.999000+00:00,176490809.4073,192642,1221820.95,96509000.2905,0,SOLUSDT,1h
2026-02-11 18:00:00+00:00,78.96,79.96,78.46,79.76,1362796.23,2026-02-11 18:59:59.999000+00:00,108127661.8086,124960,779468.11,61843049.6901,0,SOLUSDT,1h
2026-02-11 19:00:00+00:00,79.75,80.34,79.25,79.67,1112578.69,2026-02-11 19:59:59.999000+00:00,88812337.6368,110669,557675.88,44540873.7427,0,SOLUSDT,1h
2026-02-11 20:00:00+00:00,79.66,79.96,78.9,79.59,905788.51,2026-02-11 20:59:59.999000+00:00,71981729.3932,93706,417477.0,33175502.2046,0,SOLUSDT,1h
2026-02-11 21:00:00+00:00,79.6,81.08,79.58,80.09,1454650.65,2026-02-11 21:59:59.999000+00:00,117014750.1012,111987,812053.02,65349272.8942,0,SOLUSDT,1h
2026-02-11 22:00:00+00:00,80.1,80.18,79.39,79.44,548855.55,2026-02-11 22:59:59.999000+00:00,43821569.3441,63333,264613.83,21131205.4774,0,SOLUSDT,1h
2026-02-11 23:00:00+00:00,79.45,79.69,78.59,79.25,1035737.39,2026-02-11 23:59:59.999000+00:00,82018200.5859,85021,472991.31,37480846.188,0,SOLUSDT,1h
2026-02-12 00:00:00+00:00,79.24,80.18,79.22,79.92,585395.86,2026-02-12 00:59:59.999000+00:00,46692861.1899,61817,327292.62,26103520.0319,0,SOLUSDT,1h
2026-02-12 01:00:00+00:00,79.93,80.74,79.93,80.37,763211.8,2026-02-12 01:59:59.999000+00:00,61339858.4166,68623,393885.39,31660622.441,0,SOLUSDT,1h
2026-02-12 02:00:00+00:00,80.36,80.7,79.88,80.28,552878.01,2026-02-12 02:59:59.999000+00:00,44381334.4207,58788,235081.55,18874631.5351,0,SOLUSDT,1h
2026-02-12 03:00:00+00:00,80.28,80.62,80.02,80.56,354547.54,2026-02-12 03:59:59.999000+00:00,28475357.8043,42851,174134.31,13988250.4441,0,SOLUSDT,1h
2026-02-12 04:00:00+00:00,80.56,80.93,80.23,80.26,775350.82,2026-02-12 04:59:59.999000+00:00,62509428.4991,63865,392827.68,31681058.3448,0,SOLUSDT,1h
2026-02-12 05:00:00+00:00,80.26,80.57,79.37,80.53,1075845.86,2026-02-12 05:59:59.999000+00:00,86144113.7875,77529,476810.69,38193583.921,0,SOLUSDT,1h
2026-02-12 06:00:00+00:00,80.54,80.96,80.32,80.53,628111.05,2026-02-12 06:59:59.999000+00:00,50658208.6884,59269,323191.13,26069344.7928,0,SOLUSDT,1h
2026-02-12 07:00:00+00:00,80.52,80.88,80.24,80.72,510699.62,2026-02-12 07:59:59.999000+00:00,41164811.6249,46162,242989.4,19584299.3793,0,SOLUSDT,1h
2026-02-12 08:00:00+00:00,80.72,80.88,80.26,80.7,513084.27,2026-02-12 08:59:59.999000+00:00,41329815.7304,48002,249567.32,20105960.1646,0,SOLUSDT,1h
2026-02-12 09:00:00+00:00,80.71,81.86,80.51,81.74,1545239.37,2026-02-12 09:59:59.999000+00:00,125722255.2309,91972,805938.38,65549953.2562,0,SOLUSDT,1h
2026-02-12 10:00:00+00:00,81.74,82.19,81.29,82.12,938453.26,2026-02-12 10:59:59.999000+00:00,76681834.8748,76929,500336.0,40897555.135,0,SOLUSDT,1h
2026-02-12 11:00:00+00:00,82.12,82.19,81.64,81.8,778742.6,2026-02-12 11:59:59.999000+00:00,63772293.7852,70701,398198.68,32611857.1299,0,SOLUSDT,1h
2026-02-12 12:00:00+00:00,81.79,81.89,80.77,81.03,998906.79,2026-02-12 12:59:59.999000+00:00,81225324.6624,76025,429676.46,34940377.7858,0,SOLUSDT,1h
2026-02-12 13:00:00+00:00,81.03,82.07,80.64,81.9,1305952.49,2026-02-12 13:59:59.999000+00:00,106124670.6729,96153,705218.28,57327378.468,0,SOLUSDT,1h
2026-02-12 14:00:00+00:00,81.9,81.93,80.95,81.09,1301285.09,2026-02-12 14:59:59.999000+00:00,105806881.2767,124809,552176.81,44906657.4974,0,SOLUSDT,1h
2026-02-12 15:00:00+00:00,81.09,81.48,80.03,80.06,2012842.09,2026-02-12 15:59:59.999000+00:00,162387222.1669,181063,973546.24,78555546.0311,0,SOLUSDT,1h
2026-02-12 16:00:00+00:00,80.06,80.17,78.12,78.27,3630818.07,2026-02-12 16:59:59.999000+00:00,286660607.4953,269556,1793491.69,141596897.8265,0,SOLUSDT,1h
2026-02-12 17:00:00+00:00,78.26,78.64,77.46,77.86,2374628.78,2026-02-12 17:59:59.999000+00:00,185330671.3762,181563,1167074.4,91106094.7481,0,SOLUSDT,1h
2026-02-12 18:00:00+00:00,77.86,78.44,77.14,77.56,1862357.4,2026-02-12 18:59:59.999000+00:00,144687472.0637,143393,916130.68,71191863.1569,0,SOLUSDT,1h
2026-02-12 19:00:00+00:00,77.56,78.59,76.9,77.57,1916517.63,2026-02-12 19:59:59.999000+00:00,149086547.0744,136719,992602.86,77242840.2387,0,SOLUSDT,1h
2026-02-12 20:00:00+00:00,77.57,77.88,76.54,76.86,1604209.58,2026-02-12 20:59:59.999000+00:00,123678886.8575,126811,715448.8,55166926.9089,0,SOLUSDT,1h
2026-02-12 21:00:00+00:00,76.86,77.52,76.86,77.29,718520.17,2026-02-12 21:59:59.999000+00:00,55468360.1025,68330,364941.8,28173329.3178,0,SOLUSDT,1h
2026-02-12 22:00:00+00:00,77.29,78.08,76.91,78.05,778562.95,2026-02-12 22:59:59.999000+00:00,60338042.5312,68212,405258.76,31405945.3361,0,SOLUSDT,1h
2026-02-12 23:00:00+00:00,78.06,78.48,77.77,78.37,1001515.64,2026-02-12 23:59:59.999000+00:00,78306697.6036,91007,502740.55,39309406.3075,0,SOLUSDT,1h
2026-02-13 00:00:00+00:00,78.37,78.69,77.49,77.99,926378.51,2026-02-13 00:59:59.999000+00:00,72303277.5177,87508,459682.45,35882930.0506,0,SOLUSDT,1h
2026-02-13 01:00:00+00:00,77.99,78.8,77.97,78.56,758683.25,2026-02-13 01:59:59.999000+00:00,59534625.1011,81250,369520.16,28996601.3836,0,SOLUSDT,1h
2026-02-13 02:00:00+00:00,78.56,79.28,78.39,79.09,762422.32,2026-02-13 02:59:59.999000+00:00,60102915.1371,71703,393318.76,31013429.6964,0,SOLUSDT,1h
2026-02-13 03:00:00+00:00,79.1,79.44,78.76,79.0,585484.08,2026-02-13 03:59:59.999000+00:00,46286013.2826,61388,267584.46,21158584.2846,0,SOLUSDT,1h
2026-02-13 04:00:00+00:00,79.01,79.23,78.4,78.47,542976.25,2026-02-13 04:59:59.999000+00:00,42759781.9266,57645,231546.19,18237355.1631,0,SOLUSDT,1h
2026-02-13 05:00:00+00:00,78.47,78.72,78.12,78.25,576998.56,2026-02-13 05:59:59.999000+00:00,45245676.6919,56489,276946.0,21719434.4902,0,SOLUSDT,1h
2026-02-13 06:00:00+00:00,78.24,78.63,77.79,78.58,710113.09,2026-02-13 06:59:59.999000+00:00,55476566.3402,58842,323842.94,25314808.2704,0,SOLUSDT,1h
2026-02-13 07:00:00+00:00,78.58,79.22,78.48,78.93,878394.39,2026-02-13 07:59:59.999000+00:00,69263116.2252,70541,421473.23,33232904.4577,0,SOLUSDT,1h
2026-02-13 08:00:00+00:00,78.93,79.87,78.8,79.67,885503.09,2026-02-13 08:59:59.999000+00:00,70251818.6427,77336,441385.47,35027153.2793,0,SOLUSDT,1h
2026-02-13 09:00:00+00:00,79.67,79.92,79.36,79.82,686359.9,2026-02-13 09:59:59.999000+00:00,54672972.194,62156,326528.14,26015216.5821,0,SOLUSDT,1h
2026-02-13 10:00:00+00:00,79.82,80.58,79.71,80.29,1396847.78,2026-02-13 10:59:59.999000+00:00,111972943.9671,93910,728493.64,58410543.8425,0,SOLUSDT,1h
2026-02-13 11:00:00+00:00,80.3,80.36,79.74,80.26,798417.77,2026-02-13 11:59:59.999000+00:00,63936099.5477,68500,357117.01,28598969.589,0,SOLUSDT,1h
2026-02-13 12:00:00+00:00,80.26,80.27,79.8,79.92,435549.51,2026-02-13 12:59:59.999000+00:00,34838635.1155,49562,198643.34,15890235.8813,0,SOLUSDT,1h
2026-02-13 13:00:00+00:00,79.92,80.89,79.68,80.23,1452755.82,2026-02-13 13:59:59.999000+00:00,116625016.9895,125072,764574.1,61388691.9896,0,SOLUSDT,1h
2026-02-13 14:00:00+00:00,80.23,81.93,79.8,81.3,2624276.67,2026-02-13 14:59:59.999000+00:00,212566823.1979,215828,1373940.95,111279981.7922,0,SOLUSDT,1h
2026-02-13 15:00:00+00:00,81.31,84.3,81.04,83.16,3860970.78,2026-02-13 15:59:59.999000+00:00,320228012.2848,301188,2063654.83,171158903.0274,0,SOLUSDT,1h
2026-02-13 16:00:00+00:00,83.16,84.99,82.87,84.17,2201574.97,2026-02-13 16:59:59.999000+00:00,185073324.678,187768,1169090.32,98308817.4151,0,SOLUSDT,1h
2026-02-13 17:00:00+00:00,84.18,84.69,83.52,84.29,1348130.62,2026-02-13 17:59:59.999000+00:00,113453296.4327,118895,661780.24,55696863.9988,0,SOLUSDT,1h
2026-02-13 18:00:00+00:00,84.3,85.57,84.07,85.35,1672358.39,2026-02-13 18:59:59.999000+00:00,142036207.5793,139378,859530.9,73019276.6173,0,SOLUSDT,1h
2026-02-13 19:00:00+00:00,85.34,85.59,84.5,84.6,958308.02,2026-02-13 19:59:59.999000+00:00,81386700.4981,92890,455375.23,38675700.1484,0,SOLUSDT,1h
2026-02-13 20:00:00+00:00,84.6,85.03,84.12,84.72,1105131.61,2026-02-13 20:59:59.999000+00:00,93449503.268,94823,518235.58,43827657.1466,0,SOLUSDT,1h
2026-02-13 21:00:00+00:00,84.73,85.16,84.52,84.8,662646.23,2026-02-13 21:59:59.999000+00:00,56232784.8995,63883,339172.87,28785878.9197,0,SOLUSDT,1h
2026-02-13 22:00:00+00:00,84.8,84.88,84.41,84.62,335200.46,2026-02-13 22:59:59.999000+00:00,28366136.5617,44156,169252.73,14324488.9356,0,SOLUSDT,1h
2026-02-13 23:00:00+00:00,84.62,84.62,84.04,84.29,419338.61,2026-02-13 23:59:59.999000+00:00,35347335.8204,49244,191355.45,16132002.6707,0,SOLUSDT,1h
2026-02-14 00:00:00+00:00,84.28,85.04,84.17,84.88,647681.65,2026-02-14 00:59:59.999000+00:00,54816027.8352,58429,332353.36,28126278.3497,0,SOLUSDT,1h
2026-02-14 01:00:00+00:00,84.88,85.15,84.72,84.94,416182.13,2026-02-14 01:59:59.999000+00:00,35331959.7578,43637,193034.48,16390648.7329,0,SOLUSDT,1h
2026-02-14 02:00:00+00:00,84.94,84.96,84.54,84.85,341624.24,2026-02-14 02:59:59.999000+00:00,28960632.0281,36748,162126.97,13745638.1067,0,SOLUSDT,1h
2026-02-14 03:00:00+00:00,84.84,85.25,84.77,85.0,347760.58,2026-02-14 03:59:59.999000+00:00,29561273.6186,35997,187138.9,15909127.1911,0,SOLUSDT,1h
2026-02-14 04:00:00+00:00,85.0,85.05,84.73,84.76,255764.29,2026-02-14 04:59:59.999000+00:00,21710313.6479,28538,124174.31,10540561.3795,0,SOLUSDT,1h
2026-02-14 05:00:00+00:00,84.76,84.98,84.56,84.57,248109.42,2026-02-14 05:59:59.999000+00:00,21031818.4943,29996,112135.28,9507255.1386,0,SOLUSDT,1h
2026-02-14 06:00:00+00:00,84.56,84.9,84.28,84.79,418436.3,2026-02-14 06:59:59.999000+00:00,35390352.3524,37729,218510.82,18486545.9096,0,SOLUSDT,1h
2026-02-14 07:00:00+00:00,84.79,85.22,84.71,85.12,386430.72,2026-02-14 07:59:59.999000+00:00,32831139.0391,37417,208367.84,17705200.3155,0,SOLUSDT,1h
2026-02-14 08:00:00+00:00,85.13,86.37,85.1,86.15,1522660.74,2026-02-14 08:59:59.999000+00:00,130641909.3881,111069,891867.05,76516080.3722,0,SOLUSDT,1h
2026-02-14 09:00:00+00:00,86.15,86.32,85.78,85.95,738531.86,2026-02-14 09:59:59.999000+00:00,63551938.7926,66357,366205.44,31519913.6139,0,SOLUSDT,1h
2026-02-14 10:00:00+00:00,85.96,85.96,85.66,85.76,357762.0,2026-02-14 10:59:59.999000+00:00,30694612.2393,37474,158528.76,13602916.8075,0,SOLUSDT,1h
2026-02-14 11:00:00+00:00,85.76,87.28,85.76,87.22,1728318.26,2026-02-14 11:59:59.999000+00:00,149916915.734,120027,1036250.0,89883906.1548,0,SOLUSDT,1h
2026-02-14 12:00:00+00:00,87.22,87.26,86.2,86.36,1195849.52,2026-02-14 12:59:59.999000+00:00,103725642.4545,92064,528111.78,45799675.4451,0,SOLUSDT,1h
2026-02-14 13:00:00+00:00,86.37,86.85,85.97,86.39,1138482.08,2026-02-14 13:59:59.999000+00:00,98365945.222,88641,556631.09,48098104.9902,0,SOLUSDT,1h
2026-02-14 14:00:00+00:00,86.39,87.49,86.32,87.2,1056052.14,2026-02-14 14:59:59.999000+00:00,91794877.9882,85346,568613.54,49426074.0559,0,SOLUSDT,1h
2026-02-14 15:00:00+00:00,87.2,87.65,87.04,87.38,878558.94,2026-02-14 15:59:59.999000+00:00,76715473.0726,75708,431993.83,37727643.0619,0,SOLUSDT,1h
2026-02-14 16:00:00+00:00,87.39,88.19,86.96,88.04,1598686.67,2026-02-14 16:59:59.999000+00:00,140048018.5487,109346,884249.28,77496677.547,0,SOLUSDT,1h
2026-02-14 17:00:00+00:00,88.04,88.42,87.76,87.97,900816.62,2026-02-14 17:59:59.999000+00:00,79299840.5834,78608,447223.16,39379570.9262,0,SOLUSDT,1h
2026-02-14 18:00:00+00:00,87.98,88.24,87.71,87.95,565504.67,2026-02-14 18:59:59.999000+00:00,49764744.1941,59180,290281.68,25550251.1882,0,SOLUSDT,1h
2026-02-14 19:00:00+00:00,87.94,88.27,87.48,88.13,531214.21,2026-02-14 19:59:59.999000+00:00,46692543.6421,53454,260164.58,22871839.6062,0,SOLUSDT,1h
2026-02-14 20:00:00+00:00,88.14,88.38,87.61,88.08,656679.29,2026-02-14 20:59:59.999000+00:00,57744773.1524,56508,338728.74,29789917.9229,0,SOLUSDT,1h
2026-02-14 21:00:00+00:00,88.08,88.45,87.22,88.0,1066404.96,2026-02-14 21:59:59.999000+00:00,93686610.4344,76162,543934.34,47795941.3126,0,SOLUSDT,1h
2026-02-14 22:00:00+00:00,88.0,88.85,87.84,88.44,719509.58,2026-02-14 22:59:59.999000+00:00,63576731.4888,67735,407184.34,35979817.7102,0,SOLUSDT,1h
2026-02-14 23:00:00+00:00,88.43,88.85,87.98,88.02,591118.01,2026-02-14 23:59:59.999000+00:00,52248597.0838,67000,298576.47,26397705.9714,0,SOLUSDT,1h
2026-02-15 00:00:00+00:00,88.01,88.38,87.74,88.14,658837.56,2026-02-15 00:59:59.999000+00:00,57968001.162,63449,366908.55,32286067.254,0,SOLUSDT,1h
2026-02-15 01:00:00+00:00,88.14,88.7,87.56,88.24,821369.12,2026-02-15 01:59:59.999000+00:00,72318073.55,84017,424591.0,37401702.3995,0,SOLUSDT,1h
2026-02-15 02:00:00+00:00,88.23,88.47,87.45,87.96,695417.69,2026-02-15 02:59:59.999000+00:00,61159849.0273,70366,313371.06,27567015.8752,0,SOLUSDT,1h
2026-02-15 03:00:00+00:00,87.95,88.76,87.31,88.56,948781.44,2026-02-15 03:59:59.999000+00:00,83426028.5728,92664,495800.85,43614848.0912,0,SOLUSDT,1h
2026-02-15 04:00:00+00:00,88.56,89.78,88.32,88.74,2131220.37,2026-02-15 04:59:59.999000+00:00,189587757.1564,154937,1147101.75,102081862.3764,0,SOLUSDT,1h
2026-02-15 05:00:00+00:00,88.73,90.03,88.69,89.61,1051157.29,2026-02-15 05:59:59.999000+00:00,94048949.5949,95517,587212.65,52549074.6874,0,SOLUSDT,1h
2026-02-15 06:00:00+00:00,89.61,90.12,89.26,89.54,914372.61,2026-02-15 06:59:59.999000+00:00,81985349.7666,84945,452562.39,40587462.9871,0,SOLUSDT,1h
2026-02-15 07:00:00+00:00,89.54,90.96,89.33,90.68,1325662.98,2026-02-15 07:59:59.999000+00:00,119717259.6811,111128,760241.77,68672947.4499,0,SOLUSDT,1h
2026-02-15 08:00:00+00:00,90.68,91.19,89.15,89.6,1926662.69,2026-02-15 08:59:59.999000+00:00,173642831.8656,151076,895885.17,80772330.3228,0,SOLUSDT,1h
2026-02-15 09:00:00+00:00,89.61,90.46,89.39,89.93,855295.54,2026-02-15 09:59:59.999000+00:00,77012077.102,84696,392385.91,35330327.4903,0,SOLUSDT,1h
2026-02-15 10:00:00+00:00,89.93,90.05,89.05,89.47,833454.21,2026-02-15 10:59:59.999000+00:00,74499313.8125,81388,392203.71,35059883.7356,0,SOLUSDT,1h
2026-02-15 11:00:00+00:00,89.47,89.78,88.95,89.13,599263.02,2026-02-15 11:59:59.999000+00:00,53486524.6869,55907,261172.51,23314046.7994,0,SOLUSDT,1h
2026-02-15 12:00:00+00:00,89.12,89.59,87.26,87.27,2196945.08,2026-02-15 12:59:59.999000+00:00,194396497.6246,138570,1002464.34,88747440.161,0,SOLUSDT,1h
2026-02-15 13:00:00+00:00,87.28,88.34,86.78,86.93,2350465.82,2026-02-15 13:59:59.999000+00:00,205770787.5441,170099,1120240.4,98134429.4781,0,SOLUSDT,1h
2026-02-15 14:00:00+00:00,86.93,87.57,86.61,87.31,1214817.23,2026-02-15 14:59:59.999000+00:00,105852652.1545,106124,615477.42,53636424.4341,0,SOLUSDT,1h
2026-02-15 15:00:00+00:00,87.31,87.63,86.88,87.36,820439.9,2026-02-15 15:59:59.999000+00:00,71593379.8945,74083,449246.91,39207312.6562,0,SOLUSDT,1h
2026-02-15 16:00:00+00:00,87.36,87.62,86.61,87.51,982215.37,2026-02-15 16:59:59.999000+00:00,85665938.3355,82837,537007.46,46843716.3273,0,SOLUSDT,1h
2026-02-15 17:00:00+00:00,87.51,87.85,85.67,86.37,1941175.14,2026-02-15 17:59:59.999000+00:00,168203571.6306,135802,911530.11,78982876.8399,0,SOLUSDT,1h
2026-02-15 18:00:00+00:00,86.37,86.81,85.95,86.17,1190334.57,2026-02-15 18:59:59.999000+00:00,102699362.2352,106663,574030.94,49537216.4778,0,SOLUSDT,1h
2026-02-15 19:00:00+00:00,86.16,86.31,85.14,85.29,1573350.83,2026-02-15 19:59:59.999000+00:00,134775908.4859,119945,740637.77,63456955.3146,0,SOLUSDT,1h
2026-02-15 20:00:00+00:00,85.28,85.95,84.83,85.81,980584.26,2026-02-15 20:59:59.999000+00:00,83726344.9256,87048,513643.64,43864257.6037,0,SOLUSDT,1h
2026-02-15 21:00:00+00:00,85.82,86.39,85.81,86.11,802622.02,2026-02-15 21:59:59.999000+00:00,69106852.3763,76168,397985.96,34266327.8789,0,SOLUSDT,1h
2026-02-15 22:00:00+00:00,86.12,86.63,85.99,86.31,544908.85,2026-02-15 22:59:59.999000+00:00,47080709.7304,52870,302178.73,26110261.0786,0,SOLUSDT,1h
2026-02-15 23:00:00+00:00,86.31,86.32,85.04,86.09,1039032.09,2026-02-15 23:59:59.999000+00:00,88918579.5447,95146,511803.36,43791209.873,0,SOLUSDT,1h
2026-02-16 00:00:00+00:00,86.09,86.47,85.58,86.12,619247.85,2026-02-16 00:59:59.999000+00:00,53284730.6691,67154,344051.95,29616208.684,0,SOLUSDT,1h
2026-02-16 01:00:00+00:00,86.13,86.59,85.33,85.72,805662.14,2026-02-16 01:59:59.999000+00:00,69204799.7958,71664,420613.38,36148923.8238,0,SOLUSDT,1h
2026-02-16 02:00:00+00:00,85.72,86.17,85.18,85.34,681889.27,2026-02-16 02:59:59.999000+00:00,58405022.9568,68441,294718.83,25265165.7403,0,SOLUSDT,1h
2026-02-16 03:00:00+00:00,85.35,85.52,84.71,85.11,714293.75,2026-02-16 03:59:59.999000+00:00,60759968.0513,67768,372531.33,31695983.4105,0,SOLUSDT,1h
2026-02-16 04:00:00+00:00,85.1,85.78,85.05,85.75,551038.2,2026-02-16 04:59:59.999000+00:00,47050178.1871,53044,338400.67,28896927.2941,0,SOLUSDT,1h
2026-02-16 05:00:00+00:00,85.76,85.86,84.4,84.65,914080.35,2026-02-16 05:59:59.999000+00:00,77614087.1366,68488,432519.78,36716448.5633,0,SOLUSDT,1h
2026-02-16 06:00:00+00:00,84.65,85.17,84.47,85.0,551689.9,2026-02-16 06:59:59.999000+00:00,46787508.1932,46739,291074.1,24685031.2689,0,SOLUSDT,1h
2026-02-16 07:00:00+00:00,85.01,85.47,84.76,85.01,537216.42,2026-02-16 07:59:59.999000+00:00,45744022.4559,54755,258307.89,21997430.7202,0,SOLUSDT,1h
2026-02-16 08:00:00+00:00,85.02,85.45,84.99,85.32,590521.73,2026-02-16 08:59:59.999000+00:00,50341952.0112,53138,314669.98,26825477.0689,0,SOLUSDT,1h
2026-02-16 09:00:00+00:00,85.33,86.2,85.32,85.93,904487.05,2026-02-16 09:59:59.999000+00:00,77622723.0314,79537,495945.57,42556439.545,0,SOLUSDT,1h
2026-02-16 10:00:00+00:00,85.93,85.98,85.56,85.69,461049.56,2026-02-16 10:59:59.999000+00:00,39534433.6924,53228,254651.04,21836892.31,0,SOLUSDT,1h
2026-02-16 11:00:00+00:00,85.69,85.92,84.4,85.46,1181451.93,2026-02-16 11:59:59.999000+00:00,100555025.0798,91105,568431.52,48382122.9741,0,SOLUSDT,1h
2026-02-16 12:00:00+00:00,85.46,86.35,85.21,86.13,1601469.2,2026-02-16 12:59:59.999000+00:00,137715907.5268,123242,790262.84,67958512.8919,0,SOLUSDT,1h
2026-02-16 13:00:00+00:00,86.13,86.88,83.79,84.1,3424855.36,2026-02-16 13:59:59.999000+00:00,291614110.377,231581,1604084.98,136648292.3276,0,SOLUSDT,1h
2026-02-16 14:00:00+00:00,84.09,84.62,83.39,83.98,1946286.87,2026-02-16 14:59:59.999000+00:00,163586065.8085,161488,970992.55,81631246.0644,0,SOLUSDT,1h
2026-02-16 15:00:00+00:00,83.99,84.5,82.51,83.16,2266769.63,2026-02-16 15:59:59.999000+00:00,188841361.4913,182834,1114580.04,92914825.1633,0,SOLUSDT,1h
2026-02-16 16:00:00+00:00,83.16,84.06,83.05,83.92,1710184.57,2026-02-16 16:59:59.999000+00:00,142988047.5059,130076,836753.85,69979607.4171,0,SOLUSDT,1h
2026-02-16 17:00:00+00:00,83.91,84.75,83.82,84.45,1153261.15,2026-02-16 17:59:59.999000+00:00,97267220.5148,96987,596228.3,50293665.2805,0,SOLUSDT,1h
2026-02-16 18:00:00+00:00,84.45,85.11,84.42,84.47,837858.2,2026-02-16 18:59:59.999000+00:00,70949667.4247,69663,387443.51,32816997.4741,0,SOLUSDT,1h
2026-02-16 19:00:00+00:00,84.48,85.07,84.17,84.57,571398.84,2026-02-16 19:59:59.999000+00:00,48377091.2129,54134,281560.93,23838702.3843,0,SOLUSDT,1h
2026-02-16 20:00:00+00:00,84.57,85.45,84.44,85.31,768702.23,2026-02-16 20:59:59.999000+00:00,65341281.5205,59991,404338.77,34376200.1059,0,SOLUSDT,1h
2026-02-16 21:00:00+00:00,85.31,86.08,85.06,85.97,714617.14,2026-02-16 21:59:59.999000+00:00,61141239.2571,66811,387073.76,33119836.1702,0,SOLUSDT,1h
2026-02-16 22:00:00+00:00,85.97,86.2,85.52,85.67,593230.56,2026-02-16 22:59:59.999000+00:00,50950047.4112,68388,262041.06,22510108.8175,0,SOLUSDT,1h
2026-02-16 23:00:00+00:00,85.66,86.61,85.61,86.39,828034.05,2026-02-16 23:59:59.999000+00:00,71364367.2754,77353,420840.34,36274968.3472,0,SOLUSDT,1h
2026-02-17 00:00:00+00:00,86.39,87.11,86.23,86.56,1021635.62,2026-02-17 00:59:59.999000+00:00,88479704.4961,84215,539164.97,46715257.2597,0,SOLUSDT,1h
2026-02-17 01:00:00+00:00,86.56,87.03,86.07,86.12,730589.95,2026-02-17 01:59:59.999000+00:00,63284996.2954,67823,365817.57,31702798.591,0,SOLUSDT,1h
2026-02-17 02:00:00+00:00,86.13,87.66,85.72,87.26,1055883.0,2026-02-17 02:59:59.999000+00:00,91729268.776,95694,574899.59,49949662.9626,0,SOLUSDT,1h
2026-02-17 03:00:00+00:00,87.26,87.32,86.27,86.31,741295.5,2026-02-17 03:59:59.999000+00:00,64336356.3197,67573,321580.43,27907274.2394,0,SOLUSDT,1h
2026-02-17 04:00:00+00:00,86.31,86.61,85.87,86.32,767781.53,2026-02-17 04:59:59.999000+00:00,66237804.5933,62853,376601.53,32494355.1524,0,SOLUSDT,1h
2026-02-17 05:00:00+00:00,86.32,86.44,85.38,86.16,712869.47,2026-02-17 05:59:59.999000+00:00,61214463.5818,72291,348117.1,29899953.1429,0,SOLUSDT,1h
2026-02-17 06:00:00+00:00,86.16,86.76,86.15,86.44,426792.16,2026-02-17 06:59:59.999000+00:00,36913885.5611,43001,194233.44,16799135.5404,0,SOLUSDT,1h
2026-02-17 07:00:00+00:00,86.44,86.49,85.87,86.42,444311.82,2026-02-17 07:59:59.999000+00:00,38309591.226,45699,212132.07,18290272.5799,0,SOLUSDT,1h
2026-02-17 08:00:00+00:00,86.42,86.71,85.84,85.89,800438.94,2026-02-17 08:59:59.999000+00:00,69043170.3518,62907,369291.61,31845137.9249,0,SOLUSDT,1h
2026-02-17 09:00:00+00:00,85.9,86.13,85.61,85.87,440333.91,2026-02-17 09:59:59.999000+00:00,37796672.6088,45145,207227.88,17791253.2406,0,SOLUSDT,1h
2026-02-17 10:00:00+00:00,85.87,85.99,84.82,84.99,899705.7,2026-02-17 10:59:59.999000+00:00,76649142.0605,72787,405764.77,34558568.9625,0,SOLUSDT,1h
2026-02-17 11:00:00+00:00,84.99,85.25,84.67,85.04,629555.81,2026-02-17 11:59:59.999000+00:00,53487836.6169,57080,341037.84,28979087.8846,0,SOLUSDT,1h
2026-02-17 12:00:00+00:00,85.05,85.53,84.46,84.58,962431.23,2026-02-17 12:59:59.999000+00:00,81813556.4255,70247,412602.48,35100988.6717,0,SOLUSDT,1h
2026-02-17 13:00:00+00:00,84.59,85.47,84.31,84.94,1324796.59,2026-02-17 13:59:59.999000+00:00,112509145.8135,91962,695398.26,59057137.9236,0,SOLUSDT,1h
2026-02-17 14:00:00+00:00,84.93,85.42,82.93,83.2,2584088.98,2026-02-17 14:59:59.999000+00:00,217145561.086,185283,1226242.73,103042721.4824,0,SOLUSDT,1h
2026-02-17 15:00:00+00:00,83.2,83.85,82.86,83.76,2250697.85,2026-02-17 15:59:59.999000+00:00,187698881.9692,177717,1140463.28,95131862.2753,0,SOLUSDT,1h
2026-02-17 16:00:00+00:00,83.75,85.43,83.66,84.13,2052912.36,2026-02-17 16:59:59.999000+00:00,173655141.1251,170882,1028356.22,86980432.0594,0,SOLUSDT,1h
2026-02-17 17:00:00+00:00,84.13,84.28,83.08,83.64,1118298.17,2026-02-17 17:59:59.999000+00:00,93531277.219,115962,506598.88,42378274.2094,0,SOLUSDT,1h
2026-02-17 18:00:00+00:00,83.65,85.39,83.5,85.07,1228565.22,2026-02-17 18:59:59.999000+00:00,103979667.8844,112388,680413.5,57595125.295,0,SOLUSDT,1h
2026-02-17 19:00:00+00:00,85.07,85.72,84.58,84.8,1070485.19,2026-02-17 19:59:59.999000+00:00,91057401.0225,101088,521482.81,44364656.5788,0,SOLUSDT,1h
2026-02-17 20:00:00+00:00,84.8,85.22,84.47,84.94,816314.9,2026-02-17 20:59:59.999000+00:00,69274099.8432,77809,373239.58,31680564.9366,0,SOLUSDT,1h
2026-02-17 21:00:00+00:00,84.93,85.39,84.78,85.17,406470.17,2026-02-17 21:59:59.999000+00:00,34582795.1812,45054,194639.15,16561771.6198,0,SOLUSDT,1h
2026-02-17 22:00:00+00:00,85.17,85.39,84.91,84.98,214094.18,2026-02-17 22:59:59.999000+00:00,18239078.7682,34627,109154.14,9300097.8462,0,SOLUSDT,1h
2026-02-17 23:00:00+00:00,84.98,85.29,84.84,85.02,441374.07,2026-02-17 23:59:59.999000+00:00,37538488.7221,45972,195822.29,16656000.0374,0,SOLUSDT,1h
2026-02-18 00:00:00+00:00,85.02,85.44,84.75,84.82,514966.59,2026-02-18 00:59:59.999000+00:00,43842215.7,49267,214510.77,18265658.5432,0,SOLUSDT,1h
2026-02-18 01:00:00+00:00,84.82,84.94,83.87,84.21,646005.62,2026-02-18 01:59:59.999000+00:00,54455315.4215,63404,261005.53,22002653.6059,0,SOLUSDT,1h
2026-02-18 02:00:00+00:00,84.2,84.95,84.18,84.61,397368.17,2026-02-18 02:59:59.999000+00:00,33652186.9789,48803,204477.14,17313318.3919,0,SOLUSDT,1h
2026-02-18 03:00:00+00:00,84.62,85.41,84.49,85.27,430978.42,2026-02-18 03:59:59.999000+00:00,36640147.5331,44790,227548.94,19341389.9247,0,SOLUSDT,1h
2026-02-18 04:00:00+00:00,85.27,85.5,84.92,85.1,359687.59,2026-02-18 04:59:59.999000+00:00,30646528.6392,48504,175382.49,14942120.4285,0,SOLUSDT,1h
2026-02-18 05:00:00+00:00,85.1,85.21,84.7,84.85,267740.18,2026-02-18 05:59:59.999000+00:00,22739992.6063,32945,126442.91,10741705.3965,0,SOLUSDT,1h
2026-02-18 06:00:00+00:00,84.84,85.26,84.75,84.87,292642.45,2026-02-18 06:59:59.999000+00:00,24882076.9192,34284,147745.14,12563368.1691,0,SOLUSDT,1h
2026-02-18 07:00:00+00:00,84.87,85.38,84.63,85.22,442897.89,2026-02-18 07:59:59.999000+00:00,37660148.8357,45289,231109.37,19646447.3979,0,SOLUSDT,1h
2026-02-18 08:00:00+00:00,85.22,86.04,85.17,85.42,963551.2,2026-02-18 08:59:59.999000+00:00,82426582.9938,70831,558452.25,47770370.1892,0,SOLUSDT,1h
2026-02-18 09:00:00+00:00,85.42,85.7,85.25,85.26,373487.09,2026-02-18 09:59:59.999000+00:00,31924546.1675,39816,179878.5,15375605.0576,0,SOLUSDT,1h
2026-02-18 10:00:00+00:00,85.27,85.34,84.12,84.22,915637.04,2026-02-18 10:59:59.999000+00:00,77589279.1082,69983,397792.63,33705508.6786,0,SOLUSDT,1h
2026-02-18 11:00:00+00:00,84.21,84.22,82.74,82.8,2196459.62,2026-02-18 11:59:59.999000+00:00,183184437.8128,135143,1013876.33,84560667.5304,0,SOLUSDT,1h
2026-02-18 12:00:00+00:00,82.79,83.28,82.24,82.94,1671622.42,2026-02-18 12:59:59.999000+00:00,138445892.9259,123734,810942.12,67181620.6108,0,SOLUSDT,1h
2026-02-18 13:00:00+00:00,82.94,83.21,82.23,82.54,1111194.03,2026-02-18 13:59:59.999000+00:00,91974149.0137,98049,513487.21,42515436.7598,0,SOLUSDT,1h
2026-02-18 14:00:00+00:00,82.54,82.82,81.62,82.49,1917347.16,2026-02-18 14:59:59.999000+00:00,157808342.7171,174898,972040.5,80037383.0963,0,SOLUSDT,1h
2026-02-18 15:00:00+00:00,82.49,83.97,82.45,82.95,2041394.42,2026-02-18 15:59:59.999000+00:00,169664464.7729,176028,1075582.74,89383507.9934,0,SOLUSDT,1h
2026-02-18 16:00:00+00:00,82.96,83.04,82.0,82.23,1387194.08,2026-02-18 16:59:59.999000+00:00,114158076.9151,119802,658334.44,54185675.0922,0,SOLUSDT,1h
2026-02-18 17:00:00+00:00,82.23,82.95,82.03,82.12,776768.49,2026-02-18 17:59:59.999000+00:00,64029304.4514,74008,419084.41,34547419.2299,0,SOLUSDT,1h
2026-02-18 18:00:00+00:00,82.13,82.31,80.74,81.23,1841022.0,2026-02-18 18:59:59.999000+00:00,149991925.8682,130302,791419.23,64502035.2428,0,SOLUSDT,1h
2026-02-18 19:00:00+00:00,81.22,81.55,80.37,80.87,1565915.42,2026-02-18 19:59:59.999000+00:00,126738675.2754,129718,709741.14,57455171.7886,0,SOLUSDT,1h
2026-02-18 20:00:00+00:00,80.87,81.55,80.79,81.27,874447.6,2026-02-18 20:59:59.999000+00:00,71021326.9119,87515,455176.29,36971746.9392,0,SOLUSDT,1h
2026-02-18 21:00:00+00:00,81.27,81.59,80.92,81.21,634983.81,2026-02-18 21:59:59.999000+00:00,51591995.1796,55815,352611.78,28656543.5617,0,SOLUSDT,1h
2026-02-18 22:00:00+00:00,81.22,81.5,80.99,81.41,313211.51,2026-02-18 22:59:59.999000+00:00,25447835.6588,38549,159827.71,12987894.7825,0,SOLUSDT,1h
2026-02-18 23:00:00+00:00,81.42,81.59,81.18,81.55,305204.5,2026-02-18 23:59:59.999000+00:00,24839174.9358,36564,165052.89,13433653.3818,0,SOLUSDT,1h
2026-02-19 00:00:00+00:00,81.54,81.68,81.18,81.44,316470.09,2026-02-19 00:59:59.999000+00:00,25775213.6001,42346,165488.65,13479169.2206,0,SOLUSDT,1h
2026-02-19 01:00:00+00:00,81.44,81.99,81.44,81.82,421307.66,2026-02-19 01:59:59.999000+00:00,34423043.1204,50987,215679.13,17625801.4857,0,SOLUSDT,1h
2026-02-19 02:00:00+00:00,81.83,82.02,81.25,81.6,571292.73,2026-02-19 02:59:59.999000+00:00,46656653.1336,50028,267744.85,21866466.5901,0,SOLUSDT,1h
2026-02-19 03:00:00+00:00,81.59,81.9,81.37,81.71,264099.6,2026-02-19 03:59:59.999000+00:00,21566501.8017,36810,122692.01,10019922.1282,0,SOLUSDT,1h
2026-02-19 04:00:00+00:00,81.72,82.0,81.43,81.46,449861.42,2026-02-19 04:59:59.999000+00:00,36762180.2827,41570,227051.23,18562718.5212,0,SOLUSDT,1h
2026-02-19 05:00:00+00:00,81.45,81.93,81.32,81.83,512490.49,2026-02-19 05:59:59.999000+00:00,41837647.9666,50986,280279.01,22878362.8749,0,SOLUSDT,1h
2026-02-19 06:00:00+00:00,81.83,82.45,81.77,82.32,545010.9,2026-02-19 06:59:59.999000+00:00,44812287.7125,56428,298384.15,24534027.5977,0,SOLUSDT,1h
2026-02-19 07:00:00+00:00,82.31,82.63,81.95,82.34,591050.79,2026-02-19 07:59:59.999000+00:00,48650648.9656,51387,289384.35,23825176.9314,0,SOLUSDT,1h
2026-02-19 08:00:00+00:00,82.34,82.35,81.51,81.67,652920.08,2026-02-19 08:59:59.999000+00:00,53476854.7937,57210,285387.58,23375290.3403,0,SOLUSDT,1h
2026-02-19 09:00:00+00:00,81.68,81.96,81.06,81.14,746717.52,2026-02-19 09:59:59.999000+00:00,60855961.9622,59085,315251.62,25702613.1946,0,SOLUSDT,1h
2026-02-19 10:00:00+00:00,81.15,81.79,80.86,81.48,994257.88,2026-02-19 10:59:59.999000+00:00,80957753.6375,71968,541745.01,44109375.226,0,SOLUSDT,1h
2026-02-19 11:00:00+00:00,81.49,81.86,81.06,81.2,468789.27,2026-02-19 11:59:59.999000+00:00,38176189.1531,46331,208358.2,16973627.3827,0,SOLUSDT,1h
2026-02-19 12:00:00+00:00,81.2,81.28,80.63,80.76,1003418.86,2026-02-19 12:59:59.999000+00:00,81298667.6448,75754,473933.92,38409932.2418,0,SOLUSDT,1h
2026-02-19 13:00:00+00:00,80.76,80.88,79.57,79.96,1826615.15,2026-02-19 13:59:59.999000+00:00,146326499.3223,140776,877828.44,70317698.3535,0,SOLUSDT,1h
2026-02-19 14:00:00+00:00,79.97,81.29,79.9,80.74,1971232.25,2026-02-19 14:59:59.999000+00:00,158641759.352,165978,1040342.01,83748297.0915,0,SOLUSDT,1h
2026-02-19 15:00:00+00:00,80.74,81.26,79.91,80.59,1241099.16,2026-02-19 15:59:59.999000+00:00,99887568.9283,120060,615147.19,49510135.5943,0,SOLUSDT,1h
2026-02-19 16:00:00+00:00,80.58,80.92,79.86,80.76,1239793.63,2026-02-19 16:59:59.999000+00:00,99712781.1358,108163,605534.18,48700685.358,0,SOLUSDT,1h
2026-02-19 17:00:00+00:00,80.76,81.9,80.17,80.42,1584806.77,2026-02-19 17:59:59.999000+00:00,128431120.9996,125491,777319.48,63003766.0963,0,SOLUSDT,1h
2026-02-19 18:00:00+00:00,80.43,82.02,80.33,81.95,1158439.46,2026-02-19 18:59:59.999000+00:00,94315865.1858,106738,676211.51,55062932.8743,0,SOLUSDT,1h
2026-02-19 19:00:00+00:00,81.95,82.19,81.02,81.9,962930.56,2026-02-19 19:59:59.999000+00:00,78625095.7879,93645,508654.29,41536839.2296,0,SOLUSDT,1h
2026-02-19 20:00:00+00:00,81.9,82.34,81.63,82.06,725162.83,2026-02-19 20:59:59.999000+00:00,59470048.8887,72870,317391.59,26034509.653,0,SOLUSDT,1h
2026-02-19 21:00:00+00:00,82.05,82.14,81.78,82.02,322242.45,2026-02-19 21:59:59.999000+00:00,26418430.4758,40062,139935.01,11474046.6346,0,SOLUSDT,1h
2026-02-19 22:00:00+00:00,82.02,82.5,81.86,82.29,481318.57,2026-02-19 22:59:59.999000+00:00,39535134.8836,55679,241497.51,19841984.4122,0,SOLUSDT,1h
2026-02-19 23:00:00+00:00,82.29,82.52,82.07,82.46,333561.6,2026-02-19 23:59:59.999000+00:00,27452573.9292,44471,191145.16,15733388.7143,0,SOLUSDT,1h
2026-02-20 00:00:00+00:00,82.46,83.5,82.27,82.85,1122342.16,2026-02-20 00:59:59.999000+00:00,93202301.3635,97802,514065.58,42679194.83,0,SOLUSDT,1h
2026-02-20 01:00:00+00:00,82.85,83.1,82.64,82.97,486149.54,2026-02-20 01:59:59.999000+00:00,40295612.2081,55818,256991.58,21304293.2453,0,SOLUSDT,1h
2026-02-20 02:00:00+00:00,82.97,83.27,82.75,82.86,564127.55,2026-02-20 02:59:59.999000+00:00,46804321.9573,58694,292116.22,24239117.5335,0,SOLUSDT,1h
2026-02-20 03:00:00+00:00,82.87,83.32,82.79,82.97,431705.96,2026-02-20 03:59:59.999000+00:00,35854548.6157,48216,230506.16,19147632.6094,0,SOLUSDT,1h
2026-02-20 04:00:00+00:00,82.98,83.05,82.32,82.63,671734.47,2026-02-20 04:59:59.999000+00:00,55541719.0044,60388,247121.8,20432315.9051,0,SOLUSDT,1h
2026-02-20 05:00:00+00:00,82.63,83.71,82.45,83.23,872140.07,2026-02-20 05:59:59.999000+00:00,72569863.4191,73621,435245.05,36229555.4663,0,SOLUSDT,1h
2026-02-20 06:00:00+00:00,83.22,83.69,83.09,83.66,516578.33,2026-02-20 06:59:59.999000+00:00,43073850.3901,49815,292163.71,24364881.3536,0,SOLUSDT,1h
2026-02-20 07:00:00+00:00,83.66,83.88,83.34,83.38,606152.72,2026-02-20 07:59:59.999000+00:00,50679607.9621,54977,320469.26,26799824.6453,0,SOLUSDT,1h
2026-02-20 08:00:00+00:00,83.39,83.76,83.24,83.59,396588.12,2026-02-20 08:59:59.999000+00:00,33105889.4451,47623,188729.97,15754642.548,0,SOLUSDT,1h
2026-02-20 09:00:00+00:00,83.58,84.45,83.58,84.16,1060560.58,2026-02-20 09:59:59.999000+00:00,89293642.5192,90651,547657.24,46099604.6208,0,SOLUSDT,1h
2026-02-20 10:00:00+00:00,84.15,84.81,83.99,84.05,1017582.92,2026-02-20 10:59:59.999000+00:00,85910593.6882,81473,513651.46,43376136.7374,0,SOLUSDT,1h
2026-02-20 11:00:00+00:00,84.05,84.21,83.29,83.52,1291483.96,2026-02-20 11:59:59.999000+00:00,108163242.8394,91222,634803.88,53158474.8321,0,SOLUSDT,1h
2026-02-20 12:00:00+00:00,83.53,83.99,83.31,83.67,744560.75,2026-02-20 12:59:59.999000+00:00,62259699.8404,67284,347544.46,29066243.0242,0,SOLUSDT,1h
2026-02-20 13:00:00+00:00,83.67,83.67,81.71,82.15,2573140.91,2026-02-20 13:59:59.999000+00:00,212087786.0838,158538,1181356.34,97333355.3293,0,SOLUSDT,1h
2026-02-20 14:00:00+00:00,82.16,83.35,82.07,83.02,1701036.88,2026-02-20 14:59:59.999000+00:00,140785432.5882,136835,938563.95,77712428.3958,0,SOLUSDT,1h
2026-02-20 15:00:00+00:00,83.02,84.76,82.62,84.33,3584206.83,2026-02-20 15:59:59.999000+00:00,300527593.4179,268506,1798371.57,150808198.2759,0,SOLUSDT,1h
2026-02-20 16:00:00+00:00,84.32,84.92,83.68,84.45,1874028.36,2026-02-20 16:59:59.999000+00:00,158005191.6453,160392,950786.58,80184932.3768,0,SOLUSDT,1h
2026-02-20 17:00:00+00:00,84.45,84.56,82.75,84.44,2382904.86,2026-02-20 17:59:59.999000+00:00,199243988.4314,173553,1133118.3,94787336.3315,0,SOLUSDT,1h
2026-02-20 18:00:00+00:00,84.45,85.44,83.9,85.21,1961711.51,2026-02-20 18:59:59.999000+00:00,166068558.5217,166775,1049541.94,88868327.1456,0,SOLUSDT,1h
2026-02-20 19:00:00+00:00,85.2,85.34,84.33,84.72,735375.68,2026-02-20 19:59:59.999000+00:00,62313512.7811,80503,391645.34,33181453.3947,0,SOLUSDT,1h
2026-02-20 20:00:00+00:00,84.71,85.19,84.36,84.57,500128.0,2026-02-20 20:59:59.999000+00:00,42375554.2202,61347,226542.75,19194997.5653,0,SOLUSDT,1h
2026-02-20 21:00:00+00:00,84.57,84.72,84.25,84.52,539466.6,2026-02-20 21:59:59.999000+00:00,45550807.5043,50392,307267.35,25947526.1265,0,SOLUSDT,1h
2026-02-20 22:00:00+00:00,84.51,84.73,84.06,84.55,500093.79,2026-02-20 22:59:59.999000+00:00,42204343.6552,54744,244546.44,20639588.1926,0,SOLUSDT,1h
2026-02-20 23:00:00+00:00,84.54,84.67,84.23,84.62,315878.71,2026-02-20 23:59:59.999000+00:00,26680340.1974,40186,145312.82,12271470.8521,0,SOLUSDT,1h
2026-02-21 00:00:00+00:00,84.62,84.71,84.29,84.4,330932.73,2026-02-21 00:59:59.999000+00:00,27970842.2301,37155,141626.96,11970673.5357,0,SOLUSDT,1h
2026-02-21 01:00:00+00:00,84.4,84.81,84.4,84.65,238236.43,2026-02-21 01:59:59.999000+00:00,20156940.3863,30193,122044.69,10326271.7782,0,SOLUSDT,1h
2026-02-21 02:00:00+00:00,84.64,84.98,84.48,84.76,272963.05,2026-02-21 02:59:59.999000+00:00,23144593.9518,32026,132669.67,11249453.796,0,SOLUSDT,1h
2026-02-21 03:00:00+00:00,84.76,84.79,84.16,84.29,444080.33,2026-02-21 03:59:59.999000+00:00,37457084.6871,43887,187398.23,15803933.8449,0,SOLUSDT,1h
2026-02-21 04:00:00+00:00,84.3,84.46,84.08,84.36,244360.55,2026-02-21 04:59:59.999000+00:00,20595091.9229,29912,115723.73,9754652.2583,0,SOLUSDT,1h
2026-02-21 05:00:00+00:00,84.35,84.54,84.33,84.42,168450.46,2026-02-21 05:59:59.999000+00:00,14222956.7266,23412,76069.37,6423275.3222,0,SOLUSDT,1h
2026-02-21 06:00:00+00:00,84.42,84.74,83.96,84.08,600933.1,2026-02-21 06:59:59.999000+00:00,50643758.3002,46504,224321.37,18907131.6264,0,SOLUSDT,1h
2026-02-21 07:00:00+00:00,84.07,84.29,83.91,84.18,355101.39,2026-02-21 07:59:59.999000+00:00,29861037.9706,34736,178649.54,15022864.1335,0,SOLUSDT,1h
2026-02-21 08:00:00+00:00,84.17,84.69,84.14,84.67,330980.56,2026-02-21 08:59:59.999000+00:00,27937926.618,31385,190138.34,16051682.0179,0,SOLUSDT,1h
2026-02-21 09:00:00+00:00,84.66,85.15,84.61,84.86,626424.05,2026-02-21 09:59:59.999000+00:00,53196488.759,51521,331406.53,28145872.5949,0,SOLUSDT,1h
2026-02-21 10:00:00+00:00,84.87,85.24,84.84,85.11,326325.57,2026-02-21 10:59:59.999000+00:00,27740544.5308,32493,171574.5,14587757.3958,0,SOLUSDT,1h
2026-02-21 11:00:00+00:00,85.11,85.67,85.09,85.35,689059.9,2026-02-21 11:59:59.999000+00:00,58837752.5526,54535,358502.77,30615599.5227,0,SOLUSDT,1h
2026-02-21 12:00:00+00:00,85.35,85.49,84.96,85.25,544309.84,2026-02-21 12:59:59.999000+00:00,46359877.0761,44061,263919.63,22483492.6257,0,SOLUSDT,1h
2026-02-21 13:00:00+00:00,85.26,85.93,85.11,85.81,611907.68,2026-02-21 13:59:59.999000+00:00,52303745.1178,45634,378469.64,32354005.1446,0,SOLUSDT,1h
2026-02-21 14:00:00+00:00,85.81,86.63,85.58,86.27,1455277.99,2026-02-21 14:59:59.999000+00:00,125510713.0336,100921,778649.94,67157280.3498,0,SOLUSDT,1h
2026-02-21 15:00:00+00:00,86.27,86.68,86.13,86.52,719820.62,2026-02-21 15:59:59.999000+00:00,62226526.499,64878,367274.06,31753420.6342,0,SOLUSDT,1h
2026-02-21 16:00:00+00:00,86.52,86.62,85.8,86.1,869084.67,2026-02-21 16:59:59.999000+00:00,74821669.518,69305,403566.84,34747224.5366,0,SOLUSDT,1h
2026-02-21 17:00:00+00:00,86.09,86.42,85.77,86.19,779240.3,2026-02-21 17:59:59.999000+00:00,67065513.2663,55959,444022.5,38215968.4679,0,SOLUSDT,1h
2026-02-21 18:00:00+00:00,86.19,86.67,86.13,86.53,495249.61,2026-02-21 18:59:59.999000+00:00,42795494.7185,39413,298019.24,25759405.7884,0,SOLUSDT,1h
2026-02-21 19:00:00+00:00,86.53,86.64,86.13,86.17,348692.35,2026-02-21 19:59:59.999000+00:00,30128422.8327,34240,142062.93,12279353.3991,0,SOLUSDT,1h
2026-02-21 20:00:00+00:00,86.16,86.17,85.21,85.41,800075.89,2026-02-21 20:59:59.999000+00:00,68526344.7679,62384,331182.84,28364311.1646,0,SOLUSDT,1h
2026-02-21 21:00:00+00:00,85.42,85.8,85.35,85.79,396031.25,2026-02-21 21:59:59.999000+00:00,33897266.4744,37335,208940.59,17888476.1378,0,SOLUSDT,1h
2026-02-21 22:00:00+00:00,85.79,85.85,85.32,85.4,316604.2,2026-02-21 22:59:59.999000+00:00,27082775.6637,35289,156415.5,13379595.9623,0,SOLUSDT,1h
2026-02-21 23:00:00+00:00,85.41,85.51,85.07,85.12,504412.46,2026-02-21 23:59:59.999000+00:00,42997496.9971,40907,197132.62,16808125.9713,0,SOLUSDT,1h
2026-02-22 00:00:00+00:00,85.12,85.18,84.71,85.01,582817.68,2026-02-22 00:59:59.999000+00:00,49495069.4562,52200,308440.2,26196451.5772,0,SOLUSDT,1h
2026-02-22 01:00:00+00:00,85.01,85.38,85.0,85.28,456387.17,2026-02-22 01:59:59.999000+00:00,38878871.7179,41832,282837.76,24095068.9407,0,SOLUSDT,1h
2026-02-22 02:00:00+00:00,85.28,85.56,84.8,84.9,484645.02,2026-02-22 02:59:59.999000+00:00,41253624.594,45896,238784.55,20333540.2211,0,SOLUSDT,1h
2026-02-22 03:00:00+00:00,84.91,85.11,84.62,85.03,470545.86,2026-02-22 03:59:59.999000+00:00,39937917.1682,44460,250020.82,21227019.0005,0,SOLUSDT,1h
2026-02-22 04:00:00+00:00,85.03,85.3,84.91,85.1,238929.57,2026-02-22 04:59:59.999000+00:00,20334103.9005,28062,148812.66,12665647.987,0,SOLUSDT,1h
2026-02-22 05:00:00+00:00,85.1,85.16,84.73,84.93,273075.88,2026-02-22 05:59:59.999000+00:00,23182563.4099,28129,114564.09,9726122.4772,0,SOLUSDT,1h
2026-02-22 06:00:00+00:00,84.92,85.28,84.89,85.24,308228.1,2026-02-22 06:59:59.999000+00:00,26238089.2065,31682,180035.19,15324825.4195,0,SOLUSDT,1h
2026-02-22 07:00:00+00:00,85.24,85.5,85.09,85.19,495812.36,2026-02-22 07:59:59.999000+00:00,42301004.8388,35642,243365.91,20774472.0535,0,SOLUSDT,1h
2026-02-22 08:00:00+00:00,85.19,85.21,84.81,84.91,374719.57,2026-02-22 08:59:59.999000+00:00,31845731.1729,35786,174397.94,14821011.5467,0,SOLUSDT,1h
2026-02-22 09:00:00+00:00,84.91,85.14,84.88,84.97,203290.96,2026-02-22 09:59:59.999000+00:00,17282533.5915,26907,112096.81,9530055.3347,0,SOLUSDT,1h
2026-02-22 10:00:00+00:00,84.97,85.25,84.94,85.16,241247.79,2026-02-22 10:59:59.999000+00:00,20542794.1448,24602,138292.17,11775724.5475,0,SOLUSDT,1h
2026-02-22 11:00:00+00:00,85.17,85.43,85.09,85.2,275723.77,2026-02-22 11:59:59.999000+00:00,23515501.4179,31062,128433.13,10953503.7418,0,SOLUSDT,1h
2026-02-22 12:00:00+00:00,85.2,85.26,84.27,84.4,964907.34,2026-02-22 12:59:59.999000+00:00,81652956.6476,68270,428892.93,36287580.6841,0,SOLUSDT,1h
2026-02-22 13:00:00+00:00,84.4,84.59,83.62,83.94,1180889.09,2026-02-22 13:59:59.999000+00:00,99272761.5577,89637,579892.27,48756521.6653,0,SOLUSDT,1h
2026-02-22 14:00:00+00:00,83.95,84.03,83.32,83.6,1140990.52,2026-02-22 14:59:59.999000+00:00,95485734.4569,84444,527705.01,44178119.9207,0,SOLUSDT,1h
2026-02-22 15:00:00+00:00,83.6,83.68,82.94,83.44,1559849.95,2026-02-22 15:59:59.999000+00:00,129989825.6601,86298,707556.0,58971203.5181,0,SOLUSDT,1h
2026-02-22 16:00:00+00:00,83.44,83.58,83.13,83.52,441868.66,2026-02-22 16:59:59.999000+00:00,36828792.4527,41296,250640.19,20895309.2083,0,SOLUSDT,1h
2026-02-22 17:00:00+00:00,83.53,83.56,82.76,83.01,785830.25,2026-02-22 17:59:59.999000+00:00,65253448.6132,64541,396766.49,32946358.4338,0,SOLUSDT,1h
2026-02-22 18:00:00+00:00,83.0,83.24,82.91,83.16,393500.79,2026-02-22 18:59:59.999000+00:00,32683408.6381,35112,186957.19,15530187.9614,0,SOLUSDT,1h
2026-02-22 19:00:00+00:00,83.16,83.36,82.97,83.25,232251.96,2026-02-22 19:59:59.999000+00:00,19322835.7294,25865,122816.61,10219920.2224,0,SOLUSDT,1h
2026-02-22 20:00:00+00:00,83.24,83.32,82.91,82.97,451927.27,2026-02-22 20:59:59.999000+00:00,37551161.2669,32158,155986.9,12967984.8291,0,SOLUSDT,1h
2026-02-22 21:00:00+00:00,82.97,83.53,82.97,83.44,289012.19,2026-02-22 21:59:59.999000+00:00,24066108.7119,31586,168886.42,14064623.1283,0,SOLUSDT,1h
2026-02-22 22:00:00+00:00,83.44,83.66,83.03,83.52,507598.24,2026-02-22 22:59:59.999000+00:00,42319167.1734,52554,259795.31,21657324.1457,0,SOLUSDT,1h
2026-02-22 23:00:00+00:00,83.52,83.6,82.43,82.75,1152990.25,2026-02-22 23:59:59.999000+00:00,95528389.4547,91656,618041.7,51202292.5467,0,SOLUSDT,1h
2026-02-23 00:00:00+00:00,82.75,82.81,81.26,81.34,1358483.17,2026-02-23 00:59:59.999000+00:00,111467966.8854,99437,606182.55,49763695.9552,0,SOLUSDT,1h
2026-02-23 01:00:00+00:00,81.33,81.33,77.39,77.88,6426229.44,2026-02-23 01:59:59.999000+00:00,507334478.6939,439679,2968679.25,234282794.4641,0,SOLUSDT,1h
2026-02-23 02:00:00+00:00,77.88,78.37,77.45,77.79,1721771.38,2026-02-23 02:59:59.999000+00:00,134149889.1509,158491,847674.62,66049301.0828,0,SOLUSDT,1h
2026-02-23 03:00:00+00:00,77.78,78.23,77.16,77.57,1545407.03,2026-02-23 03:59:59.999000+00:00,120051981.0062,117957,709780.95,55149228.5234,0,SOLUSDT,1h
2026-02-23 04:00:00+00:00,77.58,77.66,77.06,77.29,937844.69,2026-02-23 04:59:59.999000+00:00,72572669.4963,80693,422627.7,32705826.6192,0,SOLUSDT,1h
2026-02-23 05:00:00+00:00,77.3,77.98,77.25,77.74,1366222.64,2026-02-23 05:59:59.999000+00:00,106118921.0817,114331,656337.35,50972220.65,0,SOLUSDT,1h
2026-02-23 06:00:00+00:00,77.74,79.1,77.57,79.01,1906823.53,2026-02-23 06:59:59.999000+00:00,149758910.4334,117427,1030507.29,80954493.9453,0,SOLUSDT,1h
2026-02-23 07:00:00+00:00,79.0,79.63,78.83,79.32,1214368.59,2026-02-23 07:59:59.999000+00:00,96187045.4185,94607,541033.82,42862805.8893,0,SOLUSDT,1h
2026-02-23 08:00:00+00:00,79.32,79.33,78.44,78.69,1201485.29,2026-02-23 08:59:59.999000+00:00,94679887.8401,77993,591556.22,46614193.6283,0,SOLUSDT,1h
2026-02-23 09:00:00+00:00,78.69,80.48,78.69,80.4,1986515.49,2026-02-23 09:59:59.999000+00:00,158422220.8023,114553,1031434.76,82256964.739,0,SOLUSDT,1h
2026-02-23 10:00:00+00:00,80.4,80.63,80.03,80.22,1051718.99,2026-02-23 10:59:59.999000+00:00,84435930.3358,83422,499785.5,40133944.9028,0,SOLUSDT,1h
2026-02-23 11:00:00+00:00,80.22,80.5,79.9,79.99,714984.57,2026-02-23 11:59:59.999000+00:00,57315202.2171,60453,308421.17,24732950.2629,0,SOLUSDT,1h
2026-02-23 12:00:00+00:00,79.99,80.93,79.81,80.65,1490843.06,2026-02-23 12:59:59.999000+00:00,119902834.9867,98865,743701.19,59811086.3331,0,SOLUSDT,1h
2026-02-23 13:00:00+00:00,80.65,81.06,80.37,80.47,1320628.72,2026-02-23 13:59:59.999000+00:00,106512864.0209,85616,638624.73,51506359.8692,0,SOLUSDT,1h
2026-02-23 14:00:00+00:00,80.47,80.76,79.36,80.09,2435669.86,2026-02-23 14:59:59.999000+00:00,195247460.2104,159610,1130400.78,90620515.0899,0,SOLUSDT,1h
2026-02-23 15:00:00+00:00,80.09,80.29,79.15,79.35,1640658.32,2026-02-23 15:59:59.999000+00:00,130808100.4696,131174,842517.38,67186062.7101,0,SOLUSDT,1h
2026-02-23 16:00:00+00:00,79.36,79.76,78.61,78.92,2003221.99,2026-02-23 16:59:59.999000+00:00,158488274.5086,141636,970385.93,76768728.8441,0,SOLUSDT,1h
2026-02-23 17:00:00+00:00,78.93,79.11,77.21,78.27,2432078.28,2026-02-23 17:59:59.999000+00:00,190043534.4892,168237,1155357.97,90317482.7958,0,SOLUSDT,1h
2026-02-23 18:00:00+00:00,78.28,79.26,78.0,78.57,1630953.09,2026-02-23 18:59:59.999000+00:00,128108436.981,116550,829519.27,65160588.4911,0,SOLUSDT,1h
2026-02-23 19:00:00+00:00,78.58,78.87,77.88,78.25,1110452.43,2026-02-23 19:59:59.999000+00:00,86989586.4341,90617,507641.35,39770133.9552,0,SOLUSDT,1h
2026-02-23 20:00:00+00:00,78.24,78.5,77.8,78.26,937774.25,2026-02-23 20:59:59.999000+00:00,73327094.4472,82591,488606.67,38208727.366,0,SOLUSDT,1h
2026-02-23 21:00:00+00:00,78.26,78.69,78.13,78.33,716229.08,2026-02-23 21:59:59.999000+00:00,56141407.8068,62397,355046.74,27831796.5502,0,SOLUSDT,1h
2026-02-23 22:00:00+00:00,78.33,78.87,78.2,78.21,717362.09,2026-02-23 22:59:59.999000+00:00,56435473.6889,57517,357554.98,28133126.5808,0,SOLUSDT,1h
2026-02-23 23:00:00+00:00,78.21,78.5,77.57,77.87,668599.56,2026-02-23 23:59:59.999000+00:00,52175066.177,53316,291628.01,22758574.0981,0,SOLUSDT,1h
2026-02-24 00:00:00+00:00,77.86,78.49,77.85,78.41,662279.53,2026-02-24 00:59:59.999000+00:00,51798942.8992,53700,377610.62,29532410.3811,0,SOLUSDT,1h
2026-02-24 01:00:00+00:00,78.4,78.42,75.68,77.63,3291013.22,2026-02-24 01:59:59.999000+00:00,253876585.4263,219064,1550786.86,119676611.9366,0,SOLUSDT,1h
2026-02-24 02:00:00+00:00,77.62,78.38,77.46,77.58,916891.98,2026-02-24 02:59:59.999000+00:00,71358658.9174,85073,497145.16,38697963.2971,0,SOLUSDT,1h
2026-02-24 03:00:00+00:00,77.59,77.59,76.43,76.84,1359040.92,2026-02-24 03:59:59.999000+00:00,104542485.055,113472,556536.58,42829599.7126,0,SOLUSDT,1h
2026-02-24 04:00:00+00:00,76.84,77.04,76.06,76.8,1235165.01,2026-02-24 04:59:59.999000+00:00,94574953.4112,104527,571888.59,43799605.8037,0,SOLUSDT,1h
2026-02-24 05:00:00+00:00,76.8,77.29,76.15,76.59,1175168.39,2026-02-24 05:59:59.999000+00:00,90109540.1422,90842,635883.47,48776903.0373,0,SOLUSDT,1h
2026-02-24 06:00:00+00:00,76.58,76.89,76.33,76.55,570030.53,2026-02-24 06:59:59.999000+00:00,43691050.3728,60137,296756.39,22746856.4367,0,SOLUSDT,1h
2026-02-24 07:00:00+00:00,76.55,77.19,76.45,76.79,771912.21,2026-02-24 07:59:59.999000+00:00,59337702.9277,69862,429962.65,33056176.6868,0,SOLUSDT,1h
2026-02-24 08:00:00+00:00,76.8,77.15,76.43,76.98,660203.7,2026-02-24 08:59:59.999000+00:00,50717891.8884,61007,347810.21,26729945.8747,0,SOLUSDT,1h
2026-02-24 09:00:00+00:00,76.97,77.09,75.87,76.61,995095.29,2026-02-24 09:59:59.999000+00:00,76094376.3018,74313,439537.9,33613105.217,0,SOLUSDT,1h
2026-02-24 10:00:00+00:00,76.61,76.79,76.35,76.71,440130.13,2026-02-24 10:59:59.999000+00:00,33711662.4667,46301,202530.41,15515086.2961,0,SOLUSDT,1h
2026-02-24 11:00:00+00:00,76.71,76.86,76.44,76.71,396014.53,2026-02-24 11:59:59.999000+00:00,30360706.901,43965,202167.49,15501203.3693,0,SOLUSDT,1h
2026-02-24 12:00:00+00:00,76.71,77.01,76.45,76.54,619524.77,2026-02-24 12:59:59.999000+00:00,47543569.1937,58411,272550.66,20919043.9648,0,SOLUSDT,1h
2026-02-24 13:00:00+00:00,76.55,76.75,75.99,76.52,1078039.78,2026-02-24 13:59:59.999000+00:00,82439000.7881,87640,492731.2,37690819.7183,0,SOLUSDT,1h
2026-02-24 14:00:00+00:00,76.51,77.39,75.57,76.83,2636718.06,2026-02-24 14:59:59.999000+00:00,201691229.8107,195167,1295445.03,99134491.7502,0,SOLUSDT,1h
2026-02-24 15:00:00+00:00,76.84,77.45,76.55,77.25,1338868.42,2026-02-24 15:59:59.999000+00:00,103175099.8141,140107,664168.82,51177348.5368,0,SOLUSDT,1h
2026-02-24 16:00:00+00:00,77.26,78.2,77.17,78.06,1729240.43,2026-02-24 16:59:59.999000+00:00,134474396.988,137429,842928.42,65561696.7266,0,SOLUSDT,1h
2026-02-24 17:00:00+00:00,78.07,78.45,77.74,77.93,1138179.8,2026-02-24 17:59:59.999000+00:00,88919693.3157,95905,577878.73,45158503.815,0,SOLUSDT,1h
2026-02-24 18:00:00+00:00,77.92,78.28,77.51,78.14,688056.46,2026-02-24 18:59:59.999000+00:00,53647939.9102,66375,354063.09,27610673.3543,0,SOLUSDT,1h
2026-02-24 19:00:00+00:00,78.14,78.47,77.82,78.32,648260.91,2026-02-24 19:59:59.999000+00:00,50693194.3334,63977,327677.87,25627384.3282,0,SOLUSDT,1h
2026-02-24 20:00:00+00:00,78.33,78.86,78.28,78.61,831433.85,2026-02-24 20:59:59.999000+00:00,65338575.5491,67722,452880.01,35587898.4322,0,SOLUSDT,1h
2026-02-24 21:00:00+00:00,78.6,78.67,78.06,78.48,663208.55,2026-02-24 21:59:59.999000+00:00,51942268.4312,60314,279898.35,21924188.669,0,SOLUSDT,1h
2026-02-24 22:00:00+00:00,78.48,79.34,78.39,79.02,731907.28,2026-02-24 22:59:59.999000+00:00,57765641.628,63972,424837.51,33527105.0746,0,SOLUSDT,1h
2026-02-24 23:00:00+00:00,79.02,79.56,78.59,78.91,957007.55,2026-02-24 23:59:59.999000+00:00,75719744.0783,76032,435835.24,34495933.8047,0,SOLUSDT,1h
2026-02-25 00:00:00+00:00,78.92,79.37,78.66,79.14,641745.89,2026-02-25 00:59:59.999000+00:00,50680302.4466,58657,294319.38,23251860.8894,0,SOLUSDT,1h
2026-02-25 01:00:00+00:00,79.13,82.53,79.04,81.94,4217964.18,2026-02-25 01:59:59.999000+00:00,343251094.9424,268279,2293624.48,186504865.6181,0,SOLUSDT,1h
2026-02-25 02:00:00+00:00,81.95,82.97,81.93,82.41,1809415.86,2026-02-25 02:59:59.999000+00:00,149104289.1982,143742,915169.91,75418967.0834,0,SOLUSDT,1h
2026-02-25 03:00:00+00:00,82.42,82.53,81.58,81.72,1185220.03,2026-02-25 03:59:59.999000+00:00,97075642.7337,102016,560994.85,45956554.1956,0,SOLUSDT,1h
2026-02-25 04:00:00+00:00,81.71,82.41,81.24,81.93,1342531.46,2026-02-25 04:59:59.999000+00:00,109903867.9405,91423,700938.5,57377218.3393,0,SOLUSDT,1h
2026-02-25 05:00:00+00:00,81.92,82.14,80.93,81.26,1416645.98,2026-02-25 05:59:59.999000+00:00,115328820.9397,94521,686692.68,55908766.6868,0,SOLUSDT,1h
2026-02-25 06:00:00+00:00,81.25,81.85,81.11,81.53,784760.13,2026-02-25 06:59:59.999000+00:00,63971092.2134,66120,454762.08,37073406.9264,0,SOLUSDT,1h
2026-02-25 07:00:00+00:00,81.53,82.38,81.45,82.13,927637.25,2026-02-25 07:59:59.999000+00:00,76102958.1565,76074,520218.74,42681243.4083,0,SOLUSDT,1h
2026-02-25 08:00:00+00:00,82.14,82.52,81.88,82.44,964032.38,2026-02-25 08:59:59.999000+00:00,79317197.1382,77254,513960.01,42288385.0954,0,SOLUSDT,1h
2026-02-25 09:00:00+00:00,82.45,82.66,82.18,82.49,819350.57,2026-02-25 09:59:59.999000+00:00,67520526.6299,65187,414611.98,34169564.36,0,SOLUSDT,1h
2026-02-25 10:00:00+00:00,82.49,82.93,82.41,82.51,760040.86,2026-02-25 10:59:59.999000+00:00,62809655.4362,70574,427146.51,35302209.2653,0,SOLUSDT,1h
2026-02-25 11:00:00+00:00,82.51,83.38,82.26,83.33,1185040.51,2026-02-25 11:59:59.999000+00:00,98197256.5636,79675,679840.6,56373607.4474,0,SOLUSDT,1h
2026-02-25 12:00:00+00:00,83.34,84.06,82.85,83.64,1722082.73,2026-02-25 12:59:59.999000+00:00,143752025.4609,125483,991532.94,82805161.8381,0,SOLUSDT,1h
2026-02-25 13:00:00+00:00,83.64,84.4,83.29,83.78,1786056.98,2026-02-25 13:59:59.999000+00:00,149711746.6032,119106,926748.38,77699596.4758,0,SOLUSDT,1h
2026-02-25 14:00:00+00:00,83.79,85.75,83.75,85.59,2699059.15,2026-02-25 14:59:59.999000+00:00,228445049.8056,203509,1470087.68,124418439.9724,0,SOLUSDT,1h
2026-02-25 15:00:00+00:00,85.59,86.43,84.95,85.92,2917760.96,2026-02-25 15:59:59.999000+00:00,249978452.5381,219184,1487204.95,127431693.6486,0,SOLUSDT,1h
2026-02-25 16:00:00+00:00,85.92,87.67,85.92,87.5,2892063.18,2026-02-25 16:59:59.999000+00:00,251452416.723,195439,1526554.63,132670708.9234,0,SOLUSDT,1h
2026-02-25 17:00:00+00:00,87.51,88.92,87.35,88.52,2767251.06,2026-02-25 17:59:59.999000+00:00,244035584.6644,203820,1490682.7,131472553.5689,0,SOLUSDT,1h
2026-02-25 18:00:00+00:00,88.51,89.15,87.96,88.91,1770585.02,2026-02-25 18:59:59.999000+00:00,156821757.2565,144631,893462.7,79157689.4032,0,SOLUSDT,1h
2026-02-25 19:00:00+00:00,88.9,89.6,88.31,89.39,1501134.62,2026-02-25 19:59:59.999000+00:00,133589589.3508,132145,734759.16,65403916.5648,0,SOLUSDT,1h
2026-02-25 20:00:00+00:00,89.4,90.08,88.93,89.34,1722033.33,2026-02-25 20:59:59.999000+00:00,154083340.289,125567,905859.71,81074830.514,0,SOLUSDT,1h
2026-02-25 21:00:00+00:00,89.33,92.09,89.33,89.81,2883574.91,2026-02-25 21:59:59.999000+00:00,261160137.3897,213492,1531443.08,138762125.8474,0,SOLUSDT,1h
2026-02-25 22:00:00+00:00,89.82,90.5,88.33,89.07,1575524.4,2026-02-25 22:59:59.999000+00:00,140918339.7787,157926,718766.66,64343461.7058,0,SOLUSDT,1h
2026-02-25 23:00:00+00:00,89.06,89.32,87.05,88.01,2147775.14,2026-02-25 23:59:59.999000+00:00,189109517.219,174202,1022969.29,90012835.1356,0,SOLUSDT,1h
2026-02-26 00:00:00+00:00,88.01,89.22,87.79,88.55,1775791.39,2026-02-26 00:59:59.999000+00:00,157310457.2102,143300,896376.34,79417141.006,0,SOLUSDT,1h
2026-02-26 01:00:00+00:00,88.56,89.13,88.17,88.39,755295.53,2026-02-26 01:59:59.999000+00:00,66968235.8723,90161,363251.03,32213974.0159,0,SOLUSDT,1h
2026-02-26 02:00:00+00:00,88.39,88.44,87.51,88.16,1036878.75,2026-02-26 02:59:59.999000+00:00,91159763.6276,100931,496671.52,43668509.501,0,SOLUSDT,1h
2026-02-26 03:00:00+00:00,88.15,88.34,87.73,87.91,506794.72,2026-02-26 03:59:59.999000+00:00,44588849.8509,57266,231694.64,20386655.0485,0,SOLUSDT,1h
2026-02-26 04:00:00+00:00,87.91,89.0,87.79,88.68,829598.97,2026-02-26 04:59:59.999000+00:00,73435769.8929,81791,452161.53,40027352.7096,0,SOLUSDT,1h
2026-02-26 05:00:00+00:00,88.69,88.69,87.18,87.72,1071149.34,2026-02-26 05:59:59.999000+00:00,93892377.4395,92846,511444.71,44817916.6366,0,SOLUSDT,1h
2026-02-26 06:00:00+00:00,87.73,87.97,87.32,87.59,537172.1,2026-02-26 06:59:59.999000+00:00,47064902.2247,58465,261159.7,22885136.6476,0,SOLUSDT,1h
2026-02-26 07:00:00+00:00,87.59,87.84,87.17,87.21,618569.13,2026-02-26 07:59:59.999000+00:00,54117525.5586,55157,253290.6,22162817.7375,0,SOLUSDT,1h
2026-02-26 08:00:00+00:00,87.21,87.83,87.2,87.24,735745.07,2026-02-26 08:59:59.999000+00:00,64358665.0874,66699,400278.34,35023535.8088,0,SOLUSDT,1h
2026-02-26 09:00:00+00:00,87.24,88.64,87.15,88.27,1294360.32,2026-02-26 09:59:59.999000+00:00,114018537.5295,90665,752390.48,66265568.1462,0,SOLUSDT,1h
2026-02-26 10:00:00+00:00,88.26,88.54,87.22,87.4,867833.53,2026-02-26 10:59:59.999000+00:00,76183585.3325,82075,388514.37,34113756.0407,0,SOLUSDT,1h
2026-02-26 11:00:00+00:00,87.4,87.57,86.53,86.76,1080967.6,2026-02-26 11:59:59.999000+00:00,93929419.0102,87089,513189.05,44581437.4496,0,SOLUSDT,1h
2026-02-26 12:00:00+00:00,86.76,87.74,86.66,87.63,678661.28,2026-02-26 12:59:59.999000+00:00,59212747.8823,70326,395015.05,34461917.4451,0,SOLUSDT,1h
2026-02-26 13:00:00+00:00,87.62,88.04,87.42,87.57,595944.7,2026-02-26 13:59:59.999000+00:00,52236670.1892,65436,291660.11,25570815.2447,0,SOLUSDT,1h
2026-02-26 14:00:00+00:00,87.58,88.22,86.23,86.97,2082352.44,2026-02-26 14:59:59.999000+00:00,181590354.5518,188017,1021190.39,89068297.3601,0,SOLUSDT,1h
2026-02-26 15:00:00+00:00,86.97,87.05,85.22,86.52,2950274.32,2026-02-26 15:59:59.999000+00:00,253937346.1549,235981,1490250.94,128257659.2185,0,SOLUSDT,1h
2026-02-26 16:00:00+00:00,86.52,86.71,84.25,84.53,2746885.34,2026-02-26 16:59:59.999000+00:00,234522453.1291,183002,1316594.89,112467238.3126,0,SOLUSDT,1h
2026-02-26 17:00:00+00:00,84.54,85.29,84.44,84.85,1405282.84,2026-02-26 17:59:59.999000+00:00,119417001.1971,113853,712183.02,60535965.4563,0,SOLUSDT,1h
2026-02-26 18:00:00+00:00,84.84,85.66,84.4,85.33,1329631.17,2026-02-26 18:59:59.999000+00:00,113076708.8894,107418,733279.38,62372795.9123,0,SOLUSDT,1h
2026-02-26 19:00:00+00:00,85.32,86.65,85.28,86.41,1377420.99,2026-02-26 19:59:59.999000+00:00,118530539.4697,94227,786785.18,67704812.2693,0,SOLUSDT,1h
2026-02-26 20:00:00+00:00,86.42,86.83,85.79,85.98,744865.03,2026-02-26 20:59:59.999000+00:00,64324313.1502,64439,321062.81,27729350.7475,0,SOLUSDT,1h
2026-02-26 21:00:00+00:00,85.97,86.26,85.68,85.89,495037.34,2026-02-26 21:59:59.999000+00:00,42573347.2831,48123,235233.03,20232721.0002,0,SOLUSDT,1h
2026-02-26 22:00:00+00:00,85.9,86.21,85.73,86.08,275096.82,2026-02-26 22:59:59.999000+00:00,23660498.2421,33971,157392.14,13540335.8754,0,SOLUSDT,1h
2026-02-26 23:00:00+00:00,86.08,86.11,85.71,85.86,319157.6,2026-02-26 23:59:59.999000+00:00,27411115.1189,40056,165889.11,14249051.836,0,SOLUSDT,1h
2026-02-27 00:00:00+00:00,85.86,86.0,85.14,85.8,752429.81,2026-02-27 00:59:59.999000+00:00,64387539.4961,63274,386482.99,33073688.1242,0,SOLUSDT,1h
2026-02-27 01:00:00+00:00,85.8,86.11,85.25,86.09,961077.29,2026-02-27 01:59:59.999000+00:00,82325364.006,76518,487902.2,41815299.1726,0,SOLUSDT,1h
2026-02-27 02:00:00+00:00,86.09,86.75,85.89,86.52,576560.55,2026-02-27 02:59:59.999000+00:00,49793161.9897,58897,308836.42,26672788.5569,0,SOLUSDT,1h
2026-02-27 03:00:00+00:00,86.52,87.77,86.3,87.57,926383.21,2026-02-27 03:59:59.999000+00:00,80608990.421,78266,502264.76,43729193.8523,0,SOLUSDT,1h
2026-02-27 04:00:00+00:00,87.57,88.26,87.41,87.49,1370939.44,2026-02-27 04:59:59.999000+00:00,120309483.1591,101069,665757.7,58448732.2934,0,SOLUSDT,1h
2026-02-27 05:00:00+00:00,87.49,87.8,87.32,87.48,500341.68,2026-02-27 05:59:59.999000+00:00,43800473.5234,53915,241265.29,21120085.9635,0,SOLUSDT,1h
2026-02-27 06:00:00+00:00,87.48,87.57,86.79,87.28,782371.44,2026-02-27 06:59:59.999000+00:00,68202924.9178,64162,364092.6,31741502.1258,0,SOLUSDT,1h
2026-02-27 07:00:00+00:00,87.27,87.4,86.74,87.26,714801.96,2026-02-27 07:59:59.999000+00:00,62249953.6592,53658,387797.96,33772478.8823,0,SOLUSDT,1h
2026-02-27 08:00:00+00:00,87.27,87.88,87.14,87.52,899249.29,2026-02-27 08:59:59.999000+00:00,78702342.6052,66505,445824.43,39020516.9529,0,SOLUSDT,1h
2026-02-27 09:00:00+00:00,87.52,87.78,86.18,86.27,1035406.16,2026-02-27 09:59:59.999000+00:00,90025154.7179,82126,495117.56,43071462.9931,0,SOLUSDT,1h
2026-02-27 10:00:00+00:00,86.26,86.45,84.5,84.65,1781115.68,2026-02-27 10:59:59.999000+00:00,152044715.4394,136094,817231.88,69777816.9552,0,SOLUSDT,1h
2026-02-27 11:00:00+00:00,84.66,84.9,83.27,83.53,1916895.76,2026-02-27 11:59:59.999000+00:00,161021254.4378,149710,870078.33,73093514.743,0,SOLUSDT,1h
2026-02-27 12:00:00+00:00,83.52,83.71,82.56,83.05,1675399.83,2026-02-27 12:59:59.999000+00:00,139271131.3895,127273,796915.26,66263406.8055,0,SOLUSDT,1h
2026-02-27 13:00:00+00:00,83.06,83.5,81.89,83.01,2748887.67,2026-02-27 13:59:59.999000+00:00,227396011.2955,168817,1403833.05,116196104.361,0,SOLUSDT,1h
2026-02-27 14:00:00+00:00,83.01,83.31,82.03,82.32,1921458.88,2026-02-27 14:59:59.999000+00:00,158758110.2547,160146,1041046.25,86007402.8018,0,SOLUSDT,1h
2026-02-27 15:00:00+00:00,82.32,83.03,82.24,82.64,1528066.22,2026-02-27 15:59:59.999000+00:00,126373776.3375,144602,877958.47,72618386.9557,0,SOLUSDT,1h
2026-02-27 16:00:00+00:00,82.63,82.64,81.24,81.29,1990173.07,2026-02-27 16:59:59.999000+00:00,162926062.6051,132888,947042.56,77526578.8477,0,SOLUSDT,1h
2026-02-27 17:00:00+00:00,81.29,81.88,81.05,81.78,1502750.75,2026-02-27 17:59:59.999000+00:00,122392964.7364,127385,858479.03,69936491.3765,0,SOLUSDT,1h
2026-02-27 18:00:00+00:00,81.78,81.99,81.35,81.45,873210.43,2026-02-27 18:59:59.999000+00:00,71304828.7958,106457,488235.8,39870034.1073,0,SOLUSDT,1h
2026-02-27 19:00:00+00:00,81.45,81.69,81.08,81.52,528282.46,2026-02-27 19:59:59.999000+00:00,43005581.1977,51876,319213.53,25988967.4739,0,SOLUSDT,1h
2026-02-27 20:00:00+00:00,81.52,81.84,81.17,81.41,813862.36,2026-02-27 20:59:59.999000+00:00,66370750.9684,59048,366501.05,29894993.8986,0,SOLUSDT,1h
2026-02-27 21:00:00+00:00,81.41,81.79,80.81,81.17,854947.62,2026-02-27 21:59:59.999000+00:00,69534754.2715,59327,400707.72,32604064.1631,0,SOLUSDT,1h
2026-02-27 22:00:00+00:00,81.16,81.56,80.26,81.38,1074371.05,2026-02-27 22:59:59.999000+00:00,87052334.182,80445,548197.04,44449373.6146,0,SOLUSDT,1h
2026-02-27 23:00:00+00:00,81.39,82.07,81.3,81.8,868734.68,2026-02-27 23:59:59.999000+00:00,70988461.8915,65157,503677.8,41165951.0435,0,SOLUSDT,1h
2026-02-28 00:00:00+00:00,81.8,82.1,81.53,82.06,593992.68,2026-02-28 00:59:59.999000+00:00,48612618.1681,54409,280588.62,22971584.9436,0,SOLUSDT,1h
2026-02-28 01:00:00+00:00,82.07,82.22,81.66,81.73,472456.19,2026-02-28 01:59:59.999000+00:00,38726830.9668,49920,227546.58,18657665.6275,0,SOLUSDT,1h
2026-02-28 02:00:00+00:00,81.72,82.15,81.64,82.07,288857.55,2026-02-28 02:59:59.999000+00:00,23677783.8738,35823,159040.5,13037289.0063,0,SOLUSDT,1h
2026-02-28 03:00:00+00:00,82.08,82.08,81.47,81.69,405773.79,2026-02-28 03:59:59.999000+00:00,33164184.083,39827,158435.64,12951593.9433,0,SOLUSDT,1h
2026-02-28 04:00:00+00:00,81.68,81.85,81.15,81.59,556507.65,2026-02-28 04:59:59.999000+00:00,45386885.993,44523,240599.57,19629612.4493,0,SOLUSDT,1h
2026-02-28 05:00:00+00:00,81.59,81.76,81.23,81.5,305479.48,2026-02-28 05:59:59.999000+00:00,24887357.3182,31815,142141.72,11582398.6208,0,SOLUSDT,1h
2026-02-28 06:00:00+00:00,81.49,81.5,77.06,77.48,5409398.42,2026-02-28 06:59:59.999000+00:00,427830574.2828,372870,2428498.86,191875691.6915,0,SOLUSDT,1h
2026-02-28 07:00:00+00:00,77.48,79.64,77.06,78.63,3642919.91,2026-02-28 07:59:59.999000+00:00,285712675.8404,266380,1919197.96,150543090.1585,0,SOLUSDT,1h
2026-02-28 08:00:00+00:00,78.64,78.67,77.78,77.95,1339541.87,2026-02-28 08:59:59.999000+00:00,104819712.9931,117257,612861.25,47967511.6737,0,SOLUSDT,1h
2026-02-28 09:00:00+00:00,77.94,78.66,77.67,78.34,1091045.54,2026-02-28 09:59:59.999000+00:00,85372849.2228,99741,577962.8,45235074.5663,0,SOLUSDT,1h
2026-02-28 10:00:00+00:00,78.34,79.11,77.91,79.05,1361416.55,2026-02-28 10:59:59.999000+00:00,107028841.5872,98260,767189.52,60351226.6297,0,SOLUSDT,1h
2026-02-28 11:00:00+00:00,79.04,79.53,78.58,78.71,1090404.13,2026-02-28 11:59:59.999000+00:00,86263355.1071,88496,515742.23,40823573.7963,0,SOLUSDT,1h
2026-02-28 12:00:00+00:00,78.71,79.16,78.55,78.86,660914.51,2026-02-28 12:59:59.999000+00:00,52123269.5411,59154,318371.18,25111179.6657,0,SOLUSDT,1h
2026-02-28 13:00:00+00:00,78.87,80.95,78.63,80.75,2646939.27,2026-02-28 13:59:59.999000+00:00,211686566.5132,159582,1507112.67,120558983.8623,0,SOLUSDT,1h
2026-02-28 14:00:00+00:00,80.75,81.46,79.96,80.19,2878427.86,2026-02-28 14:59:59.999000+00:00,232279786.7402,200685,1351828.17,109180454.9126,0,SOLUSDT,1h
2026-02-28 15:00:00+00:00,80.19,81.1,79.54,80.87,1584965.54,2026-02-28 15:59:59.999000+00:00,127433061.6803,113555,787688.23,63360917.6404,0,SOLUSDT,1h
2026-02-28 16:00:00+00:00,80.86,81.29,80.43,81.02,970543.06,2026-02-28 16:59:59.999000+00:00,78468879.4993,78616,458393.25,37070813.7378,0,SOLUSDT,1h
2026-02-28 17:00:00+00:00,81.01,81.48,80.52,81.33,748729.05,2026-02-28 17:59:59.999000+00:00,60626463.9439,67018,360191.63,29174409.0718,0,SOLUSDT,1h
2026-02-28 18:00:00+00:00,81.32,82.87,81.03,82.29,1678723.02,2026-02-28 18:59:59.999000+00:00,137605905.3058,119882,937863.88,76911108.6043,0,SOLUSDT,1h
2026-02-28 19:00:00+00:00,82.29,82.73,81.39,82.15,1735733.21,2026-02-28 19:59:59.999000+00:00,142489313.8193,126618,874044.69,71777838.6575,0,SOLUSDT,1h
2026-02-28 20:00:00+00:00,82.15,85.0,81.9,84.83,2775661.69,2026-02-28 20:59:59.999000+00:00,232226062.531,185634,1648288.37,137898518.6228,0,SOLUSDT,1h
2026-02-28 21:00:00+00:00,84.83,85.02,83.53,84.44,1561938.64,2026-02-28 21:59:59.999000+00:00,131577583.3841,132072,745576.93,62811148.3017,0,SOLUSDT,1h
2026-02-28 22:00:00+00:00,84.44,85.63,84.2,84.25,1070480.07,2026-02-28 22:59:59.999000+00:00,90779477.6108,117154,484451.09,41097104.5315,0,SOLUSDT,1h
2026-02-28 23:00:00+00:00,84.25,84.69,83.87,84.29,746698.85,2026-02-28 23:59:59.999000+00:00,62918094.2571,67072,359153.51,30271985.361,0,SOLUSDT,1h
2026-03-01 00:00:00+00:00,84.29,84.98,84.27,84.82,848678.89,2026-03-01 00:59:59.999000+00:00,71775548.5491,75323,407524.62,34472488.5927,0,SOLUSDT,1h
2026-03-01 01:00:00+00:00,84.83,87.48,84.22,86.7,2453817.86,2026-03-01 01:59:59.999000+00:00,210395182.4851,175659,1299650.11,111607455.1174,0,SOLUSDT,1h
2026-03-01 02:00:00+00:00,86.7,88.88,86.69,87.92,2965944.71,2026-03-01 02:59:59.999000+00:00,260910198.8648,270661,1586862.72,139593787.2634,0,SOLUSDT,1h
2026-03-01 03:00:00+00:00,87.92,88.3,87.59,87.98,1067198.95,2026-03-01 03:59:59.999000+00:00,93873271.5,110649,478851.4,42129379.8012,0,SOLUSDT,1h
2026-03-01 04:00:00+00:00,87.99,88.23,86.83,87.5,1457454.08,2026-03-01 04:59:59.999000+00:00,127493941.0913,124074,677850.02,59300800.7877,0,SOLUSDT,1h
2026-03-01 05:00:00+00:00,87.51,87.99,87.16,87.23,673374.61,2026-03-01 05:59:59.999000+00:00,58993050.9418,72837,313809.67,27502533.6472,0,SOLUSDT,1h
2026-03-01 06:00:00+00:00,87.23,87.36,86.11,86.63,1440528.36,2026-03-01 06:59:59.999000+00:00,124731223.3505,113340,566051.64,49015685.706,0,SOLUSDT,1h
2026-03-01 07:00:00+00:00,86.63,86.86,86.23,86.58,639947.52,2026-03-01 07:59:59.999000+00:00,55402176.3098,60541,341126.48,29538215.9466,0,SOLUSDT,1h
2026-03-01 08:00:00+00:00,86.59,86.79,85.01,85.17,1274315.28,2026-03-01 08:59:59.999000+00:00,109374768.8143,98130,543343.46,46634476.923,0,SOLUSDT,1h
2026-03-01 09:00:00+00:00,85.18,85.83,84.77,84.96,1348849.85,2026-03-01 09:59:59.999000+00:00,114982601.9003,107339,693908.61,59173915.0607,0,SOLUSDT,1h
2026-03-01 10:00:00+00:00,84.96,85.63,84.67,85.18,1008455.63,2026-03-01 10:59:59.999000+00:00,85847131.4727,83217,528499.69,45004516.908,0,SOLUSDT,1h
2026-03-01 11:00:00+00:00,85.18,85.48,84.94,85.13,460051.91,2026-03-01 11:59:59.999000+00:00,39215059.2464,44650,222772.77,18991841.6195,0,SOLUSDT,1h
2026-03-01 12:00:00+00:00,85.13,85.36,84.72,84.84,654620.77,2026-03-01 12:59:59.999000+00:00,55646339.8564,56040,322580.96,27426342.6569,0,SOLUSDT,1h
2026-03-01 13:00:00+00:00,84.83,86.95,84.46,86.02,2149306.17,2026-03-01 13:59:59.999000+00:00,184336185.7967,147692,1160116.71,99531538.879,0,SOLUSDT,1h
2026-03-01 14:00:00+00:00,86.03,86.86,85.37,85.75,1509617.49,2026-03-01 14:59:59.999000+00:00,129906704.9371,140749,725908.71,62482458.9235,0,SOLUSDT,1h
2026-03-01 15:00:00+00:00,85.74,86.64,85.56,85.61,1133059.71,2026-03-01 15:59:59.999000+00:00,97627154.7878,98280,546219.33,47072317.2121,0,SOLUSDT,1h
2026-03-01 16:00:00+00:00,85.61,86.05,83.51,83.96,2499321.11,2026-03-01 16:59:59.999000+00:00,212252756.3158,162701,1124118.8,95579498.4671,0,SOLUSDT,1h
2026-03-01 17:00:00+00:00,83.97,84.26,83.14,83.85,1816607.42,2026-03-01 17:59:59.999000+00:00,152232895.4661,134802,853697.54,71553724.6277,0,SOLUSDT,1h
2026-03-01 18:00:00+00:00,83.85,84.99,83.8,83.89,1419989.39,2026-03-01 18:59:59.999000+00:00,119767841.628,101828,768870.31,64859346.7481,0,SOLUSDT,1h
2026-03-01 19:00:00+00:00,83.9,83.98,82.98,83.19,847167.85,2026-03-01 19:59:59.999000+00:00,70678961.6712,75963,391043.48,32626776.4932,0,SOLUSDT,1h
2026-03-01 20:00:00+00:00,83.19,83.24,81.64,81.93,1805955.21,2026-03-01 20:59:59.999000+00:00,148608967.5497,130502,881182.41,72503754.4765,0,SOLUSDT,1h
2026-03-01 21:00:00+00:00,81.93,82.98,81.88,82.89,947305.14,2026-03-01 21:59:59.999000+00:00,78185257.6595,75120,532179.4,43928622.4577,0,SOLUSDT,1h
2026-03-01 22:00:00+00:00,82.9,84.17,82.32,82.68,1702756.06,2026-03-01 22:59:59.999000+00:00,141632240.2171,126206,876614.11,72954406.9259,0,SOLUSDT,1h
2026-03-01 23:00:00+00:00,82.68,84.03,82.45,83.55,1223829.16,2026-03-01 23:59:59.999000+00:00,102142160.522,113827,653965.57,54571429.0048,0,SOLUSDT,1h
2026-03-02 00:00:00+00:00,83.55,85.19,83.43,84.95,1380719.13,2026-03-02 00:59:59.999000+00:00,116412518.6118,123272,801108.64,67552566.1854,0,SOLUSDT,1h
2026-03-02 01:00:00+00:00,84.94,86.14,84.35,84.58,1371014.45,2026-03-02 01:59:59.999000+00:00,116829955.2621,142588,648335.34,55269126.0093,0,SOLUSDT,1h
2026-03-02 02:00:00+00:00,84.59,84.74,83.41,84.11,1045307.76,2026-03-02 02:59:59.999000+00:00,87835292.0394,93582,518954.16,43615143.592,0,SOLUSDT,1h
2026-03-02 03:00:00+00:00,84.11,85.09,83.78,84.74,888994.62,2026-03-02 03:59:59.999000+00:00,75199129.4203,82395,478278.89,40453382.2361,0,SOLUSDT,1h
2026-03-02 04:00:00+00:00,84.73,84.8,84.03,84.25,656636.45,2026-03-02 04:59:59.999000+00:00,55424114.014,60581,292490.89,24692103.3443,0,SOLUSDT,1h
2026-03-02 05:00:00+00:00,84.25,84.65,83.79,84.17,557559.86,2026-03-02 05:59:59.999000+00:00,46971191.1894,55211,289444.34,24389868.0878,0,SOLUSDT,1h
2026-03-02 06:00:00+00:00,84.18,84.2,82.82,83.18,1195253.58,2026-03-02 06:59:59.999000+00:00,99616892.3751,96045,515129.8,42927915.0404,0,SOLUSDT,1h
2026-03-02 07:00:00+00:00,83.19,83.25,82.32,82.9,975137.82,2026-03-02 07:59:59.999000+00:00,80734602.6184,87691,489687.25,40550039.4315,0,SOLUSDT,1h
2026-03-02 08:00:00+00:00,82.9,83.6,82.3,83.4,1280919.12,2026-03-02 08:59:59.999000+00:00,106177996.6421,101644,644990.02,53487745.1735,0,SOLUSDT,1h
2026-03-02 09:00:00+00:00,83.39,84.09,83.27,83.6,1098802.97,2026-03-02 09:59:59.999000+00:00,91992327.1238,88176,575731.71,48193435.4687,0,SOLUSDT,1h
2026-03-02 10:00:00+00:00,83.6,84.08,83.31,83.85,929021.69,2026-03-02 10:59:59.999000+00:00,77688282.5201,72760,522027.0,43660570.3711,0,SOLUSDT,1h
2026-03-02 11:00:00+00:00,83.85,84.28,83.41,83.85,836394.83,2026-03-02 11:59:59.999000+00:00,70105107.743,70872,443121.36,37152237.6003,0,SOLUSDT,1h
2026-03-02 12:00:00+00:00,83.84,84.11,83.52,83.64,598199.0,2026-03-02 12:59:59.999000+00:00,50112885.749,59625,274848.42,23033127.7921,0,SOLUSDT,1h
2026-03-02 13:00:00+00:00,83.63,83.8,82.85,83.03,1203103.35,2026-03-02 13:59:59.999000+00:00,100203482.8692,96453,566247.67,47181107.7952,0,SOLUSDT,1h
2026-03-02 14:00:00+00:00,83.02,85.91,82.72,85.61,3413306.1,2026-03-02 14:59:59.999000+00:00,288199463.9485,249649,1813242.21,153072009.2762,0,SOLUSDT,1h
2026-03-02 15:00:00+00:00,85.6,88.96,85.41,88.74,5664800.2,2026-03-02 15:59:59.999000+00:00,496834573.3036,404072,2931756.13,257172759.4581,0,SOLUSDT,1h
2026-03-02 16:00:00+00:00,88.74,90.32,88.41,88.82,4017038.98,2026-03-02 16:59:59.999000+00:00,358682244.3692,308104,2125076.56,189810507.5986,0,SOLUSDT,1h
2026-03-02 17:00:00+00:00,88.81,88.96,86.36,87.57,2762170.99,2026-03-02 17:59:59.999000+00:00,242051290.5585,200653,1354247.16,118630946.5318,0,SOLUSDT,1h
2026-03-02 18:00:00+00:00,87.57,87.82,86.65,87.28,1281748.54,2026-03-02 18:59:59.999000+00:00,111908498.7414,126794,650084.73,56776923.0094,0,SOLUSDT,1h
2026-03-02 19:00:00+00:00,87.27,87.75,86.78,87.62,1068399.75,2026-03-02 19:59:59.999000+00:00,93263244.8662,98208,524661.1,45803710.8385,0,SOLUSDT,1h
2026-03-02 20:00:00+00:00,87.61,88.04,86.8,87.5,1290229.15,2026-03-02 20:59:59.999000+00:00,112956198.9874,122190,660881.62,57862068.0272,0,SOLUSDT,1h
2026-03-02 21:00:00+00:00,87.5,87.71,87.09,87.49,868841.36,2026-03-02 21:59:59.999000+00:00,75965204.3616,79624,453683.85,39670390.4603,0,SOLUSDT,1h
2026-03-02 22:00:00+00:00,87.49,88.19,87.18,87.98,639591.86,2026-03-02 22:59:59.999000+00:00,56138784.4326,73001,338746.69,29740125.7062,0,SOLUSDT,1h
2026-03-02 23:00:00+00:00,87.99,88.04,86.27,86.59,1206970.07,2026-03-02 23:59:59.999000+00:00,104956793.6296,107530,526727.21,45794818.8702,0,SOLUSDT,1h
2026-03-03 00:00:00+00:00,86.59,87.28,86.04,86.85,1205799.9,2026-03-03 00:59:59.999000+00:00,104437279.7907,111966,635724.13,55075171.4053,0,SOLUSDT,1h
2026-03-03 01:00:00+00:00,86.86,87.13,86.08,86.1,592091.67,2026-03-03 01:59:59.999000+00:00,51270418.9809,84613,326827.89,28306231.5108,0,SOLUSDT,1h
2026-03-03 02:00:00+00:00,86.1,86.3,85.16,86.15,1123846.67,2026-03-03 02:59:59.999000+00:00,96324109.9985,120210,574226.25,49229597.1211,0,SOLUSDT,1h
2026-03-03 03:00:00+00:00,86.15,86.59,85.84,86.23,489858.61,2026-03-03 03:59:59.999000+00:00,42234757.0163,62199,263251.63,22702864.8101,0,SOLUSDT,1h
2026-03-03 04:00:00+00:00,86.23,86.41,85.59,85.8,518271.78,2026-03-03 04:59:59.999000+00:00,44566285.1739,60644,230490.89,19821761.2792,0,SOLUSDT,1h
2026-03-03 05:00:00+00:00,85.79,86.77,85.36,85.73,1278627.41,2026-03-03 05:59:59.999000+00:00,110088015.0456,99918,650815.58,56015964.0737,0,SOLUSDT,1h
2026-03-03 06:00:00+00:00,85.74,85.94,85.34,85.78,710879.84,2026-03-03 06:59:59.999000+00:00,60887068.4263,68012,359745.24,30823154.0432,0,SOLUSDT,1h
2026-03-03 07:00:00+00:00,85.78,86.26,85.33,85.53,918656.01,2026-03-03 07:59:59.999000+00:00,78803038.5505,70116,473361.1,40617598.6112,0,SOLUSDT,1h
2026-03-03 08:00:00+00:00,85.52,85.73,83.88,84.2,1826683.65,2026-03-03 08:59:59.999000+00:00,154591832.0945,133881,857107.21,72548371.839,0,SOLUSDT,1h
2026-03-03 09:00:00+00:00,84.2,84.94,83.94,84.23,1562355.35,2026-03-03 09:59:59.999000+00:00,131954735.2895,124877,814489.67,68800448.9458,0,SOLUSDT,1h
2026-03-03 10:00:00+00:00,84.24,84.52,83.63,83.86,1468400.82,2026-03-03 10:59:59.999000+00:00,123351277.5967,108780,733507.78,61634812.6126,0,SOLUSDT,1h
2026-03-03 11:00:00+00:00,83.86,84.3,83.72,84.15,1373936.48,2026-03-03 11:59:59.999000+00:00,115438721.7408,95003,671117.47,56395922.1688,0,SOLUSDT,1h
2026-03-03 12:00:00+00:00,84.15,85.32,84.06,84.37,1747027.9,2026-03-03 12:59:59.999000+00:00,147829789.167,128833,932776.6,78960871.9691,0,SOLUSDT,1h
2026-03-03 13:00:00+00:00,84.37,84.42,83.12,83.56,1303239.0,2026-03-03 13:59:59.999000+00:00,109035165.3801,110313,623747.05,52174618.5972,0,SOLUSDT,1h
2026-03-03 14:00:00+00:00,83.56,84.39,82.4,83.2,2647893.55,2026-03-03 14:59:59.999000+00:00,220917393.8332,227112,1321947.77,110338197.938,0,SOLUSDT,1h
2026-03-03 15:00:00+00:00,83.19,85.13,83.0,84.98,2450823.55,2026-03-03 15:59:59.999000+00:00,205933931.4012,215295,1325366.14,111383980.1247,0,SOLUSDT,1h
2026-03-03 16:00:00+00:00,84.97,87.31,84.27,85.34,4218539.89,2026-03-03 16:59:59.999000+00:00,361900361.1474,303870,2106026.84,180750061.0571,0,SOLUSDT,1h
2026-03-03 17:00:00+00:00,85.35,85.42,84.1,85.14,1633166.11,2026-03-03 17:59:59.999000+00:00,138352834.4914,156624,846770.62,71739789.0492,0,SOLUSDT,1h
2026-03-03 18:00:00+00:00,85.13,85.99,84.46,85.35,1327071.23,2026-03-03 18:59:59.999000+00:00,113332754.3858,124897,631802.5,53962001.9249,0,SOLUSDT,1h
2026-03-03 19:00:00+00:00,85.35,85.73,84.61,85.04,1303201.75,2026-03-03 19:59:59.999000+00:00,111025873.2037,115286,639379.42,54479168.8058,0,SOLUSDT,1h
2026-03-03 20:00:00+00:00,85.04,85.42,84.61,84.81,774399.08,2026-03-03 20:59:59.999000+00:00,65773521.2738,88666,407183.97,34590325.3146,0,SOLUSDT,1h
2026-03-03 21:00:00+00:00,84.8,85.13,84.13,85.08,662728.32,2026-03-03 21:59:59.999000+00:00,56043066.1637,72018,320933.21,27142282.2419,0,SOLUSDT,1h
2026-03-03 22:00:00+00:00,85.08,86.61,85.06,86.24,995132.41,2026-03-03 22:59:59.999000+00:00,85521708.295,98818,571816.19,49143735.1177,0,SOLUSDT,1h
2026-03-03 23:00:00+00:00,86.23,87.43,86.14,86.92,1500606.93,2026-03-03 23:59:59.999000+00:00,130570226.7272,125075,768271.34,66841306.9944,0,SOLUSDT,1h
2026-03-04 00:00:00+00:00,86.91,87.34,86.21,86.58,959260.14,2026-03-04 00:59:59.999000+00:00,83250750.5013,99069,422817.87,36700284.6911,0,SOLUSDT,1h
2026-03-04 01:00:00+00:00,86.58,88.06,86.44,87.22,1492204.73,2026-03-04 01:59:59.999000+00:00,130243075.8792,139495,819123.25,71523409.9922,0,SOLUSDT,1h
2026-03-04 02:00:00+00:00,87.23,87.44,86.49,87.02,823672.78,2026-03-04 02:59:59.999000+00:00,71626037.6427,93722,409249.82,35592415.6413,0,SOLUSDT,1h
2026-03-04 03:00:00+00:00,87.01,87.02,85.12,85.71,1596098.02,2026-03-04 03:59:59.999000+00:00,137080939.6207,133204,717187.03,61584628.4752,0,SOLUSDT,1h
2026-03-04 04:00:00+00:00,85.71,85.87,84.76,85.36,954521.65,2026-03-04 04:59:59.999000+00:00,81362581.3158,94037,504836.6,43039479.1254,0,SOLUSDT,1h
2026-03-04 05:00:00+00:00,85.35,85.94,84.75,85.64,1122440.11,2026-03-04 05:59:59.999000+00:00,95798068.9,88792,553466.05,47259760.4837,0,SOLUSDT,1h
2026-03-04 06:00:00+00:00,85.63,86.0,84.92,85.56,968383.66,2026-03-04 06:59:59.999000+00:00,82734085.7796,92002,480859.97,41078017.866,0,SOLUSDT,1h
2026-03-04 07:00:00+00:00,85.56,87.49,85.45,87.38,1287939.65,2026-03-04 07:59:59.999000+00:00,111659724.5461,103302,739097.46,64078641.534,0,SOLUSDT,1h
2026-03-04 08:00:00+00:00,87.38,89.98,86.94,89.7,2693769.38,2026-03-04 08:59:59.999000+00:00,237736671.4688,198630,1420381.74,125431385.2095,0,SOLUSDT,1h
2026-03-04 09:00:00+00:00,89.69,91.48,89.18,90.5,3910698.36,2026-03-04 09:59:59.999000+00:00,353187215.459,285325,2061143.71,186195499.0311,0,SOLUSDT,1h
2026-03-04 10:00:00+00:00,90.51,91.04,89.84,90.12,2394608.85,2026-03-04 10:59:59.999000+00:00,216359476.785,168390,1084060.55,97960856.2834,0,SOLUSDT,1h
2026-03-04 11:00:00+00:00,90.12,90.62,89.36,89.73,1542305.04,2026-03-04 11:59:59.999000+00:00,138798746.3548,122347,769722.48,69285884.5171,0,SOLUSDT,1h
2026-03-04 12:00:00+00:00,89.74,89.83,88.66,89.39,1530454.87,2026-03-04 12:59:59.999000+00:00,136527354.0723,119895,767007.84,68426865.2438,0,SOLUSDT,1h
2026-03-04 13:00:00+00:00,89.39,90.14,89.26,89.94,1329710.96,2026-03-04 13:59:59.999000+00:00,119305967.1825,113224,653520.01,58643899.575,0,SOLUSDT,1h
2026-03-04 14:00:00+00:00,89.93,91.72,89.41,90.13,3318619.75,2026-03-04 14:59:59.999000+00:00,299873974.1241,272060,1675948.61,151512880.7157,0,SOLUSDT,1h
2026-03-04 15:00:00+00:00,90.12,93.12,90.09,92.88,3788559.24,2026-03-04 15:59:59.999000+00:00,347656425.7838,291387,1993144.34,182955016.8509,0,SOLUSDT,1h
2026-03-04 16:00:00+00:00,92.89,93.1,90.9,91.47,2532225.72,2026-03-04 16:59:59.999000+00:00,232435769.805,196530,1229672.29,112884072.1136,0,SOLUSDT,1h
2026-03-04 17:00:00+00:00,91.47,92.19,90.57,91.49,1730330.36,2026-03-04 17:59:59.999000+00:00,158107266.0211,143441,858877.59,78489944.0891,0,SOLUSDT,1h
2026-03-04 18:00:00+00:00,91.49,92.45,91.06,92.32,979910.74,2026-03-04 18:59:59.999000+00:00,89957306.4911,95659,481601.92,44226670.1028,0,SOLUSDT,1h
2026-03-04 19:00:00+00:00,92.33,94.15,92.23,93.14,2309306.54,2026-03-04 19:59:59.999000+00:00,214997928.0252,167402,1268370.1,118133934.9719,0,SOLUSDT,1h
2026-03-04 20:00:00+00:00,93.13,93.73,92.64,92.81,1414915.52,2026-03-04 20:59:59.999000+00:00,131862672.1018,118647,703765.84,65595422.0396,0,SOLUSDT,1h
2026-03-04 21:00:00+00:00,92.81,92.94,92.11,92.29,1002041.7,2026-03-04 21:59:59.999000+00:00,92698164.189,87560,542120.25,50159455.502,0,SOLUSDT,1h
2026-03-04 22:00:00+00:00,92.3,92.83,91.13,91.28,958856.65,2026-03-04 22:59:59.999000+00:00,88258762.6186,98709,380487.85,35043811.1581,0,SOLUSDT,1h
2026-03-04 23:00:00+00:00,91.28,91.4,90.24,90.82,1107731.23,2026-03-04 23:59:59.999000+00:00,100650558.6423,107463,526774.83,47871354.9987,0,SOLUSDT,1h
2026-03-05 00:00:00+00:00,90.81,91.34,90.67,90.72,687281.37,2026-03-05 00:59:59.999000+00:00,62547449.8245,84520,360499.26,32808969.4552,0,SOLUSDT,1h
2026-03-05 01:00:00+00:00,90.73,91.38,89.7,89.92,1581302.96,2026-03-05 01:59:59.999000+00:00,142778194.5163,137564,723575.37,65334073.0724,0,SOLUSDT,1h
2026-03-05 02:00:00+00:00,89.92,90.64,89.89,90.13,767492.22,2026-03-05 02:59:59.999000+00:00,69273507.9468,82298,418703.29,37790172.8501,0,SOLUSDT,1h
2026-03-05 03:00:00+00:00,90.14,90.49,89.55,89.98,714786.16,2026-03-05 03:59:59.999000+00:00,64295509.98,74548,364429.08,32792430.7189,0,SOLUSDT,1h
2026-03-05 04:00:00+00:00,89.98,90.69,89.83,90.35,742257.52,2026-03-05 04:59:59.999000+00:00,66985229.2681,74050,411607.18,37150620.5016,0,SOLUSDT,1h
2026-03-05 05:00:00+00:00,90.36,90.58,89.97,90.12,569241.67,2026-03-05 05:59:59.999000+00:00,51355877.0538,61621,276198.09,24917175.3905,0,SOLUSDT,1h
2026-03-05 06:00:00+00:00,90.13,90.96,89.63,90.81,831130.89,2026-03-05 06:59:59.999000+00:00,75057024.4014,81768,438344.18,39611483.5542,0,SOLUSDT,1h
2026-03-05 07:00:00+00:00,90.82,91.25,89.65,90.11,1167653.14,2026-03-05 07:59:59.999000+00:00,105715909.0676,94412,506329.7,45856103.7499,0,SOLUSDT,1h
2026-03-05 08:00:00+00:00,90.1,90.69,89.61,90.59,1039328.23,2026-03-05 08:59:59.999000+00:00,93675155.342,88036,554915.09,50038434.221,0,SOLUSDT,1h
2026-03-05 09:00:00+00:00,90.6,91.88,90.56,91.13,1519430.58,2026-03-05 09:59:59.999000+00:00,138603921.4871,117528,801576.48,73135771.549,0,SOLUSDT,1h
2026-03-05 10:00:00+00:00,91.13,92.91,90.94,92.58,1573899.16,2026-03-05 10:59:59.999000+00:00,145035047.4623,125699,872267.23,80381424.7124,0,SOLUSDT,1h
2026-03-05 11:00:00+00:00,92.59,92.72,91.58,91.76,952483.6,2026-03-05 11:59:59.999000+00:00,87695074.2668,88962,416896.57,38381146.8574,0,SOLUSDT,1h
2026-03-05 12:00:00+00:00,91.77,92.15,91.22,91.92,1037401.06,2026-03-05 12:59:59.999000+00:00,95107006.3185,98186,535459.19,49097887.8895,0,SOLUSDT,1h
2026-03-05 13:00:00+00:00,91.92,92.0,90.34,90.77,1503566.26,2026-03-05 13:59:59.999000+00:00,136847319.4184,128321,721829.47,65685734.8621,0,SOLUSDT,1h
2026-03-05 14:00:00+00:00,90.76,91.44,89.77,90.96,2208188.65,2026-03-05 14:59:59.999000+00:00,199884044.39,210750,1132960.94,102598105.1289,0,SOLUSDT,1h
2026-03-05 15:00:00+00:00,90.95,91.09,88.76,89.56,2754457.75,2026-03-05 15:59:59.999000+00:00,246572480.3711,219729,1374748.45,123051704.6087,0,SOLUSDT,1h
2026-03-05 16:00:00+00:00,89.56,89.58,87.85,88.9,2698984.73,2026-03-05 16:59:59.999000+00:00,238707982.8093,167524,1254774.71,110934206.3965,0,SOLUSDT,1h
2026-03-05 17:00:00+00:00,88.91,89.36,87.84,88.07,1451368.41,2026-03-05 17:59:59.999000+00:00,128410916.6841,130838,697724.22,61752860.0546,0,SOLUSDT,1h
2026-03-05 18:00:00+00:00,88.07,88.86,87.96,88.77,756411.97,2026-03-05 18:59:59.999000+00:00,66873264.7599,89827,409576.72,36214561.4181,0,SOLUSDT,1h
2026-03-05 19:00:00+00:00,88.76,89.35,88.62,88.68,864469.31,2026-03-05 19:59:59.999000+00:00,76912410.9451,82803,447811.53,39849837.5771,0,SOLUSDT,1h
2026-03-05 20:00:00+00:00,88.69,89.53,88.5,89.17,1013858.04,2026-03-05 20:59:59.999000+00:00,90376166.3949,91469,521911.86,46526530.7999,0,SOLUSDT,1h
2026-03-05 21:00:00+00:00,89.16,89.81,88.8,89.07,790031.0,2026-03-05 21:59:59.999000+00:00,70549478.3269,66502,402237.83,35934776.514,0,SOLUSDT,1h
2026-03-05 22:00:00+00:00,89.06,89.36,88.81,89.04,523575.96,2026-03-05 22:59:59.999000+00:00,46638650.1851,45912,277189.81,24697560.2439,0,SOLUSDT,1h
2026-03-05 23:00:00+00:00,89.04,89.16,88.56,88.74,449515.96,2026-03-05 23:59:59.999000+00:00,39934273.965,47621,186266.43,16548299.2133,0,SOLUSDT,1h
2026-03-06 00:00:00+00:00,88.74,89.0,88.53,88.82,354849.89,2026-03-06 00:59:59.999000+00:00,31505359.809,48606,191451.92,16999372.7052,0,SOLUSDT,1h
2026-03-06 01:00:00+00:00,88.81,89.24,87.95,89.06,1068678.25,2026-03-06 01:59:59.999000+00:00,94770153.4574,94673,491405.87,43597985.4894,0,SOLUSDT,1h
2026-03-06 02:00:00+00:00,89.07,89.26,88.15,88.31,1193652.36,2026-03-06 02:59:59.999000+00:00,105692461.6181,97591,582020.62,51531309.7796,0,SOLUSDT,1h
2026-03-06 03:00:00+00:00,88.31,88.65,88.07,88.36,517482.6,2026-03-06 03:59:59.999000+00:00,45720965.2623,54628,245595.41,21700891.7299,0,SOLUSDT,1h
2026-03-06 04:00:00+00:00,88.35,88.55,87.58,88.11,802151.58,2026-03-06 04:59:59.999000+00:00,70658159.4444,67062,323021.15,28459585.217,0,SOLUSDT,1h
2026-03-06 05:00:00+00:00,88.11,88.22,87.45,87.85,771486.15,2026-03-06 05:59:59.999000+00:00,67713988.7739,76005,367039.72,32218732.6851,0,SOLUSDT,1h
2026-03-06 06:00:00+00:00,87.85,88.39,87.61,88.02,616358.19,2026-03-06 06:59:59.999000+00:00,54224281.1997,60573,330650.9,29089728.2482,0,SOLUSDT,1h
2026-03-06 07:00:00+00:00,88.02,88.87,87.74,88.64,852627.19,2026-03-06 07:59:59.999000+00:00,75411410.5415,71563,448933.13,39714818.9771,0,SOLUSDT,1h
2026-03-06 08:00:00+00:00,88.64,88.64,88.13,88.3,532562.58,2026-03-06 08:59:59.999000+00:00,47053547.6485,56365,246548.8,21782374.3017,0,SOLUSDT,1h
2026-03-06 09:00:00+00:00,88.31,88.44,87.1,87.43,1245861.76,2026-03-06 09:59:59.999000+00:00,109106540.0768,101533,621163.66,54383058.7753,0,SOLUSDT,1h
2026-03-06 10:00:00+00:00,87.43,87.91,87.34,87.64,584634.1,2026-03-06 10:59:59.999000+00:00,51244999.2723,62330,297940.25,26118697.0777,0,SOLUSDT,1h
2026-03-06 11:00:00+00:00,87.64,87.95,87.05,87.21,781646.69,2026-03-06 11:59:59.999000+00:00,68326795.9739,64961,356556.01,31178126.594,0,SOLUSDT,1h
2026-03-06 12:00:00+00:00,87.21,87.23,85.84,86.43,2421150.74,2026-03-06 12:59:59.999000+00:00,209474542.6748,142367,1177622.21,101896513.489,0,SOLUSDT,1h
2026-03-06 13:00:00+00:00,86.43,87.06,85.51,85.54,2275628.41,2026-03-06 13:59:59.999000+00:00,196467530.2018,162738,1019714.1,88050885.6445,0,SOLUSDT,1h
2026-03-06 14:00:00+00:00,85.53,85.69,83.89,84.27,3213714.47,2026-03-06 14:59:59.999000+00:00,272667192.4597,261014,1585544.25,134556814.0662,0,SOLUSDT,1h
2026-03-06 15:00:00+00:00,84.26,85.28,84.13,84.57,1981752.18,2026-03-06 15:59:59.999000+00:00,167888711.2988,175010,1022583.75,86644727.5138,0,SOLUSDT,1h
2026-03-06 16:00:00+00:00,84.57,84.95,84.02,84.28,1104736.43,2026-03-06 16:59:59.999000+00:00,93352709.0615,116279,541672.16,45777702.4461,0,SOLUSDT,1h
2026-03-06 17:00:00+00:00,84.29,84.63,83.52,84.14,1411452.19,2026-03-06 17:59:59.999000+00:00,118624761.2241,129441,675129.36,56755732.0673,0,SOLUSDT,1h
2026-03-06 18:00:00+00:00,84.14,85.57,84.11,85.2,1438738.66,2026-03-06 18:59:59.999000+00:00,122309531.7522,101270,819913.49,69707567.5484,0,SOLUSDT,1h
2026-03-06 19:00:00+00:00,85.21,85.83,85.08,85.14,884854.8,2026-03-06 19:59:59.999000+00:00,75568207.2583,70542,462331.49,39498930.8616,0,SOLUSDT,1h
2026-03-06 20:00:00+00:00,85.14,85.41,84.51,84.96,820683.18,2026-03-06 20:59:59.999000+00:00,69687169.9532,71025,389132.36,33041305.4699,0,SOLUSDT,1h
2026-03-06 21:00:00+00:00,84.96,85.06,84.39,84.68,585262.43,2026-03-06 21:59:59.999000+00:00,49533348.2088,45157,274161.94,23198447.4738,0,SOLUSDT,1h
2026-03-06 22:00:00+00:00,84.69,85.01,84.5,84.92,371029.87,2026-03-06 22:59:59.999000+00:00,31431969.3425,37143,209831.64,17778358.4452,0,SOLUSDT,1h
2026-03-06 23:00:00+00:00,84.93,85.01,84.57,84.64,265010.7,2026-03-06 23:59:59.999000+00:00,22471663.1333,29920,119876.02,10167134.3124,0,SOLUSDT,1h
2026-03-07 00:00:00+00:00,84.65,85.03,84.46,84.7,404382.62,2026-03-07 00:59:59.999000+00:00,34259368.9329,42730,213052.44,18050027.6216,0,SOLUSDT,1h
2026-03-07 01:00:00+00:00,84.7,84.84,84.54,84.66,283996.15,2026-03-07 01:59:59.999000+00:00,24049605.0807,31030,128151.13,10852316.432,0,SOLUSDT,1h
2026-03-07 02:00:00+00:00,84.66,84.7,84.24,84.61,408606.94,2026-03-07 02:59:59.999000+00:00,34498943.1738,42414,176330.86,14891525.171,0,SOLUSDT,1h
2026-03-07 03:00:00+00:00,84.6,85.03,84.3,84.47,431938.46,2026-03-07 03:59:59.999000+00:00,36556827.3908,47184,216362.56,18314988.9815,0,SOLUSDT,1h
2026-03-07 04:00:00+00:00,84.48,84.51,83.9,84.22,605141.91,2026-03-07 04:59:59.999000+00:00,50948148.2913,52367,243011.99,20463489.6267,0,SOLUSDT,1h
2026-03-07 05:00:00+00:00,84.22,84.45,84.04,84.28,333091.36,2026-03-07 05:59:59.999000+00:00,28063252.5261,34725,155444.8,13096899.9313,0,SOLUSDT,1h
2026-03-07 06:00:00+00:00,84.29,84.3,83.82,84.0,403701.58,2026-03-07 06:59:59.999000+00:00,33943948.8295,41319,182752.52,15367765.2452,0,SOLUSDT,1h
2026-03-07 07:00:00+00:00,84.0,84.48,83.83,84.27,586796.71,2026-03-07 07:59:59.999000+00:00,49354085.9806,45924,320470.6,26965062.1885,0,SOLUSDT,1h
2026-03-07 08:00:00+00:00,84.27,84.62,84.07,84.31,580375.31,2026-03-07 08:59:59.999000+00:00,48973705.391,42961,324895.13,27418100.8887,0,SOLUSDT,1h
2026-03-07 09:00:00+00:00,84.31,84.65,84.15,84.51,313718.58,2026-03-07 09:59:59.999000+00:00,26502288.0823,32034,165189.65,13955096.4199,0,SOLUSDT,1h
2026-03-07 10:00:00+00:00,84.52,84.71,84.34,84.43,291829.68,2026-03-07 10:59:59.999000+00:00,24674704.3871,28983,134521.33,11375327.4413,0,SOLUSDT,1h
2026-03-07 11:00:00+00:00,84.42,84.87,84.18,84.61,527542.43,2026-03-07 11:59:59.999000+00:00,44644025.2838,42636,260774.93,22071657.3314,0,SOLUSDT,1h
2026-03-07 12:00:00+00:00,84.6,84.73,84.22,84.24,378003.98,2026-03-07 12:59:59.999000+00:00,31917174.5557,33337,139114.58,11750994.2909,0,SOLUSDT,1h
2026-03-07 13:00:00+00:00,84.25,84.48,84.06,84.24,381200.93,2026-03-07 13:59:59.999000+00:00,32136470.9275,35684,187224.19,15784754.4584,0,SOLUSDT,1h
2026-03-07 14:00:00+00:00,84.24,84.4,83.58,84.16,1055554.47,2026-03-07 14:59:59.999000+00:00,88627712.3242,71952,562859.89,47261525.3456,0,SOLUSDT,1h
2026-03-07 15:00:00+00:00,84.17,84.19,83.26,83.69,864941.41,2026-03-07 15:59:59.999000+00:00,72441517.6092,65407,416473.6,34904933.3158,0,SOLUSDT,1h
2026-03-07 16:00:00+00:00,83.69,83.75,83.44,83.53,391702.05,2026-03-07 16:59:59.999000+00:00,32736634.4171,40586,200667.27,16771852.5628,0,SOLUSDT,1h
2026-03-07 17:00:00+00:00,83.53,84.03,83.49,83.56,484595.8,2026-03-07 17:59:59.999000+00:00,40607538.6652,37951,253651.44,21257092.6869,0,SOLUSDT,1h
2026-03-07 18:00:00+00:00,83.57,83.58,82.85,83.32,761646.99,2026-03-07 18:59:59.999000+00:00,63405178.6605,56533,331772.29,27626233.0472,0,SOLUSDT,1h
2026-03-07 19:00:00+00:00,83.33,83.33,82.22,82.47,1259939.38,2026-03-07 19:59:59.999000+00:00,104260547.3206,86145,562024.64,46517962.2585,0,SOLUSDT,1h
2026-03-07 20:00:00+00:00,82.47,83.07,82.46,82.97,520755.62,2026-03-07 20:59:59.999000+00:00,43140295.1748,43508,265399.89,21987247.7768,0,SOLUSDT,1h
2026-03-07 21:00:00+00:00,82.98,83.25,82.83,83.22,376427.33,2026-03-07 21:59:59.999000+00:00,31248845.0143,32545,196148.32,16284688.1094,0,SOLUSDT,1h
2026-03-07 22:00:00+00:00,83.23,83.28,82.6,82.93,361649.74,2026-03-07 22:59:59.999000+00:00,30009997.4244,34139,164516.36,13653201.9017,0,SOLUSDT,1h
2026-03-07 23:00:00+00:00,82.93,83.21,82.87,83.17,227694.18,2026-03-07 23:59:59.999000+00:00,18923711.7733,25333,128971.1,10719234.4477,0,SOLUSDT,1h
2026-03-08 00:00:00+00:00,83.17,83.44,82.86,83.02,468974.8,2026-03-08 00:59:59.999000+00:00,39000899.0755,41006,232193.51,19313216.0267,0,SOLUSDT,1h
2026-03-08 01:00:00+00:00,83.02,83.17,82.64,82.93,421190.47,2026-03-08 01:59:59.999000+00:00,34918216.2737,35560,225504.25,18693776.9108,0,SOLUSDT,1h
2026-03-08 02:00:00+00:00,82.93,83.04,82.03,82.32,865325.45,2026-03-08 02:59:59.999000+00:00,71428587.3402,66702,356676.27,29449891.2913,0,SOLUSDT,1h
2026-03-08 03:00:00+00:00,82.32,82.69,82.2,82.27,610558.45,2026-03-08 03:59:59.999000+00:00,50328908.2177,48391,294075.87,24244455.5682,0,SOLUSDT,1h
2026-03-08 04:00:00+00:00,82.28,82.5,81.67,81.9,678679.94,2026-03-08 04:59:59.999000+00:00,55727063.1385,57728,286980.78,23578444.8421,0,SOLUSDT,1h
2026-03-08 05:00:00+00:00,81.9,82.74,81.88,82.43,550739.82,2026-03-08 05:59:59.999000+00:00,45387026.6394,50792,296439.22,24431648.8844,0,SOLUSDT,1h
2026-03-08 06:00:00+00:00,82.43,82.57,82.21,82.39,409864.6,2026-03-08 06:59:59.999000+00:00,33769703.9053,34187,214264.67,17655499.4205,0,SOLUSDT,1h
2026-03-08 07:00:00+00:00,82.39,83.06,82.34,82.9,662088.39,2026-03-08 07:59:59.999000+00:00,54815127.5857,55589,342856.33,28388160.566,0,SOLUSDT,1h
2026-03-08 08:00:00+00:00,82.89,83.07,82.43,83.04,498281.97,2026-03-08 08:59:59.999000+00:00,41247156.1694,41321,256645.77,21259486.6974,0,SOLUSDT,1h
2026-03-08 09:00:00+00:00,83.03,83.34,82.72,83.1,733170.13,2026-03-08 09:59:59.999000+00:00,60913706.6946,55482,431439.28,35847564.8348,0,SOLUSDT,1h
2026-03-08 10:00:00+00:00,83.11,84.07,83.09,83.59,997322.75,2026-03-08 10:59:59.999000+00:00,83453398.056,69315,593118.54,49629769.1198,0,SOLUSDT,1h
2026-03-08 11:00:00+00:00,83.6,83.6,82.56,82.74,1057253.91,2026-03-08 11:59:59.999000+00:00,87659823.8108,80216,469699.04,38943852.5218,0,SOLUSDT,1h
2026-03-08 12:00:00+00:00,82.75,82.95,81.54,82.25,1744143.49,2026-03-08 12:59:59.999000+00:00,143466430.6413,113027,861754.15,70894809.5636,0,SOLUSDT,1h
2026-03-08 13:00:00+00:00,82.26,82.42,81.11,82.03,1708813.83,2026-03-08 13:59:59.999000+00:00,139619858.0948,117407,827957.95,67658330.9369,0,SOLUSDT,1h
2026-03-08 14:00:00+00:00,82.02,82.33,81.89,82.25,726121.96,2026-03-08 14:59:59.999000+00:00,59634165.273,60547,376555.95,30930439.4798,0,SOLUSDT,1h
2026-03-08 15:00:00+00:00,82.25,82.36,81.77,81.99,578616.36,2026-03-08 15:59:59.999000+00:00,47455985.0053,53572,258167.08,21179174.9467,0,SOLUSDT,1h
2026-03-08 16:00:00+00:00,81.99,82.11,81.29,81.46,751234.32,2026-03-08 16:59:59.999000+00:00,61316784.8876,62659,374321.82,30549365.9301,0,SOLUSDT,1h
2026-03-08 17:00:00+00:00,81.46,81.94,81.31,81.63,625737.77,2026-03-08 17:59:59.999000+00:00,51065240.6922,57729,345725.18,28218845.7704,0,SOLUSDT,1h
2026-03-08 18:00:00+00:00,81.63,81.76,81.23,81.54,487124.86,2026-03-08 18:59:59.999000+00:00,39717690.9734,46771,244144.52,19907917.6464,0,SOLUSDT,1h
2026-03-08 19:00:00+00:00,81.55,82.62,81.44,82.44,937601.92,2026-03-08 19:59:59.999000+00:00,77077413.4393,76532,531322.76,43668971.7578,0,SOLUSDT,1h
2026-03-08 20:00:00+00:00,82.43,82.93,82.05,82.27,661858.73,2026-03-08 20:59:59.999000+00:00,54546200.1434,60909,308275.09,25416962.1654,0,SOLUSDT,1h
2026-03-08 21:00:00+00:00,82.27,82.38,81.65,82.2,551973.55,2026-03-08 21:59:59.999000+00:00,45259197.486,52677,256352.77,21025912.901,0,SOLUSDT,1h
2026-03-08 22:00:00+00:00,82.19,82.47,80.18,81.96,3076430.25,2026-03-08 22:59:59.999000+00:00,249939887.1326,217725,1434187.16,116640598.6934,0,SOLUSDT,1h
2026-03-08 23:00:00+00:00,81.96,82.4,81.43,81.56,910735.95,2026-03-08 23:59:59.999000+00:00,74602325.02,95153,450118.23,36873256.6314,0,SOLUSDT,1h
2026-03-09 00:00:00+00:00,81.57,83.26,81.5,82.29,1346743.04,2026-03-09 00:59:59.999000+00:00,110941759.8294,130388,753642.9,62096574.6307,0,SOLUSDT,1h
2026-03-09 01:00:00+00:00,82.29,82.87,81.82,82.05,943327.9,2026-03-09 01:59:59.999000+00:00,77747169.8702,105320,472726.98,38967139.1472,0,SOLUSDT,1h
2026-03-09 02:00:00+00:00,82.05,82.9,81.6,82.62,1069215.45,2026-03-09 02:59:59.999000+00:00,87910620.2508,97327,501711.29,41267052.4513,0,SOLUSDT,1h
2026-03-09 03:00:00+00:00,82.62,84.47,82.57,83.1,2081934.14,2026-03-09 03:59:59.999000+00:00,174184904.5345,164226,1097849.78,91868665.9108,0,SOLUSDT,1h
2026-03-09 04:00:00+00:00,83.1,83.83,83.02,83.15,709935.0,2026-03-09 04:59:59.999000+00:00,59232512.2327,71237,360314.65,30068829.0784,0,SOLUSDT,1h
2026-03-09 05:00:00+00:00,83.15,84.58,83.07,84.24,1421657.51,2026-03-09 05:59:59.999000+00:00,119372925.9351,108595,769243.65,64592862.3053,0,SOLUSDT,1h
2026-03-09 06:00:00+00:00,84.24,84.26,83.04,83.07,857768.59,2026-03-09 06:59:59.999000+00:00,71781330.5825,78867,409409.81,34262309.6615,0,SOLUSDT,1h
2026-03-09 07:00:00+00:00,83.07,83.25,82.25,83.12,1211708.81,2026-03-09 07:59:59.999000+00:00,100377917.482,92428,578531.55,47945029.8982,0,SOLUSDT,1h
2026-03-09 08:00:00+00:00,83.12,83.81,82.87,83.67,917827.04,2026-03-09 08:59:59.999000+00:00,76569121.785,85065,462361.86,38577706.6121,0,SOLUSDT,1h
2026-03-09 09:00:00+00:00,83.68,84.56,83.26,83.97,1077347.31,2026-03-09 09:59:59.999000+00:00,90577866.8687,101060,528437.61,44435998.5008,0,SOLUSDT,1h
2026-03-09 10:00:00+00:00,83.98,84.19,83.44,83.68,702046.64,2026-03-09 10:59:59.999000+00:00,58833649.6781,69904,327834.78,27475674.3829,0,SOLUSDT,1h
2026-03-09 11:00:00+00:00,83.69,83.88,83.04,83.52,705159.08,2026-03-09 11:59:59.999000+00:00,58856025.7083,59184,340569.65,28425800.9079,0,SOLUSDT,1h
2026-03-09 12:00:00+00:00,83.52,84.17,83.34,83.96,831150.07,2026-03-09 12:59:59.999000+00:00,69669424.0771,73309,420181.96,35221673.5366,0,SOLUSDT,1h
2026-03-09 13:00:00+00:00,83.96,85.71,83.94,85.11,2377954.31,2026-03-09 13:59:59.999000+00:00,201896922.1685,185680,1203314.56,102178235.3672,0,SOLUSDT,1h
2026-03-09 14:00:00+00:00,85.1,85.7,84.51,85.25,1932076.89,2026-03-09 14:59:59.999000+00:00,164577163.8567,165163,917719.85,78189094.2205,0,SOLUSDT,1h
2026-03-09 15:00:00+00:00,85.24,85.42,84.58,85.01,985892.52,2026-03-09 15:59:59.999000+00:00,83825043.6103,89158,491988.32,41840871.5396,0,SOLUSDT,1h
2026-03-09 16:00:00+00:00,85.0,85.6,84.66,85.09,983267.64,2026-03-09 16:59:59.999000+00:00,83619949.1758,86939,482565.4,41041141.3092,0,SOLUSDT,1h
2026-03-09 17:00:00+00:00,85.09,85.38,84.27,85.05,1409292.86,2026-03-09 17:59:59.999000+00:00,119611800.1533,97257,660111.5,56035399.1626,0,SOLUSDT,1h
2026-03-09 18:00:00+00:00,85.04,85.54,84.43,85.15,1324953.23,2026-03-09 18:59:59.999000+00:00,112795306.1199,87160,705523.44,60068345.3262,0,SOLUSDT,1h
2026-03-09 19:00:00+00:00,85.15,87.0,85.03,85.92,2452284.46,2026-03-09 19:59:59.999000+00:00,211359310.0199,179088,1333180.86,114896083.1395,0,SOLUSDT,1h
2026-03-09 20:00:00+00:00,85.93,86.14,85.25,85.77,787508.19,2026-03-09 20:59:59.999000+00:00,67466714.2944,74767,382810.04,32800175.4941,0,SOLUSDT,1h
2026-03-09 21:00:00+00:00,85.76,86.32,85.63,85.97,772917.78,2026-03-09 21:59:59.999000+00:00,66518962.9325,63062,399969.16,34413081.6392,0,SOLUSDT,1h
2026-03-09 22:00:00+00:00,85.96,86.27,85.52,85.67,834425.61,2026-03-09 22:59:59.999000+00:00,71676100.5168,67511,444384.9,38176883.2527,0,SOLUSDT,1h
2026-03-09 23:00:00+00:00,85.67,85.95,84.78,84.91,708696.04,2026-03-09 23:59:59.999000+00:00,60434566.8002,64412,299846.12,25569320.5931,0,SOLUSDT,1h
2026-03-10 00:00:00+00:00,84.91,85.93,84.79,85.52,1041499.98,2026-03-10 00:59:59.999000+00:00,88897731.5015,75014,500724.01,42740285.3064,0,SOLUSDT,1h
2026-03-10 01:00:00+00:00,85.53,85.94,85.05,85.69,530957.62,2026-03-10 01:59:59.999000+00:00,45369518.1451,61864,246835.21,21100880.0764,0,SOLUSDT,1h
2026-03-10 02:00:00+00:00,85.68,86.86,85.41,86.57,1353164.93,2026-03-10 02:59:59.999000+00:00,116798029.5336,107014,743781.92,64207926.9701,0,SOLUSDT,1h
2026-03-10 03:00:00+00:00,86.57,86.71,85.45,85.52,965086.59,2026-03-10 03:59:59.999000+00:00,83073986.8874,80068,420747.68,36215455.7542,0,SOLUSDT,1h
2026-03-10 04:00:00+00:00,85.51,86.62,85.34,86.51,1028789.9,2026-03-10 04:59:59.999000+00:00,88307292.8651,74945,499120.2,42880605.0785,0,SOLUSDT,1h
2026-03-10 05:00:00+00:00,86.51,86.96,86.3,86.36,850199.8,2026-03-10 05:59:59.999000+00:00,73632546.5214,71416,466983.83,40452542.6076,0,SOLUSDT,1h
2026-03-10 06:00:00+00:00,86.37,86.66,85.94,86.32,613773.52,2026-03-10 06:59:59.999000+00:00,52975887.8078,53947,284281.23,24540288.7803,0,SOLUSDT,1h
2026-03-10 07:00:00+00:00,86.31,86.86,86.14,86.66,774621.72,2026-03-10 07:59:59.999000+00:00,67042608.9024,68779,409277.99,35427658.8849,0,SOLUSDT,1h
2026-03-10 08:00:00+00:00,86.67,87.38,86.52,86.65,1585417.23,2026-03-10 08:59:59.999000+00:00,137848148.8872,117197,782920.14,68090808.1459,0,SOLUSDT,1h
2026-03-10 09:00:00+00:00,86.65,87.46,86.59,87.17,976921.6,2026-03-10 09:59:59.999000+00:00,85074434.4022,79514,494152.32,43036848.261,0,SOLUSDT,1h
2026-03-10 10:00:00+00:00,87.18,87.65,86.75,87.04,709068.7,2026-03-10 10:59:59.999000+00:00,61800222.5132,64937,342757.19,29882590.7925,0,SOLUSDT,1h
2026-03-10 11:00:00+00:00,87.04,87.15,86.57,86.75,619945.82,2026-03-10 11:59:59.999000+00:00,53807132.8142,57425,303318.26,26327269.7882,0,SOLUSDT,1h
2026-03-10 12:00:00+00:00,86.75,86.79,86.23,86.64,731312.72,2026-03-10 12:59:59.999000+00:00,63247954.5445,62793,346423.12,29962005.3054,0,SOLUSDT,1h
2026-03-10 13:00:00+00:00,86.63,87.25,85.7,86.01,1906835.33,2026-03-10 13:59:59.999000+00:00,164820413.0791,143002,850238.72,73498451.2578,0,SOLUSDT,1h
2026-03-10 14:00:00+00:00,86.02,88.2,84.86,88.07,3055527.51,2026-03-10 14:59:59.999000+00:00,264000645.6029,221732,1614448.51,139548033.3101,0,SOLUSDT,1h
2026-03-10 15:00:00+00:00,88.06,88.58,87.23,88.31,2114313.7,2026-03-10 15:59:59.999000+00:00,185836371.1194,186749,978809.32,86073900.3833,0,SOLUSDT,1h
2026-03-10 16:00:00+00:00,88.31,88.67,87.61,88.36,1551122.33,2026-03-10 16:59:59.999000+00:00,136936757.2886,130283,702885.16,62077690.4386,0,SOLUSDT,1h
2026-03-10 17:00:00+00:00,88.35,88.78,87.58,87.9,1223685.28,2026-03-10 17:59:59.999000+00:00,107885084.7618,108574,606384.55,53461407.622,0,SOLUSDT,1h
2026-03-10 18:00:00+00:00,87.9,87.97,86.03,86.19,2084958.65,2026-03-10 18:59:59.999000+00:00,180889041.7117,165134,1062384.76,92171984.3595,0,SOLUSDT,1h
2026-03-10 19:00:00+00:00,86.18,86.42,85.59,85.97,1280548.03,2026-03-10 19:59:59.999000+00:00,110143337.6993,104609,728413.08,62663211.5758,0,SOLUSDT,1h
2026-03-10 20:00:00+00:00,85.96,86.36,85.89,86.2,575158.84,2026-03-10 20:59:59.999000+00:00,49535499.2469,54595,310508.03,26744279.6513,0,SOLUSDT,1h
2026-03-10 21:00:00+00:00,86.2,86.39,85.2,85.67,952197.34,2026-03-10 21:59:59.999000+00:00,81621474.1766,68424,432519.56,37082686.2096,0,SOLUSDT,1h
2026-03-10 22:00:00+00:00,85.66,85.81,84.95,85.48,910810.8,2026-03-10 22:59:59.999000+00:00,77693972.0054,71412,433186.67,36958772.9525,0,SOLUSDT,1h
2026-03-10 23:00:00+00:00,85.47,85.85,85.31,85.83,549275.65,2026-03-10 23:59:59.999000+00:00,47021164.7229,49520,324542.31,27786113.9849,0,SOLUSDT,1h
2026-03-11 00:00:00+00:00,85.82,86.18,85.53,85.97,770940.4,2026-03-11 00:59:59.999000+00:00,66162421.8726,63657,376479.37,32316224.9163,0,SOLUSDT,1h
2026-03-11 01:00:00+00:00,85.97,86.22,85.6,86.03,419763.42,2026-03-11 01:59:59.999000+00:00,36087091.2328,45140,195640.5,16822734.8138,0,SOLUSDT,1h
2026-03-11 02:00:00+00:00,86.03,86.16,85.43,85.87,519181.92,2026-03-11 02:59:59.999000+00:00,44521362.7428,47564,256571.95,22002970.4931,0,SOLUSDT,1h
2026-03-11 03:00:00+00:00,85.87,86.13,85.48,85.56,503618.55,2026-03-11 03:59:59.999000+00:00,43191926.4556,39333,218549.79,18734217.5044,0,SOLUSDT,1h
2026-03-11 04:00:00+00:00,85.57,86.79,85.43,86.65,1136040.69,2026-03-11 04:59:59.999000+00:00,97964099.7076,74406,645498.38,55656292.5054,0,SOLUSDT,1h
2026-03-11 05:00:00+00:00,86.65,86.83,85.54,85.66,1045028.17,2026-03-11 05:59:59.999000+00:00,89964124.6275,72231,494012.07,42526341.6394,0,SOLUSDT,1h
2026-03-11 06:00:00+00:00,85.66,86.12,85.6,85.97,536071.86,2026-03-11 06:59:59.999000+00:00,46026900.9332,45310,261067.84,22412493.2855,0,SOLUSDT,1h
2026-03-11 07:00:00+00:00,85.97,86.08,85.07,85.39,658562.47,2026-03-11 07:59:59.999000+00:00,56300205.6806,54287,290987.11,24869336.1754,0,SOLUSDT,1h
2026-03-11 08:00:00+00:00,85.39,85.57,85.01,85.43,772510.61,2026-03-11 08:59:59.999000+00:00,65905200.6548,64075,390232.03,33298483.7455,0,SOLUSDT,1h
2026-03-11 09:00:00+00:00,85.43,85.53,84.64,84.83,783106.19,2026-03-11 09:59:59.999000+00:00,66605617.2166,57249,345202.88,29370774.5614,0,SOLUSDT,1h
2026-03-11 10:00:00+00:00,84.82,85.5,84.79,85.22,658328.95,2026-03-11 10:59:59.999000+00:00,56044717.9497,49296,365243.33,31097587.6505,0,SOLUSDT,1h
2026-03-11 11:00:00+00:00,85.21,85.28,84.3,84.51,1191666.41,2026-03-11 11:59:59.999000+00:00,100991519.0423,79984,563351.83,47752164.8016,0,SOLUSDT,1h
2026-03-11 12:00:00+00:00,84.5,85.66,84.3,85.14,1361319.53,2026-03-11 12:59:59.999000+00:00,115608172.1624,96051,711132.4,60408921.1204,0,SOLUSDT,1h
2026-03-11 13:00:00+00:00,85.14,87.35,85.05,85.91,3341017.3,2026-03-11 13:59:59.999000+00:00,288079340.1256,213637,1733674.6,149444196.6774,0,SOLUSDT,1h
2026-03-11 14:00:00+00:00,85.9,87.12,85.68,86.49,1940322.47,2026-03-11 14:59:59.999000+00:00,167704068.9142,167044,962060.93,83163562.2889,0,SOLUSDT,1h
2026-03-11 15:00:00+00:00,86.5,86.61,84.49,85.37,2028073.12,2026-03-11 15:59:59.999000+00:00,173249549.7644,148284,1035760.11,88489901.7515,0,SOLUSDT,1h
2026-03-11 16:00:00+00:00,85.37,86.56,85.24,86.39,1193533.68,2026-03-11 16:59:59.999000+00:00,102557449.5134,109701,587387.04,50468227.1026,0,SOLUSDT,1h
2026-03-11 17:00:00+00:00,86.39,87.81,86.38,87.21,2304114.24,2026-03-11 17:59:59.999000+00:00,200782002.5216,160522,1201620.37,104709608.8595,0,SOLUSDT,1h
2026-03-11 18:00:00+00:00,87.21,88.06,87.1,87.76,1796234.34,2026-03-11 18:59:59.999000+00:00,157373368.0212,122242,887239.13,77744911.811,0,SOLUSDT,1h
2026-03-11 19:00:00+00:00,87.76,87.81,86.98,87.25,917919.52,2026-03-11 19:59:59.999000+00:00,80140703.1348,72069,456170.74,39823394.5558,0,SOLUSDT,1h
2026-03-11 20:00:00+00:00,87.25,87.4,86.97,87.25,496885.95,2026-03-11 20:59:59.999000+00:00,43300841.6228,48501,246314.75,21466275.8893,0,SOLUSDT,1h
2026-03-11 21:00:00+00:00,87.25,87.57,87.09,87.49,344725.91,2026-03-11 21:59:59.999000+00:00,30111278.0897,42074,155037.54,13543173.4317,0,SOLUSDT,1h
2026-03-11 22:00:00+00:00,87.5,87.9,86.78,87.01,627089.41,2026-03-11 22:59:59.999000+00:00,54709290.7789,63557,289670.08,25280461.88,0,SOLUSDT,1h
2026-03-11 23:00:00+00:00,87.01,87.17,86.4,86.52,570144.58,2026-03-11 23:59:59.999000+00:00,49466723.9429,57730,278970.59,24203261.4881,0,SOLUSDT,1h
2026-03-12 00:00:00+00:00,86.52,86.73,86.32,86.62,388214.23,2026-03-12 00:59:59.999000+00:00,33599882.7817,51463,205132.47,17756255.9051,0,SOLUSDT,1h
2026-03-12 01:00:00+00:00,86.61,86.65,85.88,85.99,726214.08,2026-03-12 01:59:59.999000+00:00,62568950.9889,67261,341480.5,29422388.3203,0,SOLUSDT,1h
2026-03-12 02:00:00+00:00,85.98,86.1,85.1,85.15,1196920.19,2026-03-12 02:59:59.999000+00:00,102475576.0635,77500,567608.62,48590092.4649,0,SOLUSDT,1h
2026-03-12 03:00:00+00:00,85.14,85.36,84.63,84.94,1038139.69,2026-03-12 03:59:59.999000+00:00,88304375.7536,75198,546691.52,46507324.8877,0,SOLUSDT,1h
2026-03-12 04:00:00+00:00,84.94,85.35,84.82,85.04,802832.63,2026-03-12 04:59:59.999000+00:00,68290359.8613,62342,442466.26,37640236.8348,0,SOLUSDT,1h
2026-03-12 05:00:00+00:00,85.03,85.26,84.82,85.08,443046.66,2026-03-12 05:59:59.999000+00:00,37669285.9507,45712,255602.26,21731740.6765,0,SOLUSDT,1h
2026-03-12 06:00:00+00:00,85.08,85.36,84.91,85.32,418214.54,2026-03-12 06:59:59.999000+00:00,35612390.6141,39548,235254.53,20032963.3838,0,SOLUSDT,1h
2026-03-12 07:00:00+00:00,85.32,85.86,84.93,85.77,935502.06,2026-03-12 07:59:59.999000+00:00,79933356.5669,63908,483850.6,41345455.1998,0,SOLUSDT,1h
2026-03-12 08:00:00+00:00,85.77,86.13,85.34,85.9,906424.8,2026-03-12 08:59:59.999000+00:00,77758878.0352,72651,485978.61,41692371.0424,0,SOLUSDT,1h
2026-03-12 09:00:00+00:00,85.9,86.67,85.4,86.15,831572.38,2026-03-12 09:59:59.999000+00:00,71478540.3099,69905,411471.2,35386289.024,0,SOLUSDT,1h
2026-03-12 10:00:00+00:00,86.15,87.02,85.98,86.72,1210388.47,2026-03-12 10:59:59.999000+00:00,104822908.7593,85688,574599.64,49761544.1539,0,SOLUSDT,1h
2026-03-12 11:00:00+00:00,86.71,87.1,86.58,86.75,912199.71,2026-03-12 11:59:59.999000+00:00,79179688.9187,71150,455576.33,39546319.8661,0,SOLUSDT,1h
2026-03-12 12:00:00+00:00,86.75,87.46,86.51,87.2,1252744.87,2026-03-12 12:59:59.999000+00:00,109091827.7359,94011,563920.3,49115712.9225,0,SOLUSDT,1h
2026-03-12 13:00:00+00:00,87.21,87.66,86.3,86.7,2022282.92,2026-03-12 13:59:59.999000+00:00,175915431.7905,158560,993150.18,86428759.9343,0,SOLUSDT,1h
2026-03-12 14:00:00+00:00,86.7,87.63,85.13,85.47,2531754.15,2026-03-12 14:59:59.999000+00:00,218217497.7238,190880,1212052.66,104407117.997,0,SOLUSDT,1h
2026-03-12 15:00:00+00:00,85.48,86.98,85.03,86.53,2026174.95,2026-03-12 15:59:59.999000+00:00,174548161.4365,159085,1043127.55,89839939.2744,0,SOLUSDT,1h
2026-03-12 16:00:00+00:00,86.52,87.05,85.73,86.77,1613294.05,2026-03-12 16:59:59.999000+00:00,139554871.595,135455,792705.28,68570847.5944,0,SOLUSDT,1h
2026-03-12 17:00:00+00:00,86.76,86.96,86.27,86.56,892278.64,2026-03-12 17:59:59.999000+00:00,77313471.5169,89659,420149.21,36398321.1122,0,SOLUSDT,1h
2026-03-12 18:00:00+00:00,86.55,86.77,85.75,85.82,755561.6,2026-03-12 18:59:59.999000+00:00,65115810.7967,70963,342097.73,29486943.157,0,SOLUSDT,1h
2026-03-12 19:00:00+00:00,85.82,86.92,85.61,86.75,804080.22,2026-03-12 19:59:59.999000+00:00,69410309.8957,78163,436413.32,37665711.0388,0,SOLUSDT,1h
2026-03-12 20:00:00+00:00,86.75,86.92,86.37,86.41,525059.82,2026-03-12 20:59:59.999000+00:00,45483146.3451,48855,263800.32,22851416.2542,0,SOLUSDT,1h
2026-03-12 21:00:00+00:00,86.41,86.66,86.11,86.49,341259.02,2026-03-12 21:59:59.999000+00:00,29471157.2941,36178,157792.34,13628758.6316,0,SOLUSDT,1h
2026-03-12 22:00:00+00:00,86.49,86.57,85.9,86.24,489130.57,2026-03-12 22:59:59.999000+00:00,42167509.8877,44242,259300.08,22352142.8251,0,SOLUSDT,1h
2026-03-12 23:00:00+00:00,86.25,87.18,86.22,86.8,881513.74,2026-03-12 23:59:59.999000+00:00,76542990.4317,67294,479966.37,41670302.6787,0,SOLUSDT,1h
2026-03-13 00:00:00+00:00,86.79,91.15,86.66,89.75,5177718.27,2026-03-13 00:59:59.999000+00:00,463429291.9175,385439,2951510.72,263885810.0529,0,SOLUSDT,1h
2026-03-13 01:00:00+00:00,89.74,90.72,89.73,90.45,1453839.24,2026-03-13 01:59:59.999000+00:00,131122262.1167,159193,698832.69,63035450.9047,0,SOLUSDT,1h
2026-03-13 02:00:00+00:00,90.45,90.56,88.89,89.05,1154901.11,2026-03-13 02:59:59.999000+00:00,103520448.7964,118990,483874.07,43384924.4172,0,SOLUSDT,1h
2026-03-13 03:00:00+00:00,89.05,89.95,88.84,89.66,1018953.95,2026-03-13 03:59:59.999000+00:00,91105440.8764,90218,577409.83,51649294.9553,0,SOLUSDT,1h
2026-03-13 04:00:00+00:00,89.66,89.71,89.16,89.3,442214.7,2026-03-13 04:59:59.999000+00:00,39527659.937,56646,214403.52,19164391.4685,0,SOLUSDT,1h
2026-03-13 05:00:00+00:00,89.3,89.43,88.85,89.04,765628.97,2026-03-13 05:59:59.999000+00:00,68210403.1524,70472,360527.44,32118720.3252,0,SOLUSDT,1h
2026-03-13 06:00:00+00:00,89.04,89.19,88.21,88.38,910066.43,2026-03-13 06:59:59.999000+00:00,80638386.8864,78953,445693.6,39492385.0083,0,SOLUSDT,1h
2026-03-13 07:00:00+00:00,88.37,88.93,88.1,88.62,1042887.59,2026-03-13 07:59:59.999000+00:00,92299403.9186,90325,552242.04,48879092.5648,0,SOLUSDT,1h
2026-03-13 08:00:00+00:00,88.62,89.62,88.27,89.1,1105410.15,2026-03-13 08:59:59.999000+00:00,98402969.5462,100882,563497.62,50159132.0706,0,SOLUSDT,1h
2026-03-13 09:00:00+00:00,89.09,89.6,88.72,89.47,704213.64,2026-03-13 09:59:59.999000+00:00,62835922.3859,76076,359232.32,32058428.3704,0,SOLUSDT,1h
2026-03-13 10:00:00+00:00,89.46,90.26,89.41,90.14,1351585.57,2026-03-13 10:59:59.999000+00:00,121441312.3206,99874,670081.96,60225297.6735,0,SOLUSDT,1h
2026-03-13 11:00:00+00:00,90.14,90.41,89.92,90.27,843904.58,2026-03-13 11:59:59.999000+00:00,76075102.6217,74924,416447.96,37547657.6983,0,SOLUSDT,1h
2026-03-13 12:00:00+00:00,90.27,91.36,90.08,90.94,1387433.37,2026-03-13 12:59:59.999000+00:00,125816855.2564,119062,732401.07,66431598.3963,0,SOLUSDT,1h
2026-03-13 13:00:00+00:00,90.95,92.29,90.88,91.83,2969288.65,2026-03-13 13:59:59.999000+00:00,272112330.8628,215685,1512727.86,138648514.0149,0,SOLUSDT,1h
2026-03-13 14:00:00+00:00,91.82,93.38,90.42,90.67,4058854.03,2026-03-13 14:59:59.999000+00:00,373127909.4978,290464,1969805.65,181214855.7797,0,SOLUSDT,1h
2026-03-13 15:00:00+00:00,90.66,91.21,89.24,89.42,2357088.68,2026-03-13 15:59:59.999000+00:00,212690083.2939,187417,1193183.01,107664815.2698,0,SOLUSDT,1h
2026-03-13 16:00:00+00:00,89.43,89.91,88.76,89.55,1791749.7,2026-03-13 16:59:59.999000+00:00,160215962.4876,147464,944568.66,84446822.0804,0,SOLUSDT,1h
2026-03-13 17:00:00+00:00,89.56,90.14,88.52,88.82,1526137.26,2026-03-13 17:59:59.999000+00:00,136160192.231,128825,792545.3,70707832.0148,0,SOLUSDT,1h
2026-03-13 18:00:00+00:00,88.83,89.08,88.3,88.77,1194861.7,2026-03-13 18:59:59.999000+00:00,105983871.7388,96793,632449.05,56109132.1465,0,SOLUSDT,1h
2026-03-13 19:00:00+00:00,88.76,89.0,88.3,88.86,919401.37,2026-03-13 19:59:59.999000+00:00,81549069.4521,81060,470543.02,41748807.1362,0,SOLUSDT,1h
2026-03-13 20:00:00+00:00,88.86,89.06,88.48,88.84,683066.53,2026-03-13 20:59:59.999000+00:00,60648426.3789,55157,354754.5,31499052.2842,0,SOLUSDT,1h
2026-03-13 21:00:00+00:00,88.84,89.09,88.24,88.53,509743.73,2026-03-13 21:59:59.999000+00:00,45191394.9016,49841,228611.84,20268608.7691,0,SOLUSDT,1h
2026-03-13 22:00:00+00:00,88.52,88.61,87.68,87.97,960928.26,2026-03-13 22:59:59.999000+00:00,84538281.2486,85463,478026.93,42048814.8348,0,SOLUSDT,1h
2026-03-13 23:00:00+00:00,87.96,88.21,87.75,88.12,385291.1,2026-03-13 23:59:59.999000+00:00,33920722.8407,43745,217517.5,19150568.7778,0,SOLUSDT,1h
2026-03-14 00:00:00+00:00,88.11,88.33,87.79,87.89,489478.88,2026-03-14 00:59:59.999000+00:00,43091169.8456,47521,248974.33,21922406.3961,0,SOLUSDT,1h
2026-03-14 01:00:00+00:00,87.88,88.33,87.75,88.19,439669.85,2026-03-14 01:59:59.999000+00:00,38712385.4367,41620,248107.52,21847506.5607,0,SOLUSDT,1h
2026-03-14 02:00:00+00:00,88.19,88.28,87.93,88.18,236784.34,2026-03-14 02:59:59.999000+00:00,20864661.4863,29041,128507.41,11324358.6911,0,SOLUSDT,1h
2026-03-14 03:00:00+00:00,88.18,88.57,88.17,88.35,450142.49,2026-03-14 03:59:59.999000+00:00,39795275.5245,41658,239140.63,21141829.717,0,SOLUSDT,1h
2026-03-14 04:00:00+00:00,88.35,88.66,88.16,88.2,461409.08,2026-03-14 04:59:59.999000+00:00,40805680.7115,40797,223090.14,19733394.7166,0,SOLUSDT,1h
2026-03-14 05:00:00+00:00,88.2,88.35,87.83,88.03,553314.35,2026-03-14 05:59:59.999000+00:00,48742293.5808,44161,239519.36,21099196.7525,0,SOLUSDT,1h
2026-03-14 06:00:00+00:00,88.02,88.05,86.87,87.2,1117172.4,2026-03-14 06:59:59.999000+00:00,97607061.525,85835,526565.29,45997083.8247,0,SOLUSDT,1h
2026-03-14 07:00:00+00:00,87.2,87.38,87.11,87.27,366247.24,2026-03-14 07:59:59.999000+00:00,31959037.6185,38102,202998.4,17716145.8866,0,SOLUSDT,1h
2026-03-14 08:00:00+00:00,87.27,87.51,87.01,87.08,410260.54,2026-03-14 08:59:59.999000+00:00,35800389.5773,38895,179268.55,15648080.5008,0,SOLUSDT,1h
2026-03-14 09:00:00+00:00,87.09,87.26,86.56,86.78,605017.16,2026-03-14 09:59:59.999000+00:00,52579260.2391,50099,258038.16,22431390.9284,0,SOLUSDT,1h
2026-03-14 10:00:00+00:00,86.79,86.88,86.41,86.6,582525.49,2026-03-14 10:59:59.999000+00:00,50461055.9089,46752,256483.83,22222705.0705,0,SOLUSDT,1h
2026-03-14 11:00:00+00:00,86.61,86.96,86.58,86.9,484615.4,2026-03-14 11:59:59.999000+00:00,42065652.5022,40613,283897.43,24643591.7299,0,SOLUSDT,1h
2026-03-14 12:00:00+00:00,86.9,87.07,86.74,87.04,516965.0,2026-03-14 12:59:59.999000+00:00,44929496.0733,45343,276367.03,24021103.301,0,SOLUSDT,1h
2026-03-14 13:00:00+00:00,87.05,87.31,86.96,87.04,470622.97,2026-03-14 13:59:59.999000+00:00,41014731.2917,42134,243308.98,21206030.2974,0,SOLUSDT,1h
2026-03-14 14:00:00+00:00,87.04,87.18,86.57,86.66,501222.51,2026-03-14 14:59:59.999000+00:00,43517825.7048,47086,220222.0,19121811.2116,0,SOLUSDT,1h
2026-03-14 15:00:00+00:00,86.65,86.87,86.57,86.67,299611.17,2026-03-14 15:59:59.999000+00:00,25983632.2034,32770,160268.57,13899977.5063,0,SOLUSDT,1h
2026-03-14 16:00:00+00:00,86.67,87.07,86.57,87.01,370203.82,2026-03-14 16:59:59.999000+00:00,32146063.6061,34439,219011.91,19018136.4807,0,SOLUSDT,1h
2026-03-14 17:00:00+00:00,87.01,87.04,86.77,86.82,221405.09,2026-03-14 17:59:59.999000+00:00,19246329.3341,23121,90478.48,7865723.9798,0,SOLUSDT,1h
2026-03-14 18:00:00+00:00,86.82,87.06,86.73,86.98,207747.06,2026-03-14 18:59:59.999000+00:00,18048271.0719,20725,122850.19,10673850.0255,0,SOLUSDT,1h
2026-03-14 19:00:00+00:00,86.97,87.03,86.84,86.95,171697.32,2026-03-14 19:59:59.999000+00:00,14924821.0747,20181,95081.52,8265420.3365,0,SOLUSDT,1h
2026-03-14 20:00:00+00:00,86.96,87.1,86.82,87.02,209036.54,2026-03-14 20:59:59.999000+00:00,18174995.1545,22796,125649.98,10925991.3335,0,SOLUSDT,1h
2026-03-14 21:00:00+00:00,87.02,87.29,86.8,87.22,220991.0,2026-03-14 21:59:59.999000+00:00,19237279.7109,27286,119100.88,10369302.2809,0,SOLUSDT,1h
2026-03-14 22:00:00+00:00,87.22,87.41,87.15,87.25,268532.07,2026-03-14 22:59:59.999000+00:00,23437511.0012,37265,144321.99,12596943.425,0,SOLUSDT,1h
2026-03-14 23:00:00+00:00,87.26,88.12,87.25,87.99,817996.88,2026-03-14 23:59:59.999000+00:00,71874561.2171,76974,433315.01,38069272.2334,0,SOLUSDT,1h
2026-03-15 00:00:00+00:00,88.0,88.16,87.62,87.7,455938.67,2026-03-15 00:59:59.999000+00:00,40070138.9374,50191,209957.66,18457158.5467,0,SOLUSDT,1h
2026-03-15 01:00:00+00:00,87.7,87.86,87.51,87.62,376521.98,2026-03-15 01:59:59.999000+00:00,33009596.4587,41683,173361.9,15201009.0473,0,SOLUSDT,1h
2026-03-15 02:00:00+00:00,87.63,88.59,87.63,88.24,892847.27,2026-03-15 02:59:59.999000+00:00,78708033.7215,78645,486710.67,42911347.3647,0,SOLUSDT,1h
2026-03-15 03:00:00+00:00,88.24,88.38,87.64,87.79,487114.56,2026-03-15 03:59:59.999000+00:00,42831419.4968,47781,194455.96,17096549.7825,0,SOLUSDT,1h
2026-03-15 04:00:00+00:00,87.8,88.28,87.79,88.27,494747.33,2026-03-15 04:59:59.999000+00:00,43569888.6064,45318,245006.79,21576785.389,0,SOLUSDT,1h
2026-03-15 05:00:00+00:00,88.27,88.59,88.05,88.25,596018.25,2026-03-15 05:59:59.999000+00:00,52660535.3155,52645,313829.73,27732051.1005,0,SOLUSDT,1h
2026-03-15 06:00:00+00:00,88.25,88.54,88.07,88.31,425928.94,2026-03-15 06:59:59.999000+00:00,37609775.9116,38283,203111.63,17935222.3375,0,SOLUSDT,1h
2026-03-15 07:00:00+00:00,88.31,88.49,88.06,88.17,292238.07,2026-03-15 07:59:59.999000+00:00,25796617.7512,30612,145872.63,12877351.7941,0,SOLUSDT,1h
2026-03-15 08:00:00+00:00,88.18,88.48,88.09,88.43,317494.12,2026-03-15 08:59:59.999000+00:00,28033086.2831,33165,174956.6,15449018.8085,0,SOLUSDT,1h
2026-03-15 09:00:00+00:00,88.44,88.83,88.36,88.49,581167.72,2026-03-15 09:59:59.999000+00:00,51499196.5167,50885,317703.21,28154089.2788,0,SOLUSDT,1h
2026-03-15 10:00:00+00:00,88.49,88.66,88.33,88.42,237607.88,2026-03-15 10:59:59.999000+00:00,21020228.6226,26174,112766.65,9977217.1043,0,SOLUSDT,1h
2026-03-15 11:00:00+00:00,88.43,88.63,88.18,88.51,387119.1,2026-03-15 11:59:59.999000+00:00,34202488.3762,35843,176569.56,15602518.7189,0,SOLUSDT,1h
2026-03-15 12:00:00+00:00,88.51,88.52,88.13,88.22,321118.45,2026-03-15 12:59:59.999000+00:00,28344846.3649,31539,133945.3,11823303.1803,0,SOLUSDT,1h
2026-03-15 13:00:00+00:00,88.23,88.35,87.31,87.8,1174839.1,2026-03-15 13:59:59.999000+00:00,103050917.8014,89096,551934.16,48409829.8148,0,SOLUSDT,1h
2026-03-15 14:00:00+00:00,87.8,87.96,87.51,87.93,497417.94,2026-03-15 14:59:59.999000+00:00,43649924.0352,46798,279249.78,24508472.7473,0,SOLUSDT,1h
2026-03-15 15:00:00+00:00,87.93,88.08,87.71,87.86,281935.91,2026-03-15 15:59:59.999000+00:00,24784347.6838,34207,134726.92,11845331.554,0,SOLUSDT,1h
2026-03-15 16:00:00+00:00,87.86,88.0,87.41,87.5,455607.2,2026-03-15 16:59:59.999000+00:00,39949650.1371,44450,198137.98,17374584.2393,0,SOLUSDT,1h
2026-03-15 17:00:00+00:00,87.51,88.77,87.45,88.37,674857.96,2026-03-15 17:59:59.999000+00:00,59507000.0506,53846,376104.78,33161069.4955,0,SOLUSDT,1h
2026-03-15 18:00:00+00:00,88.38,88.65,87.78,87.85,648107.38,2026-03-15 18:59:59.999000+00:00,57217962.4561,55729,289882.23,25597285.7583,0,SOLUSDT,1h
2026-03-15 19:00:00+00:00,87.86,88.24,87.75,88.14,348858.85,2026-03-15 19:59:59.999000+00:00,30702507.6469,37154,183849.36,16181393.6209,0,SOLUSDT,1h
2026-03-15 20:00:00+00:00,88.13,88.99,87.92,88.7,671571.34,2026-03-15 20:59:59.999000+00:00,59462570.0602,56526,386518.96,34233300.9382,0,SOLUSDT,1h
2026-03-15 21:00:00+00:00,88.7,90.26,88.5,89.97,1611512.03,2026-03-15 21:59:59.999000+00:00,144185731.6517,123171,964940.9,86364680.8856,0,SOLUSDT,1h
2026-03-15 22:00:00+00:00,89.97,92.93,89.8,92.63,3295637.59,2026-03-15 22:59:59.999000+00:00,301087502.8422,268153,1851750.96,169236139.8551,0,SOLUSDT,1h
2026-03-15 23:00:00+00:00,92.62,93.23,91.56,92.28,2219387.52,2026-03-15 23:59:59.999000+00:00,205193923.5913,235328,1038177.89,96007955.1932,0,SOLUSDT,1h
2026-03-16 00:00:00+00:00,92.28,93.09,91.85,91.99,1422431.88,2026-03-16 00:59:59.999000+00:00,131507205.3453,156201,715628.53,66206599.2113,0,SOLUSDT,1h
2026-03-16 01:00:00+00:00,91.99,92.23,91.47,92.09,942085.39,2026-03-16 01:59:59.999000+00:00,86492536.9684,120955,452672.6,41560777.2004,0,SOLUSDT,1h
2026-03-16 02:00:00+00:00,92.08,92.26,91.15,91.45,745967.0,2026-03-16 02:59:59.999000+00:00,68326044.7281,87166,344663.97,31565357.5127,0,SOLUSDT,1h
2026-03-16 03:00:00+00:00,91.46,93.97,91.24,93.14,2787186.67,2026-03-16 03:59:59.999000+00:00,259265021.7763,238894,1614976.27,150181256.6717,0,SOLUSDT,1h
2026-03-16 04:00:00+00:00,93.14,94.27,92.91,93.6,1817365.87,2026-03-16 04:59:59.999000+00:00,169777457.7505,173753,954812.32,89236795.499,0,SOLUSDT,1h
2026-03-16 05:00:00+00:00,93.61,94.33,93.16,94.01,1807872.43,2026-03-16 05:59:59.999000+00:00,169671902.1393,159674,1022590.23,95977806.4437,0,SOLUSDT,1h
2026-03-16 06:00:00+00:00,94.0,94.01,93.11,93.37,1001840.08,2026-03-16 06:59:59.999000+00:00,93667511.9629,96293,465621.36,43537464.6063,0,SOLUSDT,1h
2026-03-16 07:00:00+00:00,93.38,93.84,93.29,93.54,793848.09,2026-03-16 07:59:59.999000+00:00,74286233.0619,75288,408770.25,38255336.8646,0,SOLUSDT,1h
2026-03-16 08:00:00+00:00,93.54,93.99,92.54,92.84,1234533.02,2026-03-16 08:59:59.999000+00:00,115084063.3865,116986,574768.8,53604214.1563,0,SOLUSDT,1h
2026-03-16 09:00:00+00:00,92.83,93.43,92.69,93.26,719605.82,2026-03-16 09:59:59.999000+00:00,66991276.5919,65977,414357.41,38577702.647,0,SOLUSDT,1h
2026-03-16 10:00:00+00:00,93.27,93.92,93.22,93.87,762831.73,2026-03-16 10:59:59.999000+00:00,71367522.5288,70806,394240.08,36887083.0111,0,SOLUSDT,1h
2026-03-16 11:00:00+00:00,93.86,93.94,93.48,93.71,537949.69,2026-03-16 11:59:59.999000+00:00,50426952.1229,56037,254365.22,23846457.4709,0,SOLUSDT,1h
2026-03-16 12:00:00+00:00,93.71,94.16,93.29,93.73,1227708.51,2026-03-16 12:59:59.999000+00:00,115188006.8502,97892,582265.6,54645846.0705,0,SOLUSDT,1h
2026-03-16 13:00:00+00:00,93.73,95.08,93.37,93.62,2769246.94,2026-03-16 13:59:59.999000+00:00,260927448.4739,188840,1405338.7,132449659.6794,0,SOLUSDT,1h
2026-03-16 14:00:00+00:00,93.62,94.48,92.32,93.58,2725153.54,2026-03-16 14:59:59.999000+00:00,254140370.7765,222231,1362192.38,126988472.6974,0,SOLUSDT,1h
2026-03-16 15:00:00+00:00,93.57,94.32,93.0,93.14,1328738.37,2026-03-16 15:59:59.999000+00:00,124410076.6429,131248,659773.59,61791371.2969,0,SOLUSDT,1h
2026-03-16 16:00:00+00:00,93.13,94.03,93.07,93.76,863782.2,2026-03-16 16:59:59.999000+00:00,80733811.1299,99365,462914.11,43269207.3815,0,SOLUSDT,1h
2026-03-16 17:00:00+00:00,93.76,94.39,93.63,94.04,793536.85,2026-03-16 17:59:59.999000+00:00,74563946.9032,86991,418950.65,39372013.522,0,SOLUSDT,1h
2026-03-16 18:00:00+00:00,94.04,95.08,94.0,94.34,1350328.34,2026-03-16 18:59:59.999000+00:00,127782312.1597,114148,706000.9,66810805.7225,0,SOLUSDT,1h
2026-03-16 19:00:00+00:00,94.34,95.45,94.13,95.18,1258387.16,2026-03-16 19:59:59.999000+00:00,119555216.7108,122368,677190.81,64346842.8118,0,SOLUSDT,1h
2026-03-16 20:00:00+00:00,95.17,95.94,95.02,95.72,1058481.16,2026-03-16 20:59:59.999000+00:00,101176969.4929,95297,553294.02,52889152.2488,0,SOLUSDT,1h
2026-03-16 21:00:00+00:00,95.73,96.87,95.44,96.13,1260229.77,2026-03-16 21:59:59.999000+00:00,121202410.389,127824,705876.4,67908738.4797,0,SOLUSDT,1h
2026-03-16 22:00:00+00:00,96.12,97.65,96.1,96.32,1579894.77,2026-03-16 22:59:59.999000+00:00,152998287.3515,139252,832302.58,80650811.5143,0,SOLUSDT,1h
2026-03-16 23:00:00+00:00,96.33,96.42,95.37,96.14,1045089.5,2026-03-16 23:59:59.999000+00:00,100199302.7221,95595,490863.99,47064191.5733,0,SOLUSDT,1h
2026-03-17 00:00:00+00:00,96.14,96.91,95.09,95.47,1566343.84,2026-03-17 00:59:59.999000+00:00,150196574.438,144452,764013.47,73320452.9999,0,SOLUSDT,1h
2026-03-17 01:00:00+00:00,95.47,96.06,94.9,95.66,1056363.26,2026-03-17 01:59:59.999000+00:00,100896195.6703,125316,509062.66,48639188.923,0,SOLUSDT,1h
2026-03-17 02:00:00+00:00,95.66,95.72,94.81,95.09,680730.47,2026-03-17 02:59:59.999000+00:00,64788205.2386,80854,291288.44,27731783.481,0,SOLUSDT,1h
2026-03-17 03:00:00+00:00,95.08,95.24,93.66,94.02,1326086.05,2026-03-17 03:59:59.999000+00:00,125045878.9873,116713,645608.82,60875645.7181,0,SOLUSDT,1h
2026-03-17 04:00:00+00:00,94.02,94.23,93.11,93.74,1102125.14,2026-03-17 04:59:59.999000+00:00,103244467.1212,96289,524718.17,49153028.2313,0,SOLUSDT,1h
2026-03-17 05:00:00+00:00,93.75,94.06,93.3,93.75,758750.84,2026-03-17 05:59:59.999000+00:00,71127382.8181,78473,395792.03,37110521.5219,0,SOLUSDT,1h
2026-03-17 06:00:00+00:00,93.75,94.27,93.42,93.85,589867.14,2026-03-17 06:59:59.999000+00:00,55413600.0305,64280,324012.38,30443071.2338,0,SOLUSDT,1h
2026-03-17 07:00:00+00:00,93.85,94.6,93.81,94.38,597904.12,2026-03-17 07:59:59.999000+00:00,56398202.1525,58787,342591.23,32309464.2855,0,SOLUSDT,1h
2026-03-17 08:00:00+00:00,94.38,94.92,94.22,94.36,627261.65,2026-03-17 08:59:59.999000+00:00,59330736.1725,69320,308216.51,29162424.3161,0,SOLUSDT,1h
2026-03-17 09:00:00+00:00,94.35,95.05,93.65,93.86,1062076.01,2026-03-17 09:59:59.999000+00:00,100209913.1414,89480,492508.51,46487467.409,0,SOLUSDT,1h
2026-03-17 10:00:00+00:00,93.85,94.02,93.2,93.52,867052.06,2026-03-17 10:59:59.999000+00:00,81161426.7811,77175,434970.36,40723069.5918,0,SOLUSDT,1h
2026-03-17 11:00:00+00:00,93.51,93.86,93.33,93.59,704755.19,2026-03-17 11:59:59.999000+00:00,66009897.7354,62328,333793.12,31267493.5491,0,SOLUSDT,1h
2026-03-17 12:00:00+00:00,93.59,94.03,93.1,93.37,724293.36,2026-03-17 12:59:59.999000+00:00,67722496.0097,75168,363867.72,34028084.9782,0,SOLUSDT,1h
2026-03-17 13:00:00+00:00,93.36,94.55,93.28,93.75,1464295.6,2026-03-17 13:59:59.999000+00:00,137461154.3845,114949,727807.06,68318551.845,0,SOLUSDT,1h
2026-03-17 14:00:00+00:00,93.75,94.64,93.43,94.45,1108156.16,2026-03-17 14:59:59.999000+00:00,104344101.5334,112852,550067.55,51797416.8337,0,SOLUSDT,1h
2026-03-17 15:00:00+00:00,94.45,95.1,93.19,93.76,1554235.52,2026-03-17 15:59:59.999000+00:00,146164669.6197,142343,749041.66,70462201.0222,0,SOLUSDT,1h
2026-03-17 16:00:00+00:00,93.77,94.75,93.66,94.34,940356.05,2026-03-17 16:59:59.999000+00:00,88674314.3298,90952,451018.23,42522480.1937,0,SOLUSDT,1h
2026-03-17 17:00:00+00:00,94.35,94.69,94.08,94.51,575684.96,2026-03-17 17:59:59.999000+00:00,54362253.9433,61389,267145.71,25228857.4415,0,SOLUSDT,1h
2026-03-17 18:00:00+00:00,94.51,95.6,94.39,95.28,1123405.07,2026-03-17 18:59:59.999000+00:00,106823878.2148,88512,589286.92,56033114.0392,0,SOLUSDT,1h
2026-03-17 19:00:00+00:00,95.28,95.52,94.53,94.6,765146.38,2026-03-17 19:59:59.999000+00:00,72696991.7368,70780,348361.44,33096781.3492,0,SOLUSDT,1h
2026-03-17 20:00:00+00:00,94.59,95.0,94.35,94.84,470574.54,2026-03-17 20:59:59.999000+00:00,44547526.773,45675,257603.72,24389193.074,0,SOLUSDT,1h
2026-03-17 21:00:00+00:00,94.84,95.41,94.79,95.21,390109.8,2026-03-17 21:59:59.999000+00:00,37108786.5978,44193,215012.64,20450664.749,0,SOLUSDT,1h
2026-03-17 22:00:00+00:00,95.21,95.57,94.52,95.26,946287.82,2026-03-17 22:59:59.999000+00:00,89996853.8733,74067,527990.78,50214194.5535,0,SOLUSDT,1h
2026-03-17 23:00:00+00:00,95.27,95.39,94.54,94.57,491421.01,2026-03-17 23:59:59.999000+00:00,46645412.0064,48192,248502.29,23589626.4023,0,SOLUSDT,1h
2026-03-18 00:00:00+00:00,94.57,94.89,94.04,94.49,676947.5,2026-03-18 00:59:59.999000+00:00,63904468.519,70783,329737.12,31134866.3995,0,SOLUSDT,1h
2026-03-18 01:00:00+00:00,94.49,94.88,94.25,94.37,418173.81,2026-03-18 01:59:59.999000+00:00,39562656.1224,56655,184828.56,17489694.65,0,SOLUSDT,1h
2026-03-18 02:00:00+00:00,94.36,95.18,94.33,94.87,470164.5,2026-03-18 02:59:59.999000+00:00,44587075.604,56634,257347.38,24404992.4917,0,SOLUSDT,1h
2026-03-18 03:00:00+00:00,94.87,95.63,94.76,94.99,612199.96,2026-03-18 03:59:59.999000+00:00,58295270.6421,56874,317885.13,30277121.0966,0,SOLUSDT,1h
2026-03-18 04:00:00+00:00,95.0,95.07,93.92,94.07,935126.04,2026-03-18 04:59:59.999000+00:00,88254815.8249,70458,444815.32,41967899.8214,0,SOLUSDT,1h
2026-03-18 05:00:00+00:00,94.07,94.36,93.66,93.87,859908.47,2026-03-18 05:59:59.999000+00:00,80840243.0207,67800,435793.65,40981262.9118,0,SOLUSDT,1h
2026-03-18 06:00:00+00:00,93.87,94.6,93.85,94.17,498730.79,2026-03-18 06:59:59.999000+00:00,47014888.7767,44193,279589.58,26353162.0634,0,SOLUSDT,1h
2026-03-18 07:00:00+00:00,94.17,94.24,93.76,93.89,376608.24,2026-03-18 07:59:59.999000+00:00,35393818.8726,41719,191533.23,18001109.0551,0,SOLUSDT,1h
2026-03-18 08:00:00+00:00,93.89,94.2,93.89,93.97,357479.9,2026-03-18 08:59:59.999000+00:00,33626784.7037,45949,181355.17,17059659.6097,0,SOLUSDT,1h
2026-03-18 09:00:00+00:00,93.97,94.38,93.88,94.21,356790.96,2026-03-18 09:59:59.999000+00:00,33610197.8139,40669,177002.17,16673063.9003,0,SOLUSDT,1h
2026-03-18 10:00:00+00:00,94.21,94.38,93.44,93.79,670817.86,2026-03-18 10:59:59.999000+00:00,62938557.4304,55372,304889.91,28613963.3553,0,SOLUSDT,1h
2026-03-18 11:00:00+00:00,93.79,94.03,91.75,91.95,3032071.97,2026-03-18 11:59:59.999000+00:00,280495209.955,209556,1418249.7,131166706.7251,0,SOLUSDT,1h
2026-03-18 12:00:00+00:00,91.96,92.0,90.25,90.36,2816504.57,2026-03-18 12:59:59.999000+00:00,256342616.209,207784,1430520.05,130210211.907,0,SOLUSDT,1h
2026-03-18 13:00:00+00:00,90.37,90.7,89.82,90.25,2074048.46,2026-03-18 13:59:59.999000+00:00,187284903.9679,191614,1076916.98,97260682.4658,0,SOLUSDT,1h
2026-03-18 14:00:00+00:00,90.26,90.34,88.79,88.91,2440521.04,2026-03-18 14:59:59.999000+00:00,218422098.3425,198760,1101244.76,98610475.4886,0,SOLUSDT,1h
2026-03-18 15:00:00+00:00,88.91,89.4,88.51,89.31,1903186.25,2026-03-18 15:59:59.999000+00:00,169475139.2757,147332,1014443.55,90351117.0305,0,SOLUSDT,1h
2026-03-18 16:00:00+00:00,89.31,89.31,88.57,88.91,1153417.11,2026-03-18 16:59:59.999000+00:00,102569058.9515,109851,540351.59,48051278.3466,0,SOLUSDT,1h
2026-03-18 17:00:00+00:00,88.91,90.3,88.77,89.87,1294732.62,2026-03-18 17:59:59.999000+00:00,116092714.4296,118732,717899.3,64372369.4934,0,SOLUSDT,1h
2026-03-18 18:00:00+00:00,89.86,90.81,89.32,89.53,1689687.64,2026-03-18 18:59:59.999000+00:00,152312103.8126,181463,818148.34,73754755.3612,0,SOLUSDT,1h
2026-03-18 19:00:00+00:00,89.52,90.02,89.38,89.65,664892.13,2026-03-18 19:59:59.999000+00:00,59641155.2342,73340,345856.28,31021319.9941,0,SOLUSDT,1h
2026-03-18 20:00:00+00:00,89.66,90.08,88.92,89.93,855215.61,2026-03-18 20:59:59.999000+00:00,76543631.1502,79632,418702.18,37491356.6054,0,SOLUSDT,1h
2026-03-18 21:00:00+00:00,89.93,90.58,89.87,90.4,511367.71,2026-03-18 21:59:59.999000+00:00,46162953.4201,53849,243692.81,21996131.597,0,SOLUSDT,1h
2026-03-18 22:00:00+00:00,90.4,90.42,89.88,89.97,560300.24,2026-03-18 22:59:59.999000+00:00,50514785.0265,55736,254362.72,22934282.6507,0,SOLUSDT,1h
2026-03-18 23:00:00+00:00,89.97,90.12,89.62,90.02,410366.97,2026-03-18 23:59:59.999000+00:00,36897162.8971,47496,201854.87,18151768.0711,0,SOLUSDT,1h
2026-03-19 00:00:00+00:00,90.02,90.26,89.76,90.06,418301.0,2026-03-19 00:59:59.999000+00:00,37653408.4068,53851,231053.87,20800118.0031,0,SOLUSDT,1h
2026-03-19 01:00:00+00:00,90.05,90.35,89.87,90.12,415943.47,2026-03-19 01:59:59.999000+00:00,37498971.715,50888,207042.35,18667366.4967,0,SOLUSDT,1h
2026-03-19 02:00:00+00:00,90.13,90.35,89.73,89.93,388066.27,2026-03-19 02:59:59.999000+00:00,34963361.5109,52971,194174.75,17494531.5017,0,SOLUSDT,1h
2026-03-19 03:00:00+00:00,89.94,91.37,89.86,90.69,1637218.99,2026-03-19 03:59:59.999000+00:00,148725720.5198,107695,941895.23,85564374.2131,0,SOLUSDT,1h
2026-03-19 04:00:00+00:00,90.69,90.69,89.68,89.86,1226190.03,2026-03-19 04:59:59.999000+00:00,110431681.8577,90033,580828.71,52306502.7214,0,SOLUSDT,1h
2026-03-19 05:00:00+00:00,89.86,90.07,89.61,89.71,503735.75,2026-03-19 05:59:59.999000+00:00,45245783.9911,56556,257475.91,23128318.695,0,SOLUSDT,1h
2026-03-19 06:00:00+00:00,89.71,90.09,89.47,89.82,985917.31,2026-03-19 06:59:59.999000+00:00,88518290.8805,76961,491897.04,44181594.8631,0,SOLUSDT,1h
2026-03-19 07:00:00+00:00,89.82,90.01,88.57,89.37,2281023.28,2026-03-19 07:59:59.999000+00:00,203667542.0608,139000,1057485.8,94444355.1267,0,SOLUSDT,1h
2026-03-19 08:00:00+00:00,89.37,89.59,89.04,89.32,660194.92,2026-03-19 08:59:59.999000+00:00,58970465.6374,75767,379438.29,33897075.8175,0,SOLUSDT,1h
2026-03-19 09:00:00+00:00,89.32,90.36,89.13,90.16,1159251.66,2026-03-19 09:59:59.999000+00:00,104107856.2455,98005,710865.89,63849301.8332,0,SOLUSDT,1h
2026-03-19 10:00:00+00:00,90.15,90.46,89.73,89.78,713589.41,2026-03-19 10:59:59.999000+00:00,64279435.8414,65982,364519.09,32842292.9985,0,SOLUSDT,1h
2026-03-19 11:00:00+00:00,89.78,90.01,89.44,89.58,480843.27,2026-03-19 11:59:59.999000+00:00,43135456.128,54101,265990.24,23861647.3351,0,SOLUSDT,1h
2026-03-19 12:00:00+00:00,89.59,89.59,87.97,88.08,1734239.04,2026-03-19 12:59:59.999000+00:00,153942487.2919,121262,799006.56,70921967.7237,0,SOLUSDT,1h
2026-03-19 13:00:00+00:00,88.07,88.71,87.49,88.45,2364263.65,2026-03-19 13:59:59.999000+00:00,208172881.1017,186136,1141145.61,100496761.397,0,SOLUSDT,1h
2026-03-19 14:00:00+00:00,88.46,88.89,87.37,88.16,1501023.17,2026-03-19 14:59:59.999000+00:00,132000185.3454,138414,689507.08,60631560.109,0,SOLUSDT,1h
2026-03-19 15:00:00+00:00,88.16,88.72,87.1,87.58,1680932.8,2026-03-19 15:59:59.999000+00:00,147493298.4391,130736,776819.98,68160227.942,0,SOLUSDT,1h
2026-03-19 16:00:00+00:00,87.57,87.77,86.79,87.63,1238298.12,2026-03-19 16:59:59.999000+00:00,108186974.3431,103722,564429.18,49339639.7439,0,SOLUSDT,1h
2026-03-19 17:00:00+00:00,87.63,88.32,87.02,88.09,1018613.57,2026-03-19 17:59:59.999000+00:00,89330259.5506,87177,575170.32,50469618.1545,0,SOLUSDT,1h
2026-03-19 18:00:00+00:00,88.1,88.29,87.61,88.09,517133.5,2026-03-19 18:59:59.999000+00:00,45473806.1452,52857,227867.74,20039543.2362,0,SOLUSDT,1h
2026-03-19 19:00:00+00:00,88.08,89.22,88.08,88.68,1363433.28,2026-03-19 19:59:59.999000+00:00,121066151.9481,119779,720768.26,64001533.9218,0,SOLUSDT,1h
2026-03-19 20:00:00+00:00,88.67,89.17,88.62,88.94,330243.39,2026-03-19 20:59:59.999000+00:00,29354708.5084,41551,173702.28,15439546.6199,0,SOLUSDT,1h
2026-03-19 21:00:00+00:00,88.94,89.28,88.81,89.07,347816.01,2026-03-19 21:59:59.999000+00:00,30975809.5654,40959,159543.21,14207914.1339,0,SOLUSDT,1h
2026-03-19 22:00:00+00:00,89.07,89.13,88.31,88.72,511905.0,2026-03-19 22:59:59.999000+00:00,45399200.5791,50500,183844.41,16310413.7913,0,SOLUSDT,1h
2026-03-19 23:00:00+00:00,88.71,89.14,88.55,88.84,578127.8,2026-03-19 23:59:59.999000+00:00,51408328.6578,54536,298364.01,26533152.6236,0,SOLUSDT,1h
2026-03-20 00:00:00+00:00,88.84,89.39,88.8,89.37,516328.78,2026-03-20 00:59:59.999000+00:00,46049546.1166,53836,277746.79,24772987.2943,0,SOLUSDT,1h
2026-03-20 01:00:00+00:00,89.37,89.76,89.28,89.42,615675.06,2026-03-20 01:59:59.999000+00:00,55102414.9015,60220,327816.91,29343651.3599,0,SOLUSDT,1h
2026-03-20 02:00:00+00:00,89.43,89.56,88.83,89.26,507630.14,2026-03-20 02:59:59.999000+00:00,45262041.7225,53203,243620.58,21725665.088,0,SOLUSDT,1h
2026-03-20 03:00:00+00:00,89.26,89.68,89.19,89.53,371769.03,2026-03-20 03:59:59.999000+00:00,33257500.2626,41449,183132.14,16382420.6162,0,SOLUSDT,1h
2026-03-20 04:00:00+00:00,89.53,89.72,88.68,89.22,614545.35,2026-03-20 04:59:59.999000+00:00,54800994.9513,55894,293760.61,26200757.2366,0,SOLUSDT,1h
2026-03-20 05:00:00+00:00,89.23,89.48,88.81,89.31,642177.8,2026-03-20 05:59:59.999000+00:00,57290980.8098,55189,355613.36,31727707.4061,0,SOLUSDT,1h
2026-03-20 06:00:00+00:00,89.3,89.31,88.87,89.04,449291.32,2026-03-20 06:59:59.999000+00:00,40015563.1138,46777,206985.31,18432687.5247,0,SOLUSDT,1h
2026-03-20 07:00:00+00:00,89.03,89.45,88.44,89.31,727011.47,2026-03-20 07:59:59.999000+00:00,64656979.4022,67750,336983.63,29974385.6062,0,SOLUSDT,1h
2026-03-20 08:00:00+00:00,89.32,90.43,89.25,89.73,1166747.05,2026-03-20 08:59:59.999000+00:00,104926512.5158,92954,652166.53,58656192.1315,0,SOLUSDT,1h
2026-03-20 09:00:00+00:00,89.72,89.73,88.56,88.9,997070.68,2026-03-20 09:59:59.999000+00:00,88706576.6826,90945,446119.95,39685048.9728,0,SOLUSDT,1h
2026-03-20 10:00:00+00:00,88.91,89.44,88.54,89.26,621964.27,2026-03-20 10:59:59.999000+00:00,55327660.5965,58106,347205.63,30885481.8542,0,SOLUSDT,1h
2026-03-20 11:00:00+00:00,89.25,89.53,88.81,89.08,510126.22,2026-03-20 11:59:59.999000+00:00,45499272.7958,53230,228711.69,20402283.8984,0,SOLUSDT,1h
2026-03-20 12:00:00+00:00,89.08,89.47,88.97,89.08,468460.41,2026-03-20 12:59:59.999000+00:00,41785044.1229,52566,221969.08,19799570.0609,0,SOLUSDT,1h
2026-03-20 13:00:00+00:00,89.09,89.59,88.56,88.76,1196673.62,2026-03-20 13:59:59.999000+00:00,106538878.881,118456,582804.95,51893283.0862,0,SOLUSDT,1h
2026-03-20 14:00:00+00:00,88.76,89.7,88.43,88.88,1657391.37,2026-03-20 14:59:59.999000+00:00,147502338.6848,135174,840851.59,74847408.4892,0,SOLUSDT,1h
2026-03-20 15:00:00+00:00,88.87,89.3,88.56,88.9,978576.55,2026-03-20 15:59:59.999000+00:00,86973060.9388,92216,489163.06,43483359.93,0,SOLUSDT,1h
2026-03-20 16:00:00+00:00,88.9,89.18,88.57,88.87,543712.32,2026-03-20 16:59:59.999000+00:00,48341053.0597,63458,259017.7,23031470.2663,0,SOLUSDT,1h
2026-03-20 17:00:00+00:00,88.87,89.0,88.07,88.85,817626.37,2026-03-20 17:59:59.999000+00:00,72381698.934,76534,381509.78,33782475.7111,0,SOLUSDT,1h
2026-03-20 18:00:00+00:00,88.85,88.97,88.11,88.52,656023.3,2026-03-20 18:59:59.999000+00:00,58108104.1178,67403,359018.46,31797263.967,0,SOLUSDT,1h
2026-03-20 19:00:00+00:00,88.52,89.02,88.17,88.95,583688.97,2026-03-20 19:59:59.999000+00:00,51735422.097,61569,296174.34,26250527.313,0,SOLUSDT,1h
2026-03-20 20:00:00+00:00,88.95,89.32,88.6,88.95,580909.34,2026-03-20 20:59:59.999000+00:00,51678561.9818,52195,253349.77,22538952.4255,0,SOLUSDT,1h
2026-03-20 21:00:00+00:00,88.95,89.99,88.86,89.53,686982.53,2026-03-20 21:59:59.999000+00:00,61498764.5131,60879,376194.2,33670175.2651,0,SOLUSDT,1h
2026-03-20 22:00:00+00:00,89.53,90.22,89.53,90.05,623304.68,2026-03-20 22:59:59.999000+00:00,56083055.8344,54243,321506.74,28929552.7902,0,SOLUSDT,1h
2026-03-20 23:00:00+00:00,90.05,90.1,89.67,89.8,389521.69,2026-03-20 23:59:59.999000+00:00,35014695.9975,39076,180983.96,16269559.9458,0,SOLUSDT,1h
2026-03-21 00:00:00+00:00,89.81,90.22,89.78,89.98,359777.65,2026-03-21 00:59:59.999000+00:00,32364435.8535,36155,207779.56,18693126.0262,0,SOLUSDT,1h
2026-03-21 01:00:00+00:00,89.98,90.31,89.68,89.83,397911.32,2026-03-21 01:59:59.999000+00:00,35790708.8602,39485,193478.44,17402144.3999,0,SOLUSDT,1h
2026-03-21 02:00:00+00:00,89.83,90.68,89.71,90.42,542960.57,2026-03-21 02:59:59.999000+00:00,48997194.6599,45675,319279.53,28816858.956,0,SOLUSDT,1h
2026-03-21 03:00:00+00:00,90.42,90.57,90.27,90.41,280481.9,2026-03-21 03:59:59.999000+00:00,25355040.917,31928,124739.41,11277107.1978,0,SOLUSDT,1h
2026-03-21 04:00:00+00:00,90.41,90.78,90.11,90.23,625985.33,2026-03-21 04:59:59.999000+00:00,56623745.3121,44872,332182.25,30052087.1142,0,SOLUSDT,1h
2026-03-21 05:00:00+00:00,90.23,90.47,89.9,89.92,443734.04,2026-03-21 05:59:59.999000+00:00,39994958.7243,39484,156066.26,14071602.5853,0,SOLUSDT,1h
2026-03-21 06:00:00+00:00,89.91,90.28,89.88,90.12,283802.65,2026-03-21 06:59:59.999000+00:00,25567544.9128,28701,160121.05,14423878.0458,0,SOLUSDT,1h
2026-03-21 07:00:00+00:00,90.11,90.36,89.88,90.1,288120.11,2026-03-21 07:59:59.999000+00:00,25972990.7226,32770,136107.64,12270657.5446,0,SOLUSDT,1h
2026-03-21 08:00:00+00:00,90.1,90.1,89.76,89.96,284407.54,2026-03-21 08:59:59.999000+00:00,25571078.0197,30156,131466.59,11820383.6386,0,SOLUSDT,1h
2026-03-21 09:00:00+00:00,89.96,90.35,89.93,90.15,417556.12,2026-03-21 09:59:59.999000+00:00,37642419.363,33030,227774.14,20530794.894,0,SOLUSDT,1h
2026-03-21 10:00:00+00:00,90.14,90.2,89.83,89.93,216213.02,2026-03-21 10:59:59.999000+00:00,19457581.2006,26178,106053.06,9543526.9532,0,SOLUSDT,1h
2026-03-21 11:00:00+00:00,89.92,89.98,89.78,89.91,213396.87,2026-03-21 11:59:59.999000+00:00,19180918.4335,21426,102933.29,9252461.1727,0,SOLUSDT,1h
2026-03-21 12:00:00+00:00,89.9,90.15,89.83,90.12,245720.95,2026-03-21 12:59:59.999000+00:00,22118581.1538,25093,118533.83,10669215.7887,0,SOLUSDT,1h
2026-03-21 13:00:00+00:00,90.12,90.23,89.9,89.97,287559.6,2026-03-21 13:59:59.999000+00:00,25900378.5219,29589,138859.39,12507707.0548,0,SOLUSDT,1h
2026-03-21 14:00:00+00:00,89.96,90.36,89.58,89.6,645625.78,2026-03-21 14:59:59.999000+00:00,58100666.13,52504,287990.66,25923373.2446,0,SOLUSDT,1h
2026-03-21 15:00:00+00:00,89.6,89.88,89.31,89.78,584691.54,2026-03-21 15:59:59.999000+00:00,52387414.9187,51885,279000.87,25005363.4156,0,SOLUSDT,1h
2026-03-21 16:00:00+00:00,89.77,89.95,89.5,89.62,400985.67,2026-03-21 16:59:59.999000+00:00,35974621.5756,36759,184621.46,16565035.3803,0,SOLUSDT,1h
2026-03-21 17:00:00+00:00,89.63,89.65,89.3,89.5,304051.74,2026-03-21 17:59:59.999000+00:00,27220736.3791,29852,150169.07,13445230.9642,0,SOLUSDT,1h
2026-03-21 18:00:00+00:00,89.5,89.9,89.5,89.72,232715.85,2026-03-21 18:59:59.999000+00:00,20868078.8442,25924,142766.96,12801558.676,0,SOLUSDT,1h
2026-03-21 19:00:00+00:00,89.72,89.86,89.64,89.73,134972.34,2026-03-21 19:59:59.999000+00:00,12116104.044,19654,65087.24,5842293.2829,0,SOLUSDT,1h
2026-03-21 20:00:00+00:00,89.74,90.36,89.72,90.1,432304.27,2026-03-21 20:59:59.999000+00:00,38942951.3963,32741,261471.98,23556094.4803,0,SOLUSDT,1h
2026-03-21 21:00:00+00:00,90.11,90.17,89.87,89.93,189151.59,2026-03-21 21:59:59.999000+00:00,17025154.2303,22647,81348.93,7322537.2744,0,SOLUSDT,1h
2026-03-21 22:00:00+00:00,89.93,90.02,89.74,89.82,193817.69,2026-03-21 22:59:59.999000+00:00,17418407.4849,22834,90150.37,8101390.5848,0,SOLUSDT,1h
2026-03-21 23:00:00+00:00,89.82,89.84,87.0,87.5,2128954.0,2026-03-21 23:59:59.999000+00:00,187729632.0248,154274,880468.77,77627515.5987,0,SOLUSDT,1h
2026-03-22 00:00:00+00:00,87.5,87.72,86.18,87.26,2725095.63,2026-03-22 00:59:59.999000+00:00,237077639.6359,205508,1381714.56,120229865.3868,0,SOLUSDT,1h
2026-03-22 01:00:00+00:00,87.26,87.66,86.9,87.39,904173.96,2026-03-22 01:59:59.999000+00:00,78901384.6049,74311,416970.83,36396715.2059,0,SOLUSDT,1h
2026-03-22 02:00:00+00:00,87.39,88.43,87.36,88.11,829039.79,2026-03-22 02:59:59.999000+00:00,72862318.1801,68678,461016.52,40517994.5862,0,SOLUSDT,1h
2026-03-22 03:00:00+00:00,88.11,89.11,87.69,88.61,1221670.56,2026-03-22 03:59:59.999000+00:00,108118946.7892,82416,685875.17,60726640.3892,0,SOLUSDT,1h
2026-03-22 04:00:00+00:00,88.6,89.14,88.51,88.96,881462.7,2026-03-22 04:59:59.999000+00:00,78304749.5021,67096,482988.72,42908235.1279,0,SOLUSDT,1h
2026-03-22 05:00:00+00:00,88.96,88.96,88.39,88.42,500512.3,2026-03-22 05:59:59.999000+00:00,44344851.9638,41803,192873.58,17088791.4946,0,SOLUSDT,1h
2026-03-22 06:00:00+00:00,88.42,88.42,88.07,88.14,377236.97,2026-03-22 06:59:59.999000+00:00,33284282.9162,37494,165562.38,14609588.896,0,SOLUSDT,1h
2026-03-22 07:00:00+00:00,88.14,88.28,87.61,87.65,477139.73,2026-03-22 07:59:59.999000+00:00,41972369.7848,44945,198403.0,17458866.7825,0,SOLUSDT,1h
2026-03-22 08:00:00+00:00,87.65,87.69,86.79,87.32,1205823.93,2026-03-22 08:59:59.999000+00:00,105158584.1474,84919,580552.69,50635207.16,0,SOLUSDT,1h
2026-03-22 09:00:00+00:00,87.31,87.62,87.11,87.26,485423.85,2026-03-22 09:59:59.999000+00:00,42397538.0978,43247,230296.71,20115809.2094,0,SOLUSDT,1h
2026-03-22 10:00:00+00:00,87.26,87.44,87.15,87.26,303552.75,2026-03-22 10:59:59.999000+00:00,26499237.6455,34446,150821.09,13166741.9598,0,SOLUSDT,1h
2026-03-22 11:00:00+00:00,87.26,87.4,86.77,86.79,619638.8,2026-03-22 11:59:59.999000+00:00,53966481.9945,53625,282976.53,24648457.8397,0,SOLUSDT,1h
2026-03-22 12:00:00+00:00,86.79,87.41,86.75,87.21,592475.09,2026-03-22 12:59:59.999000+00:00,51593459.9852,53700,323999.08,28219199.4833,0,SOLUSDT,1h
2026-03-22 13:00:00+00:00,87.22,87.68,86.95,87.26,535567.95,2026-03-22 13:59:59.999000+00:00,46777159.6973,48575,299019.38,26124904.7378,0,SOLUSDT,1h
2026-03-22 14:00:00+00:00,87.27,87.55,86.98,87.16,349476.85,2026-03-22 14:59:59.999000+00:00,30498806.6754,37687,176164.4,15376134.1383,0,SOLUSDT,1h
2026-03-22 15:00:00+00:00,87.15,87.54,87.12,87.53,398927.59,2026-03-22 15:59:59.999000+00:00,34836343.4896,37966,230951.29,20169243.4009,0,SOLUSDT,1h
2026-03-22 16:00:00+00:00,87.53,87.66,87.21,87.43,505666.93,2026-03-22 16:59:59.999000+00:00,44220297.6402,39779,256363.73,22417220.2622,0,SOLUSDT,1h
2026-03-22 17:00:00+00:00,87.43,87.51,87.15,87.21,276012.56,2026-03-22 17:59:59.999000+00:00,24104526.1996,33047,117948.59,10301510.9497,0,SOLUSDT,1h
2026-03-22 18:00:00+00:00,87.21,87.27,86.4,86.95,629422.09,2026-03-22 18:59:59.999000+00:00,54669526.2264,54916,297116.41,25818111.1547,0,SOLUSDT,1h
2026-03-22 19:00:00+00:00,86.96,86.98,86.51,86.83,416058.74,2026-03-22 19:59:59.999000+00:00,36093592.0479,45363,220907.33,19164416.4992,0,SOLUSDT,1h
2026-03-22 20:00:00+00:00,86.83,87.15,86.48,86.55,403794.19,2026-03-22 20:59:59.999000+00:00,35042045.2031,42786,206895.06,17960161.943,0,SOLUSDT,1h
2026-03-22 21:00:00+00:00,86.54,86.6,85.04,85.94,1880211.88,2026-03-22 21:59:59.999000+00:00,161196926.0324,134341,780638.11,66934610.7477,0,SOLUSDT,1h
2026-03-22 22:00:00+00:00,85.94,86.74,85.44,86.69,1220960.55,2026-03-22 22:59:59.999000+00:00,105166737.4184,105355,639443.05,55083571.2775,0,SOLUSDT,1h
2026-03-22 23:00:00+00:00,86.7,86.99,85.94,86.15,645623.89,2026-03-22 23:59:59.999000+00:00,55837969.7279,66568,295292.64,25550474.7591,0,SOLUSDT,1h
2026-03-23 00:00:00+00:00,86.15,86.58,85.37,85.83,915516.66,2026-03-23 00:59:59.999000+00:00,78721273.1375,93274,439688.53,37828339.8209,0,SOLUSDT,1h
2026-03-23 01:00:00+00:00,85.84,86.57,85.68,86.03,586715.54,2026-03-23 01:59:59.999000+00:00,50608589.5175,69130,304262.46,26244477.0232,0,SOLUSDT,1h
2026-03-23 02:00:00+00:00,86.04,86.96,86.0,86.65,601930.64,2026-03-23 02:59:59.999000+00:00,52091976.6669,66822,357711.47,30963983.9146,0,SOLUSDT,1h
2026-03-23 03:00:00+00:00,86.66,87.19,86.33,86.37,577669.88,2026-03-23 03:59:59.999000+00:00,50096010.7649,63778,301879.38,26188105.6992,0,SOLUSDT,1h
2026-03-23 04:00:00+00:00,86.37,86.89,86.26,86.88,438879.54,2026-03-23 04:59:59.999000+00:00,37997108.9764,53280,244399.72,21164726.3553,0,SOLUSDT,1h
2026-03-23 05:00:00+00:00,86.88,87.32,86.8,87.12,873308.41,2026-03-23 05:59:59.999000+00:00,76022180.2587,74408,444812.85,38720309.982,0,SOLUSDT,1h
2026-03-23 06:00:00+00:00,87.12,87.12,85.38,85.67,1099118.42,2026-03-23 06:59:59.999000+00:00,94555758.8653,93424,497312.45,42779824.8613,0,SOLUSDT,1h
2026-03-23 07:00:00+00:00,85.68,86.18,85.0,85.94,1561426.64,2026-03-23 07:59:59.999000+00:00,133595090.3441,110946,740715.92,63411961.9276,0,SOLUSDT,1h
2026-03-23 08:00:00+00:00,85.94,86.42,85.79,85.9,730646.8,2026-03-23 08:59:59.999000+00:00,62945594.4877,70594,382606.75,32964573.9732,0,SOLUSDT,1h
2026-03-23 09:00:00+00:00,85.89,85.98,85.12,85.72,804806.11,2026-03-23 09:59:59.999000+00:00,68849279.3791,69458,395904.91,33867212.8221,0,SOLUSDT,1h
2026-03-23 10:00:00+00:00,85.72,86.29,85.6,86.01,694762.58,2026-03-23 10:59:59.999000+00:00,59720625.2486,59800,349469.27,30038365.8879,0,SOLUSDT,1h
2026-03-23 11:00:00+00:00,86.02,91.93,85.99,88.74,9209343.99,2026-03-23 11:59:59.999000+00:00,828791734.6292,593345,4805446.23,432143363.7766,0,SOLUSDT,1h
2026-03-23 12:00:00+00:00,88.74,90.45,88.28,90.17,2511786.5,2026-03-23 12:59:59.999000+00:00,224625545.3123,200640,1280646.45,114548981.3073,0,SOLUSDT,1h
2026-03-23 13:00:00+00:00,90.18,91.45,89.83,91.31,2232256.29,2026-03-23 13:59:59.999000+00:00,202299243.7964,183466,1114242.15,101033759.4321,0,SOLUSDT,1h
2026-03-23 14:00:00+00:00,91.31,91.69,91.02,91.48,1863714.53,2026-03-23 14:59:59.999000+00:00,170285109.1662,159848,871018.42,79593098.4576,0,SOLUSDT,1h
2026-03-23 15:00:00+00:00,91.48,92.24,89.76,89.91,2852779.35,2026-03-23 15:59:59.999000+00:00,259513947.8295,193948,1388258.87,126349740.3019,0,SOLUSDT,1h
2026-03-23 16:00:00+00:00,89.9,90.41,89.35,90.29,1753258.33,2026-03-23 16:59:59.999000+00:00,157747492.4499,138455,918345.18,82619211.8522,0,SOLUSDT,1h
2026-03-23 17:00:00+00:00,90.29,91.35,89.64,91.21,1645973.33,2026-03-23 17:59:59.999000+00:00,149114727.3949,122045,868650.4,78714915.1638,0,SOLUSDT,1h
2026-03-23 18:00:00+00:00,91.21,91.77,90.87,91.56,991966.52,2026-03-23 18:59:59.999000+00:00,90612437.3541,89131,475877.82,43478212.9404,0,SOLUSDT,1h
2026-03-23 19:00:00+00:00,91.57,91.86,91.2,91.34,873577.73,2026-03-23 19:59:59.999000+00:00,79931613.1265,76028,445714.51,40788547.0547,0,SOLUSDT,1h
2026-03-23 20:00:00+00:00,91.34,92.0,91.2,91.74,573917.05,2026-03-23 20:59:59.999000+00:00,52598030.0354,55366,336030.52,30797785.2629,0,SOLUSDT,1h
2026-03-23 21:00:00+00:00,91.75,91.93,91.47,91.59,351227.2,2026-03-23 21:59:59.999000+00:00,32204859.3235,39989,162614.62,14911854.811,0,SOLUSDT,1h
2026-03-23 22:00:00+00:00,91.59,91.89,91.15,91.47,775362.05,2026-03-23 22:59:59.999000+00:00,70920866.4574,62644,415570.44,38013868.2348,0,SOLUSDT,1h
2026-03-23 23:00:00+00:00,91.48,91.54,90.93,91.4,572141.85,2026-03-23 23:59:59.999000+00:00,52193859.4329,53926,305108.85,27839858.9994,0,SOLUSDT,1h
2026-03-24 00:00:00+00:00,91.4,91.63,90.56,90.95,753964.25,2026-03-24 00:59:59.999000+00:00,68700836.3079,75195,372481.21,33947207.1698,0,SOLUSDT,1h
2026-03-24 01:00:00+00:00,90.95,91.02,90.1,90.37,618601.26,2026-03-24 01:59:59.999000+00:00,56039931.6307,69754,289995.06,26278351.5997,0,SOLUSDT,1h
2026-03-24 02:00:00+00:00,90.36,90.73,90.06,90.1,545079.17,2026-03-24 02:59:59.999000+00:00,49241837.5728,65663,264333.0,23882550.7862,0,SOLUSDT,1h
2026-03-24 03:00:00+00:00,90.1,90.31,89.91,90.29,621145.82,2026-03-24 03:59:59.999000+00:00,55956916.0294,58468,299428.4,26977924.7647,0,SOLUSDT,1h
2026-03-24 04:00:00+00:00,90.3,90.79,90.08,90.3,522300.76,2026-03-24 04:59:59.999000+00:00,47196092.5147,54792,243237.91,21984482.32,0,SOLUSDT,1h
2026-03-24 05:00:00+00:00,90.29,90.36,89.93,90.06,662474.06,2026-03-24 05:59:59.999000+00:00,59675755.3726,56927,287766.56,25924003.5128,0,SOLUSDT,1h
2026-03-24 06:00:00+00:00,90.07,90.49,90.0,90.41,527538.97,2026-03-24 06:59:59.999000+00:00,47617637.5402,47563,269006.23,24283554.013,0,SOLUSDT,1h
2026-03-24 07:00:00+00:00,90.41,91.86,90.34,91.67,1296932.42,2026-03-24 07:59:59.999000+00:00,118213974.4224,90119,751333.53,68492106.8453,0,SOLUSDT,1h
2026-03-24 08:00:00+00:00,91.68,91.92,91.22,91.53,1124669.71,2026-03-24 08:59:59.999000+00:00,103043940.0082,84007,576165.58,52794352.7961,0,SOLUSDT,1h
2026-03-24 09:00:00+00:00,91.54,92.12,91.08,92.08,1147486.08,2026-03-24 09:59:59.999000+00:00,105152579.754,74900,627957.28,57542646.5002,0,SOLUSDT,1h
2026-03-24 10:00:00+00:00,92.07,92.2,91.68,91.79,935110.97,2026-03-24 10:59:59.999000+00:00,85976385.4624,70294,455485.16,41885769.517,0,SOLUSDT,1h
2026-03-24 11:00:00+00:00,91.79,92.13,91.29,91.71,1073312.84,2026-03-24 11:59:59.999000+00:00,98383632.2046,87399,525080.56,48137047.8082,0,SOLUSDT,1h
2026-03-24 12:00:00+00:00,91.71,91.81,91.29,91.52,514283.82,2026-03-24 12:59:59.999000+00:00,47103104.29,58544,239227.59,21912476.6807,0,SOLUSDT,1h
2026-03-24 13:00:00+00:00,91.52,91.7,89.45,89.81,3205733.39,2026-03-24 13:59:59.999000+00:00,289500105.2786,178666,1504425.84,135802843.0843,0,SOLUSDT,1h
2026-03-24 14:00:00+00:00,89.81,90.17,88.62,89.5,3349225.91,2026-03-24 14:59:59.999000+00:00,299569849.7321,211923,1622132.76,145132008.4993,0,SOLUSDT,1h
2026-03-24 15:00:00+00:00,89.51,90.25,89.44,89.67,1285744.2,2026-03-24 15:59:59.999000+00:00,115511036.4343,113105,601299.29,54021060.5393,0,SOLUSDT,1h
2026-03-24 16:00:00+00:00,89.68,89.92,89.0,89.21,1006160.03,2026-03-24 16:59:59.999000+00:00,90001807.2874,88264,418566.5,37452355.0824,0,SOLUSDT,1h
2026-03-24 17:00:00+00:00,89.22,89.33,88.65,89.11,1069476.33,2026-03-24 17:59:59.999000+00:00,95154516.281,94870,534052.06,47519920.4071,0,SOLUSDT,1h
2026-03-24 18:00:00+00:00,89.12,89.63,88.81,88.84,903764.52,2026-03-24 18:59:59.999000+00:00,80569323.7831,73303,493597.94,44008411.5967,0,SOLUSDT,1h
2026-03-24 19:00:00+00:00,88.84,89.24,88.35,88.46,950681.44,2026-03-24 19:59:59.999000+00:00,84400369.5209,70968,430051.08,38189596.3158,0,SOLUSDT,1h
2026-03-24 20:00:00+00:00,88.46,90.2,88.43,89.98,1608375.85,2026-03-24 20:59:59.999000+00:00,144043540.2405,114496,844644.78,75626561.1783,0,SOLUSDT,1h
2026-03-24 21:00:00+00:00,89.98,90.57,89.64,90.32,603695.79,2026-03-24 21:59:59.999000+00:00,54376259.1521,56787,331535.44,29871897.0713,0,SOLUSDT,1h
2026-03-24 22:00:00+00:00,90.32,90.73,90.02,90.26,579735.54,2026-03-24 22:59:59.999000+00:00,52392379.3203,60773,280249.1,25334804.6404,0,SOLUSDT,1h
2026-03-24 23:00:00+00:00,90.26,91.1,90.17,90.75,925555.32,2026-03-24 23:59:59.999000+00:00,84051511.052,62844,490988.92,44571905.6406,0,SOLUSDT,1h
2026-03-25 00:00:00+00:00,90.76,91.58,90.67,91.27,844531.66,2026-03-25 00:59:59.999000+00:00,77009300.0185,72717,450243.87,41062073.4682,0,SOLUSDT,1h
2026-03-25 01:00:00+00:00,91.27,91.43,90.88,90.9,546855.58,2026-03-25 01:59:59.999000+00:00,49836172.7674,59354,250740.55,22852773.1083,0,SOLUSDT,1h
2026-03-25 02:00:00+00:00,90.91,91.47,90.77,91.09,550043.7,2026-03-25 02:59:59.999000+00:00,50114811.4819,49473,280415.38,25550864.2998,0,SOLUSDT,1h
2026-03-25 03:00:00+00:00,91.09,91.9,90.74,91.66,1044485.94,2026-03-25 03:59:59.999000+00:00,95462107.9749,66976,515371.42,47116697.3967,0,SOLUSDT,1h
2026-03-25 04:00:00+00:00,91.66,92.08,91.54,92.02,675404.05,2026-03-25 04:59:59.999000+00:00,61973298.1131,52837,387278.55,35541486.5504,0,SOLUSDT,1h
2026-03-25 05:00:00+00:00,92.02,92.95,91.93,92.38,1320765.57,2026-03-25 05:59:59.999000+00:00,122155081.9676,102673,738873.89,68339456.8542,0,SOLUSDT,1h
2026-03-25 06:00:00+00:00,92.38,92.87,92.23,92.34,835994.85,2026-03-25 06:59:59.999000+00:00,77381555.3027,68075,418141.92,38704154.1373,0,SOLUSDT,1h
2026-03-25 07:00:00+00:00,92.34,92.47,91.71,91.77,758679.62,2026-03-25 07:59:59.999000+00:00,69884928.2597,63963,314953.62,29014051.1106,0,SOLUSDT,1h
2026-03-25 08:00:00+00:00,91.78,92.71,91.78,92.32,963860.63,2026-03-25 08:59:59.999000+00:00,88898896.9038,85853,560409.16,51687950.8948,0,SOLUSDT,1h
2026-03-25 09:00:00+00:00,92.31,92.63,92.09,92.52,612288.61,2026-03-25 09:59:59.999000+00:00,56572804.7272,55667,325726.85,30098118.3531,0,SOLUSDT,1h
2026-03-25 10:00:00+00:00,92.52,92.68,92.34,92.61,461186.23,2026-03-25 10:59:59.999000+00:00,42661848.2335,44838,223745.18,20700660.4272,0,SOLUSDT,1h
2026-03-25 11:00:00+00:00,92.6,93.46,92.41,92.94,1467506.63,2026-03-25 11:59:59.999000+00:00,136426437.6957,96677,831281.42,77290577.1055,0,SOLUSDT,1h
2026-03-25 12:00:00+00:00,92.95,93.4,92.3,92.99,1258833.89,2026-03-25 12:59:59.999000+00:00,116772494.1235,103453,676261.68,62746332.2561,0,SOLUSDT,1h
2026-03-25 13:00:00+00:00,93.0,93.38,92.64,92.68,831015.94,2026-03-25 13:59:59.999000+00:00,77313364.7321,86987,395630.21,36814941.5199,0,SOLUSDT,1h
2026-03-25 14:00:00+00:00,92.68,92.87,91.86,91.91,1360751.34,2026-03-25 14:59:59.999000+00:00,125561268.6085,116328,700947.47,64680129.154,0,SOLUSDT,1h
2026-03-25 15:00:00+00:00,91.92,92.04,90.96,91.72,1619029.5,2026-03-25 15:59:59.999000+00:00,148183693.0595,122819,816917.6,74764488.8519,0,SOLUSDT,1h
2026-03-25 16:00:00+00:00,91.72,92.72,91.55,92.18,1128086.72,2026-03-25 16:59:59.999000+00:00,104033250.4302,97661,609434.06,56203167.3987,0,SOLUSDT,1h
2026-03-25 17:00:00+00:00,92.17,92.33,91.55,91.67,641692.19,2026-03-25 17:59:59.999000+00:00,59004153.5695,67618,335187.28,30827869.7993,0,SOLUSDT,1h
2026-03-25 18:00:00+00:00,91.68,92.15,91.41,91.65,520967.57,2026-03-25 18:59:59.999000+00:00,47830506.3345,56995,294515.42,27045607.3357,0,SOLUSDT,1h
2026-03-25 19:00:00+00:00,91.65,91.95,91.35,91.72,454440.11,2026-03-25 19:59:59.999000+00:00,41661840.8069,54578,252376.72,23138811.3452,0,SOLUSDT,1h
2026-03-25 20:00:00+00:00,91.72,91.74,91.05,91.45,586745.53,2026-03-25 20:59:59.999000+00:00,53582715.6957,50884,305818.11,27927638.6759,0,SOLUSDT,1h
2026-03-25 21:00:00+00:00,91.45,91.59,91.11,91.22,345104.22,2026-03-25 21:59:59.999000+00:00,31516318.8132,37702,192127.02,17544035.215,0,SOLUSDT,1h
2026-03-25 22:00:00+00:00,91.22,91.9,90.98,91.69,844613.08,2026-03-25 22:59:59.999000+00:00,77252226.3445,67827,451877.53,41330472.2857,0,SOLUSDT,1h
2026-03-25 23:00:00+00:00,91.69,91.8,91.42,91.65,341400.4,2026-03-25 23:59:59.999000+00:00,31280452.7102,35304,162313.73,14873520.5332,0,SOLUSDT,1h
2026-03-26 00:00:00+00:00,91.65,91.92,91.44,91.64,474752.84,2026-03-26 00:59:59.999000+00:00,43531308.2079,45166,219396.05,20115385.6894,0,SOLUSDT,1h
2026-03-26 01:00:00+00:00,91.64,91.91,91.53,91.76,351803.52,2026-03-26 01:59:59.999000+00:00,32281945.0412,39213,192179.46,17634428.243,0,SOLUSDT,1h
2026-03-26 02:00:00+00:00,91.76,91.79,90.6,90.89,836805.0,2026-03-26 02:59:59.999000+00:00,76165534.6059,70436,388860.14,35388844.6393,0,SOLUSDT,1h
2026-03-26 03:00:00+00:00,90.89,91.1,90.53,91.01,596997.83,2026-03-26 03:59:59.999000+00:00,54218862.0834,53694,326435.78,29649580.7571,0,SOLUSDT,1h
2026-03-26 04:00:00+00:00,91.02,91.02,90.61,90.76,338427.17,2026-03-26 04:59:59.999000+00:00,30727467.4555,37854,158225.31,14366304.8457,0,SOLUSDT,1h
2026-03-26 05:00:00+00:00,90.75,90.79,89.04,89.18,2181533.01,2026-03-26 05:59:59.999000+00:00,196032258.9511,130928,999891.14,89833312.9815,0,SOLUSDT,1h
2026-03-26 06:00:00+00:00,89.17,89.24,88.81,88.99,1466963.82,2026-03-26 06:59:59.999000+00:00,130589333.6215,101468,765886.03,68181832.0398,0,SOLUSDT,1h
2026-03-26 07:00:00+00:00,88.99,89.33,88.72,89.04,1081714.05,2026-03-26 07:59:59.999000+00:00,96288516.0714,74315,546738.15,48673274.2168,0,SOLUSDT,1h
2026-03-26 08:00:00+00:00,89.03,89.04,88.58,88.81,731548.71,2026-03-26 08:59:59.999000+00:00,64929062.0754,62768,375180.89,33300201.0988,0,SOLUSDT,1h
2026-03-26 09:00:00+00:00,88.81,88.97,87.66,88.05,1505666.57,2026-03-26 09:59:59.999000+00:00,132749371.7758,104559,614423.84,54182382.5671,0,SOLUSDT,1h
2026-03-26 10:00:00+00:00,88.05,88.27,87.69,87.88,838481.3,2026-03-26 10:59:59.999000+00:00,73767585.4438,69836,399545.46,35155229.2483,0,SOLUSDT,1h
2026-03-26 11:00:00+00:00,87.88,88.06,87.37,87.51,1011673.18,2026-03-26 11:59:59.999000+00:00,88672187.0966,73369,493620.86,43271461.3574,0,SOLUSDT,1h
2026-03-26 12:00:00+00:00,87.51,87.75,87.31,87.51,795749.8,2026-03-26 12:59:59.999000+00:00,69636855.9758,61275,401613.43,35149861.1901,0,SOLUSDT,1h
2026-03-26 13:00:00+00:00,87.51,88.19,87.25,87.86,1916351.15,2026-03-26 13:59:59.999000+00:00,168163754.4753,121389,860797.59,75541903.9863,0,SOLUSDT,1h
2026-03-26 14:00:00+00:00,87.86,88.12,87.07,87.48,1063822.78,2026-03-26 14:59:59.999000+00:00,93192153.2663,97964,497579.63,43603712.8962,0,SOLUSDT,1h
2026-03-26 15:00:00+00:00,87.47,87.76,86.66,87.47,1739809.35,2026-03-26 15:59:59.999000+00:00,151698254.2023,112215,711116.61,62013756.1591,0,SOLUSDT,1h
2026-03-26 16:00:00+00:00,87.47,87.68,87.0,87.15,981562.42,2026-03-26 16:59:59.999000+00:00,85730730.6055,67135,432561.65,37791281.0835,0,SOLUSDT,1h
2026-03-26 17:00:00+00:00,87.15,87.44,86.47,86.58,1048148.83,2026-03-26 17:59:59.999000+00:00,91132832.285,73797,473113.66,41151784.0829,0,SOLUSDT,1h
2026-03-26 18:00:00+00:00,86.58,86.77,85.66,85.99,2050649.56,2026-03-26 18:59:59.999000+00:00,176563209.2911,114763,803792.23,69205955.5049,0,SOLUSDT,1h
2026-03-26 19:00:00+00:00,85.98,86.01,85.37,85.41,996415.94,2026-03-26 19:59:59.999000+00:00,85379485.103,79353,438957.09,37616246.0938,0,SOLUSDT,1h
2026-03-26 20:00:00+00:00,85.41,87.13,85.37,86.28,2427953.68,2026-03-26 20:59:59.999000+00:00,210071479.968,137875,1286243.53,111289233.3521,0,SOLUSDT,1h
2026-03-26 21:00:00+00:00,86.28,87.09,86.14,86.76,711628.16,2026-03-26 21:59:59.999000+00:00,61729807.8562,64673,367081.03,31840708.4949,0,SOLUSDT,1h
2026-03-26 22:00:00+00:00,86.75,86.83,86.16,86.76,516511.06,2026-03-26 22:59:59.999000+00:00,44695601.8141,59674,252188.13,21822831.1146,0,SOLUSDT,1h
2026-03-26 23:00:00+00:00,86.75,86.9,86.16,86.47,820573.86,2026-03-26 23:59:59.999000+00:00,70918777.4637,55670,395485.93,34173271.6272,0,SOLUSDT,1h
2026-03-27 00:00:00+00:00,86.47,86.74,86.11,86.5,541308.05,2026-03-27 00:59:59.999000+00:00,46781542.635,57754,294933.89,25491905.4372,0,SOLUSDT,1h
2026-03-27 01:00:00+00:00,86.49,86.85,86.39,86.82,398406.71,2026-03-27 01:59:59.999000+00:00,34532113.7667,43299,198690.52,17223921.1374,0,SOLUSDT,1h
2026-03-27 02:00:00+00:00,86.83,86.99,86.46,86.63,318232.68,2026-03-27 02:59:59.999000+00:00,27602895.4029,37156,137971.78,11969697.1296,0,SOLUSDT,1h
2026-03-27 03:00:00+00:00,86.64,86.73,86.28,86.36,326195.62,2026-03-27 03:59:59.999000+00:00,28197540.7148,36269,143538.8,12408169.4106,0,SOLUSDT,1h
2026-03-27 04:00:00+00:00,86.37,86.38,85.68,86.1,898663.04,2026-03-27 04:59:59.999000+00:00,77263994.0721,59919,380858.97,32745139.0667,0,SOLUSDT,1h
2026-03-27 05:00:00+00:00,86.11,86.73,85.87,86.04,758070.13,2026-03-27 05:59:59.999000+00:00,65318681.5388,56229,389989.03,33603368.3531,0,SOLUSDT,1h
2026-03-27 06:00:00+00:00,86.03,86.34,85.83,86.0,469887.75,2026-03-27 06:59:59.999000+00:00,40450759.4979,44351,237471.82,20443229.458,0,SOLUSDT,1h
2026-03-27 07:00:00+00:00,86.0,86.3,85.63,85.86,697257.7,2026-03-27 07:59:59.999000+00:00,59928807.0677,57031,337161.7,28983813.4052,0,SOLUSDT,1h
2026-03-27 08:00:00+00:00,85.87,86.07,84.3,85.05,2301994.26,2026-03-27 08:59:59.999000+00:00,195816773.62,137414,1002486.54,85259134.9381,0,SOLUSDT,1h
2026-03-27 09:00:00+00:00,85.05,85.2,84.35,85.01,921172.32,2026-03-27 09:59:59.999000+00:00,78196368.8026,69609,465052.92,39483215.8116,0,SOLUSDT,1h
2026-03-27 10:00:00+00:00,85.02,85.1,82.55,82.93,3388859.22,2026-03-27 10:59:59.999000+00:00,283282697.7939,176512,1457683.7,121754420.2874,0,SOLUSDT,1h
2026-03-27 11:00:00+00:00,82.93,83.55,82.56,83.3,1332947.29,2026-03-27 11:59:59.999000+00:00,110885634.623,98943,686048.48,57074087.4265,0,SOLUSDT,1h
2026-03-27 12:00:00+00:00,83.31,83.37,82.95,83.02,1107509.59,2026-03-27 12:59:59.999000+00:00,92086356.7776,70049,485755.0,40393859.775,0,SOLUSDT,1h
2026-03-27 13:00:00+00:00,83.02,83.5,82.34,82.87,1682377.11,2026-03-27 13:59:59.999000+00:00,139571407.4109,110310,783093.27,64994190.6765,0,SOLUSDT,1h
2026-03-27 14:00:00+00:00,82.86,83.28,82.53,83.11,1300637.6,2026-03-27 14:59:59.999000+00:00,107785643.3679,93777,623398.22,51671614.3877,0,SOLUSDT,1h
2026-03-27 15:00:00+00:00,83.11,83.94,82.89,83.24,1920367.55,2026-03-27 15:59:59.999000+00:00,160219678.2362,108505,973793.33,81278325.5431,0,SOLUSDT,1h
2026-03-27 16:00:00+00:00,83.25,83.28,82.56,82.95,1203775.78,2026-03-27 16:59:59.999000+00:00,99779246.7034,92821,611411.29,50681636.2837,0,SOLUSDT,1h
2026-03-27 17:00:00+00:00,82.95,83.36,82.02,82.17,1403246.68,2026-03-27 17:59:59.999000+00:00,115881816.6582,89007,586807.21,48478466.9444,0,SOLUSDT,1h
2026-03-27 18:00:00+00:00,82.17,82.45,81.76,82.32,1048660.86,2026-03-27 18:59:59.999000+00:00,86166450.4486,80214,519485.89,42695895.4527,0,SOLUSDT,1h
2026-03-27 19:00:00+00:00,82.33,82.84,81.99,82.73,841207.91,2026-03-27 19:59:59.999000+00:00,69346684.8184,72197,412380.63,34002395.1537,0,SOLUSDT,1h
2026-03-27 20:00:00+00:00,82.73,82.91,82.3,82.71,464136.92,2026-03-27 20:59:59.999000+00:00,38348513.1573,44003,225131.47,18602486.5748,0,SOLUSDT,1h
2026-03-27 21:00:00+00:00,82.72,82.98,82.62,82.68,290612.21,2026-03-27 21:59:59.999000+00:00,24074630.0349,34261,144052.31,11934154.9128,0,SOLUSDT,1h
2026-03-27 22:00:00+00:00,82.68,82.78,82.46,82.66,224607.76,2026-03-27 22:59:59.999000+00:00,18560790.1508,28527,105235.03,8697209.9566,0,SOLUSDT,1h
2026-03-27 23:00:00+00:00,82.67,83.06,82.33,83.03,378924.43,2026-03-27 23:59:59.999000+00:00,31353274.4988,36321,196906.09,16304926.8524,0,SOLUSDT,1h
2026-03-28 00:00:00+00:00,83.03,83.03,82.67,82.78,384864.94,2026-03-28 00:59:59.999000+00:00,31875600.9359,39768,187326.98,15514376.1178,0,SOLUSDT,1h
2026-03-28 01:00:00+00:00,82.79,82.81,82.19,82.6,510490.63,2026-03-28 01:59:59.999000+00:00,42108233.8204,48784,227427.26,18760983.5612,0,SOLUSDT,1h
2026-03-28 02:00:00+00:00,82.6,82.85,82.31,82.52,322527.01,2026-03-28 02:59:59.999000+00:00,26625984.8497,36470,161511.18,13335420.5745,0,SOLUSDT,1h
2026-03-28 03:00:00+00:00,82.52,82.67,82.45,82.54,240721.89,2026-03-28 03:59:59.999000+00:00,19878108.2775,26732,119585.23,9876118.4986,0,SOLUSDT,1h
2026-03-28 04:00:00+00:00,82.54,82.73,82.34,82.51,496481.25,2026-03-28 04:59:59.999000+00:00,40978269.8469,34882,233462.6,19274149.642,0,SOLUSDT,1h
2026-03-28 05:00:00+00:00,82.51,82.73,82.31,82.7,472355.81,2026-03-28 05:59:59.999000+00:00,38994605.5379,35825,265712.53,21936791.2646,0,SOLUSDT,1h
2026-03-28 06:00:00+00:00,82.7,83.22,82.59,83.11,691624.31,2026-03-28 06:59:59.999000+00:00,57426146.6338,46629,390701.89,32441891.2262,0,SOLUSDT,1h
2026-03-28 07:00:00+00:00,83.11,83.61,83.1,83.54,576659.75,2026-03-28 07:59:59.999000+00:00,48062940.2062,44331,369099.14,30760425.9993,0,SOLUSDT,1h
2026-03-28 08:00:00+00:00,83.55,83.67,83.3,83.34,554478.47,2026-03-28 08:59:59.999000+00:00,46291592.8374,43237,235727.96,19685069.448,0,SOLUSDT,1h
2026-03-28 09:00:00+00:00,83.33,83.34,82.86,82.99,539313.23,2026-03-28 09:59:59.999000+00:00,44791350.8364,40804,234370.27,19464527.2932,0,SOLUSDT,1h
2026-03-28 10:00:00+00:00,83.0,83.29,82.65,82.97,630668.52,2026-03-28 10:59:59.999000+00:00,52289912.2688,53530,313235.43,25974177.1035,0,SOLUSDT,1h
2026-03-28 11:00:00+00:00,82.97,83.03,82.85,82.89,305904.98,2026-03-28 11:59:59.999000+00:00,25371960.4921,32473,162955.39,13516924.6531,0,SOLUSDT,1h
2026-03-28 12:00:00+00:00,82.89,83.16,82.53,82.64,581205.61,2026-03-28 12:59:59.999000+00:00,48143194.3505,49384,283978.3,23533709.8964,0,SOLUSDT,1h
2026-03-28 13:00:00+00:00,82.64,84.09,82.63,83.3,1701980.78,2026-03-28 13:59:59.999000+00:00,141922046.4508,97751,919518.2,76689733.4524,0,SOLUSDT,1h
2026-03-28 14:00:00+00:00,83.31,83.47,82.92,83.17,1002245.89,2026-03-28 14:59:59.999000+00:00,83358141.0928,72873,454647.55,37817807.1883,0,SOLUSDT,1h
2026-03-28 15:00:00+00:00,83.16,84.35,83.12,83.75,1681743.92,2026-03-28 15:59:59.999000+00:00,140946711.1778,95030,877439.35,73540465.911,0,SOLUSDT,1h
2026-03-28 16:00:00+00:00,83.75,83.89,83.41,83.48,524164.44,2026-03-28 16:59:59.999000+00:00,43844895.2069,51526,230345.57,19270374.5024,0,SOLUSDT,1h
2026-03-28 17:00:00+00:00,83.49,83.68,83.07,83.24,502784.49,2026-03-28 17:59:59.999000+00:00,41886928.8857,46142,208774.89,17394258.3228,0,SOLUSDT,1h
2026-03-28 18:00:00+00:00,83.23,83.46,83.22,83.31,224048.5,2026-03-28 18:59:59.999000+00:00,18679473.0325,26628,107803.32,8988291.942,0,SOLUSDT,1h
2026-03-28 19:00:00+00:00,83.3,83.37,82.95,83.22,327555.71,2026-03-28 19:59:59.999000+00:00,27228625.5239,32792,125237.37,10412734.6205,0,SOLUSDT,1h
2026-03-28 20:00:00+00:00,83.22,83.45,83.21,83.34,260923.2,2026-03-28 20:59:59.999000+00:00,21747454.345,27609,147763.92,12316787.3827,0,SOLUSDT,1h
2026-03-28 21:00:00+00:00,83.33,83.37,82.27,82.62,907507.73,2026-03-28 21:59:59.999000+00:00,75144841.459,64047,387785.41,32111789.3615,0,SOLUSDT,1h
2026-03-28 22:00:00+00:00,82.62,82.85,82.4,82.74,388619.53,2026-03-28 22:59:59.999000+00:00,32124156.0446,36577,188279.44,15565651.4586,0,SOLUSDT,1h
2026-03-28 23:00:00+00:00,82.73,82.73,81.6,82.0,1009206.49,2026-03-28 23:59:59.999000+00:00,82767641.5575,74390,375511.33,30798109.9585,0,SOLUSDT,1h
2026-03-29 00:00:00+00:00,82.01,82.21,81.79,82.14,569400.2,2026-03-29 00:59:59.999000+00:00,46699869.9185,46593,282038.14,23135249.3542,0,SOLUSDT,1h
2026-03-29 01:00:00+00:00,82.14,82.45,82.01,82.4,549923.18,2026-03-29 01:59:59.999000+00:00,45237714.5918,45779,303176.56,24945226.2132,0,SOLUSDT,1h
2026-03-29 02:00:00+00:00,82.4,82.79,82.34,82.71,407703.33,2026-03-29 02:59:59.999000+00:00,33659730.0651,36301,223270.81,18433741.5098,0,SOLUSDT,1h
2026-03-29 03:00:00+00:00,82.7,83.19,82.62,82.93,536909.66,2026-03-29 03:59:59.999000+00:00,44527621.1592,42878,285364.24,23666509.8038,0,SOLUSDT,1h
2026-03-29 04:00:00+00:00,82.93,82.97,82.64,82.72,234080.66,2026-03-29 04:59:59.999000+00:00,19376440.9348,25824,105094.97,8699226.5526,0,SOLUSDT,1h
2026-03-29 05:00:00+00:00,82.72,82.82,82.34,82.64,484734.35,2026-03-29 05:59:59.999000+00:00,40032262.2935,39555,229182.01,18928645.3082,0,SOLUSDT,1h
2026-03-29 06:00:00+00:00,82.64,82.77,82.24,82.42,453023.12,2026-03-29 06:59:59.999000+00:00,37350636.0959,36704,209235.77,17250475.1808,0,SOLUSDT,1h
2026-03-29 07:00:00+00:00,82.42,82.58,82.16,82.38,314464.27,2026-03-29 07:59:59.999000+00:00,25891470.6585,32808,150635.44,12403960.9729,0,SOLUSDT,1h
2026-03-29 08:00:00+00:00,82.39,82.56,82.28,82.4,261667.22,2026-03-29 08:59:59.999000+00:00,21569923.6566,26046,143603.58,11839021.9898,0,SOLUSDT,1h
2026-03-29 09:00:00+00:00,82.4,82.49,82.07,82.3,302866.66,2026-03-29 09:59:59.999000+00:00,24921724.6172,30310,141958.38,11682084.4828,0,SOLUSDT,1h
2026-03-29 10:00:00+00:00,82.29,82.29,81.92,82.07,517411.06,2026-03-29 10:59:59.999000+00:00,42475236.6998,37875,217680.24,17873541.4185,0,SOLUSDT,1h
2026-03-29 11:00:00+00:00,82.06,82.79,82.06,82.52,684947.07,2026-03-29 11:59:59.999000+00:00,56509357.6826,49734,376147.01,31028208.0831,0,SOLUSDT,1h
2026-03-29 12:00:00+00:00,82.52,82.59,82.17,82.38,301035.74,2026-03-29 12:59:59.999000+00:00,24794545.6139,31925,149962.55,12350625.2659,0,SOLUSDT,1h
2026-03-29 13:00:00+00:00,82.38,82.42,81.62,81.86,907595.11,2026-03-29 13:59:59.999000+00:00,74335673.0629,63594,402831.37,32995990.8881,0,SOLUSDT,1h
2026-03-29 14:00:00+00:00,81.87,82.38,81.64,81.88,762382.2,2026-03-29 14:59:59.999000+00:00,62436246.8545,57228,365486.51,29933263.0504,0,SOLUSDT,1h
2026-03-29 15:00:00+00:00,81.88,82.09,81.21,81.76,1048444.4,2026-03-29 15:59:59.999000+00:00,85597016.2602,70564,504473.32,41202820.3437,0,SOLUSDT,1h
2026-03-29 16:00:00+00:00,81.75,82.08,81.55,81.63,497674.34,2026-03-29 16:59:59.999000+00:00,40710795.1599,44385,260550.97,21314068.31,0,SOLUSDT,1h
2026-03-29 17:00:00+00:00,81.64,81.79,81.06,81.5,928831.84,2026-03-29 17:59:59.999000+00:00,75578053.407,63040,414850.79,33753529.787,0,SOLUSDT,1h
2026-03-29 18:00:00+00:00,81.51,81.88,81.33,81.75,655438.56,2026-03-29 18:59:59.999000+00:00,53516379.0585,41121,288343.43,23539192.7771,0,SOLUSDT,1h
2026-03-29 19:00:00+00:00,81.74,81.83,81.48,81.56,360090.39,2026-03-29 19:59:59.999000+00:00,29405146.3626,30594,142822.8,11663738.3983,0,SOLUSDT,1h
2026-03-29 20:00:00+00:00,81.55,82.18,81.54,81.87,467384.31,2026-03-29 20:59:59.999000+00:00,38273787.7272,38531,238503.39,19533992.5814,0,SOLUSDT,1h
2026-03-29 21:00:00+00:00,81.88,82.17,81.77,82.1,350052.66,2026-03-29 21:59:59.999000+00:00,28697780.8745,33629,213018.97,17466392.5801,0,SOLUSDT,1h
2026-03-29 22:00:00+00:00,82.1,82.11,78.77,80.85,3675283.05,2026-03-29 22:59:59.999000+00:00,295086292.6119,230598,1652692.45,132705262.5338,0,SOLUSDT,1h
2026-03-29 23:00:00+00:00,80.86,81.65,80.81,81.34,1446577.08,2026-03-29 23:59:59.999000+00:00,117526090.1026,130712,748731.59,60838061.057,0,SOLUSDT,1h
2026-03-30 00:00:00+00:00,81.34,82.95,81.06,81.82,1917122.05,2026-03-30 00:59:59.999000+00:00,157360827.5611,151334,990522.97,81320399.6149,0,SOLUSDT,1h
2026-03-30 01:00:00+00:00,81.83,82.84,81.82,82.66,831478.97,2026-03-30 01:59:59.999000+00:00,68520678.1083,88877,439553.1,36223182.4429,0,SOLUSDT,1h
2026-03-30 02:00:00+00:00,82.66,83.91,82.42,83.29,1374763.64,2026-03-30 02:59:59.999000+00:00,114385041.769,120117,743471.54,61867071.2812,0,SOLUSDT,1h
2026-03-30 03:00:00+00:00,83.3,83.5,82.87,83.24,868982.68,2026-03-30 03:59:59.999000+00:00,72281908.3284,80731,409378.5,34062113.9279,0,SOLUSDT,1h
2026-03-30 04:00:00+00:00,83.24,83.83,83.2,83.73,831937.29,2026-03-30 04:59:59.999000+00:00,69492065.4856,71409,445143.54,37186331.3772,0,SOLUSDT,1h
2026-03-30 05:00:00+00:00,83.73,84.15,83.43,83.59,1205750.74,2026-03-30 05:59:59.999000+00:00,101022148.3264,78463,612651.12,51334309.8146,0,SOLUSDT,1h
2026-03-30 06:00:00+00:00,83.59,83.84,83.36,83.43,493356.59,2026-03-30 06:59:59.999000+00:00,41211298.4936,47211,248113.28,20728580.9723,0,SOLUSDT,1h
2026-03-30 07:00:00+00:00,83.42,84.25,83.27,83.98,843072.51,2026-03-30 07:59:59.999000+00:00,70636955.7094,62643,454470.74,38078273.1226,0,SOLUSDT,1h
2026-03-30 08:00:00+00:00,83.98,84.98,83.95,84.48,1646499.14,2026-03-30 08:59:59.999000+00:00,138970033.7622,101845,913652.39,77136791.4775,0,SOLUSDT,1h
2026-03-30 09:00:00+00:00,84.48,84.48,84.07,84.09,556513.24,2026-03-30 09:59:59.999000+00:00,46888971.9298,45297,240896.82,20297517.0008,0,SOLUSDT,1h
2026-03-30 10:00:00+00:00,84.1,84.18,83.45,83.88,901199.39,2026-03-30 10:59:59.999000+00:00,75573609.0262,55569,427248.85,35834276.8683,0,SOLUSDT,1h
2026-03-30 11:00:00+00:00,83.88,84.65,83.81,84.21,920864.85,2026-03-30 11:59:59.999000+00:00,77496914.9881,73292,483367.95,40690445.0581,0,SOLUSDT,1h
2026-03-30 12:00:00+00:00,84.21,84.57,84.08,84.45,660465.45,2026-03-30 12:59:59.999000+00:00,55694300.8601,56960,317698.25,26792059.1743,0,SOLUSDT,1h
2026-03-30 13:00:00+00:00,84.46,84.95,83.88,83.96,1374200.85,2026-03-30 13:59:59.999000+00:00,116016353.1601,101179,640380.18,54082087.6983,0,SOLUSDT,1h
2026-03-30 14:00:00+00:00,83.96,84.6,83.6,84.33,1823895.49,2026-03-30 14:59:59.999000+00:00,153378753.692,121016,899558.96,75651921.5791,0,SOLUSDT,1h
2026-03-30 15:00:00+00:00,84.34,84.71,83.81,84.45,994173.79,2026-03-30 15:59:59.999000+00:00,83869421.9693,79483,468941.18,39565377.3007,0,SOLUSDT,1h
2026-03-30 16:00:00+00:00,84.45,84.49,83.86,84.16,757348.92,2026-03-30 16:59:59.999000+00:00,63697840.673,58884,421087.76,35417557.3134,0,SOLUSDT,1h
2026-03-30 17:00:00+00:00,84.16,84.36,83.03,83.2,1326875.34,2026-03-30 17:59:59.999000+00:00,110770145.5096,90843,595488.8,49710196.8448,0,SOLUSDT,1h
2026-03-30 18:00:00+00:00,83.2,83.39,82.38,82.63,1342662.16,2026-03-30 18:59:59.999000+00:00,111245348.5542,80851,645997.79,53548287.5561,0,SOLUSDT,1h
2026-03-30 19:00:00+00:00,82.63,82.64,81.9,82.32,1559750.65,2026-03-30 19:59:59.999000+00:00,128263612.4096,103174,726853.39,59768402.2961,0,SOLUSDT,1h
2026-03-30 20:00:00+00:00,82.32,82.85,82.29,82.73,697786.43,2026-03-30 20:59:59.999000+00:00,57665312.9659,45528,347666.58,28734983.2002,0,SOLUSDT,1h
2026-03-30 21:00:00+00:00,82.73,83.66,82.63,83.09,1141050.96,2026-03-30 21:59:59.999000+00:00,95003323.0293,77255,625562.81,52085010.4803,0,SOLUSDT,1h
2026-03-30 22:00:00+00:00,83.1,83.45,82.59,82.76,671518.41,2026-03-30 22:59:59.999000+00:00,55667699.5332,50599,326765.32,27085228.2728,0,SOLUSDT,1h
2026-03-30 23:00:00+00:00,82.77,82.77,82.08,82.51,731581.64,2026-03-30 23:59:59.999000+00:00,60221952.656,56412,378212.37,31126138.0194,0,SOLUSDT,1h
2026-03-31 00:00:00+00:00,82.51,82.91,82.09,82.68,961784.27,2026-03-31 00:59:59.999000+00:00,79338102.8113,87471,507114.75,41841083.7663,0,SOLUSDT,1h
2026-03-31 01:00:00+00:00,82.69,84.6,82.55,83.79,1886459.99,2026-03-31 01:59:59.999000+00:00,157955172.9426,129729,934771.06,78278034.1664,0,SOLUSDT,1h
2026-03-31 02:00:00+00:00,83.8,84.05,83.53,83.78,534686.93,2026-03-31 02:59:59.999000+00:00,44818832.1901,53068,263331.3,22080616.1573,0,SOLUSDT,1h
2026-03-31 03:00:00+00:00,83.78,83.89,83.21,83.57,432777.96,2026-03-31 03:59:59.999000+00:00,36142801.706,44821,197875.92,16526964.3111,0,SOLUSDT,1h
2026-03-31 04:00:00+00:00,83.57,83.88,83.24,83.28,586190.15,2026-03-31 04:59:59.999000+00:00,48952723.102,48401,288663.82,24105819.4176,0,SOLUSDT,1h
2026-03-31 05:00:00+00:00,83.29,83.73,82.85,83.73,760431.83,2026-03-31 05:59:59.999000+00:00,63290548.5097,57798,415517.72,34592647.2024,0,SOLUSDT,1h
2026-03-31 06:00:00+00:00,83.73,83.78,83.01,83.36,735444.67,2026-03-31 06:59:59.999000+00:00,61281862.1413,55553,340169.28,28330599.9525,0,SOLUSDT,1h
2026-03-31 07:00:00+00:00,83.37,83.39,82.64,83.05,854205.04,2026-03-31 07:59:59.999000+00:00,70812512.1159,63063,394420.53,32700689.8772,0,SOLUSDT,1h
2026-03-31 08:00:00+00:00,83.06,83.32,82.18,82.19,1008122.72,2026-03-31 08:59:59.999000+00:00,83327124.6985,73122,483829.85,40019373.1309,0,SOLUSDT,1h
2026-03-31 09:00:00+00:00,82.2,82.42,79.89,80.5,3525481.32,2026-03-31 09:59:59.999000+00:00,285678146.2033,161720,1640548.05,132793790.181,0,SOLUSDT,1h
2026-03-31 10:00:00+00:00,80.49,80.89,80.26,80.4,1770104.95,2026-03-31 10:59:59.999000+00:00,142642474.4402,116623,878969.69,70837869.9968,0,SOLUSDT,1h
2026-03-31 11:00:00+00:00,80.4,80.92,80.18,80.78,2152969.5,2026-03-31 11:59:59.999000+00:00,173490049.7267,118650,998637.66,80479943.6236,0,SOLUSDT,1h
2026-03-31 12:00:00+00:00,80.79,81.04,80.34,80.72,1261140.74,2026-03-31 12:59:59.999000+00:00,101834661.2194,94746,645917.72,52162860.6318,0,SOLUSDT,1h
2026-03-31 13:00:00+00:00,80.73,82.0,80.69,81.8,1769143.1,2026-03-31 13:59:59.999000+00:00,143854017.2864,121768,901453.05,73322177.0245,0,SOLUSDT,1h
2026-03-31 14:00:00+00:00,81.79,82.55,80.33,80.57,3072419.4,2026-03-31 14:59:59.999000+00:00,250455450.4164,188695,1403628.69,114495899.6469,0,SOLUSDT,1h
2026-03-31 15:00:00+00:00,80.58,81.64,80.57,80.83,1978906.5,2026-03-31 15:59:59.999000+00:00,160551349.6112,133986,1001141.17,81224772.147,0,SOLUSDT,1h
2026-03-31 16:00:00+00:00,80.83,82.88,80.82,82.34,2246018.8,2026-03-31 16:59:59.999000+00:00,184276009.6262,168640,1181819.76,96938677.8146,0,SOLUSDT,1h
2026-03-31 17:00:00+00:00,82.34,83.45,82.14,82.34,2229088.12,2026-03-31 17:59:59.999000+00:00,184529752.6386,173733,1074622.24,88994792.9825,0,SOLUSDT,1h
2026-03-31 18:00:00+00:00,82.34,83.07,82.33,82.84,810344.91,2026-03-31 18:59:59.999000+00:00,67012099.3882,71808,413479.69,34191958.2223,0,SOLUSDT,1h
2026-03-31 19:00:00+00:00,82.84,82.93,82.41,82.67,628930.94,2026-03-31 19:59:59.999000+00:00,52004109.9025,63835,318291.38,26321630.4057,0,SOLUSDT,1h
2026-03-31 20:00:00+00:00,82.67,83.37,82.57,83.14,697393.45,2026-03-31 20:59:59.999000+00:00,57883519.0293,58893,368052.89,30552431.5848,0,SOLUSDT,1h
2026-03-31 21:00:00+00:00,83.14,83.15,82.58,82.82,517226.41,2026-03-31 21:59:59.999000+00:00,42843105.049,46696,246539.45,20421805.3176,0,SOLUSDT,1h
2026-03-31 22:00:00+00:00,82.82,82.87,82.27,82.72,502433.75,2026-03-31 22:59:59.999000+00:00,41513860.2882,46746,255469.63,21115745.4575,0,SOLUSDT,1h
2026-03-31 23:00:00+00:00,82.72,83.23,82.62,83.15,496243.25,2026-03-31 23:59:59.999000+00:00,41176785.7258,47651,263525.7,21869364.4372,0,SOLUSDT,1h
2026-04-01 00:00:00+00:00,83.16,83.58,82.8,83.36,671836.22,2026-04-01 00:59:59.999000+00:00,55868747.7119,63266,327458.34,27241864.1971,0,SOLUSDT,1h
2026-04-01 01:00:00+00:00,83.37,83.43,82.66,82.68,656286.72,2026-04-01 01:59:59.999000+00:00,54474587.9372,63000,262308.74,21777246.858,0,SOLUSDT,1h
2026-04-01 02:00:00+00:00,82.68,82.86,82.41,82.6,466994.41,2026-04-01 02:59:59.999000+00:00,38602779.2905,48720,218999.81,18106507.4436,0,SOLUSDT,1h
2026-04-01 03:00:00+00:00,82.6,83.46,82.6,83.39,614922.68,2026-04-01 03:59:59.999000+00:00,51154848.0876,53464,351375.59,29231637.2151,0,SOLUSDT,1h
2026-04-01 04:00:00+00:00,83.38,83.82,83.21,83.71,645693.0,2026-04-01 04:59:59.999000+00:00,53911917.7089,54822,355671.85,29701546.5711,0,SOLUSDT,1h
2026-04-01 05:00:00+00:00,83.71,84.28,83.31,84.09,1132362.09,2026-04-01 05:59:59.999000+00:00,95017510.7102,82343,597900.27,50177031.3836,0,SOLUSDT,1h
2026-04-01 06:00:00+00:00,84.08,84.68,83.99,84.4,1207634.09,2026-04-01 06:59:59.999000+00:00,101906650.1688,91154,618938.05,52238004.9338,0,SOLUSDT,1h
2026-04-01 07:00:00+00:00,84.4,84.7,83.76,83.8,1079315.42,2026-04-01 07:59:59.999000+00:00,90902549.2536,81396,502396.46,42324480.8974,0,SOLUSDT,1h
2026-04-01 08:00:00+00:00,83.8,84.03,83.35,83.58,1023461.79,2026-04-01 08:59:59.999000+00:00,85642491.9248,75175,491094.13,41101270.3823,0,SOLUSDT,1h
2026-04-01 09:00:00+00:00,83.59,83.72,83.09,83.34,738644.86,2026-04-01 09:59:59.999000+00:00,61571554.0463,57321,313585.74,26146823.7843,0,SOLUSDT,1h
2026-04-01 10:00:00+00:00,83.33,83.44,83.01,83.32,559487.93,2026-04-01 10:59:59.999000+00:00,46586501.1623,45822,266791.54,22219676.2322,0,SOLUSDT,1h
2026-04-01 11:00:00+00:00,83.32,83.53,83.11,83.31,456498.05,2026-04-01 11:59:59.999000+00:00,38020547.7909,44632,222582.38,18538963.6681,0,SOLUSDT,1h
2026-04-01 12:00:00+00:00,83.3,83.69,82.73,82.98,1485399.47,2026-04-01 12:59:59.999000+00:00,123509398.5251,102530,754813.48,62776815.292,0,SOLUSDT,1h
2026-04-01 13:00:00+00:00,82.99,83.4,82.33,82.64,1435628.07,2026-04-01 13:59:59.999000+00:00,118898284.415,117753,716749.03,59373895.9711,0,SOLUSDT,1h
2026-04-01 14:00:00+00:00,82.63,83.53,82.47,83.34,1087882.84,2026-04-01 14:59:59.999000+00:00,90358208.8215,94115,594753.42,49407080.1493,0,SOLUSDT,1h
2026-04-01 15:00:00+00:00,83.34,83.85,83.04,83.58,827070.81,2026-04-01 15:59:59.999000+00:00,69038070.8059,67376,469673.3,39210569.37,0,SOLUSDT,1h
2026-04-01 16:00:00+00:00,83.58,85.29,82.9,85.18,2880954.18,2026-04-01 16:59:59.999000+00:00,243171379.3227,160924,1485938.55,125486785.7522,0,SOLUSDT,1h
2026-04-01 17:00:00+00:00,85.19,86.59,84.14,84.38,4405742.09,2026-04-01 17:59:59.999000+00:00,376050868.1876,250616,2235926.43,190955720.0263,0,SOLUSDT,1h
2026-04-01 18:00:00+00:00,84.38,84.43,83.49,83.59,1786636.78,2026-04-01 18:59:59.999000+00:00,149986061.0982,120223,902734.93,75783074.477,0,SOLUSDT,1h
2026-04-01 19:00:00+00:00,83.59,84.37,83.58,83.79,957578.28,2026-04-01 19:59:59.999000+00:00,80411044.2965,75701,533627.05,44801480.4322,0,SOLUSDT,1h
2026-04-01 20:00:00+00:00,83.8,83.85,82.26,82.54,1763642.03,2026-04-01 20:59:59.999000+00:00,146123773.0909,114453,797113.57,66024908.5796,0,SOLUSDT,1h
2026-04-01 21:00:00+00:00,82.54,83.16,81.34,81.82,1608816.86,2026-04-01 21:59:59.999000+00:00,132494179.0708,123889,778382.72,64129100.8755,0,SOLUSDT,1h
2026-04-01 22:00:00+00:00,81.81,81.91,80.72,81.12,2042051.17,2026-04-01 22:59:59.999000+00:00,165673610.557,133896,981268.02,79624194.9994,0,SOLUSDT,1h
2026-04-01 23:00:00+00:00,81.12,81.42,80.93,81.14,865041.98,2026-04-01 23:59:59.999000+00:00,70250125.4119,65242,372177.99,30229262.3395,0,SOLUSDT,1h
2026-04-02 00:00:00+00:00,81.14,81.72,80.87,81.56,1082233.43,2026-04-02 00:59:59.999000+00:00,87979550.9709,90033,579545.75,47121132.83,0,SOLUSDT,1h
2026-04-02 01:00:00+00:00,81.56,81.57,78.91,79.27,4552558.26,2026-04-02 01:59:59.999000+00:00,364196290.6006,316849,1902951.7,152179304.8537,0,SOLUSDT,1h
2026-04-02 02:00:00+00:00,79.27,79.28,78.22,78.81,2221532.49,2026-04-02 02:59:59.999000+00:00,174817842.0325,156043,1011493.59,79594097.1928,0,SOLUSDT,1h
2026-04-02 03:00:00+00:00,78.81,79.35,78.61,78.94,1427706.94,2026-04-02 03:59:59.999000+00:00,112712861.2096,100302,662869.49,52341731.1055,0,SOLUSDT,1h
2026-04-02 04:00:00+00:00,78.94,79.15,78.68,78.77,1186117.92,2026-04-02 04:59:59.999000+00:00,93615735.0348,81408,565292.92,44614830.6609,0,SOLUSDT,1h
2026-04-02 05:00:00+00:00,78.77,79.43,78.55,79.21,1230552.01,2026-04-02 05:59:59.999000+00:00,97087729.9884,78836,713143.21,56289656.7513,0,SOLUSDT,1h
2026-04-02 06:00:00+00:00,79.21,79.38,78.89,79.06,699276.16,2026-04-02 06:59:59.999000+00:00,55322990.1994,57435,310999.78,24611244.3893,0,SOLUSDT,1h
2026-04-02 07:00:00+00:00,79.06,79.63,78.95,79.59,840361.21,2026-04-02 07:59:59.999000+00:00,66658348.0533,54695,433687.45,34419422.5425,0,SOLUSDT,1h
2026-04-02 08:00:00+00:00,79.59,79.59,78.98,79.07,742284.07,2026-04-02 08:59:59.999000+00:00,58795487.9329,51429,269978.19,21385098.2021,0,SOLUSDT,1h
2026-04-02 09:00:00+00:00,79.06,79.32,78.86,79.22,635028.76,2026-04-02 09:59:59.999000+00:00,50237033.9781,49887,325353.46,25741981.5544,0,SOLUSDT,1h
2026-04-02 10:00:00+00:00,79.21,79.27,78.74,78.84,645659.0,2026-04-02 10:59:59.999000+00:00,50952191.4279,48354,273834.44,21611312.9861,0,SOLUSDT,1h
2026-04-02 11:00:00+00:00,78.84,78.94,78.11,78.27,1060918.02,2026-04-02 11:59:59.999000+00:00,83320976.9887,72983,424871.72,33380107.6067,0,SOLUSDT,1h
2026-04-02 12:00:00+00:00,78.28,78.55,77.83,77.93,1367982.19,2026-04-02 12:59:59.999000+00:00,106917003.9883,88520,620847.07,48538937.6113,0,SOLUSDT,1h
2026-04-02 13:00:00+00:00,77.93,78.22,76.63,77.69,3105615.12,2026-04-02 13:59:59.999000+00:00,240219400.088,178492,1452605.88,112374984.5635,0,SOLUSDT,1h
2026-04-02 14:00:00+00:00,77.7,79.67,77.46,79.02,3603570.35,2026-04-02 14:59:59.999000+00:00,283717487.9573,200814,1843134.53,145124055.3968,0,SOLUSDT,1h
2026-04-02 15:00:00+00:00,79.03,79.21,78.23,79.01,1572214.73,2026-04-02 15:59:59.999000+00:00,123891923.4129,108812,731175.57,57615690.7456,0,SOLUSDT,1h
2026-04-02 16:00:00+00:00,79.01,79.86,78.67,79.39,1235111.05,2026-04-02 16:59:59.999000+00:00,98003058.8288,98857,653436.88,51867710.6551,0,SOLUSDT,1h
2026-04-02 17:00:00+00:00,79.38,79.64,78.51,78.56,1330174.51,2026-04-02 17:59:59.999000+00:00,105201430.8418,100471,657255.06,51984834.4849,0,SOLUSDT,1h
2026-04-02 18:00:00+00:00,78.56,79.25,78.38,79.1,995353.27,2026-04-02 18:59:59.999000+00:00,78379283.0259,72801,565564.54,44540248.9983,0,SOLUSDT,1h
2026-04-02 19:00:00+00:00,79.1,79.22,78.65,78.95,564428.26,2026-04-02 19:59:59.999000+00:00,44571582.6798,55206,255637.08,20189052.55,0,SOLUSDT,1h
2026-04-02 20:00:00+00:00,78.95,79.33,78.73,79.14,499424.56,2026-04-02 20:59:59.999000+00:00,39499437.1565,46058,287531.17,22743988.2397,0,SOLUSDT,1h
2026-04-02 21:00:00+00:00,79.13,79.2,78.58,78.93,399679.51,2026-04-02 21:59:59.999000+00:00,31520634.6581,41085,181815.34,14340937.5324,0,SOLUSDT,1h
2026-04-02 22:00:00+00:00,78.93,79.1,78.68,78.94,266156.32,2026-04-02 22:59:59.999000+00:00,21014610.5797,35109,141810.81,11198785.8294,0,SOLUSDT,1h
2026-04-02 23:00:00+00:00,78.93,79.12,78.74,78.91,319526.36,2026-04-02 23:59:59.999000+00:00,25213363.7684,33480,160831.21,12692589.2801,0,SOLUSDT,1h
2026-04-03 00:00:00+00:00,78.91,79.36,78.83,79.18,404530.96,2026-04-03 00:59:59.999000+00:00,31999479.6763,45132,212806.63,16835171.7819,0,SOLUSDT,1h
2026-04-03 01:00:00+00:00,79.18,79.77,78.93,79.13,864289.51,2026-04-03 01:59:59.999000+00:00,68531593.213,64414,448229.82,35535746.6631,0,SOLUSDT,1h
2026-04-03 02:00:00+00:00,79.13,79.56,78.8,79.32,924942.49,2026-04-03 02:59:59.999000+00:00,73207297.7011,72311,446406.63,35343263.1075,0,SOLUSDT,1h
2026-04-03 03:00:00+00:00,79.32,79.4,78.96,78.97,529277.9,2026-04-03 03:59:59.999000+00:00,41908481.9313,48395,245134.19,19413194.9332,0,SOLUSDT,1h
2026-04-03 04:00:00+00:00,78.96,79.5,78.95,79.27,640150.26,2026-04-03 04:59:59.999000+00:00,50711550.6204,49213,348818.34,27627144.0654,0,SOLUSDT,1h
2026-04-03 05:00:00+00:00,79.27,79.62,79.01,79.27,479232.08,2026-04-03 05:59:59.999000+00:00,38026883.5488,46095,242007.42,19203224.6569,0,SOLUSDT,1h
2026-04-03 06:00:00+00:00,79.27,79.67,79.15,79.6,514443.27,2026-04-03 06:59:59.999000+00:00,40875055.4756,40294,291023.44,23127266.1035,0,SOLUSDT,1h
2026-04-03 07:00:00+00:00,79.6,80.15,79.39,79.9,839590.49,2026-04-03 07:59:59.999000+00:00,66973554.1084,58234,486972.35,38850250.8309,0,SOLUSDT,1h
2026-04-03 08:00:00+00:00,79.9,80.09,79.58,79.71,641556.9,2026-04-03 08:59:59.999000+00:00,51218927.4935,49962,281110.47,22446682.4308,0,SOLUSDT,1h
2026-04-03 09:00:00+00:00,79.72,80.18,79.64,79.92,627548.28,2026-04-03 09:59:59.999000+00:00,50129012.0374,45370,298789.38,23868340.7066,0,SOLUSDT,1h
2026-04-03 10:00:00+00:00,79.92,80.14,79.65,80.12,686052.26,2026-04-03 10:59:59.999000+00:00,54828189.2096,44971,342777.3,27397851.8513,0,SOLUSDT,1h
2026-04-03 11:00:00+00:00,80.11,80.43,79.84,80.13,768117.52,2026-04-03 11:59:59.999000+00:00,61516913.604,58209,413930.51,33155594.604,0,SOLUSDT,1h
2026-04-03 12:00:00+00:00,80.12,80.9,79.14,79.29,1581660.63,2026-04-03 12:59:59.999000+00:00,126425476.498,101465,703867.13,56307430.8931,0,SOLUSDT,1h
2026-04-03 13:00:00+00:00,79.29,79.59,79.11,79.57,852436.55,2026-04-03 13:59:59.999000+00:00,67625177.3771,60505,413550.4,32812256.1187,0,SOLUSDT,1h
2026-04-03 14:00:00+00:00,79.57,80.33,79.39,80.2,839340.39,2026-04-03 14:59:59.999000+00:00,67081882.8429,64686,483597.55,38650961.8647,0,SOLUSDT,1h
2026-04-03 15:00:00+00:00,80.21,80.64,80.1,80.3,927303.02,2026-04-03 15:59:59.999000+00:00,74534167.4954,76873,456859.03,36724853.5276,0,SOLUSDT,1h
2026-04-03 16:00:00+00:00,80.3,80.64,80.19,80.52,662557.4,2026-04-03 16:59:59.999000+00:00,53282651.2236,56501,337557.21,27154007.4105,0,SOLUSDT,1h
2026-04-03 17:00:00+00:00,80.52,80.52,79.85,80.14,575422.18,2026-04-03 17:59:59.999000+00:00,46106694.249,48065,285070.75,22840433.722,0,SOLUSDT,1h
2026-04-03 18:00:00+00:00,80.14,80.41,80.03,80.09,346430.96,2026-04-03 18:59:59.999000+00:00,27782996.3637,34660,169018.46,13557124.5499,0,SOLUSDT,1h
2026-04-03 19:00:00+00:00,80.08,80.26,79.82,80.16,468238.83,2026-04-03 19:59:59.999000+00:00,37471102.071,36816,244395.28,19557993.0224,0,SOLUSDT,1h
2026-04-03 20:00:00+00:00,80.16,80.28,80.11,80.15,194381.91,2026-04-03 20:59:59.999000+00:00,15591154.5207,23606,106988.23,8581637.9739,0,SOLUSDT,1h
2026-04-03 21:00:00+00:00,80.15,80.65,80.07,80.35,466086.13,2026-04-03 21:59:59.999000+00:00,37445026.0063,42978,216987.95,17435861.6277,0,SOLUSDT,1h
2026-04-03 22:00:00+00:00,80.36,80.46,79.9,80.11,396948.64,2026-04-03 22:59:59.999000+00:00,31818186.8456,36971,205100.16,16437998.5734,0,SOLUSDT,1h
2026-04-03 23:00:00+00:00,80.11,80.5,80.07,80.35,350560.02,2026-04-03 23:59:59.999000+00:00,28134111.6949,30913,155109.89,12444293.5893,0,SOLUSDT,1h
2026-04-04 00:00:00+00:00,80.35,80.37,80.09,80.19,223771.13,2026-04-04 00:59:59.999000+00:00,17947999.9436,26063,113722.25,9121898.2917,0,SOLUSDT,1h
2026-04-04 01:00:00+00:00,80.19,80.29,79.97,80.1,270317.57,2026-04-04 01:59:59.999000+00:00,21649814.3125,23394,126230.13,10109640.8479,0,SOLUSDT,1h
2026-04-04 02:00:00+00:00,80.09,80.24,80.01,80.13,270269.74,2026-04-04 02:59:59.999000+00:00,21651802.42,24064,141750.5,11356797.372,0,SOLUSDT,1h
2026-04-04 03:00:00+00:00,80.14,80.23,80.11,80.13,139029.97,2026-04-04 03:59:59.999000+00:00,11146542.4801,17774,72858.04,5841539.5624,0,SOLUSDT,1h
2026-04-04 04:00:00+00:00,80.12,80.27,80.1,80.21,143319.43,2026-04-04 04:59:59.999000+00:00,11490847.9253,16289,74086.24,5940437.3428,0,SOLUSDT,1h
2026-04-04 05:00:00+00:00,80.2,80.23,80.06,80.15,265466.15,2026-04-04 05:59:59.999000+00:00,21271060.7721,22796,121705.63,9752223.0027,0,SOLUSDT,1h
2026-04-04 06:00:00+00:00,80.15,80.5,80.09,80.42,194689.05,2026-04-04 06:59:59.999000+00:00,15633401.2316,21708,99241.82,7969480.8651,0,SOLUSDT,1h
2026-04-04 07:00:00+00:00,80.42,80.43,80.16,80.27,165606.46,2026-04-04 07:59:59.999000+00:00,13290860.2128,21317,78326.37,6286028.2265,0,SOLUSDT,1h
2026-04-04 08:00:00+00:00,80.26,80.35,79.87,79.93,279852.76,2026-04-04 08:59:59.999000+00:00,22407666.636,26930,109790.23,8793220.8759,0,SOLUSDT,1h
2026-04-04 09:00:00+00:00,79.92,80.05,79.85,79.98,262972.87,2026-04-04 09:59:59.999000+00:00,21023589.4923,24832,141511.78,11313849.6647,0,SOLUSDT,1h
2026-04-04 10:00:00+00:00,79.98,80.25,79.96,80.19,328320.86,2026-04-04 10:59:59.999000+00:00,26300204.0276,27021,176087.46,14106126.1986,0,SOLUSDT,1h
2026-04-04 11:00:00+00:00,80.18,80.24,79.97,80.14,260462.47,2026-04-04 11:59:59.999000+00:00,20866427.6705,22753,133685.01,10709718.6709,0,SOLUSDT,1h
2026-04-04 12:00:00+00:00,80.15,80.21,79.95,80.05,237683.41,2026-04-04 12:59:59.999000+00:00,19033665.4038,19389,104677.17,8382885.7852,0,SOLUSDT,1h
2026-04-04 13:00:00+00:00,80.04,80.19,79.86,79.98,373892.28,2026-04-04 13:59:59.999000+00:00,29923071.2087,26085,158099.52,12655920.5759,0,SOLUSDT,1h
2026-04-04 14:00:00+00:00,79.97,80.35,79.53,80.32,961483.76,2026-04-04 14:59:59.999000+00:00,76843113.9759,48752,529998.46,42381654.6006,0,SOLUSDT,1h
2026-04-04 15:00:00+00:00,80.32,81.64,80.24,81.05,2759838.03,2026-04-04 15:59:59.999000+00:00,223444925.6638,141917,1613423.88,130650138.2806,0,SOLUSDT,1h
2026-04-04 16:00:00+00:00,81.05,81.3,80.63,80.71,1169868.25,2026-04-04 16:59:59.999000+00:00,94747370.2069,62423,567086.82,45938197.6382,0,SOLUSDT,1h
2026-04-04 17:00:00+00:00,80.7,80.99,80.56,80.88,448126.69,2026-04-04 17:59:59.999000+00:00,36203216.6828,35109,233480.44,18863914.583,0,SOLUSDT,1h
2026-04-04 18:00:00+00:00,80.89,81.09,80.66,80.8,592241.95,2026-04-04 18:59:59.999000+00:00,47868397.0421,31487,277383.46,22416933.032,0,SOLUSDT,1h
2026-04-04 19:00:00+00:00,80.8,81.28,80.69,80.8,831850.22,2026-04-04 19:59:59.999000+00:00,67351836.1734,49742,470802.55,38132324.2501,0,SOLUSDT,1h
2026-04-04 20:00:00+00:00,80.8,80.82,80.56,80.75,330468.36,2026-04-04 20:59:59.999000+00:00,26671157.6458,25279,165491.35,13357053.3681,0,SOLUSDT,1h
2026-04-04 21:00:00+00:00,80.76,80.99,80.71,80.88,370629.56,2026-04-04 21:59:59.999000+00:00,29960544.3694,33374,183994.2,14874682.0168,0,SOLUSDT,1h
2026-04-04 22:00:00+00:00,80.88,81.02,80.82,80.96,267815.2,2026-04-04 22:59:59.999000+00:00,21669968.2242,27676,130278.29,10541417.1908,0,SOLUSDT,1h
2026-04-04 23:00:00+00:00,80.95,80.95,80.65,80.79,226551.08,2026-04-04 23:59:59.999000+00:00,18296398.127,20726,90868.02,7338049.1084,0,SOLUSDT,1h
2026-04-05 00:00:00+00:00,80.79,80.81,80.45,80.65,365089.06,2026-04-05 00:59:59.999000+00:00,29442452.7276,29684,163105.09,13156274.9418,0,SOLUSDT,1h
2026-04-05 01:00:00+00:00,80.65,80.75,80.43,80.46,265104.45,2026-04-05 01:59:59.999000+00:00,21365620.6067,23871,124325.02,10021356.1818,0,SOLUSDT,1h
2026-04-05 02:00:00+00:00,80.45,80.61,80.28,80.54,363674.48,2026-04-05 02:59:59.999000+00:00,29253310.292,29114,175615.25,14127694.7573,0,SOLUSDT,1h
2026-04-05 03:00:00+00:00,80.53,80.57,80.35,80.51,145485.33,2026-04-05 03:59:59.999000+00:00,11708802.5983,16568,68267.53,5494916.425,0,SOLUSDT,1h
2026-04-05 04:00:00+00:00,80.5,80.52,80.22,80.27,313704.33,2026-04-05 04:59:59.999000+00:00,25217435.7075,22485,111323.69,8950827.2062,0,SOLUSDT,1h
2026-04-05 05:00:00+00:00,80.27,80.37,80.08,80.24,399972.19,2026-04-05 05:59:59.999000+00:00,32094289.1192,31978,209347.6,16800701.2434,0,SOLUSDT,1h
2026-04-05 06:00:00+00:00,80.25,80.33,79.3,79.55,1565823.07,2026-04-05 06:59:59.999000+00:00,124815846.2262,88144,708733.06,56494471.1955,0,SOLUSDT,1h
2026-04-05 07:00:00+00:00,79.55,79.84,79.47,79.55,559286.54,2026-04-05 07:59:59.999000+00:00,44545477.2803,41879,299290.37,23837983.2113,0,SOLUSDT,1h
2026-04-05 08:00:00+00:00,79.54,79.66,79.47,79.56,359813.16,2026-04-05 08:59:59.999000+00:00,28633075.8552,31969,167273.01,13312267.9559,0,SOLUSDT,1h
2026-04-05 09:00:00+00:00,79.57,79.83,79.57,79.78,335001.06,2026-04-05 09:59:59.999000+00:00,26712288.3957,27957,182763.04,14573580.1585,0,SOLUSDT,1h
2026-04-05 10:00:00+00:00,79.79,80.2,79.73,79.79,423503.51,2026-04-05 10:59:59.999000+00:00,33845812.6735,33605,227757.56,18204965.8521,0,SOLUSDT,1h
2026-04-05 11:00:00+00:00,79.8,79.88,79.7,79.86,304565.75,2026-04-05 11:59:59.999000+00:00,24305314.8443,24749,117926.09,9411735.2469,0,SOLUSDT,1h
2026-04-05 12:00:00+00:00,79.87,79.92,78.72,78.95,1434047.94,2026-04-05 12:59:59.999000+00:00,113542132.3894,81924,535905.56,42419417.9302,0,SOLUSDT,1h
2026-04-05 13:00:00+00:00,78.95,79.23,78.45,79.16,1222935.14,2026-04-05 13:59:59.999000+00:00,96470547.002,68503,620715.14,48970981.2592,0,SOLUSDT,1h
2026-04-05 14:00:00+00:00,79.16,79.44,79.1,79.25,468914.18,2026-04-05 14:59:59.999000+00:00,37170610.1873,36068,235299.76,18655613.1839,0,SOLUSDT,1h
2026-04-05 15:00:00+00:00,79.24,80.31,78.93,79.55,1724117.48,2026-04-05 15:59:59.999000+00:00,137376217.1079,97751,883148.9,70384491.3578,0,SOLUSDT,1h
2026-04-05 16:00:00+00:00,79.56,79.77,79.34,79.41,525952.51,2026-04-05 16:59:59.999000+00:00,41848890.1354,41432,262622.13,20900906.2272,0,SOLUSDT,1h
2026-04-05 17:00:00+00:00,79.42,79.89,79.32,79.85,458813.33,2026-04-05 17:59:59.999000+00:00,36538584.6806,36195,273271.34,21762372.0066,0,SOLUSDT,1h
2026-04-05 18:00:00+00:00,79.84,80.09,79.66,79.91,373138.16,2026-04-05 18:59:59.999000+00:00,29811555.0727,32678,206977.21,16538994.1238,0,SOLUSDT,1h
2026-04-05 19:00:00+00:00,79.9,80.19,79.48,79.77,460339.39,2026-04-05 19:59:59.999000+00:00,36755658.146,38901,211144.6,16866150.5722,0,SOLUSDT,1h
2026-04-05 20:00:00+00:00,79.77,80.18,79.76,80.13,391314.77,2026-04-05 20:59:59.999000+00:00,31301367.521,33637,207222.2,16577520.1999,0,SOLUSDT,1h
2026-04-05 21:00:00+00:00,80.12,80.15,79.44,79.69,549876.58,2026-04-05 21:59:59.999000+00:00,43819662.2314,41361,269884.32,21503482.1335,0,SOLUSDT,1h
2026-04-05 22:00:00+00:00,79.69,80.67,79.04,80.53,1412390.81,2026-04-05 22:59:59.999000+00:00,112839542.3275,105139,753588.61,60248511.6051,0,SOLUSDT,1h
2026-04-05 23:00:00+00:00,80.53,82.11,80.42,81.85,2316571.44,2026-04-05 23:59:59.999000+00:00,188822471.4783,163917,1253704.29,102170135.7097,0,SOLUSDT,1h
2026-04-06 00:00:00+00:00,81.86,82.95,81.86,82.3,2389856.93,2026-04-06 00:59:59.999000+00:00,197073252.3003,162162,1270004.56,104718937.5224,0,SOLUSDT,1h
2026-04-06 01:00:00+00:00,82.3,82.4,81.63,81.67,935401.35,2026-04-06 01:59:59.999000+00:00,76634738.8094,80951,383729.78,31441130.6124,0,SOLUSDT,1h
2026-04-06 02:00:00+00:00,81.67,82.79,81.62,82.38,960573.76,2026-04-06 02:59:59.999000+00:00,79171612.8123,92056,477024.66,39306376.5166,0,SOLUSDT,1h
2026-04-06 03:00:00+00:00,82.38,82.46,81.9,82.07,604022.53,2026-04-06 03:59:59.999000+00:00,49591898.7255,59024,260862.95,21419431.0203,0,SOLUSDT,1h
2026-04-06 04:00:00+00:00,82.07,82.37,81.75,81.96,634241.9,2026-04-06 04:59:59.999000+00:00,52018135.3472,45025,349257.98,28651967.8709,0,SOLUSDT,1h
2026-04-06 05:00:00+00:00,81.97,82.05,81.8,81.86,378258.8,2026-04-06 05:59:59.999000+00:00,30986087.12,29816,147311.39,12066996.4546,0,SOLUSDT,1h
2026-04-06 06:00:00+00:00,81.86,82.11,80.91,81.45,1337835.8,2026-04-06 06:59:59.999000+00:00,108884774.2082,82367,617500.31,50264036.5959,0,SOLUSDT,1h
2026-04-06 07:00:00+00:00,81.45,81.94,81.25,81.77,885756.72,2026-04-06 07:59:59.999000+00:00,72293240.3649,60375,442163.06,36095170.4379,0,SOLUSDT,1h
2026-04-06 08:00:00+00:00,81.76,82.23,81.65,81.94,656724.34,2026-04-06 08:59:59.999000+00:00,53805574.7947,51815,347908.77,28503595.9945,0,SOLUSDT,1h
2026-04-06 09:00:00+00:00,81.94,83.18,81.83,82.43,1623521.48,2026-04-06 09:59:59.999000+00:00,134051278.846,112885,893733.35,73808620.3773,0,SOLUSDT,1h
2026-04-06 10:00:00+00:00,82.43,82.86,82.43,82.63,674101.65,2026-04-06 10:59:59.999000+00:00,55694652.9714,52516,351235.21,29019759.7789,0,SOLUSDT,1h
2026-04-06 11:00:00+00:00,82.62,82.63,82.28,82.39,428770.37,2026-04-06 11:59:59.999000+00:00,35341341.4654,41746,176324.82,14534417.4447,0,SOLUSDT,1h
2026-04-06 12:00:00+00:00,82.4,82.49,82.15,82.25,488322.87,2026-04-06 12:59:59.999000+00:00,40188756.2659,46393,221088.38,18197530.8311,0,SOLUSDT,1h
2026-04-06 13:00:00+00:00,82.25,82.64,82.12,82.43,657021.55,2026-04-06 13:59:59.999000+00:00,54108704.0923,62702,351779.42,28972920.5347,0,SOLUSDT,1h
2026-04-06 14:00:00+00:00,82.42,82.8,81.67,82.19,1420997.32,2026-04-06 14:59:59.999000+00:00,116785339.7707,108151,649853.85,53425364.2078,0,SOLUSDT,1h
2026-04-06 15:00:00+00:00,82.19,82.42,81.95,82.24,803504.82,2026-04-06 15:59:59.999000+00:00,66009864.2585,67185,381842.97,31376436.3507,0,SOLUSDT,1h
2026-04-06 16:00:00+00:00,82.25,82.45,81.53,81.56,754218.44,2026-04-06 16:59:59.999000+00:00,61816525.9245,63552,360304.92,29541388.5178,0,SOLUSDT,1h
2026-04-06 17:00:00+00:00,81.56,81.75,81.13,81.6,1071444.51,2026-04-06 17:59:59.999000+00:00,87276098.2795,79158,538612.36,43878862.2878,0,SOLUSDT,1h
2026-04-06 18:00:00+00:00,81.61,82.19,81.5,81.83,571146.26,2026-04-06 18:59:59.999000+00:00,46777870.3151,49163,308936.9,25303118.1488,0,SOLUSDT,1h
2026-04-06 19:00:00+00:00,81.84,81.92,81.51,81.86,398346.15,2026-04-06 19:59:59.999000+00:00,32538203.0801,34901,207787.3,16973507.6983,0,SOLUSDT,1h
2026-04-06 20:00:00+00:00,81.86,82.1,81.75,81.93,266925.91,2026-04-06 20:59:59.999000+00:00,21880130.7531,27799,121316.0,9945248.592,0,SOLUSDT,1h
2026-04-06 21:00:00+00:00,81.94,81.94,81.33,81.42,289682.01,2026-04-06 21:59:59.999000+00:00,23635579.148,30691,136455.02,11132673.8901,0,SOLUSDT,1h
2026-04-06 22:00:00+00:00,81.42,81.47,80.09,80.11,1126640.5,2026-04-06 22:59:59.999000+00:00,91025242.5817,79990,470206.39,37995206.0491,0,SOLUSDT,1h
2026-04-06 23:00:00+00:00,80.12,80.21,79.52,79.96,1894405.23,2026-04-06 23:59:59.999000+00:00,151362465.3745,120484,961262.39,76804667.9599,0,SOLUSDT,1h
2026-04-07 00:00:00+00:00,79.96,80.17,79.54,79.82,1128357.6,2026-04-07 00:59:59.999000+00:00,90059906.5555,83423,633373.05,50553649.8232,0,SOLUSDT,1h
2026-04-07 01:00:00+00:00,79.83,80.08,79.3,79.46,883261.13,2026-04-07 01:59:59.999000+00:00,70436521.9259,71573,450143.73,35908011.8602,0,SOLUSDT,1h
2026-04-07 02:00:00+00:00,79.45,79.85,79.4,79.67,683377.64,2026-04-07 02:59:59.999000+00:00,54423108.2222,53934,320091.83,25491285.3624,0,SOLUSDT,1h
2026-04-07 03:00:00+00:00,79.66,79.84,79.63,79.73,336538.13,2026-04-07 03:59:59.999000+00:00,26834556.0688,34133,184145.1,14683579.4708,0,SOLUSDT,1h
2026-04-07 04:00:00+00:00,79.73,80.11,79.6,79.86,457862.05,2026-04-07 04:59:59.999000+00:00,36564303.8858,39798,238902.27,19082212.9426,0,SOLUSDT,1h
2026-04-07 05:00:00+00:00,79.86,79.91,79.39,79.54,718660.86,2026-04-07 05:59:59.999000+00:00,57200114.1422,46327,311693.9,24807083.9903,0,SOLUSDT,1h
2026-04-07 06:00:00+00:00,79.54,79.6,79.23,79.48,602491.01,2026-04-07 06:59:59.999000+00:00,47854902.3822,47198,275845.62,21912838.5824,0,SOLUSDT,1h
2026-04-07 07:00:00+00:00,79.49,79.9,79.39,79.81,540410.93,2026-04-07 07:59:59.999000+00:00,43065381.5059,42014,260200.12,20733323.2526,0,SOLUSDT,1h
2026-04-07 08:00:00+00:00,79.82,80.32,79.75,80.1,1027464.19,2026-04-07 08:59:59.999000+00:00,82276721.7763,64540,530837.6,42509544.2591,0,SOLUSDT,1h
2026-04-07 09:00:00+00:00,80.09,80.55,80.09,80.34,750530.87,2026-04-07 09:59:59.999000+00:00,60287574.7064,55298,393123.34,31580760.8968,0,SOLUSDT,1h
2026-04-07 10:00:00+00:00,80.34,80.41,79.16,79.33,1492668.6,2026-04-07 10:59:59.999000+00:00,118990623.0191,93844,688337.49,54889413.5804,0,SOLUSDT,1h
2026-04-07 11:00:00+00:00,79.32,79.51,78.83,79.17,1411438.4,2026-04-07 11:59:59.999000+00:00,111755443.6819,81562,597369.74,47313525.7495,0,SOLUSDT,1h
2026-04-07 12:00:00+00:00,79.17,79.34,78.58,79.09,1698384.41,2026-04-07 12:59:59.999000+00:00,134124172.1773,94584,799491.38,63142351.1123,0,SOLUSDT,1h
2026-04-07 13:00:00+00:00,79.1,79.2,78.78,78.83,761539.69,2026-04-07 13:59:59.999000+00:00,60153885.0849,64337,386089.09,30502371.3261,0,SOLUSDT,1h
2026-04-07 14:00:00+00:00,78.83,79.03,78.3,78.54,1292512.08,2026-04-07 14:59:59.999000+00:00,101648800.7389,97169,590946.9,46496269.061,0,SOLUSDT,1h
2026-04-07 15:00:00+00:00,78.53,78.95,78.32,78.82,910261.17,2026-04-07 15:59:59.999000+00:00,71630065.4896,67539,458984.41,36121750.5849,0,SOLUSDT,1h
2026-04-07 16:00:00+00:00,78.82,79.16,78.6,78.85,691748.33,2026-04-07 16:59:59.999000+00:00,54567559.0032,55718,340570.91,26870554.5505,0,SOLUSDT,1h
2026-04-07 17:00:00+00:00,78.85,81.0,78.79,80.03,3199508.84,2026-04-07 17:59:59.999000+00:00,255554114.8436,141751,1780030.42,142157246.9574,0,SOLUSDT,1h
2026-04-07 18:00:00+00:00,80.04,80.17,79.47,79.89,1052036.95,2026-04-07 18:59:59.999000+00:00,84005641.4724,67516,546342.62,43613340.1067,0,SOLUSDT,1h
2026-04-07 19:00:00+00:00,79.89,81.84,79.84,81.58,2731115.43,2026-04-07 19:59:59.999000+00:00,220835495.2252,178219,1346413.63,108938585.0057,0,SOLUSDT,1h
2026-04-07 20:00:00+00:00,81.58,82.38,81.58,81.9,2067635.5,2026-04-07 20:59:59.999000+00:00,169534543.6946,128763,1042244.25,85449873.9443,0,SOLUSDT,1h
2026-04-07 21:00:00+00:00,81.91,83.35,81.84,82.88,2342775.45,2026-04-07 21:59:59.999000+00:00,193743695.6686,162676,1271763.29,105193233.6294,0,SOLUSDT,1h
2026-04-07 22:00:00+00:00,82.89,85.23,82.89,85.22,3802925.12,2026-04-07 22:59:59.999000+00:00,319346120.8458,309997,2049913.17,172129371.8988,0,SOLUSDT,1h
2026-04-07 23:00:00+00:00,85.22,87.19,85.07,85.54,5139700.6,2026-04-07 23:59:59.999000+00:00,441781685.7195,380019,2695409.54,231794815.387,0,SOLUSDT,1h
2026-04-08 00:00:00+00:00,85.53,85.89,84.23,84.74,1998884.9,2026-04-08 00:59:59.999000+00:00,169882079.2925,151808,893522.56,75929839.1352,0,SOLUSDT,1h
2026-04-08 01:00:00+00:00,84.75,84.96,84.42,84.66,949022.22,2026-04-08 01:59:59.999000+00:00,80349062.4014,83892,489816.08,41478739.1844,0,SOLUSDT,1h
2026-04-08 02:00:00+00:00,84.67,84.95,84.37,84.57,843594.75,2026-04-08 02:59:59.999000+00:00,71408545.5407,70947,423657.82,35870070.9948,0,SOLUSDT,1h
2026-04-08 03:00:00+00:00,84.58,84.66,84.34,84.53,527202.16,2026-04-08 03:59:59.999000+00:00,44546479.2707,51780,257772.91,21780489.1767,0,SOLUSDT,1h
2026-04-08 04:00:00+00:00,84.54,85.01,84.44,84.47,1080279.27,2026-04-08 04:59:59.999000+00:00,91594487.2211,69920,479944.87,40703342.965,0,SOLUSDT,1h
2026-04-08 05:00:00+00:00,84.47,84.73,84.12,84.19,693118.8,2026-04-08 05:59:59.999000+00:00,58549656.1227,53510,283079.15,23916018.4692,0,SOLUSDT,1h
2026-04-08 06:00:00+00:00,84.18,84.7,83.85,84.52,781100.37,2026-04-08 06:59:59.999000+00:00,65884965.8093,59834,431648.7,36415001.952,0,SOLUSDT,1h
2026-04-08 07:00:00+00:00,84.53,84.69,84.17,84.47,598715.86,2026-04-08 07:59:59.999000+00:00,50517160.4229,56691,308388.93,26026177.6971,0,SOLUSDT,1h
2026-04-08 08:00:00+00:00,84.48,84.85,84.4,84.83,489750.97,2026-04-08 08:59:59.999000+00:00,41418152.9241,43259,274324.03,23203422.1641,0,SOLUSDT,1h
2026-04-08 09:00:00+00:00,84.83,84.95,84.5,84.64,461965.6,2026-04-08 09:59:59.999000+00:00,39147345.2399,44254,205295.47,17400359.6978,0,SOLUSDT,1h
2026-04-08 10:00:00+00:00,84.63,84.77,84.45,84.48,320928.39,2026-04-08 10:59:59.999000+00:00,27149890.0906,33840,155146.73,13127425.3942,0,SOLUSDT,1h
2026-04-08 11:00:00+00:00,84.47,84.82,84.11,84.42,1049627.14,2026-04-08 11:59:59.999000+00:00,88647944.0098,64770,433111.9,36572093.8419,0,SOLUSDT,1h
2026-04-08 12:00:00+00:00,84.42,84.65,84.06,84.51,657491.39,2026-04-08 12:59:59.999000+00:00,55521332.7656,56068,318033.19,26859653.7352,0,SOLUSDT,1h
2026-04-08 13:00:00+00:00,84.5,84.96,83.86,84.0,2007619.84,2026-04-08 13:59:59.999000+00:00,169404866.5313,139937,937824.41,79154902.0136,0,SOLUSDT,1h
2026-04-08 14:00:00+00:00,84.0,84.12,82.47,82.87,2688384.57,2026-04-08 14:59:59.999000+00:00,223528734.7956,170405,1250148.42,103947185.4125,0,SOLUSDT,1h
2026-04-08 15:00:00+00:00,82.87,83.43,82.75,83.29,1287093.22,2026-04-08 15:59:59.999000+00:00,106910956.6791,86143,642634.31,53389900.0477,0,SOLUSDT,1h
2026-04-08 16:00:00+00:00,83.29,83.59,83.0,83.45,585589.86,2026-04-08 16:59:59.999000+00:00,48770167.8686,58541,327490.69,27278873.3144,0,SOLUSDT,1h
2026-04-08 17:00:00+00:00,83.46,84.17,83.25,83.93,887021.64,2026-04-08 17:59:59.999000+00:00,74247319.0578,68279,508556.31,42577278.8772,0,SOLUSDT,1h
2026-04-08 18:00:00+00:00,83.94,83.99,82.76,82.89,916408.99,2026-04-08 18:59:59.999000+00:00,76330688.0336,76600,411542.48,34274940.236,0,SOLUSDT,1h
2026-04-08 19:00:00+00:00,82.89,83.19,82.74,83.15,572744.37,2026-04-08 19:59:59.999000+00:00,47503115.6739,51302,322196.6,26727686.7063,0,SOLUSDT,1h
2026-04-08 20:00:00+00:00,83.15,83.34,82.97,83.23,372630.79,2026-04-08 20:59:59.999000+00:00,31000017.6269,34815,158006.87,13147771.7743,0,SOLUSDT,1h
2026-04-08 21:00:00+00:00,83.24,83.58,83.14,83.36,309897.83,2026-04-08 21:59:59.999000+00:00,25843865.1475,35532,155033.03,12929854.9872,0,SOLUSDT,1h
2026-04-08 22:00:00+00:00,83.36,83.41,82.53,82.58,541103.5,2026-04-08 22:59:59.999000+00:00,44831887.24,52954,236667.36,19605353.7269,0,SOLUSDT,1h
2026-04-08 23:00:00+00:00,82.57,82.99,82.17,82.52,1007481.72,2026-04-08 23:59:59.999000+00:00,83144350.2199,73791,423055.86,34916142.2935,0,SOLUSDT,1h
2026-04-09 00:00:00+00:00,82.52,82.63,82.01,82.16,768532.27,2026-04-09 00:59:59.999000+00:00,63218870.3261,65713,329082.33,27075008.7839,0,SOLUSDT,1h
2026-04-09 01:00:00+00:00,82.15,82.28,81.65,82.18,1141364.43,2026-04-09 01:59:59.999000+00:00,93542218.6599,85247,577681.32,47351712.5868,0,SOLUSDT,1h
2026-04-09 02:00:00+00:00,82.17,82.41,82.02,82.09,504561.92,2026-04-09 02:59:59.999000+00:00,41476432.8424,44174,252303.54,20742516.8197,0,SOLUSDT,1h
2026-04-09 03:00:00+00:00,82.09,82.14,81.85,81.97,568580.81,2026-04-09 03:59:59.999000+00:00,46611191.8138,42598,313024.6,25661617.3774,0,SOLUSDT,1h
2026-04-09 04:00:00+00:00,81.97,82.0,81.78,81.8,350264.79,2026-04-09 04:59:59.999000+00:00,28680675.4235,31414,159185.22,13034844.7634,0,SOLUSDT,1h
2026-04-09 05:00:00+00:00,81.8,82.29,81.7,82.11,498440.74,2026-04-09 05:59:59.999000+00:00,40881420.8649,42672,308174.14,25278010.1875,0,SOLUSDT,1h
2026-04-09 06:00:00+00:00,82.12,82.31,81.79,82.13,505246.58,2026-04-09 06:59:59.999000+00:00,41462279.3523,39496,252085.24,20689640.8358,0,SOLUSDT,1h
2026-04-09 07:00:00+00:00,82.13,82.44,82.13,82.23,387531.36,2026-04-09 07:59:59.999000+00:00,31887334.2728,32600,218389.46,17970200.6189,0,SOLUSDT,1h
2026-04-09 08:00:00+00:00,82.24,82.61,82.1,82.43,503931.44,2026-04-09 08:59:59.999000+00:00,41514869.1712,42252,295197.68,24323279.7467,0,SOLUSDT,1h
2026-04-09 09:00:00+00:00,82.42,82.64,82.08,82.55,713500.71,2026-04-09 09:59:59.999000+00:00,58745425.1841,52379,371278.09,30575635.8248,0,SOLUSDT,1h
2026-04-09 10:00:00+00:00,82.55,82.62,82.32,82.53,396123.87,2026-04-09 10:59:59.999000+00:00,32682246.069,35686,200591.97,16551337.2082,0,SOLUSDT,1h
2026-04-09 11:00:00+00:00,82.53,82.68,81.98,82.14,755978.09,2026-04-09 11:59:59.999000+00:00,62179871.2491,48134,334854.32,27535947.9859,0,SOLUSDT,1h
2026-04-09 12:00:00+00:00,82.13,82.33,81.93,82.23,669242.85,2026-04-09 12:59:59.999000+00:00,54984297.4039,48079,351776.23,28903861.8406,0,SOLUSDT,1h
2026-04-09 13:00:00+00:00,82.24,82.39,81.51,81.83,1035684.53,2026-04-09 13:59:59.999000+00:00,84846015.1213,77182,501480.06,41095132.2702,0,SOLUSDT,1h
2026-04-09 14:00:00+00:00,81.82,82.28,81.36,82.14,1124951.45,2026-04-09 14:59:59.999000+00:00,92028732.5018,86797,579731.29,47441574.6142,0,SOLUSDT,1h
2026-04-09 15:00:00+00:00,82.14,83.89,81.86,83.69,2661386.3,2026-04-09 15:59:59.999000+00:00,220894102.876,169385,1489144.08,123606472.7065,0,SOLUSDT,1h
2026-04-09 16:00:00+00:00,83.7,84.21,82.87,83.64,1876754.13,2026-04-09 16:59:59.999000+00:00,156904052.0292,132051,891279.01,74533480.5647,0,SOLUSDT,1h
2026-04-09 17:00:00+00:00,83.64,84.65,83.62,84.62,1852249.77,2026-04-09 17:59:59.999000+00:00,155876576.7223,129909,1015114.08,85428320.6164,0,SOLUSDT,1h
2026-04-09 18:00:00+00:00,84.62,84.67,83.33,83.81,1744883.23,2026-04-09 18:59:59.999000+00:00,146579356.479,118734,802773.99,67453946.3581,0,SOLUSDT,1h
2026-04-09 19:00:00+00:00,83.8,84.28,83.38,84.12,979861.31,2026-04-09 19:59:59.999000+00:00,82188567.9848,81111,495497.07,41575824.1336,0,SOLUSDT,1h
2026-04-09 20:00:00+00:00,84.11,84.5,84.05,84.22,555660.34,2026-04-09 20:59:59.999000+00:00,46824757.9482,60453,268522.66,22629969.0395,0,SOLUSDT,1h
2026-04-09 21:00:00+00:00,84.22,84.71,84.1,84.22,609109.62,2026-04-09 21:59:59.999000+00:00,51371195.9954,61349,314302.14,26513655.826,0,SOLUSDT,1h
2026-04-09 22:00:00+00:00,84.23,85.93,83.91,83.95,2038331.01,2026-04-09 22:59:59.999000+00:00,172889902.9415,146902,1081567.57,91814665.8679,0,SOLUSDT,1h
2026-04-09 23:00:00+00:00,83.95,84.02,83.1,83.29,1112777.55,2026-04-09 23:59:59.999000+00:00,92922552.9107,90012,420950.81,35152896.6168,0,SOLUSDT,1h
2026-04-10 00:00:00+00:00,83.29,83.33,82.84,83.08,800990.68,2026-04-10 00:59:59.999000+00:00,66537597.7871,78158,419554.5,34855393.1514,0,SOLUSDT,1h
2026-04-10 01:00:00+00:00,83.07,83.74,82.75,83.11,1087511.68,2026-04-10 01:59:59.999000+00:00,90503249.4962,88413,538498.25,44835602.985,0,SOLUSDT,1h
2026-04-10 02:00:00+00:00,83.12,83.41,83.0,83.22,455578.9,2026-04-10 02:59:59.999000+00:00,37904213.6707,43785,222671.26,18531151.0696,0,SOLUSDT,1h
2026-04-10 03:00:00+00:00,83.22,83.23,82.63,82.84,705527.87,2026-04-10 03:59:59.999000+00:00,58502444.3635,48812,279421.49,23170945.4196,0,SOLUSDT,1h
2026-04-10 04:00:00+00:00,82.84,83.48,82.84,83.31,527025.7,2026-04-10 04:59:59.999000+00:00,43810498.9556,43139,284490.87,23649936.5667,0,SOLUSDT,1h
2026-04-10 05:00:00+00:00,83.3,83.55,83.05,83.36,541724.74,2026-04-10 05:59:59.999000+00:00,45149614.9569,42892,282013.7,23511829.6384,0,SOLUSDT,1h
2026-04-10 06:00:00+00:00,83.36,83.43,83.06,83.15,439877.66,2026-04-10 06:59:59.999000+00:00,36599013.7073,34905,217938.96,18135407.423,0,SOLUSDT,1h
2026-04-10 07:00:00+00:00,83.16,83.23,82.82,82.92,463437.61,2026-04-10 07:59:59.999000+00:00,38495071.1042,37389,205040.35,17034286.5862,0,SOLUSDT,1h
2026-04-10 08:00:00+00:00,82.93,83.08,82.66,82.87,820203.58,2026-04-10 08:59:59.999000+00:00,67973811.486,48733,426048.57,35310359.6513,0,SOLUSDT,1h
2026-04-10 09:00:00+00:00,82.87,83.55,82.86,83.49,757968.56,2026-04-10 09:59:59.999000+00:00,63142861.9613,48300,428548.42,35697280.9878,0,SOLUSDT,1h
2026-04-10 10:00:00+00:00,83.5,83.5,83.06,83.25,534027.57,2026-04-10 10:59:59.999000+00:00,44472840.0764,40064,247697.07,20625485.9613,0,SOLUSDT,1h
2026-04-10 11:00:00+00:00,83.26,83.73,83.25,83.48,898638.25,2026-04-10 11:59:59.999000+00:00,75089511.5763,55225,437042.12,36517524.8134,0,SOLUSDT,1h
2026-04-10 12:00:00+00:00,83.49,84.39,83.31,84.07,1420882.63,2026-04-10 12:59:59.999000+00:00,119139704.5931,104001,786399.03,65944288.2221,0,SOLUSDT,1h
2026-04-10 13:00:00+00:00,84.08,84.35,83.53,84.22,1086566.02,2026-04-10 13:59:59.999000+00:00,91228834.8025,82462,532214.72,44713310.3867,0,SOLUSDT,1h
2026-04-10 14:00:00+00:00,84.22,85.2,84.14,85.06,1762108.66,2026-04-10 14:59:59.999000+00:00,149386719.3939,143243,912560.58,77361400.3968,0,SOLUSDT,1h
2026-04-10 15:00:00+00:00,85.05,85.57,84.01,84.2,1619691.76,2026-04-10 15:59:59.999000+00:00,137315020.956,117611,737332.06,62571467.0802,0,SOLUSDT,1h
2026-04-10 16:00:00+00:00,84.2,84.88,84.08,84.81,896417.95,2026-04-10 16:59:59.999000+00:00,75728482.594,75586,530048.41,44781628.3197,0,SOLUSDT,1h
2026-04-10 17:00:00+00:00,84.81,84.86,84.41,84.82,505705.78,2026-04-10 17:59:59.999000+00:00,42811129.2735,51802,185179.51,15678022.9681,0,SOLUSDT,1h
2026-04-10 18:00:00+00:00,84.83,85.24,84.57,85.18,570616.72,2026-04-10 18:59:59.999000+00:00,48461766.4563,47393,328788.87,27934833.9393,0,SOLUSDT,1h
2026-04-10 19:00:00+00:00,85.17,85.44,85.06,85.41,704294.44,2026-04-10 19:59:59.999000+00:00,60042569.4161,48856,360307.41,30724140.9664,0,SOLUSDT,1h
2026-04-10 20:00:00+00:00,85.41,85.66,85.01,85.4,670965.67,2026-04-10 20:59:59.999000+00:00,57255882.922,54958,370127.04,31595516.8593,0,SOLUSDT,1h
2026-04-10 21:00:00+00:00,85.41,85.41,84.92,85.19,418822.11,2026-04-10 21:59:59.999000+00:00,35632869.2013,37045,193705.14,16480592.7773,0,SOLUSDT,1h
2026-04-10 22:00:00+00:00,85.2,85.24,84.6,84.84,434414.57,2026-04-10 22:59:59.999000+00:00,36872508.2865,37505,177121.26,15036335.5803,0,SOLUSDT,1h
2026-04-10 23:00:00+00:00,84.83,84.92,84.7,84.78,234337.26,2026-04-10 23:59:59.999000+00:00,19864833.5271,23742,125318.93,10623217.2142,0,SOLUSDT,1h
2026-04-11 00:00:00+00:00,84.78,84.81,84.47,84.64,289216.78,2026-04-11 00:59:59.999000+00:00,24474150.5055,30632,135182.48,11440382.6215,0,SOLUSDT,1h
2026-04-11 01:00:00+00:00,84.63,84.69,84.34,84.63,338118.95,2026-04-11 01:59:59.999000+00:00,28567011.2462,33060,149942.76,12670383.3801,0,SOLUSDT,1h
2026-04-11 02:00:00+00:00,84.63,84.89,84.54,84.77,283849.26,2026-04-11 02:59:59.999000+00:00,24042496.4883,28478,155163.58,13143569.1493,0,SOLUSDT,1h
2026-04-11 03:00:00+00:00,84.76,84.85,84.22,84.35,424635.98,2026-04-11 03:59:59.999000+00:00,35894313.1939,30289,161729.43,13673592.5565,0,SOLUSDT,1h
2026-04-11 04:00:00+00:00,84.35,84.57,84.16,84.33,450006.26,2026-04-11 04:59:59.999000+00:00,37941463.0302,35410,207028.74,17457353.9748,0,SOLUSDT,1h
2026-04-11 05:00:00+00:00,84.32,84.36,84.02,84.04,532164.15,2026-04-11 05:59:59.999000+00:00,44799295.156,33765,287510.18,24204797.3683,0,SOLUSDT,1h
2026-04-11 06:00:00+00:00,84.04,84.11,83.82,84.07,443166.1,2026-04-11 06:59:59.999000+00:00,37215751.0988,34073,232729.01,19546236.3162,0,SOLUSDT,1h
2026-04-11 07:00:00+00:00,84.08,84.31,84.03,84.23,252830.94,2026-04-11 07:59:59.999000+00:00,21284583.8736,25482,153228.82,12900157.6573,0,SOLUSDT,1h
2026-04-11 08:00:00+00:00,84.23,84.38,84.1,84.1,323679.01,2026-04-11 08:59:59.999000+00:00,27273059.6941,26115,157646.39,13287023.0384,0,SOLUSDT,1h
2026-04-11 09:00:00+00:00,84.1,84.76,84.09,84.45,664239.57,2026-04-11 09:59:59.999000+00:00,56132154.4475,48000,357413.21,30203629.6679,0,SOLUSDT,1h
2026-04-11 10:00:00+00:00,84.45,84.47,83.9,83.99,478844.9,2026-04-11 10:59:59.999000+00:00,40295832.1373,37123,204529.84,17213288.3266,0,SOLUSDT,1h
2026-04-11 11:00:00+00:00,83.99,84.22,83.75,84.18,513951.03,2026-04-11 11:59:59.999000+00:00,43166310.7402,36106,280104.32,23530610.2634,0,SOLUSDT,1h
2026-04-11 12:00:00+00:00,84.18,84.48,84.01,84.18,388928.09,2026-04-11 12:59:59.999000+00:00,32763585.8612,33033,195968.2,16507972.0423,0,SOLUSDT,1h
2026-04-11 13:00:00+00:00,84.18,84.27,83.78,84.06,509003.19,2026-04-11 13:59:59.999000+00:00,42769056.6597,44630,232827.98,19563529.5687,0,SOLUSDT,1h
2026-04-11 14:00:00+00:00,84.05,84.39,83.98,84.33,357548.53,2026-04-11 14:59:59.999000+00:00,30113680.7249,33149,214726.09,18085632.1888,0,SOLUSDT,1h
2026-04-11 15:00:00+00:00,84.34,84.84,84.2,84.63,632151.98,2026-04-11 15:59:59.999000+00:00,53474207.4697,49655,325088.38,27498990.5353,0,SOLUSDT,1h
2026-04-11 16:00:00+00:00,84.62,85.35,84.56,84.93,758914.54,2026-04-11 16:59:59.999000+00:00,64462458.0357,62683,384434.77,32659550.2882,0,SOLUSDT,1h
2026-04-11 17:00:00+00:00,84.94,84.97,84.64,84.76,430557.6,2026-04-11 17:59:59.999000+00:00,36517390.9728,36968,179962.46,15262777.8994,0,SOLUSDT,1h
2026-04-11 18:00:00+00:00,84.76,85.78,84.58,85.45,1025678.69,2026-04-11 18:59:59.999000+00:00,87511127.192,79631,574236.54,49002466.4967,0,SOLUSDT,1h
2026-04-11 19:00:00+00:00,85.45,86.23,85.37,85.99,1251173.72,2026-04-11 19:59:59.999000+00:00,107417153.6942,88929,708233.5,60799667.7236,0,SOLUSDT,1h
2026-04-11 20:00:00+00:00,85.99,86.06,85.08,85.38,763655.78,2026-04-11 20:59:59.999000+00:00,65284711.4215,62096,358109.16,30614989.7345,0,SOLUSDT,1h
2026-04-11 21:00:00+00:00,85.37,85.51,85.15,85.3,316811.31,2026-04-11 21:59:59.999000+00:00,27032153.1883,32328,152044.18,12976198.5638,0,SOLUSDT,1h
2026-04-11 22:00:00+00:00,85.29,86.14,85.01,85.24,1214747.59,2026-04-11 22:59:59.999000+00:00,103994068.5969,64845,656250.59,56152160.9047,0,SOLUSDT,1h
2026-04-11 23:00:00+00:00,85.23,85.24,84.45,84.89,617584.23,2026-04-11 23:59:59.999000+00:00,52362842.7687,52160,260475.21,22085247.9734,0,SOLUSDT,1h
2026-04-12 00:00:00+00:00,84.89,84.97,84.67,84.85,364455.12,2026-04-12 00:59:59.999000+00:00,30921604.0716,36590,176811.93,15002836.9432,0,SOLUSDT,1h
2026-04-12 01:00:00+00:00,84.86,84.93,81.98,82.24,3209629.81,2026-04-12 01:59:59.999000+00:00,266711258.3001,196674,1303786.24,108193197.2137,0,SOLUSDT,1h
2026-04-12 02:00:00+00:00,82.25,82.95,81.83,82.61,1575852.59,2026-04-12 02:59:59.999000+00:00,129941080.2478,115053,863026.61,71165011.0597,0,SOLUSDT,1h
2026-04-12 03:00:00+00:00,82.61,82.74,82.26,82.27,647238.93,2026-04-12 03:59:59.999000+00:00,53402932.4047,54270,322179.81,26591027.0683,0,SOLUSDT,1h
2026-04-12 04:00:00+00:00,82.27,82.42,82.1,82.16,491043.03,2026-04-12 04:59:59.999000+00:00,40380667.5122,44103,221345.4,18204442.3951,0,SOLUSDT,1h
2026-04-12 05:00:00+00:00,82.16,82.42,82.01,82.34,555734.88,2026-04-12 05:59:59.999000+00:00,45716511.1364,45731,321216.38,26427576.2145,0,SOLUSDT,1h
2026-04-12 06:00:00+00:00,82.34,82.44,82.15,82.2,548920.3,2026-04-12 06:59:59.999000+00:00,45173281.8521,35153,255756.28,21039663.8074,0,SOLUSDT,1h
2026-04-12 07:00:00+00:00,82.2,82.4,82.17,82.23,265429.19,2026-04-12 07:59:59.999000+00:00,21842671.3954,28053,145213.13,11950038.5355,0,SOLUSDT,1h
2026-04-12 08:00:00+00:00,82.24,82.25,82.09,82.23,287426.08,2026-04-12 08:59:59.999000+00:00,23621403.6622,26864,143696.86,11810411.7906,0,SOLUSDT,1h
2026-04-12 09:00:00+00:00,82.24,82.36,82.08,82.15,281384.4,2026-04-12 09:59:59.999000+00:00,23130688.8359,27447,119504.25,9823419.9715,0,SOLUSDT,1h
2026-04-12 10:00:00+00:00,82.16,82.29,81.88,81.98,467421.34,2026-04-12 10:59:59.999000+00:00,38364740.0455,36453,217923.81,17893258.3571,0,SOLUSDT,1h
2026-04-12 11:00:00+00:00,81.99,82.33,81.89,82.15,506529.49,2026-04-12 11:59:59.999000+00:00,41583126.4909,34863,223966.34,18385366.5836,0,SOLUSDT,1h
2026-04-12 12:00:00+00:00,82.15,82.5,81.82,81.97,947029.37,2026-04-12 12:59:59.999000+00:00,77841410.7186,61081,450599.49,37042659.4181,0,SOLUSDT,1h
2026-04-12 13:00:00+00:00,81.97,82.19,81.71,81.86,847453.33,2026-04-12 13:59:59.999000+00:00,69426321.7636,68253,442615.6,36267148.2022,0,SOLUSDT,1h
2026-04-12 14:00:00+00:00,81.85,82.06,81.24,81.51,1616902.09,2026-04-12 14:59:59.999000+00:00,131968764.372,82423,792951.93,64717492.2506,0,SOLUSDT,1h
2026-04-12 15:00:00+00:00,81.51,81.78,81.25,81.55,735453.6,2026-04-12 15:59:59.999000+00:00,59978593.1771,53761,355512.49,28989826.0711,0,SOLUSDT,1h
2026-04-12 16:00:00+00:00,81.54,81.84,81.48,81.82,357792.01,2026-04-12 16:59:59.999000+00:00,29222304.3542,35428,180189.82,14718212.6889,0,SOLUSDT,1h
2026-04-12 17:00:00+00:00,81.83,82.26,81.69,82.14,592929.88,2026-04-12 17:59:59.999000+00:00,48612186.0755,49402,376956.56,30910622.111,0,SOLUSDT,1h
2026-04-12 18:00:00+00:00,82.14,82.29,81.98,82.07,447593.3,2026-04-12 18:59:59.999000+00:00,36748310.45,36187,255713.37,20993819.5699,0,SOLUSDT,1h
2026-04-12 19:00:00+00:00,82.07,82.27,81.86,81.93,260061.31,2026-04-12 19:59:59.999000+00:00,21338501.0095,27455,113631.13,9325970.6776,0,SOLUSDT,1h
2026-04-12 20:00:00+00:00,81.93,82.85,81.88,82.64,758394.72,2026-04-12 20:59:59.999000+00:00,62514481.4856,56661,462624.59,38134661.8145,0,SOLUSDT,1h
2026-04-12 21:00:00+00:00,82.64,82.86,82.39,82.76,590155.71,2026-04-12 21:59:59.999000+00:00,48760959.8892,51582,319698.23,26419590.014,0,SOLUSDT,1h
2026-04-12 22:00:00+00:00,82.76,82.78,81.32,81.95,1648604.4,2026-04-12 22:59:59.999000+00:00,135013493.4948,140949,854773.61,69996126.2835,0,SOLUSDT,1h
2026-04-12 23:00:00+00:00,81.94,81.94,81.23,81.49,665832.22,2026-04-12 23:59:59.999000+00:00,54250560.4315,64921,301157.8,24542112.2869,0,SOLUSDT,1h
2026-04-13 00:00:00+00:00,81.48,82.19,81.35,82.1,700753.12,2026-04-13 00:59:59.999000+00:00,57318814.1003,64541,405338.92,33152364.0579,0,SOLUSDT,1h
2026-04-13 01:00:00+00:00,82.1,82.31,81.92,82.28,547450.84,2026-04-13 01:59:59.999000+00:00,44950687.2802,48452,251953.27,20690899.5523,0,SOLUSDT,1h
2026-04-13 02:00:00+00:00,82.28,82.4,81.83,81.88,597238.9,2026-04-13 02:59:59.999000+00:00,49035618.3764,44692,306610.91,25180503.8031,0,SOLUSDT,1h
2026-04-13 03:00:00+00:00,81.89,82.04,81.68,81.86,341293.78,2026-04-13 03:59:59.999000+00:00,27936082.0492,34644,179635.03,14705770.0499,0,SOLUSDT,1h
2026-04-13 04:00:00+00:00,81.87,82.21,81.8,81.86,426501.61,2026-04-13 04:59:59.999000+00:00,34964021.7864,35997,211519.3,17341015.848,0,SOLUSDT,1h
2026-04-13 05:00:00+00:00,81.87,81.95,81.48,81.79,480760.05,2026-04-13 05:59:59.999000+00:00,39269443.712,40211,230750.2,18850429.1982,0,SOLUSDT,1h
2026-04-13 06:00:00+00:00,81.8,82.58,81.77,82.31,935983.8,2026-04-13 06:59:59.999000+00:00,76991973.9626,65587,529250.48,43535491.7494,0,SOLUSDT,1h
2026-04-13 07:00:00+00:00,82.31,82.36,81.81,82.12,590005.67,2026-04-13 07:59:59.999000+00:00,48399816.3324,47020,287037.55,23548222.0428,0,SOLUSDT,1h
2026-04-13 08:00:00+00:00,82.12,82.25,81.67,81.82,814021.19,2026-04-13 08:59:59.999000+00:00,66679189.9993,55847,337438.25,27643871.6537,0,SOLUSDT,1h
2026-04-13 09:00:00+00:00,81.82,82.17,81.74,81.82,604960.35,2026-04-13 09:59:59.999000+00:00,49574245.3543,44691,295294.99,24200458.3133,0,SOLUSDT,1h
2026-04-13 10:00:00+00:00,81.82,81.93,81.61,81.7,346868.41,2026-04-13 10:59:59.999000+00:00,28365302.4804,33915,176788.06,14458326.2952,0,SOLUSDT,1h
2026-04-13 11:00:00+00:00,81.71,82.01,81.65,81.82,479239.18,2026-04-13 11:59:59.999000+00:00,39220839.9606,36989,256034.26,20955186.813,0,SOLUSDT,1h
2026-04-13 12:00:00+00:00,81.82,82.77,81.77,82.5,1424934.54,2026-04-13 12:59:59.999000+00:00,117263627.0579,83411,764042.0,62873210.4448,0,SOLUSDT,1h
2026-04-13 13:00:00+00:00,82.51,83.65,82.25,83.58,2191058.21,2026-04-13 13:59:59.999000+00:00,181499496.5254,150386,1158494.38,96028383.079,0,SOLUSDT,1h
2026-04-13 14:00:00+00:00,83.58,83.79,82.73,83.73,2109419.02,2026-04-13 14:59:59.999000+00:00,175647582.1344,145738,1033164.5,86048652.7179,0,SOLUSDT,1h
2026-04-13 15:00:00+00:00,83.73,83.95,82.31,82.62,1796802.17,2026-04-13 15:59:59.999000+00:00,149012378.7826,119418,872151.88,72383760.2678,0,SOLUSDT,1h
2026-04-13 16:00:00+00:00,82.62,83.6,82.31,83.32,1560628.09,2026-04-13 16:59:59.999000+00:00,129754405.4492,123800,826014.11,68677183.9886,0,SOLUSDT,1h
2026-04-13 17:00:00+00:00,83.33,83.82,82.96,83.03,922156.42,2026-04-13 17:59:59.999000+00:00,76898182.9647,75755,465779.06,38861130.0679,0,SOLUSDT,1h
2026-04-13 18:00:00+00:00,83.02,83.25,82.54,83.19,942499.53,2026-04-13 18:59:59.999000+00:00,78131094.0448,63910,515183.94,42703407.777,0,SOLUSDT,1h
2026-04-13 19:00:00+00:00,83.18,84.23,83.06,84.07,1606539.69,2026-04-13 19:59:59.999000+00:00,134539731.6574,114414,888214.71,74388718.5524,0,SOLUSDT,1h
2026-04-13 20:00:00+00:00,84.07,84.35,83.77,83.89,1175329.96,2026-04-13 20:59:59.999000+00:00,98752013.8853,78356,606139.5,50936539.4596,0,SOLUSDT,1h
2026-04-13 21:00:00+00:00,83.9,84.14,83.79,83.92,526377.89,2026-04-13 21:59:59.999000+00:00,44182525.8017,52876,242066.26,20322013.2054,0,SOLUSDT,1h
2026-04-13 22:00:00+00:00,83.91,86.47,83.91,86.2,3112554.19,2026-04-13 22:59:59.999000+00:00,266158758.8354,243592,1820630.61,155641638.5188,0,SOLUSDT,1h
2026-04-13 23:00:00+00:00,86.2,86.8,85.88,86.5,2126060.59,2026-04-13 23:59:59.999000+00:00,183599149.4358,185688,1049972.95,90707247.1284,0,SOLUSDT,1h
2026-04-14 00:00:00+00:00,86.49,86.73,85.7,85.88,1542907.77,2026-04-14 00:59:59.999000+00:00,133008724.3094,128409,620483.8,53496292.1467,0,SOLUSDT,1h
2026-04-14 01:00:00+00:00,85.89,86.1,85.65,85.94,831453.2,2026-04-14 01:59:59.999000+00:00,71444241.4823,74207,443288.48,38096653.8992,0,SOLUSDT,1h
2026-04-14 02:00:00+00:00,85.93,86.41,85.84,86.2,890888.99,2026-04-14 02:59:59.999000+00:00,76727600.8398,74276,459868.71,39615473.7359,0,SOLUSDT,1h
2026-04-14 03:00:00+00:00,86.2,86.25,85.96,86.03,429520.25,2026-04-14 03:59:59.999000+00:00,36976866.7912,45018,173632.01,14948995.2977,0,SOLUSDT,1h
2026-04-14 04:00:00+00:00,86.03,86.04,85.54,85.88,655108.68,2026-04-14 04:59:59.999000+00:00,56196158.1213,51239,296112.05,25397851.3956,0,SOLUSDT,1h
2026-04-14 05:00:00+00:00,85.88,85.9,85.4,85.48,493175.57,2026-04-14 05:59:59.999000+00:00,42250957.4887,47604,204232.77,17501058.1318,0,SOLUSDT,1h
2026-04-14 06:00:00+00:00,85.49,86.06,85.48,85.92,674339.98,2026-04-14 06:59:59.999000+00:00,57855270.7511,49802,352114.96,30206912.9116,0,SOLUSDT,1h
2026-04-14 07:00:00+00:00,85.92,86.17,85.76,85.87,856899.57,2026-04-14 07:59:59.999000+00:00,73641825.1154,65715,386770.7,33245909.618,0,SOLUSDT,1h
2026-04-14 08:00:00+00:00,85.86,86.35,85.68,86.09,694944.5,2026-04-14 08:59:59.999000+00:00,59792099.2404,58448,386302.69,33251728.0093,0,SOLUSDT,1h
2026-04-14 09:00:00+00:00,86.09,86.22,85.93,86.05,352993.64,2026-04-14 09:59:59.999000+00:00,30379055.0192,35906,160200.6,13788302.5985,0,SOLUSDT,1h
2026-04-14 10:00:00+00:00,86.06,86.52,85.96,85.99,671169.47,2026-04-14 10:59:59.999000+00:00,57866661.7086,50743,318894.2,27495862.544,0,SOLUSDT,1h
2026-04-14 11:00:00+00:00,85.99,86.07,85.56,85.75,925096.72,2026-04-14 11:59:59.999000+00:00,79387715.8293,59457,401609.39,34465523.7303,0,SOLUSDT,1h
2026-04-14 12:00:00+00:00,85.74,86.0,85.55,85.92,631545.57,2026-04-14 12:59:59.999000+00:00,54165457.9003,51480,358908.39,30789939.8173,0,SOLUSDT,1h
2026-04-14 13:00:00+00:00,85.92,87.4,85.87,87.28,2054724.76,2026-04-14 13:59:59.999000+00:00,178200793.8049,141361,1188282.9,103078325.7883,0,SOLUSDT,1h
2026-04-14 14:00:00+00:00,87.28,87.64,85.95,85.95,2650942.16,2026-04-14 14:59:59.999000+00:00,230059369.3914,174433,1248633.13,108443141.2844,0,SOLUSDT,1h
2026-04-14 15:00:00+00:00,85.96,86.28,85.17,85.92,2131005.27,2026-04-14 15:59:59.999000+00:00,182677986.1869,140668,1043958.71,89506946.9036,0,SOLUSDT,1h
2026-04-14 16:00:00+00:00,85.92,86.13,84.7,84.99,1654142.09,2026-04-14 16:59:59.999000+00:00,141324899.2475,106389,720423.5,61562513.5821,0,SOLUSDT,1h
2026-04-14 17:00:00+00:00,84.99,85.42,84.66,85.2,1200637.32,2026-04-14 17:59:59.999000+00:00,102120245.4131,79970,693835.89,59029695.4787,0,SOLUSDT,1h
2026-04-14 18:00:00+00:00,85.21,85.39,83.83,84.05,1333418.09,2026-04-14 18:59:59.999000+00:00,112680059.196,93738,582960.24,49257702.7013,0,SOLUSDT,1h
2026-04-14 19:00:00+00:00,84.04,84.28,83.66,83.91,1185055.74,2026-04-14 19:59:59.999000+00:00,99501222.7038,87655,606318.7,50917473.6007,0,SOLUSDT,1h
2026-04-14 20:00:00+00:00,83.91,84.11,83.36,83.57,874720.69,2026-04-14 20:59:59.999000+00:00,73195626.886,67163,428735.71,35876236.7408,0,SOLUSDT,1h
2026-04-14 21:00:00+00:00,83.56,83.92,83.49,83.76,359745.77,2026-04-14 21:59:59.999000+00:00,30107595.9244,42689,212623.26,17797255.6736,0,SOLUSDT,1h
2026-04-14 22:00:00+00:00,83.76,83.89,83.26,83.46,779870.57,2026-04-14 22:59:59.999000+00:00,65119389.1034,67238,390212.94,32588020.2929,0,SOLUSDT,1h
2026-04-14 23:00:00+00:00,83.47,84.0,83.42,83.66,604573.76,2026-04-14 23:59:59.999000+00:00,50615769.8959,50807,309723.34,25928117.9445,0,SOLUSDT,1h
2026-04-15 00:00:00+00:00,83.66,84.01,83.48,83.72,1080023.05,2026-04-15 00:59:59.999000+00:00,90429820.2529,77950,541292.31,45320461.7625,0,SOLUSDT,1h
2026-04-15 01:00:00+00:00,83.72,83.98,83.51,83.85,610059.72,2026-04-15 01:59:59.999000+00:00,51082464.9154,57989,326999.52,27381465.0626,0,SOLUSDT,1h
2026-04-15 02:00:00+00:00,83.85,83.97,83.07,83.35,752677.36,2026-04-15 02:59:59.999000+00:00,62768478.6442,65615,312441.39,26059213.0771,0,SOLUSDT,1h
2026-04-15 03:00:00+00:00,83.35,83.47,83.23,83.4,292142.51,2026-04-15 03:59:59.999000+00:00,24348819.8339,38209,147299.92,12278122.5323,0,SOLUSDT,1h
2026-04-15 04:00:00+00:00,83.4,83.62,83.26,83.55,401589.72,2026-04-15 04:59:59.999000+00:00,33520780.2082,43771,216949.41,18114311.5921,0,SOLUSDT,1h
2026-04-15 05:00:00+00:00,83.56,83.74,82.88,83.07,1060485.83,2026-04-15 05:59:59.999000+00:00,88181538.1205,75124,453257.78,37704064.2989,0,SOLUSDT,1h
2026-04-15 06:00:00+00:00,83.07,83.09,82.75,82.94,605349.7,2026-04-15 06:59:59.999000+00:00,50199108.57,43409,248455.21,20605755.4121,0,SOLUSDT,1h
2026-04-15 07:00:00+00:00,82.95,83.17,82.6,82.88,885015.85,2026-04-15 07:59:59.999000+00:00,73278871.6208,64045,405682.24,33596695.5742,0,SOLUSDT,1h
2026-04-15 08:00:00+00:00,82.88,83.23,82.68,83.08,744312.12,2026-04-15 08:59:59.999000+00:00,61783978.2791,50685,414369.77,34398440.5214,0,SOLUSDT,1h
2026-04-15 09:00:00+00:00,83.07,83.19,82.82,83.11,548007.62,2026-04-15 09:59:59.999000+00:00,45500560.5922,46091,268668.26,22310138.2869,0,SOLUSDT,1h
2026-04-15 10:00:00+00:00,83.11,83.65,82.85,83.1,1123595.42,2026-04-15 10:59:59.999000+00:00,93458283.4023,66664,561430.51,46712777.0896,0,SOLUSDT,1h
2026-04-15 11:00:00+00:00,83.11,83.65,83.0,83.54,727369.84,2026-04-15 11:59:59.999000+00:00,60605914.9702,55490,385264.83,32105656.1274,0,SOLUSDT,1h
2026-04-15 12:00:00+00:00,83.55,83.84,83.32,83.67,654221.52,2026-04-15 12:59:59.999000+00:00,54681491.8461,64022,347931.28,29090779.2016,0,SOLUSDT,1h
2026-04-15 13:00:00+00:00,83.66,83.77,83.14,83.59,954192.68,2026-04-15 13:59:59.999000+00:00,79632297.2781,86671,408533.34,34097749.3952,0,SOLUSDT,1h
2026-04-15 14:00:00+00:00,83.59,84.47,83.36,84.27,1609352.82,2026-04-15 14:59:59.999000+00:00,135258427.9883,112790,842104.69,70788672.4173,0,SOLUSDT,1h
2026-04-15 15:00:00+00:00,84.27,84.44,83.44,83.94,1485424.28,2026-04-15 15:59:59.999000+00:00,124661346.2739,96796,705589.28,59226112.849,0,SOLUSDT,1h
2026-04-15 16:00:00+00:00,83.95,84.67,83.86,84.51,1276832.7,2026-04-15 16:59:59.999000+00:00,107747909.4447,96059,646510.9,54555785.6495,0,SOLUSDT,1h
2026-04-15 17:00:00+00:00,84.5,85.12,84.4,84.66,1370589.33,2026-04-15 17:59:59.999000+00:00,116168860.9444,93898,677876.3,57465260.7684,0,SOLUSDT,1h
2026-04-15 18:00:00+00:00,84.66,85.03,84.55,84.98,522677.61,2026-04-15 18:59:59.999000+00:00,44348495.8729,57828,265875.49,22562420.524,0,SOLUSDT,1h
2026-04-15 19:00:00+00:00,84.99,85.81,84.9,85.48,1095593.33,2026-04-15 19:59:59.999000+00:00,93553226.9628,96591,549184.07,46899228.6333,0,SOLUSDT,1h
2026-04-15 20:00:00+00:00,85.48,85.54,84.59,84.77,786810.65,2026-04-15 20:59:59.999000+00:00,66824853.8868,64471,372547.13,31633665.3087,0,SOLUSDT,1h
2026-04-15 21:00:00+00:00,84.77,84.87,84.16,84.75,576937.47,2026-04-15 21:59:59.999000+00:00,48735373.2738,51235,310061.08,26192074.6633,0,SOLUSDT,1h
2026-04-15 22:00:00+00:00,84.74,85.59,84.7,84.98,759885.21,2026-04-15 22:59:59.999000+00:00,64694897.5588,78513,400015.56,34058988.7377,0,SOLUSDT,1h
2026-04-15 23:00:00+00:00,84.99,85.0,84.56,84.85,533977.77,2026-04-15 23:59:59.999000+00:00,45277655.5109,45256,268669.66,22783182.127,0,SOLUSDT,1h
2026-04-16 00:00:00+00:00,84.86,85.03,84.45,84.89,514288.55,2026-04-16 00:59:59.999000+00:00,43582884.4233,46783,227340.22,19271384.7398,0,SOLUSDT,1h
2026-04-16 01:00:00+00:00,84.9,84.91,84.42,84.82,331901.35,2026-04-16 01:59:59.999000+00:00,28108824.1024,41265,155022.66,13129755.035,0,SOLUSDT,1h
2026-04-16 02:00:00+00:00,84.81,85.56,84.67,85.07,782039.96,2026-04-16 02:59:59.999000+00:00,66603881.5527,73897,424241.01,36138563.0249,0,SOLUSDT,1h
2026-04-16 03:00:00+00:00,85.07,85.48,85.04,85.26,495610.43,2026-04-16 03:59:59.999000+00:00,42258100.9978,55048,241707.39,20608777.2495,0,SOLUSDT,1h
2026-04-16 04:00:00+00:00,85.25,85.53,84.93,85.2,480936.24,2026-04-16 04:59:59.999000+00:00,40998814.2538,55477,212748.01,18139531.0675,0,SOLUSDT,1h
2026-04-16 05:00:00+00:00,85.19,85.5,85.0,85.36,336046.18,2026-04-16 05:59:59.999000+00:00,28653392.0863,37270,150696.0,12851190.1967,0,SOLUSDT,1h
2026-04-16 06:00:00+00:00,85.37,85.5,85.12,85.43,299939.25,2026-04-16 06:59:59.999000+00:00,25596811.5763,36333,144476.21,12330496.7069,0,SOLUSDT,1h
2026-04-16 07:00:00+00:00,85.43,85.61,85.03,85.15,542957.58,2026-04-16 07:59:59.999000+00:00,46348211.8078,51049,270270.06,23075621.3582,0,SOLUSDT,1h
2026-04-16 08:00:00+00:00,85.16,85.27,84.85,84.99,632359.07,2026-04-16 08:59:59.999000+00:00,53787213.4981,49231,289535.37,24631776.8614,0,SOLUSDT,1h
2026-04-16 09:00:00+00:00,85.0,85.47,84.91,85.14,816701.17,2026-04-16 09:59:59.999000+00:00,69628457.6678,51503,371992.39,31717195.3379,0,SOLUSDT,1h
2026-04-16 10:00:00+00:00,85.15,85.21,84.56,85.01,1128701.21,2026-04-16 10:59:59.999000+00:00,95857628.1112,66768,534960.19,45436381.8772,0,SOLUSDT,1h
2026-04-16 11:00:00+00:00,85.01,85.14,84.89,85.02,394559.07,2026-04-16 11:59:59.999000+00:00,33531698.6538,32769,182602.45,15519649.2841,0,SOLUSDT,1h
2026-04-16 12:00:00+00:00,85.03,85.47,85.01,85.34,562683.98,2026-04-16 12:59:59.999000+00:00,47980550.4599,47255,316070.17,26953327.6365,0,SOLUSDT,1h
2026-04-16 13:00:00+00:00,85.34,86.25,83.7,84.74,3179759.17,2026-04-16 13:59:59.999000+00:00,270694967.3637,184737,1508628.5,128496616.4454,0,SOLUSDT,1h
2026-04-16 14:00:00+00:00,84.74,85.67,83.99,85.35,2081697.77,2026-04-16 14:59:59.999000+00:00,176329569.9884,151131,1077001.05,91268192.3804,0,SOLUSDT,1h
2026-04-16 15:00:00+00:00,85.34,87.11,85.24,86.57,2814815.4,2026-04-16 15:59:59.999000+00:00,243037298.1005,193531,1566442.84,135282579.0619,0,SOLUSDT,1h
2026-04-16 16:00:00+00:00,86.58,87.07,85.58,85.9,1869845.52,2026-04-16 16:59:59.999000+00:00,161537035.9859,138143,872172.12,75369808.8136,0,SOLUSDT,1h
2026-04-16 17:00:00+00:00,85.89,86.76,85.66,86.61,1406198.78,2026-04-16 17:59:59.999000+00:00,121198885.4683,101638,734752.73,63342394.4319,0,SOLUSDT,1h
2026-04-16 18:00:00+00:00,86.61,89.05,86.46,88.96,3868853.14,2026-04-16 18:59:59.999000+00:00,339318514.3774,231857,2204184.53,193276232.7446,0,SOLUSDT,1h
2026-04-16 19:00:00+00:00,88.97,90.14,88.59,90.07,2528197.0,2026-04-16 19:59:59.999000+00:00,225932637.172,165889,1307848.64,116917602.6769,0,SOLUSDT,1h
2026-04-16 20:00:00+00:00,90.06,90.58,89.21,89.55,2436908.1,2026-04-16 20:59:59.999000+00:00,218851149.2912,147522,1223941.82,109964583.1337,0,SOLUSDT,1h
2026-04-16 21:00:00+00:00,89.55,89.74,88.68,88.9,1209873.95,2026-04-16 21:59:59.999000+00:00,107776773.7453,93286,572101.14,50975870.5282,0,SOLUSDT,1h
2026-04-16 22:00:00+00:00,88.9,89.43,88.83,88.97,654645.85,2026-04-16 22:59:59.999000+00:00,58335064.0773,68565,332538.13,29634216.4102,0,SOLUSDT,1h
2026-04-16 23:00:00+00:00,88.96,89.19,88.78,89.03,482939.76,2026-04-16 23:59:59.999000+00:00,42959353.6282,50096,227792.88,20265166.3867,0,SOLUSDT,1h
2026-04-17 00:00:00+00:00,89.02,89.15,88.54,88.77,618209.84,2026-04-17 00:59:59.999000+00:00,54894386.8002,59454,275562.3,24473557.5307,0,SOLUSDT,1h
2026-04-17 01:00:00+00:00,88.78,88.98,87.86,88.2,969701.66,2026-04-17 01:59:59.999000+00:00,85648312.3407,74575,412751.45,36461509.5492,0,SOLUSDT,1h
2026-04-17 02:00:00+00:00,88.21,88.33,87.5,87.82,873598.16,2026-04-17 02:59:59.999000+00:00,76703730.1402,66498,361621.25,31759179.5025,0,SOLUSDT,1h
2026-04-17 03:00:00+00:00,87.83,87.93,87.43,87.67,716818.66,2026-04-17 03:59:59.999000+00:00,62859790.4541,50009,373158.0,32726195.098,0,SOLUSDT,1h
2026-04-17 04:00:00+00:00,87.67,88.25,87.64,87.94,712452.81,2026-04-17 04:59:59.999000+00:00,62714972.5812,55803,368368.54,32422168.0886,0,SOLUSDT,1h
2026-04-17 05:00:00+00:00,87.94,87.95,87.34,87.36,762338.33,2026-04-17 05:59:59.999000+00:00,66763153.9175,61831,337167.25,29530304.891,0,SOLUSDT,1h
2026-04-17 06:00:00+00:00,87.36,88.05,87.3,87.96,580866.51,2026-04-17 06:59:59.999000+00:00,50959703.6851,51584,333840.3,29296650.9478,0,SOLUSDT,1h
2026-04-17 07:00:00+00:00,87.96,88.44,87.93,88.09,785830.4,2026-04-17 07:59:59.999000+00:00,69293638.4074,58243,441048.21,38894299.1553,0,SOLUSDT,1h
2026-04-17 08:00:00+00:00,88.1,89.05,88.07,88.91,1140719.17,2026-04-17 08:59:59.999000+00:00,101025222.2298,79165,691657.56,61262474.8302,0,SOLUSDT,1h
2026-04-17 09:00:00+00:00,88.9,89.48,88.24,88.65,1697292.2,2026-04-17 09:59:59.999000+00:00,150493524.5839,107816,841950.44,74647612.2725,0,SOLUSDT,1h
2026-04-17 10:00:00+00:00,88.66,88.69,87.26,87.62,1829905.02,2026-04-17 10:59:59.999000+00:00,160730170.8903,109515,775466.47,68083725.6072,0,SOLUSDT,1h
2026-04-17 11:00:00+00:00,87.62,88.27,87.57,88.15,763540.9,2026-04-17 11:59:59.999000+00:00,67148877.0997,59717,370527.72,32585473.9794,0,SOLUSDT,1h
2026-04-17 12:00:00+00:00,88.16,88.87,87.85,88.82,1098796.25,2026-04-17 12:59:59.999000+00:00,97062632.9292,105433,569619.53,50319949.5932,0,SOLUSDT,1h
2026-04-17 13:00:00+00:00,88.83,90.48,88.51,90.09,4675390.57,2026-04-17 13:59:59.999000+00:00,418726323.7546,336554,2175999.03,194905502.2607,0,SOLUSDT,1h
2026-04-17 14:00:00+00:00,90.09,90.71,89.57,89.97,2697860.03,2026-04-17 14:59:59.999000+00:00,242966218.4667,183790,1300750.99,117196176.4057,0,SOLUSDT,1h
2026-04-17 15:00:00+00:00,89.97,90.14,89.39,89.91,1670863.19,2026-04-17 15:59:59.999000+00:00,150022261.9507,131739,864153.87,77611208.2234,0,SOLUSDT,1h
2026-04-17 16:00:00+00:00,89.91,90.58,89.85,90.39,1284125.13,2026-04-17 16:59:59.999000+00:00,115805865.2048,96988,741572.61,66886590.736,0,SOLUSDT,1h
2026-04-17 17:00:00+00:00,90.39,90.39,89.04,89.7,1516240.77,2026-04-17 17:59:59.999000+00:00,135878842.6637,117099,732971.4,65684855.0798,0,SOLUSDT,1h
2026-04-17 18:00:00+00:00,89.69,89.8,88.84,89.12,1047138.71,2026-04-17 18:59:59.999000+00:00,93310214.0803,92252,517891.13,46155314.5126,0,SOLUSDT,1h
2026-04-17 19:00:00+00:00,89.12,89.46,88.86,89.18,577555.55,2026-04-17 19:59:59.999000+00:00,51530913.9519,61708,338258.74,30188226.4027,0,SOLUSDT,1h
2026-04-17 20:00:00+00:00,89.17,89.33,88.45,88.95,908047.02,2026-04-17 20:59:59.999000+00:00,80670476.9191,60827,433843.28,38551467.654,0,SOLUSDT,1h
2026-04-17 21:00:00+00:00,88.94,89.23,88.74,89.08,431665.52,2026-04-17 21:59:59.999000+00:00,38433501.8877,42572,197309.48,17572078.9679,0,SOLUSDT,1h
2026-04-17 22:00:00+00:00,89.08,89.43,88.89,89.17,470519.55,2026-04-17 22:59:59.999000+00:00,41966034.0284,46071,255248.58,22767597.9649,0,SOLUSDT,1h
2026-04-17 23:00:00+00:00,89.16,89.17,88.42,88.71,523001.5,2026-04-17 23:59:59.999000+00:00,46423150.0925,51191,252230.03,22389676.6643,0,SOLUSDT,1h
2026-04-18 00:00:00+00:00,88.71,89.1,88.61,88.91,344791.39,2026-04-18 00:59:59.999000+00:00,30625111.7152,45524,174155.92,15471461.6841,0,SOLUSDT,1h
2026-04-18 01:00:00+00:00,88.92,89.11,88.63,88.8,365262.77,2026-04-18 01:59:59.999000+00:00,32470857.036,42937,164927.61,14664483.7424,0,SOLUSDT,1h
2026-04-18 02:00:00+00:00,88.81,89.05,88.61,88.86,270418.27,2026-04-18 02:59:59.999000+00:00,24029542.6903,33858,140647.17,12502067.1687,0,SOLUSDT,1h
2026-04-18 03:00:00+00:00,88.87,88.87,88.17,88.27,497841.51,2026-04-18 03:59:59.999000+00:00,44064572.1313,48553,189193.77,16751321.1674,0,SOLUSDT,1h
2026-04-18 04:00:00+00:00,88.27,88.5,88.18,88.3,540963.38,2026-04-18 04:59:59.999000+00:00,47791715.6789,47473,284018.47,25092333.0434,0,SOLUSDT,1h
2026-04-18 05:00:00+00:00,88.31,88.6,88.1,88.34,486255.25,2026-04-18 05:59:59.999000+00:00,42939178.2518,41371,239505.85,21153643.051,0,SOLUSDT,1h
2026-04-18 06:00:00+00:00,88.35,88.56,88.25,88.44,282049.39,2026-04-18 06:59:59.999000+00:00,24942148.2981,30804,145040.47,12829098.1345,0,SOLUSDT,1h
2026-04-18 07:00:00+00:00,88.44,88.5,88.25,88.39,281155.55,2026-04-18 07:59:59.999000+00:00,24850353.7414,31665,115140.11,10177738.6133,0,SOLUSDT,1h
2026-04-18 08:00:00+00:00,88.4,88.45,87.04,87.5,1789877.47,2026-04-18 08:59:59.999000+00:00,156739648.5468,124229,801228.08,70124964.6207,0,SOLUSDT,1h
2026-04-18 09:00:00+00:00,87.49,87.63,87.07,87.56,828297.54,2026-04-18 09:59:59.999000+00:00,72395282.618,65092,411210.92,35951262.9254,0,SOLUSDT,1h
2026-04-18 10:00:00+00:00,87.57,87.6,86.71,86.92,1272143.22,2026-04-18 10:59:59.999000+00:00,110722514.3452,85222,509596.36,44361949.502,0,SOLUSDT,1h
2026-04-18 11:00:00+00:00,86.91,86.92,86.22,86.49,1120074.29,2026-04-18 11:59:59.999000+00:00,96957215.3921,82083,543414.54,47039330.5777,0,SOLUSDT,1h
2026-04-18 12:00:00+00:00,86.48,86.91,86.45,86.84,794556.82,2026-04-18 12:59:59.999000+00:00,68912751.7291,64313,430333.51,37325722.4756,0,SOLUSDT,1h
2026-04-18 13:00:00+00:00,86.85,86.92,86.35,86.69,641692.04,2026-04-18 13:59:59.999000+00:00,55611972.517,57813,296374.16,25686870.1377,0,SOLUSDT,1h
2026-04-18 14:00:00+00:00,86.7,86.82,86.38,86.77,510558.23,2026-04-18 14:59:59.999000+00:00,44248844.9501,43398,255542.53,22150654.5112,0,SOLUSDT,1h
2026-04-18 15:00:00+00:00,86.78,86.92,86.5,86.7,412695.98,2026-04-18 15:59:59.999000+00:00,35795123.5143,39539,202397.45,17559599.0318,0,SOLUSDT,1h
2026-04-18 16:00:00+00:00,86.7,86.93,86.41,86.64,572523.94,2026-04-18 16:59:59.999000+00:00,49610087.4827,48885,244595.08,21198258.4976,0,SOLUSDT,1h
2026-04-18 17:00:00+00:00,86.64,86.79,86.45,86.69,337772.35,2026-04-18 17:59:59.999000+00:00,29263719.228,32311,141765.26,12283516.54,0,SOLUSDT,1h
2026-04-18 18:00:00+00:00,86.69,86.7,85.71,85.9,1419714.0,2026-04-18 18:59:59.999000+00:00,122279255.1933,82987,572591.92,49313884.3738,0,SOLUSDT,1h
2026-04-18 19:00:00+00:00,85.9,86.24,85.88,86.07,370235.27,2026-04-18 19:59:59.999000+00:00,31871284.7767,38218,195546.97,16833494.3996,0,SOLUSDT,1h
2026-04-18 20:00:00+00:00,86.06,86.27,85.95,86.12,281978.56,2026-04-18 20:59:59.999000+00:00,24280325.095,33148,159319.77,13719688.0242,0,SOLUSDT,1h
2026-04-18 21:00:00+00:00,86.12,86.22,85.98,86.16,182552.31,2026-04-18 21:59:59.999000+00:00,15720694.9541,27010,91689.2,7897095.521,0,SOLUSDT,1h
2026-04-18 22:00:00+00:00,86.16,86.32,85.86,86.24,408800.66,2026-04-18 22:59:59.999000+00:00,35201203.0963,39639,233982.94,20153638.8336,0,SOLUSDT,1h
2026-04-18 23:00:00+00:00,86.24,86.42,86.08,86.11,290663.13,2026-04-18 23:59:59.999000+00:00,25066551.9172,28488,132787.9,11452542.2897,0,SOLUSDT,1h
2026-04-19 00:00:00+00:00,86.1,86.33,85.8,85.97,464146.86,2026-04-19 00:59:59.999000+00:00,39924476.65,40295,196169.17,16876582.2841,0,SOLUSDT,1h
2026-04-19 01:00:00+00:00,85.97,86.18,85.54,85.7,521084.06,2026-04-19 01:59:59.999000+00:00,44679758.3771,45203,223434.53,19163266.5114,0,SOLUSDT,1h
2026-04-19 02:00:00+00:00,85.7,85.82,85.18,85.47,817941.18,2026-04-19 02:59:59.999000+00:00,69930562.4235,60009,364447.59,31161588.3095,0,SOLUSDT,1h
2026-04-19 03:00:00+00:00,85.48,85.75,85.25,85.55,302937.56,2026-04-19 03:59:59.999000+00:00,25919092.1586,37301,147921.19,12659119.3657,0,SOLUSDT,1h
2026-04-19 04:00:00+00:00,85.55,85.92,85.09,85.53,724267.98,2026-04-19 04:59:59.999000+00:00,61979174.4806,54709,350490.07,29997686.7125,0,SOLUSDT,1h
2026-04-19 05:00:00+00:00,85.52,85.74,85.35,85.43,455262.95,2026-04-19 05:59:59.999000+00:00,38922933.7202,38019,192262.44,16440529.1287,0,SOLUSDT,1h
2026-04-19 06:00:00+00:00,85.44,85.62,85.07,85.4,534437.8,2026-04-19 06:59:59.999000+00:00,45610997.2635,44825,265706.55,22675561.7635,0,SOLUSDT,1h
2026-04-19 07:00:00+00:00,85.39,85.39,84.28,84.82,1576648.38,2026-04-19 07:59:59.999000+00:00,133572185.3985,105744,780334.41,66096372.2556,0,SOLUSDT,1h
2026-04-19 08:00:00+00:00,84.81,85.1,84.56,84.74,656051.78,2026-04-19 08:59:59.999000+00:00,55644849.3521,53253,340086.38,28846974.9759,0,SOLUSDT,1h
2026-04-19 09:00:00+00:00,84.75,84.99,84.52,84.55,531243.03,2026-04-19 09:59:59.999000+00:00,45017571.5092,49881,268530.93,22755721.7376,0,SOLUSDT,1h
2026-04-19 10:00:00+00:00,84.54,84.86,84.38,84.73,466735.08,2026-04-19 10:59:59.999000+00:00,39484653.2841,40928,250037.63,21153756.8101,0,SOLUSDT,1h
2026-04-19 11:00:00+00:00,84.74,85.67,84.71,85.54,981889.12,2026-04-19 11:59:59.999000+00:00,83768219.0941,73938,588392.23,50198317.079,0,SOLUSDT,1h
2026-04-19 12:00:00+00:00,85.55,85.92,85.49,85.74,907494.71,2026-04-19 12:59:59.999000+00:00,77719563.4438,66272,454442.24,38926113.2486,0,SOLUSDT,1h
2026-04-19 13:00:00+00:00,85.75,86.89,85.7,86.27,1776006.66,2026-04-19 13:59:59.999000+00:00,153455223.3988,119104,950414.59,82108774.0217,0,SOLUSDT,1h
2026-04-19 14:00:00+00:00,86.28,87.08,85.9,86.48,1447038.13,2026-04-19 14:59:59.999000+00:00,125240830.1832,103844,713051.83,61723692.6292,0,SOLUSDT,1h
2026-04-19 15:00:00+00:00,86.48,86.63,85.52,86.32,1138311.74,2026-04-19 15:59:59.999000+00:00,97977243.6055,89852,543930.25,46827875.1548,0,SOLUSDT,1h
2026-04-19 16:00:00+00:00,86.31,86.46,85.68,85.82,718049.63,2026-04-19 16:59:59.999000+00:00,61796842.7473,68713,338971.4,29183041.5642,0,SOLUSDT,1h
2026-04-19 17:00:00+00:00,85.82,85.95,84.94,85.08,1066991.39,2026-04-19 17:59:59.999000+00:00,91134866.6887,93180,447051.92,38194539.4072,0,SOLUSDT,1h
2026-04-19 18:00:00+00:00,85.09,85.26,84.82,85.06,694121.17,2026-04-19 18:59:59.999000+00:00,59023886.734,67491,319157.58,27141468.4851,0,SOLUSDT,1h
2026-04-19 19:00:00+00:00,85.06,85.52,85.06,85.28,473581.74,2026-04-19 19:59:59.999000+00:00,40411354.622,46437,233157.14,19898249.3945,0,SOLUSDT,1h
2026-04-19 20:00:00+00:00,85.27,85.31,84.68,84.9,689896.28,2026-04-19 20:59:59.999000+00:00,58612980.877,60693,332635.36,28267235.353,0,SOLUSDT,1h
2026-04-19 21:00:00+00:00,84.9,85.2,84.47,84.65,433312.83,2026-04-19 21:59:59.999000+00:00,36784629.0559,46714,206826.29,17565221.0138,0,SOLUSDT,1h
2026-04-19 22:00:00+00:00,84.65,84.65,82.77,83.71,3006273.72,2026-04-19 22:59:59.999000+00:00,251440612.8322,200312,1400448.08,117153903.9888,0,SOLUSDT,1h
2026-04-19 23:00:00+00:00,83.71,83.72,83.27,83.41,645030.62,2026-04-19 23:59:59.999000+00:00,53840059.4719,71146,290137.27,24219405.9994,0,SOLUSDT,1h
2026-04-20 00:00:00+00:00,83.42,84.17,83.27,83.93,859797.44,2026-04-20 00:59:59.999000+00:00,71973599.9208,75778,436932.85,36583673.7106,0,SOLUSDT,1h
2026-04-20 01:00:00+00:00,83.93,84.51,83.89,84.3,674350.93,2026-04-20 01:59:59.999000+00:00,56791367.7203,56614,330822.99,27878047.4081,0,SOLUSDT,1h
2026-04-20 02:00:00+00:00,84.29,84.35,83.66,84.16,537988.63,2026-04-20 02:59:59.999000+00:00,45201835.6232,49989,256869.68,21580395.4225,0,SOLUSDT,1h
2026-04-20 03:00:00+00:00,84.16,84.58,84.07,84.53,458788.14,2026-04-20 03:59:59.999000+00:00,38710574.9927,40487,307494.2,25949309.345,0,SOLUSDT,1h
2026-04-20 04:00:00+00:00,84.53,84.58,84.2,84.53,323597.74,2026-04-20 04:59:59.999000+00:00,27318821.8069,33009,152799.6,12903263.6795,0,SOLUSDT,1h
2026-04-20 05:00:00+00:00,84.53,84.55,83.7,83.82,650827.35,2026-04-20 05:59:59.999000+00:00,54663854.9137,52759,257511.54,21624866.8248,0,SOLUSDT,1h
2026-04-20 06:00:00+00:00,83.83,84.72,83.73,84.42,792237.9,2026-04-20 06:59:59.999000+00:00,66728295.6423,61872,449596.59,37878152.8218,0,SOLUSDT,1h
2026-04-20 07:00:00+00:00,84.42,85.74,84.4,84.69,1671001.86,2026-04-20 07:59:59.999000+00:00,142162972.2392,128659,862839.57,73434393.3477,0,SOLUSDT,1h
2026-04-20 08:00:00+00:00,84.7,85.1,84.51,84.63,818272.59,2026-04-20 08:59:59.999000+00:00,69353250.4665,69661,433006.07,36698989.1774,0,SOLUSDT,1h
2026-04-20 09:00:00+00:00,84.63,85.2,84.58,85.04,607962.99,2026-04-20 09:59:59.999000+00:00,51654512.1172,57130,338700.7,28778208.9033,0,SOLUSDT,1h
2026-04-20 10:00:00+00:00,85.04,85.37,84.76,84.8,546606.03,2026-04-20 10:59:59.999000+00:00,46501555.655,51777,229532.44,19537405.1898,0,SOLUSDT,1h
2026-04-20 11:00:00+00:00,84.8,85.34,84.71,85.0,521203.7,2026-04-20 11:59:59.999000+00:00,44323933.1009,47444,260469.52,22149597.6894,0,SOLUSDT,1h
2026-04-20 12:00:00+00:00,85.01,85.51,84.77,85.27,967922.02,2026-04-20 12:59:59.999000+00:00,82418436.1965,70912,510361.01,43465426.6834,0,SOLUSDT,1h
2026-04-20 13:00:00+00:00,85.27,85.49,84.82,85.26,1148673.51,2026-04-20 13:59:59.999000+00:00,97889673.1503,91520,499728.28,42595581.2846,0,SOLUSDT,1h
2026-04-20 14:00:00+00:00,85.27,85.8,84.46,84.74,1826345.0,2026-04-20 14:59:59.999000+00:00,155540212.657,130274,837848.41,71398523.5958,0,SOLUSDT,1h
2026-04-20 15:00:00+00:00,84.73,85.85,84.35,85.82,1628688.68,2026-04-20 15:59:59.999000+00:00,138834846.8516,114360,900292.26,76776931.9176,0,SOLUSDT,1h
2026-04-20 16:00:00+00:00,85.82,85.86,85.21,85.26,836649.38,2026-04-20 16:59:59.999000+00:00,71572526.7746,61527,408149.89,34921636.0907,0,SOLUSDT,1h
2026-04-20 17:00:00+00:00,85.27,86.1,85.21,85.66,944812.73,2026-04-20 17:59:59.999000+00:00,81027935.8846,76979,523283.89,44880071.0134,0,SOLUSDT,1h
2026-04-20 18:00:00+00:00,85.66,86.19,85.66,86.02,1077104.9,2026-04-20 18:59:59.999000+00:00,92600275.4368,77808,559016.1,48063635.4391,0,SOLUSDT,1h
2026-04-20 19:00:00+00:00,86.03,86.06,85.71,85.75,518868.61,2026-04-20 19:59:59.999000+00:00,44563537.5403,40918,234189.38,20116193.2452,0,SOLUSDT,1h
2026-04-20 20:00:00+00:00,85.75,86.14,85.61,85.91,518018.2,2026-04-20 20:59:59.999000+00:00,44471822.2748,44769,297496.66,25540438.248,0,SOLUSDT,1h
2026-04-20 21:00:00+00:00,85.91,86.18,85.53,85.76,544819.54,2026-04-20 21:59:59.999000+00:00,46728978.5238,45454,259456.19,22256383.4386,0,SOLUSDT,1h
2026-04-20 22:00:00+00:00,85.76,86.03,85.55,85.66,349447.62,2026-04-20 22:59:59.999000+00:00,29967395.8263,33851,195732.99,16787659.5192,0,SOLUSDT,1h
2026-04-20 23:00:00+00:00,85.67,85.67,85.17,85.24,507176.69,2026-04-20 23:59:59.999000+00:00,43274721.9471,40182,206644.51,17629964.7961,0,SOLUSDT,1h
2026-04-21 00:00:00+00:00,85.25,85.75,85.21,85.63,434747.7,2026-04-21 00:59:59.999000+00:00,37155615.5783,42583,249367.6,21312276.832,0,SOLUSDT,1h
2026-04-21 01:00:00+00:00,85.64,85.79,85.31,85.39,340369.51,2026-04-21 01:59:59.999000+00:00,29131902.5087,34788,171487.03,14679101.1567,0,SOLUSDT,1h
2026-04-21 02:00:00+00:00,85.39,85.42,85.14,85.24,317377.27,2026-04-21 02:59:59.999000+00:00,27059151.9252,33540,167507.47,14282809.0672,0,SOLUSDT,1h
2026-04-21 03:00:00+00:00,85.24,85.48,84.95,85.14,868824.47,2026-04-21 03:59:59.999000+00:00,73995667.7949,51066,371012.91,31600224.4874,0,SOLUSDT,1h
2026-04-21 04:00:00+00:00,85.13,85.43,84.97,85.39,532938.07,2026-04-21 04:59:59.999000+00:00,45370047.8264,33906,262675.72,22365855.3592,0,SOLUSDT,1h
2026-04-21 05:00:00+00:00,85.39,85.8,85.37,85.63,562421.92,2026-04-21 05:59:59.999000+00:00,48152479.3635,39767,288637.06,24710244.3262,0,SOLUSDT,1h
2026-04-21 06:00:00+00:00,85.63,85.91,85.13,85.63,703909.41,2026-04-21 06:59:59.999000+00:00,60211284.3259,47428,367486.15,31436138.8653,0,SOLUSDT,1h
2026-04-21 07:00:00+00:00,85.63,85.93,85.36,85.65,569026.12,2026-04-21 07:59:59.999000+00:00,48744455.8713,44526,318323.85,27272077.6846,0,SOLUSDT,1h
2026-04-21 08:00:00+00:00,85.66,86.47,85.58,85.75,746386.8,2026-04-21 08:59:59.999000+00:00,64153035.0621,59135,445443.53,38296163.4734,0,SOLUSDT,1h
2026-04-21 09:00:00+00:00,85.76,85.85,85.46,85.85,486638.89,2026-04-21 09:59:59.999000+00:00,41690322.5638,41768,255358.89,21879841.0754,0,SOLUSDT,1h
2026-04-21 10:00:00+00:00,85.85,86.28,85.79,86.11,523822.09,2026-04-21 10:59:59.999000+00:00,45065492.9288,40275,249471.22,21465048.9212,0,SOLUSDT,1h
2026-04-21 11:00:00+00:00,86.1,86.13,85.66,85.79,616890.52,2026-04-21 11:59:59.999000+00:00,52998982.9138,48110,276364.66,23742746.8979,0,SOLUSDT,1h
2026-04-21 12:00:00+00:00,85.79,85.99,85.12,85.48,1059130.47,2026-04-21 12:59:59.999000+00:00,90539681.8021,69477,491797.83,42062417.3294,0,SOLUSDT,1h
2026-04-21 13:00:00+00:00,85.47,85.83,85.24,85.77,782869.72,2026-04-21 13:59:59.999000+00:00,66944099.4714,61709,362491.12,31004619.1204,0,SOLUSDT,1h
2026-04-21 14:00:00+00:00,85.78,86.87,85.54,85.72,1725969.46,2026-04-21 14:59:59.999000+00:00,148738868.7619,121969,919220.1,79241047.4307,0,SOLUSDT,1h
2026-04-21 15:00:00+00:00,85.73,86.25,85.34,86.0,1300323.81,2026-04-21 15:59:59.999000+00:00,111585066.9962,103796,651240.09,55890973.0225,0,SOLUSDT,1h
2026-04-21 16:00:00+00:00,86.0,86.24,85.6,85.63,863065.86,2026-04-21 16:59:59.999000+00:00,74183096.4514,64688,456807.43,39264231.8849,0,SOLUSDT,1h
2026-04-21 17:00:00+00:00,85.63,85.77,84.65,85.28,1612263.15,2026-04-21 17:59:59.999000+00:00,137388118.6409,124501,725886.91,61855591.3736,0,SOLUSDT,1h
2026-04-21 18:00:00+00:00,85.28,85.36,84.69,85.21,794836.53,2026-04-21 18:59:59.999000+00:00,67574708.3799,70678,413804.92,35186326.6253,0,SOLUSDT,1h
2026-04-21 19:00:00+00:00,85.21,85.69,84.26,84.53,1299494.65,2026-04-21 19:59:59.999000+00:00,110346552.2862,101633,622490.26,52888272.0683,0,SOLUSDT,1h
2026-04-21 20:00:00+00:00,84.52,85.72,84.4,85.37,1052973.33,2026-04-21 20:59:59.999000+00:00,89727460.5654,81556,530612.18,45206876.4831,0,SOLUSDT,1h
2026-04-21 21:00:00+00:00,85.37,85.53,84.95,85.1,303760.32,2026-04-21 21:59:59.999000+00:00,25877583.3354,33957,157400.5,13406500.4114,0,SOLUSDT,1h
2026-04-21 22:00:00+00:00,85.1,85.41,84.94,85.31,447392.08,2026-04-21 22:59:59.999000+00:00,38096734.9493,44218,223571.4,19040823.358,0,SOLUSDT,1h
2026-04-21 23:00:00+00:00,85.32,86.11,85.3,86.0,742593.92,2026-04-21 23:59:59.999000+00:00,63661208.8701,57117,450185.27,38600660.4805,0,SOLUSDT,1h
2026-04-22 00:00:00+00:00,86.01,86.48,85.97,86.47,911145.88,2026-04-22 00:59:59.999000+00:00,78585548.5379,72860,471032.89,40635225.9654,0,SOLUSDT,1h
2026-04-22 01:00:00+00:00,86.47,86.51,86.05,86.22,533663.88,2026-04-22 01:59:59.999000+00:00,46057518.2916,51002,245405.39,21184036.934,0,SOLUSDT,1h
2026-04-22 02:00:00+00:00,86.22,87.54,86.16,87.39,1747610.1,2026-04-22 02:59:59.999000+00:00,152203581.2779,148841,1018787.25,88733333.1407,0,SOLUSDT,1h
2026-04-22 03:00:00+00:00,87.38,87.86,87.08,87.21,939562.05,2026-04-22 03:59:59.999000+00:00,82130750.2461,91340,486438.05,42529338.5519,0,SOLUSDT,1h
2026-04-22 04:00:00+00:00,87.22,87.31,86.93,87.03,541226.79,2026-04-22 04:59:59.999000+00:00,47152485.1411,50009,244751.23,21325969.8953,0,SOLUSDT,1h
2026-04-22 05:00:00+00:00,87.04,88.33,86.97,88.0,2064954.84,2026-04-22 05:59:59.999000+00:00,181517981.5021,137524,1099815.63,96671614.0988,0,SOLUSDT,1h
2026-04-22 06:00:00+00:00,88.0,88.17,87.77,87.91,983503.53,2026-04-22 06:59:59.999000+00:00,86513433.9221,64969,550252.01,48404869.9225,0,SOLUSDT,1h
2026-04-22 07:00:00+00:00,87.92,88.25,87.66,88.04,855608.7,2026-04-22 07:59:59.999000+00:00,75233913.2025,58555,402960.0,35434253.3873,0,SOLUSDT,1h
2026-04-22 08:00:00+00:00,88.04,88.32,87.57,87.96,994794.15,2026-04-22 08:59:59.999000+00:00,87432423.4503,65122,538959.28,47382032.2013,0,SOLUSDT,1h
2026-04-22 09:00:00+00:00,87.97,88.88,87.81,88.28,1215188.97,2026-04-22 09:59:59.999000+00:00,107465779.251,90596,647942.49,57305052.6549,0,SOLUSDT,1h
2026-04-22 10:00:00+00:00,88.27,88.4,88.1,88.3,351587.16,2026-04-22 10:59:59.999000+00:00,31025982.3874,42564,203051.85,17919364.3349,0,SOLUSDT,1h
2026-04-22 11:00:00+00:00,88.29,88.55,88.12,88.29,441853.33,2026-04-22 11:59:59.999000+00:00,39003167.1045,45915,225744.52,19932800.7249,0,SOLUSDT,1h
2026-04-22 12:00:00+00:00,88.29,88.65,88.18,88.55,717237.59,2026-04-22 12:59:59.999000+00:00,63416156.395,68539,397939.41,35186705.0476,0,SOLUSDT,1h
2026-04-22 13:00:00+00:00,88.56,89.16,88.39,89.07,1384997.4,2026-04-22 13:59:59.999000+00:00,122988201.0995,124175,733907.92,65183749.3141,0,SOLUSDT,1h
2026-04-22 14:00:00+00:00,89.07,89.29,88.45,88.69,1492790.33,2026-04-22 14:59:59.999000+00:00,132684956.0924,120184,762929.7,67808514.7308,0,SOLUSDT,1h
2026-04-22 15:00:00+00:00,88.69,88.76,87.98,88.13,1756563.08,2026-04-22 15:59:59.999000+00:00,155119701.5109,105009,944982.62,83458450.5637,0,SOLUSDT,1h
2026-04-22 16:00:00+00:00,88.12,88.42,87.48,87.63,1143922.43,2026-04-22 16:59:59.999000+00:00,100566355.8421,89514,517598.34,45513073.9048,0,SOLUSDT,1h
2026-04-22 17:00:00+00:00,87.62,87.99,87.59,87.8,616229.52,2026-04-22 17:59:59.999000+00:00,54122609.0919,62356,320331.08,28136593.3879,0,SOLUSDT,1h
2026-04-22 18:00:00+00:00,87.8,88.34,87.75,87.78,560210.89,2026-04-22 18:59:59.999000+00:00,49332485.7768,51752,278222.33,24504836.0868,0,SOLUSDT,1h
2026-04-22 19:00:00+00:00,87.78,87.8,87.05,87.34,1080517.1,2026-04-22 19:59:59.999000+00:00,94469634.5227,82112,546925.5,47822060.0604,0,SOLUSDT,1h
2026-04-22 20:00:00+00:00,87.34,87.45,87.04,87.1,346893.01,2026-04-22 20:59:59.999000+00:00,30257497.5421,42926,157455.02,13734075.6424,0,SOLUSDT,1h
2026-04-22 21:00:00+00:00,87.1,87.66,87.08,87.55,318139.77,2026-04-22 21:59:59.999000+00:00,27804351.9867,33283,212306.26,18554138.6827,0,SOLUSDT,1h
2026-04-22 22:00:00+00:00,87.55,87.69,87.25,87.38,343105.02,2026-04-22 22:59:59.999000+00:00,29992082.1045,37893,164445.72,14374419.4291,0,SOLUSDT,1h
2026-04-22 23:00:00+00:00,87.38,87.43,86.75,86.83,559714.29,2026-04-22 23:59:59.999000+00:00,48672057.0163,50760,253975.61,22086545.2886,0,SOLUSDT,1h
2026-04-23 00:00:00+00:00,86.83,87.11,85.91,86.82,1629584.84,2026-04-23 00:59:59.999000+00:00,141209555.4617,114655,788344.95,68319050.3648,0,SOLUSDT,1h
2026-04-23 01:00:00+00:00,86.83,86.83,86.08,86.39,770019.91,2026-04-23 01:59:59.999000+00:00,66494928.2196,65030,376277.14,32492895.2242,0,SOLUSDT,1h
2026-04-23 02:00:00+00:00,86.4,86.4,85.67,85.89,916802.22,2026-04-23 02:59:59.999000+00:00,78827999.5003,73336,378361.2,32532214.9642,0,SOLUSDT,1h
2026-04-23 03:00:00+00:00,85.89,86.05,85.42,85.72,658610.26,2026-04-23 03:59:59.999000+00:00,56447274.4113,62952,322829.32,27670541.6508,0,SOLUSDT,1h
2026-04-23 04:00:00+00:00,85.73,85.96,85.59,85.91,532440.44,2026-04-23 04:59:59.999000+00:00,45683042.1628,45018,290288.94,24908238.4388,0,SOLUSDT,1h
2026-04-23 05:00:00+00:00,85.91,86.07,85.45,85.84,769172.62,2026-04-23 05:59:59.999000+00:00,66005881.1712,55740,389238.77,33405785.1658,0,SOLUSDT,1h
2026-04-23 06:00:00+00:00,85.83,86.18,85.78,86.15,792013.88,2026-04-23 06:59:59.999000+00:00,68144029.9819,50546,482682.31,41532880.7834,0,SOLUSDT,1h
2026-04-23 07:00:00+00:00,86.14,86.18,85.8,85.85,495838.15,2026-04-23 07:59:59.999000+00:00,42648912.9046,41120,170084.38,14631144.8443,0,SOLUSDT,1h
2026-04-23 08:00:00+00:00,85.85,85.89,85.5,85.66,708371.92,2026-04-23 08:59:59.999000+00:00,60721630.478,51062,316008.53,27086206.7217,0,SOLUSDT,1h
2026-04-23 09:00:00+00:00,85.66,85.66,85.2,85.47,701619.35,2026-04-23 09:59:59.999000+00:00,59942371.6609,53576,300862.28,25708247.4531,0,SOLUSDT,1h
2026-04-23 10:00:00+00:00,85.47,85.57,85.13,85.38,560680.57,2026-04-23 10:59:59.999000+00:00,47837622.0964,50233,256854.45,21916387.7484,0,SOLUSDT,1h
2026-04-23 11:00:00+00:00,85.38,85.89,85.32,85.76,691762.95,2026-04-23 11:59:59.999000+00:00,59241037.2262,46396,423832.65,36301840.6946,0,SOLUSDT,1h
2026-04-23 12:00:00+00:00,85.76,86.06,85.66,85.92,736150.7,2026-04-23 12:59:59.999000+00:00,63225059.3187,57251,345566.12,29683050.6611,0,SOLUSDT,1h
2026-04-23 13:00:00+00:00,85.92,85.99,85.52,85.72,781943.27,2026-04-23 13:59:59.999000+00:00,67045479.4943,61011,346168.71,29682176.4535,0,SOLUSDT,1h
2026-04-23 14:00:00+00:00,85.72,86.15,85.5,86.0,904859.78,2026-04-23 14:59:59.999000+00:00,77686099.336,69421,505531.72,43415128.3459,0,SOLUSDT,1h
2026-04-23 15:00:00+00:00,86.01,86.61,85.75,86.3,1947431.86,2026-04-23 15:59:59.999000+00:00,167861133.1082,103478,1117135.22,96291073.6571,0,SOLUSDT,1h
2026-04-23 16:00:00+00:00,86.31,86.38,85.72,85.75,811170.68,2026-04-23 16:59:59.999000+00:00,69824411.5621,64179,343955.84,29619625.0869,0,SOLUSDT,1h
2026-04-23 17:00:00+00:00,85.76,85.82,84.42,85.28,2805700.74,2026-04-23 17:59:59.999000+00:00,238563971.3206,175846,1302581.99,110757777.1794,0,SOLUSDT,1h
2026-04-23 18:00:00+00:00,85.29,85.62,85.18,85.21,1006569.37,2026-04-23 18:59:59.999000+00:00,85952163.3238,78955,503958.03,43038609.7536,0,SOLUSDT,1h
2026-04-23 19:00:00+00:00,85.21,85.52,85.08,85.24,814606.4,2026-04-23 19:59:59.999000+00:00,69483618.9807,59501,366483.06,31259580.5377,0,SOLUSDT,1h
2026-04-23 20:00:00+00:00,85.23,85.8,85.22,85.54,608189.35,2026-04-23 20:59:59.999000+00:00,52031340.7194,42582,328228.39,28079522.3211,0,SOLUSDT,1h
2026-04-23 21:00:00+00:00,85.53,85.96,85.45,85.74,355649.25,2026-04-23 21:59:59.999000+00:00,30479447.4632,31533,174503.34,14954083.5537,0,SOLUSDT,1h
2026-04-23 22:00:00+00:00,85.74,86.21,85.73,85.91,490433.45,2026-04-23 22:59:59.999000+00:00,42185123.8739,42120,245235.31,21094182.9404,0,SOLUSDT,1h
2026-04-23 23:00:00+00:00,85.91,86.15,85.55,86.08,384825.87,2026-04-23 23:59:59.999000+00:00,33046977.2688,34436,188665.66,16202116.5426,0,SOLUSDT,1h
2026-04-24 00:00:00+00:00,86.08,86.32,85.99,86.16,441578.9,2026-04-24 00:59:59.999000+00:00,38042929.9342,40005,258525.48,22274083.6527,0,SOLUSDT,1h
2026-04-24 01:00:00+00:00,86.15,86.28,85.76,86.23,404474.86,2026-04-24 01:59:59.999000+00:00,34782849.0599,40547,178678.68,15369149.8236,0,SOLUSDT,1h
2026-04-24 02:00:00+00:00,86.23,86.32,85.71,85.83,357755.48,2026-04-24 02:59:59.999000+00:00,30767348.4645,34517,136899.7,11777457.4327,0,SOLUSDT,1h
2026-04-24 03:00:00+00:00,85.82,85.9,85.33,85.63,713212.76,2026-04-24 03:59:59.999000+00:00,61049578.9173,47394,301738.64,25832480.7503,0,SOLUSDT,1h
2026-04-24 04:00:00+00:00,85.64,85.66,85.13,85.26,632211.41,2026-04-24 04:59:59.999000+00:00,53981191.7625,39541,265677.72,22685705.5958,0,SOLUSDT,1h
2026-04-24 05:00:00+00:00,85.25,85.79,85.1,85.64,896522.34,2026-04-24 05:59:59.999000+00:00,76540522.959,54252,514660.6,43943670.2022,0,SOLUSDT,1h
2026-04-24 06:00:00+00:00,85.65,85.69,85.28,85.38,415018.93,2026-04-24 06:59:59.999000+00:00,35488571.0812,32487,199029.97,17021585.1178,0,SOLUSDT,1h
2026-04-24 07:00:00+00:00,85.38,85.57,85.29,85.45,398935.52,2026-04-24 07:59:59.999000+00:00,34072063.634,35071,183513.32,15674053.0096,0,SOLUSDT,1h
2026-04-24 08:00:00+00:00,85.45,85.7,85.23,85.3,648097.07,2026-04-24 08:59:59.999000+00:00,55363250.2219,44085,348392.85,29768252.4034,0,SOLUSDT,1h
2026-04-24 09:00:00+00:00,85.3,85.44,84.79,85.42,798255.01,2026-04-24 09:59:59.999000+00:00,67955326.234,52349,340074.76,28966215.101,0,SOLUSDT,1h
2026-04-24 10:00:00+00:00,85.42,85.72,85.12,85.65,486237.44,2026-04-24 10:59:59.999000+00:00,41549653.9794,39593,254984.61,21791134.6714,0,SOLUSDT,1h
2026-04-24 11:00:00+00:00,85.65,86.24,85.65,86.14,1146846.75,2026-04-24 11:59:59.999000+00:00,98645029.3582,78370,613356.8,52751068.4564,0,SOLUSDT,1h
2026-04-24 12:00:00+00:00,86.14,86.75,86.01,86.3,1544618.16,2026-04-24 12:59:59.999000+00:00,133459422.5149,95667,756685.52,65386380.8238,0,SOLUSDT,1h
2026-04-24 13:00:00+00:00,86.3,86.55,85.79,86.04,778006.51,2026-04-24 13:59:59.999000+00:00,67053645.343,68033,360988.85,31120868.9391,0,SOLUSDT,1h
2026-04-24 14:00:00+00:00,86.03,86.18,85.6,85.99,889565.0,2026-04-24 14:59:59.999000+00:00,76421101.984,73880,463832.42,39854662.0062,0,SOLUSDT,1h
2026-04-24 15:00:00+00:00,85.99,86.53,85.46,86.46,961757.22,2026-04-24 15:59:59.999000+00:00,82743771.3283,75211,554677.58,47740512.5756,0,SOLUSDT,1h
2026-04-24 16:00:00+00:00,86.47,86.56,86.03,86.29,570079.22,2026-04-24 16:59:59.999000+00:00,49170533.7153,48200,259534.06,22387404.8263,0,SOLUSDT,1h
2026-04-24 17:00:00+00:00,86.29,86.51,86.07,86.44,466109.98,2026-04-24 17:59:59.999000+00:00,40250506.9701,45445,244898.76,21149576.4861,0,SOLUSDT,1h
2026-04-24 18:00:00+00:00,86.44,86.5,85.87,86.32,479429.18,2026-04-24 18:59:59.999000+00:00,41330060.7959,39696,240384.48,20727232.6437,0,SOLUSDT,1h
2026-04-24 19:00:00+00:00,86.31,86.49,86.19,86.29,400736.68,2026-04-24 19:59:59.999000+00:00,34585296.4579,34567,201896.1,17425234.9344,0,SOLUSDT,1h
2026-04-24 20:00:00+00:00,86.28,86.92,86.18,86.83,888696.81,2026-04-24 20:59:59.999000+00:00,76921417.4526,56454,553664.68,47939289.7932,0,SOLUSDT,1h
2026-04-24 21:00:00+00:00,86.83,86.92,86.32,86.4,484412.04,2026-04-24 21:59:59.999000+00:00,41941153.4139,40387,200726.16,17380985.5585,0,SOLUSDT,1h
2026-04-24 22:00:00+00:00,86.4,86.41,86.02,86.14,460268.25,2026-04-24 22:59:59.999000+00:00,39688056.8296,33607,260759.64,22485785.1133,0,SOLUSDT,1h
2026-04-24 23:00:00+00:00,86.14,86.26,86.1,86.13,167687.68,2026-04-24 23:59:59.999000+00:00,14449837.3744,16183,90719.32,7817578.6567,0,SOLUSDT,1h
2026-04-25 00:00:00+00:00,86.13,86.23,85.98,86.19,225198.34,2026-04-25 00:59:59.999000+00:00,19389158.3559,21680,96131.25,8277645.6184,0,SOLUSDT,1h
2026-04-25 01:00:00+00:00,86.2,86.32,86.09,86.24,185596.47,2026-04-25 01:59:59.999000+00:00,16002344.1702,19003,90543.69,7806791.5749,0,SOLUSDT,1h
2026-04-25 02:00:00+00:00,86.23,86.36,86.11,86.24,166464.02,2026-04-25 02:59:59.999000+00:00,14354054.2238,17517,85689.15,7389197.9781,0,SOLUSDT,1h
2026-04-25 03:00:00+00:00,86.24,86.45,86.22,86.42,140263.83,2026-04-25 03:59:59.999000+00:00,12108908.3564,18543,82378.49,7112180.5163,0,SOLUSDT,1h
2026-04-25 04:00:00+00:00,86.41,86.49,86.24,86.28,153762.8,2026-04-25 04:59:59.999000+00:00,13278749.3836,16208,81114.94,7006318.646,0,SOLUSDT,1h
2026-04-25 05:00:00+00:00,86.29,86.29,86.07,86.16,220816.52,2026-04-25 05:59:59.999000+00:00,19022241.6048,17311,97774.11,8422809.4262,0,SOLUSDT,1h
2026-04-25 06:00:00+00:00,86.17,86.63,86.16,86.4,361296.28,2026-04-25 06:59:59.999000+00:00,31226853.1876,25352,187906.45,16239511.3794,0,SOLUSDT,1h
2026-04-25 07:00:00+00:00,86.4,86.48,86.2,86.31,446625.16,2026-04-25 07:59:59.999000+00:00,38549653.9129,27464,226298.79,19532534.9981,0,SOLUSDT,1h
2026-04-25 08:00:00+00:00,86.31,86.77,86.23,86.57,470191.59,2026-04-25 08:59:59.999000+00:00,40698283.8708,31928,242272.35,20971762.2111,0,SOLUSDT,1h
2026-04-25 09:00:00+00:00,86.58,86.75,86.51,86.53,266365.95,2026-04-25 09:59:59.999000+00:00,23068935.1542,21920,146018.09,12646366.6687,0,SOLUSDT,1h
2026-04-25 10:00:00+00:00,86.53,86.68,86.51,86.57,187827.12,2026-04-25 10:59:59.999000+00:00,16263520.8703,20388,84604.33,7325984.9099,0,SOLUSDT,1h
2026-04-25 11:00:00+00:00,86.57,86.58,86.19,86.3,525470.97,2026-04-25 11:59:59.999000+00:00,45381839.5651,32704,265658.51,22944222.6603,0,SOLUSDT,1h
2026-04-25 12:00:00+00:00,86.3,86.38,86.18,86.34,263154.41,2026-04-25 12:59:59.999000+00:00,22708807.361,21564,116264.49,10034194.3118,0,SOLUSDT,1h
2026-04-25 13:00:00+00:00,86.33,86.63,86.33,86.55,254635.53,2026-04-25 13:59:59.999000+00:00,22031451.3591,20241,127278.34,11011376.1909,0,SOLUSDT,1h
2026-04-25 14:00:00+00:00,86.55,86.61,86.39,86.39,223290.16,2026-04-25 14:59:59.999000+00:00,19321817.5906,20539,91517.92,7920838.2535,0,SOLUSDT,1h
2026-04-25 15:00:00+00:00,86.39,86.58,86.08,86.17,424538.47,2026-04-25 15:59:59.999000+00:00,36637272.0007,34829,190074.62,16405889.8606,0,SOLUSDT,1h
2026-04-25 16:00:00+00:00,86.18,86.27,85.55,85.84,804826.09,2026-04-25 16:59:59.999000+00:00,69158596.3104,55700,355086.31,30515122.4984,0,SOLUSDT,1h
2026-04-25 17:00:00+00:00,85.84,85.84,85.5,85.51,439137.15,2026-04-25 17:59:59.999000+00:00,37616540.6696,35418,209788.39,17974182.3657,0,SOLUSDT,1h
2026-04-25 18:00:00+00:00,85.5,85.8,85.48,85.64,525504.38,2026-04-25 18:59:59.999000+00:00,45012216.9398,35823,301580.25,25835498.1248,0,SOLUSDT,1h
2026-04-25 19:00:00+00:00,85.64,85.68,85.52,85.62,253292.26,2026-04-25 19:59:59.999000+00:00,21679580.4656,21553,135199.07,11572184.4791,0,SOLUSDT,1h
2026-04-25 20:00:00+00:00,85.63,85.88,85.55,85.86,218226.82,2026-04-25 20:59:59.999000+00:00,18715819.4456,19346,152486.8,13079249.0855,0,SOLUSDT,1h
2026-04-25 21:00:00+00:00,85.86,86.09,85.68,85.85,324442.44,2026-04-25 21:59:59.999000+00:00,27871526.8281,27338,143428.51,12322422.2725,0,SOLUSDT,1h
2026-04-25 22:00:00+00:00,85.86,86.13,85.81,86.05,186516.61,2026-04-25 22:59:59.999000+00:00,16041612.3958,17943,101259.29,8709298.3319,0,SOLUSDT,1h
2026-04-25 23:00:00+00:00,86.06,86.13,85.98,86.13,131507.72,2026-04-25 23:59:59.999000+00:00,11317059.3038,13428,73618.73,6335643.0054,0,SOLUSDT,1h
2026-04-26 00:00:00+00:00,86.13,86.16,85.87,85.97,238711.89,2026-04-26 00:59:59.999000+00:00,20536960.1125,22193,104292.95,8972906.6345,0,SOLUSDT,1h
2026-04-26 01:00:00+00:00,85.96,86.07,85.91,85.92,152568.61,2026-04-26 01:59:59.999000+00:00,13117785.8118,16647,62880.39,5406588.3354,0,SOLUSDT,1h
2026-04-26 02:00:00+00:00,85.92,86.35,85.91,86.34,302119.49,2026-04-26 02:59:59.999000+00:00,26042550.4352,24194,187418.04,16156680.8814,0,SOLUSDT,1h
2026-04-26 03:00:00+00:00,86.34,86.44,85.78,85.94,613589.59,2026-04-26 03:59:59.999000+00:00,52786528.8655,35630,256325.95,22055162.9295,0,SOLUSDT,1h
2026-04-26 04:00:00+00:00,85.94,86.7,85.89,86.41,744500.27,2026-04-26 04:59:59.999000+00:00,64308983.6095,44013,432525.0,37362731.3833,0,SOLUSDT,1h
2026-04-26 05:00:00+00:00,86.41,86.67,86.09,86.42,641560.31,2026-04-26 05:59:59.999000+00:00,55454504.6641,48543,345101.07,29833150.7216,0,SOLUSDT,1h
2026-04-26 06:00:00+00:00,86.42,86.55,86.34,86.47,197702.78,2026-04-26 06:59:59.999000+00:00,17090468.4332,21270,88922.71,7687755.8016,0,SOLUSDT,1h
2026-04-26 07:00:00+00:00,86.47,86.6,86.39,86.59,187300.22,2026-04-26 07:59:59.999000+00:00,16197877.8108,17482,96077.74,8309595.1005,0,SOLUSDT,1h
2026-04-26 08:00:00+00:00,86.59,86.73,86.47,86.53,400297.11,2026-04-26 08:59:59.999000+00:00,34668032.6344,27017,185474.94,16062920.7733,0,SOLUSDT,1h
2026-04-26 09:00:00+00:00,86.53,86.56,86.41,86.5,148759.59,2026-04-26 09:59:59.999000+00:00,12864579.9483,15953,60443.86,5227611.1016,0,SOLUSDT,1h
2026-04-26 10:00:00+00:00,86.49,86.58,86.38,86.44,136332.82,2026-04-26 10:59:59.999000+00:00,11790052.0741,15978,70755.35,6119087.7592,0,SOLUSDT,1h
2026-04-26 11:00:00+00:00,86.44,86.6,86.41,86.46,210634.1,2026-04-26 11:59:59.999000+00:00,18216372.9074,18495,98983.14,8560919.3022,0,SOLUSDT,1h
2026-04-26 12:00:00+00:00,86.45,86.46,85.83,86.05,787664.32,2026-04-26 12:59:59.999000+00:00,67843653.3843,43617,332700.57,28653679.7561,0,SOLUSDT,1h
2026-04-26 13:00:00+00:00,86.04,86.21,85.92,86.06,602554.69,2026-04-26 13:59:59.999000+00:00,51849787.8015,36674,310635.85,26731687.6109,0,SOLUSDT,1h
2026-04-26 14:00:00+00:00,86.06,86.46,86.0,86.35,482402.23,2026-04-26 14:59:59.999000+00:00,41639387.5935,35187,283119.0,24438818.798,0,SOLUSDT,1h
2026-04-26 15:00:00+00:00,86.34,86.54,86.3,86.5,330175.79,2026-04-26 15:59:59.999000+00:00,28538528.6943,24091,175596.08,15178062.6402,0,SOLUSDT,1h
2026-04-26 16:00:00+00:00,86.5,86.55,86.32,86.36,461619.98,2026-04-26 16:59:59.999000+00:00,39913506.2272,27460,205511.81,17771080.177,0,SOLUSDT,1h
2026-04-26 17:00:00+00:00,86.36,86.54,86.22,86.49,318164.33,2026-04-26 17:59:59.999000+00:00,27493354.5882,23650,153358.9,13253315.0478,0,SOLUSDT,1h
2026-04-26 18:00:00+00:00,86.48,86.97,86.37,86.76,770598.65,2026-04-26 18:59:59.999000+00:00,66830705.4107,48071,403929.26,35026537.1161,0,SOLUSDT,1h
2026-04-26 19:00:00+00:00,86.76,87.42,86.62,86.84,729734.49,2026-04-26 19:59:59.999000+00:00,63440475.6282,50464,455263.33,39594816.3855,0,SOLUSDT,1h
2026-04-26 20:00:00+00:00,86.84,86.89,86.55,86.64,352482.71,2026-04-26 20:59:59.999000+00:00,30569676.2366,30633,168666.48,14628257.7525,0,SOLUSDT,1h
2026-04-26 21:00:00+00:00,86.65,87.1,86.06,86.77,955605.75,2026-04-26 21:59:59.999000+00:00,82771563.3574,69498,497270.57,43067758.6303,0,SOLUSDT,1h
2026-04-26 22:00:00+00:00,86.77,87.29,86.26,86.67,892082.57,2026-04-26 22:59:59.999000+00:00,77435428.8209,72056,454727.94,39477506.0804,0,SOLUSDT,1h
2026-04-26 23:00:00+00:00,86.67,87.13,86.47,86.87,477133.33,2026-04-26 23:59:59.999000+00:00,41432342.4367,44598,254519.34,22104027.3319,0,SOLUSDT,1h
2026-04-27 00:00:00+00:00,86.88,87.36,86.5,87.31,1127836.81,2026-04-27 00:59:59.999000+00:00,98059253.4562,75162,631163.23,54869885.1275,0,SOLUSDT,1h
2026-04-27 01:00:00+00:00,87.31,87.84,87.21,87.79,1348418.81,2026-04-27 01:59:59.999000+00:00,118067807.945,101561,775491.25,67903330.0008,0,SOLUSDT,1h
2026-04-27 02:00:00+00:00,87.78,88.08,87.32,87.78,886958.07,2026-04-27 02:59:59.999000+00:00,77783976.3819,70626,445957.32,39108456.0629,0,SOLUSDT,1h
2026-04-27 03:00:00+00:00,87.78,88.04,87.64,87.69,496475.78,2026-04-27 03:59:59.999000+00:00,43619188.722,51800,240607.22,21140370.5598,0,SOLUSDT,1h
2026-04-27 04:00:00+00:00,87.69,87.81,87.35,87.48,404022.35,2026-04-27 04:59:59.999000+00:00,35390775.1189,40325,191356.0,16764562.3487,0,SOLUSDT,1h
2026-04-27 05:00:00+00:00,87.49,87.5,85.73,85.89,3115026.23,2026-04-27 05:59:59.999000+00:00,268867571.5962,163807,1344114.56,115959900.5313,0,SOLUSDT,1h
2026-04-27 06:00:00+00:00,85.89,85.99,85.36,85.66,1146094.72,2026-04-27 06:59:59.999000+00:00,98212404.2107,76508,602537.19,51641848.946,0,SOLUSDT,1h
2026-04-27 07:00:00+00:00,85.66,85.73,85.2,85.21,920785.79,2026-04-27 07:59:59.999000+00:00,78669552.9799,63511,385584.2,32950631.3973,0,SOLUSDT,1h
2026-04-27 08:00:00+00:00,85.21,85.46,84.94,85.44,973106.3,2026-04-27 08:59:59.999000+00:00,82917508.3711,68484,460996.38,39290749.0924,0,SOLUSDT,1h
2026-04-27 09:00:00+00:00,85.45,85.58,85.09,85.42,930445.41,2026-04-27 09:59:59.999000+00:00,79409922.1887,60093,425171.15,36287882.3867,0,SOLUSDT,1h
2026-04-27 10:00:00+00:00,85.41,85.52,85.08,85.13,909212.81,2026-04-27 10:59:59.999000+00:00,77509842.8854,48319,405053.34,34524524.7848,0,SOLUSDT,1h
2026-04-27 11:00:00+00:00,85.12,85.24,85.0,85.19,392341.76,2026-04-27 11:59:59.999000+00:00,33399444.0184,31249,209978.15,17877421.626,0,SOLUSDT,1h
2026-04-27 12:00:00+00:00,85.19,85.21,84.83,85.04,560918.74,2026-04-27 12:59:59.999000+00:00,47691853.7872,43840,241754.85,20557668.8534,0,SOLUSDT,1h
2026-04-27 13:00:00+00:00,85.04,85.33,84.66,85.08,1082021.88,2026-04-27 13:59:59.999000+00:00,91936723.8764,78500,465022.65,39524238.7265,0,SOLUSDT,1h
2026-04-27 14:00:00+00:00,85.07,85.81,84.94,85.18,1428198.52,2026-04-27 14:59:59.999000+00:00,121907671.5266,92454,715263.62,61069999.391,0,SOLUSDT,1h
2026-04-27 15:00:00+00:00,85.18,85.2,83.56,84.09,3083128.68,2026-04-27 15:59:59.999000+00:00,259666690.6787,177092,1255571.13,105712842.7781,0,SOLUSDT,1h
2026-04-27 16:00:00+00:00,84.1,84.36,83.97,84.22,681512.03,2026-04-27 16:59:59.999000+00:00,57364422.9973,56772,358432.61,30172671.2437,0,SOLUSDT,1h
2026-04-27 17:00:00+00:00,84.23,84.66,84.21,84.41,710385.59,2026-04-27 17:59:59.999000+00:00,59974352.2287,50255,377320.57,31856107.682,0,SOLUSDT,1h
2026-04-27 18:00:00+00:00,84.41,84.65,84.35,84.51,301497.49,2026-04-27 18:59:59.999000+00:00,25477414.2331,29104,166796.05,14096067.8729,0,SOLUSDT,1h
2026-04-27 19:00:00+00:00,84.51,84.61,83.76,84.12,1092627.16,2026-04-27 19:59:59.999000+00:00,91931396.526,59080,389058.26,32728011.444,0,SOLUSDT,1h
2026-04-27 20:00:00+00:00,84.11,84.3,84.08,84.21,279819.82,2026-04-27 20:59:59.999000+00:00,23556787.0107,26297,152371.67,12828263.5046,0,SOLUSDT,1h
2026-04-27 21:00:00+00:00,84.22,84.46,84.04,84.2,253894.41,2026-04-27 21:59:59.999000+00:00,21388251.0434,28099,115717.25,9750848.1595,0,SOLUSDT,1h
2026-04-27 22:00:00+00:00,84.21,84.56,84.13,84.48,291685.03,2026-04-27 22:59:59.999000+00:00,24618225.4669,28699,149366.22,12609505.576,0,SOLUSDT,1h
2026-04-27 23:00:00+00:00,84.49,84.88,84.4,84.78,430607.29,2026-04-27 23:59:59.999000+00:00,36447104.5326,31204,255308.39,21608433.4619,0,SOLUSDT,1h
2026-04-28 00:00:00+00:00,84.78,84.89,84.54,84.77,351830.96,2026-04-28 00:59:59.999000+00:00,29802938.1303,33495,172397.09,14603386.5645,0,SOLUSDT,1h
2026-04-28 01:00:00+00:00,84.76,84.82,84.34,84.36,385169.59,2026-04-28 01:59:59.999000+00:00,32569721.9659,32295,163680.69,13840027.9139,0,SOLUSDT,1h
2026-04-28 02:00:00+00:00,84.35,84.6,83.85,84.13,655700.56,2026-04-28 02:59:59.999000+00:00,55216141.7418,47145,296956.55,25008974.6836,0,SOLUSDT,1h
2026-04-28 03:00:00+00:00,84.12,84.15,83.96,84.12,296330.75,2026-04-28 03:59:59.999000+00:00,24901769.4764,26689,125181.45,10520860.3899,0,SOLUSDT,1h
2026-04-28 04:00:00+00:00,84.13,84.39,83.78,84.02,751695.78,2026-04-28 04:59:59.999000+00:00,63155549.7613,45330,373972.23,31424619.1529,0,SOLUSDT,1h
2026-04-28 05:00:00+00:00,84.01,84.42,84.01,84.17,622042.64,2026-04-28 05:59:59.999000+00:00,52380090.992,40061,293419.19,24706701.9032,0,SOLUSDT,1h
2026-04-28 06:00:00+00:00,84.17,84.27,83.62,83.9,764482.24,2026-04-28 06:59:59.999000+00:00,64167344.7486,48396,352593.04,29598919.2028,0,SOLUSDT,1h
2026-04-28 07:00:00+00:00,83.89,84.01,83.58,83.96,438361.73,2026-04-28 07:59:59.999000+00:00,36735285.1902,36436,223722.94,18751241.6347,0,SOLUSDT,1h
2026-04-28 08:00:00+00:00,83.96,84.15,83.7,83.9,428903.79,2026-04-28 08:59:59.999000+00:00,35991556.8502,34808,221314.81,18575158.3994,0,SOLUSDT,1h
2026-04-28 09:00:00+00:00,83.9,83.92,83.34,83.58,494914.66,2026-04-28 09:59:59.999000+00:00,41381111.7278,40447,185150.05,15486692.736,0,SOLUSDT,1h
2026-04-28 10:00:00+00:00,83.58,83.76,83.57,83.75,222857.94,2026-04-28 10:59:59.999000+00:00,18649866.2438,25824,123604.84,10344155.387,0,SOLUSDT,1h
2026-04-28 11:00:00+00:00,83.75,83.8,83.21,83.36,639122.76,2026-04-28 11:59:59.999000+00:00,53331168.3284,49593,266719.9,22257195.6149,0,SOLUSDT,1h
2026-04-28 12:00:00+00:00,83.35,83.72,83.19,83.66,625702.13,2026-04-28 12:59:59.999000+00:00,52218286.2545,52448,350337.62,29239135.4749,0,SOLUSDT,1h
2026-04-28 13:00:00+00:00,83.65,84.04,83.13,83.49,1139466.73,2026-04-28 13:59:59.999000+00:00,95191980.4062,78030,558918.27,46708686.8728,0,SOLUSDT,1h
2026-04-28 14:00:00+00:00,83.5,83.5,82.91,83.35,1310736.35,2026-04-28 14:59:59.999000+00:00,108989826.6299,84013,625837.01,52047489.0879,0,SOLUSDT,1h
2026-04-28 15:00:00+00:00,83.35,83.48,83.16,83.43,565314.86,2026-04-28 15:59:59.999000+00:00,47111800.7924,48926,276848.29,23076377.2079,0,SOLUSDT,1h
2026-04-28 16:00:00+00:00,83.42,83.67,83.27,83.55,544223.5,2026-04-28 16:59:59.999000+00:00,45424645.1874,41730,282907.46,23619578.5174,0,SOLUSDT,1h
2026-04-28 17:00:00+00:00,83.55,83.8,83.32,83.56,443497.06,2026-04-28 17:59:59.999000+00:00,37076116.3294,36914,253736.41,21215166.2646,0,SOLUSDT,1h
2026-04-28 18:00:00+00:00,83.56,83.81,83.54,83.77,420798.16,2026-04-28 18:59:59.999000+00:00,35209318.3099,32240,238506.57,19957564.4502,0,SOLUSDT,1h
2026-04-28 19:00:00+00:00,83.76,83.99,83.64,83.85,395741.08,2026-04-28 19:59:59.999000+00:00,33179574.8224,29981,217793.99,18262342.9979,0,SOLUSDT,1h
2026-04-28 20:00:00+00:00,83.85,83.96,83.72,83.73,237976.74,2026-04-28 20:59:59.999000+00:00,19949230.6731,21554,114904.43,9634061.4048,0,SOLUSDT,1h
2026-04-28 21:00:00+00:00,83.73,83.91,83.58,83.69,330210.38,2026-04-28 21:59:59.999000+00:00,27649005.7164,26933,139258.73,11661863.7175,0,SOLUSDT,1h
2026-04-28 22:00:00+00:00,83.69,83.88,83.53,83.68,430845.78,2026-04-28 22:59:59.999000+00:00,36056489.9234,29003,234917.18,19659454.0632,0,SOLUSDT,1h
2026-04-28 23:00:00+00:00,83.68,84.15,83.59,84.02,705980.4,2026-04-28 23:59:59.999000+00:00,59226500.8616,36899,359259.23,30141532.3656,0,SOLUSDT,1h
2026-04-29 00:00:00+00:00,84.02,84.14,83.77,83.99,604327.09,2026-04-29 00:59:59.999000+00:00,50743636.4816,40925,287561.29,24146317.3905,0,SOLUSDT,1h
2026-04-29 01:00:00+00:00,84.0,84.16,83.75,84.04,460678.31,2026-04-29 01:59:59.999000+00:00,38677110.943,34906,276118.35,23186382.3427,0,SOLUSDT,1h
2026-04-29 02:00:00+00:00,84.03,84.17,83.88,84.0,268022.91,2026-04-29 02:59:59.999000+00:00,22522477.4676,25444,125051.88,10509665.4339,0,SOLUSDT,1h
2026-04-29 03:00:00+00:00,83.99,84.71,83.99,84.55,1006352.69,2026-04-29 03:59:59.999000+00:00,84989593.8903,63588,544353.89,45961882.9514,0,SOLUSDT,1h
2026-04-29 04:00:00+00:00,84.54,85.04,84.39,84.9,1130740.67,2026-04-29 04:59:59.999000+00:00,95847335.381,59686,686617.43,58204104.774,0,SOLUSDT,1h
2026-04-29 05:00:00+00:00,84.91,84.95,84.65,84.8,556248.67,2026-04-29 05:59:59.999000+00:00,47165074.8334,38336,255282.34,21648720.7367,0,SOLUSDT,1h
2026-04-29 06:00:00+00:00,84.8,84.97,84.5,84.58,650731.61,2026-04-29 06:59:59.999000+00:00,55153007.2176,41212,273761.73,23207784.8208,0,SOLUSDT,1h
2026-04-29 07:00:00+00:00,84.59,84.82,84.57,84.66,337681.72,2026-04-29 07:59:59.999000+00:00,28593028.731,30727,186914.3,15828421.6731,0,SOLUSDT,1h
2026-04-29 08:00:00+00:00,84.67,84.72,84.3,84.48,542315.62,2026-04-29 08:59:59.999000+00:00,45823219.4335,36944,247655.8,20925855.2487,0,SOLUSDT,1h
2026-04-29 09:00:00+00:00,84.47,85.51,84.43,85.26,1326969.97,2026-04-29 09:59:59.999000+00:00,112857287.9988,76165,759080.09,64556741.3293,0,SOLUSDT,1h
2026-04-29 10:00:00+00:00,85.26,85.53,85.08,85.1,921775.51,2026-04-29 10:59:59.999000+00:00,78637604.2177,62222,445945.48,38045834.0289,0,SOLUSDT,1h
2026-04-29 11:00:00+00:00,85.11,85.13,84.75,84.87,832404.98,2026-04-29 11:59:59.999000+00:00,70685311.8699,45054,375032.73,31849756.6844,0,SOLUSDT,1h
2026-04-29 12:00:00+00:00,84.87,84.87,83.88,84.2,1711282.21,2026-04-29 12:59:59.999000+00:00,144127125.1403,85324,815590.16,68675878.9742,0,SOLUSDT,1h
2026-04-29 13:00:00+00:00,84.21,84.24,83.57,83.95,1365816.49,2026-04-29 13:59:59.999000+00:00,114566100.7416,84588,657019.59,55115991.7097,0,SOLUSDT,1h
2026-04-29 14:00:00+00:00,83.94,84.0,83.59,83.78,789445.11,2026-04-29 14:59:59.999000+00:00,66155634.1344,60652,386719.65,32407396.9257,0,SOLUSDT,1h
2026-04-29 15:00:00+00:00,83.79,83.88,82.91,83.2,2020395.68,2026-04-29 15:59:59.999000+00:00,168193548.1112,109566,835486.99,69553647.6493,0,SOLUSDT,1h
2026-04-29 16:00:00+00:00,83.2,83.59,82.9,83.06,1366480.05,2026-04-29 16:59:59.999000+00:00,113652932.5885,67706,591028.71,49159889.7446,0,SOLUSDT,1h
2026-04-29 17:00:00+00:00,83.07,83.34,82.68,83.31,1076275.39,2026-04-29 17:59:59.999000+00:00,89313088.1741,59665,569101.07,47237558.2091,0,SOLUSDT,1h
2026-04-29 18:00:00+00:00,83.32,83.41,81.31,82.23,3863989.12,2026-04-29 18:59:59.999000+00:00,316515133.0556,204442,1694906.86,138805396.8058,0,SOLUSDT,1h
2026-04-29 19:00:00+00:00,82.24,82.31,81.92,82.13,848292.67,2026-04-29 19:59:59.999000+00:00,69661378.9463,60217,389831.98,32015378.2161,0,SOLUSDT,1h
2026-04-29 20:00:00+00:00,82.13,82.78,82.09,82.58,1041229.97,2026-04-29 20:59:59.999000+00:00,85816190.7103,64613,552142.03,45515112.1077,0,SOLUSDT,1h
2026-04-29 21:00:00+00:00,82.59,83.2,82.47,82.85,838090.94,2026-04-29 21:59:59.999000+00:00,69393044.4878,49306,447825.47,37088163.603,0,SOLUSDT,1h
2026-04-29 22:00:00+00:00,82.86,83.09,82.75,83.03,406577.79,2026-04-29 22:59:59.999000+00:00,33716422.1756,31325,223413.34,18526544.1198,0,SOLUSDT,1h
2026-04-29 23:00:00+00:00,83.02,83.07,82.78,83.01,413791.22,2026-04-29 23:59:59.999000+00:00,34330609.2665,34138,175643.63,14573967.0243,0,SOLUSDT,1h
2026-04-30 00:00:00+00:00,83.02,83.99,83.01,83.77,1357650.73,2026-04-30 00:59:59.999000+00:00,113362204.3058,84364,755437.87,63077365.6234,0,SOLUSDT,1h
2026-04-30 01:00:00+00:00,83.78,83.99,83.62,83.71,553966.91,2026-04-30 01:59:59.999000+00:00,46423674.8746,49712,252536.35,21167741.6927,0,SOLUSDT,1h
2026-04-30 02:00:00+00:00,83.72,83.93,82.64,82.95,1017889.74,2026-04-30 02:59:59.999000+00:00,84644495.1399,81212,441946.69,36743303.2668,0,SOLUSDT,1h
2026-04-30 03:00:00+00:00,82.94,83.21,82.8,83.02,320425.88,2026-04-30 03:59:59.999000+00:00,26591924.5698,34300,173416.82,14395157.4072,0,SOLUSDT,1h
2026-04-30 04:00:00+00:00,83.02,83.05,82.32,82.36,519694.71,2026-04-30 04:59:59.999000+00:00,42912493.2093,45556,214642.11,17723158.0987,0,SOLUSDT,1h
2026-04-30 05:00:00+00:00,82.36,82.75,82.1,82.54,654476.17,2026-04-30 05:59:59.999000+00:00,53988301.3257,42352,367978.9,30362484.9694,0,SOLUSDT,1h
2026-04-30 06:00:00+00:00,82.53,83.02,82.49,82.9,424353.69,2026-04-30 06:59:59.999000+00:00,35118147.1417,32214,250564.16,20735596.7267,0,SOLUSDT,1h
2026-04-30 07:00:00+00:00,82.89,83.36,82.84,83.32,561823.5,2026-04-30 07:59:59.999000+00:00,46707236.9012,40607,349059.57,29022256.8425,0,SOLUSDT,1h
2026-04-30 08:00:00+00:00,83.31,83.39,83.08,83.09,482422.9,2026-04-30 08:59:59.999000+00:00,40145192.652,34137,233989.87,19473208.6487,0,SOLUSDT,1h
2026-04-30 09:00:00+00:00,83.08,83.55,83.02,83.09,452013.59,2026-04-30 09:59:59.999000+00:00,37640458.7276,35568,243779.9,20308131.5847,0,SOLUSDT,1h
2026-04-30 10:00:00+00:00,83.1,83.19,82.88,82.97,323203.86,2026-04-30 10:59:59.999000+00:00,26824438.8251,30051,126215.65,10475977.6751,0,SOLUSDT,1h
2026-04-30 11:00:00+00:00,82.96,83.36,82.75,82.98,577256.73,2026-04-30 11:59:59.999000+00:00,47947357.1679,40047,311250.3,25862798.9053,0,SOLUSDT,1h
2026-04-30 12:00:00+00:00,82.97,83.45,82.95,83.18,598926.7,2026-04-30 12:59:59.999000+00:00,49835102.6589,38706,297418.66,24741101.3796,0,SOLUSDT,1h
2026-04-30 13:00:00+00:00,83.17,83.53,82.81,83.16,784102.92,2026-04-30 13:59:59.999000+00:00,65230972.45,55688,387569.6,32251892.9141,0,SOLUSDT,1h
2026-04-30 14:00:00+00:00,83.17,83.38,82.63,83.19,984699.66,2026-04-30 14:59:59.999000+00:00,81750325.6786,73884,464033.87,38537302.8475,0,SOLUSDT,1h
2026-04-30 15:00:00+00:00,83.18,83.8,82.98,83.3,781842.18,2026-04-30 15:59:59.999000+00:00,65185096.6709,61039,424534.58,35398256.6104,0,SOLUSDT,1h
2026-04-30 16:00:00+00:00,83.3,83.4,82.89,82.97,375385.08,2026-04-30 16:59:59.999000+00:00,31209897.1277,35234,155834.78,12956586.4679,0,SOLUSDT,1h
2026-04-30 17:00:00+00:00,82.97,83.1,82.82,83.0,367354.65,2026-04-30 17:59:59.999000+00:00,30471582.4707,34158,199398.77,16540733.516,0,SOLUSDT,1h
2026-04-30 18:00:00+00:00,83.0,83.27,82.94,83.02,403693.42,2026-04-30 18:59:59.999000+00:00,33548100.4187,31724,219779.51,18267796.8801,0,SOLUSDT,1h
2026-04-30 19:00:00+00:00,83.01,83.26,82.97,82.99,359177.57,2026-04-30 19:59:59.999000+00:00,29851744.3048,28972,220568.68,18332464.8537,0,SOLUSDT,1h
2026-04-30 20:00:00+00:00,82.99,83.16,82.93,83.05,178992.37,2026-04-30 20:59:59.999000+00:00,14863800.6673,23164,95228.98,7908287.3611,0,SOLUSDT,1h
2026-04-30 21:00:00+00:00,83.05,83.11,82.79,82.83,171526.29,2026-04-30 21:59:59.999000+00:00,14228696.9511,21446,73253.02,6077899.5521,0,SOLUSDT,1h
2026-04-30 22:00:00+00:00,82.82,83.0,82.74,82.81,228950.22,2026-04-30 22:59:59.999000+00:00,18969894.2031,24614,119822.07,9928535.3393,0,SOLUSDT,1h
2026-04-30 23:00:00+00:00,82.81,83.06,82.8,83.04,183026.07,2026-04-30 23:59:59.999000+00:00,15182642.8933,18666,99801.3,8278766.8575,0,SOLUSDT,1h
2026-05-01 00:00:00+00:00,83.04,83.38,83.02,83.16,417159.4,2026-05-01 00:59:59.999000+00:00,34712079.9749,34313,206506.9,17183251.6296,0,SOLUSDT,1h
2026-05-01 01:00:00+00:00,83.15,83.64,83.15,83.57,358244.5,2026-05-01 01:59:59.999000+00:00,29889784.6714,33947,194408.4,16219553.8219,0,SOLUSDT,1h
2026-05-01 02:00:00+00:00,83.57,83.79,83.4,83.57,555865.36,2026-05-01 02:59:59.999000+00:00,46480742.4896,39469,267144.76,22340204.7665,0,SOLUSDT,1h
2026-05-01 03:00:00+00:00,83.58,84.37,83.52,83.85,1097269.39,2026-05-01 03:59:59.999000+00:00,92185023.5179,77190,604625.49,50791127.0757,0,SOLUSDT,1h
2026-05-01 04:00:00+00:00,83.85,84.03,83.62,83.78,469222.58,2026-05-01 04:59:59.999000+00:00,39337791.3142,40921,241108.31,20217084.7843,0,SOLUSDT,1h
2026-05-01 05:00:00+00:00,83.77,84.2,83.7,84.01,539588.33,2026-05-01 05:59:59.999000+00:00,45338374.5857,37261,265233.17,22285399.4396,0,SOLUSDT,1h
2026-05-01 06:00:00+00:00,84.01,84.14,83.65,83.8,405005.77,2026-05-01 06:59:59.999000+00:00,33984894.0149,31210,158569.45,13309112.6875,0,SOLUSDT,1h
2026-05-01 07:00:00+00:00,83.81,83.94,83.62,83.9,807793.89,2026-05-01 07:59:59.999000+00:00,67686140.9771,38366,408933.0,34265624.7402,0,SOLUSDT,1h
2026-05-01 08:00:00+00:00,83.91,84.28,83.85,84.13,512523.01,2026-05-01 08:59:59.999000+00:00,43101064.4772,38018,292434.29,24592748.5638,0,SOLUSDT,1h
2026-05-01 09:00:00+00:00,84.14,84.15,83.88,83.92,417813.43,2026-05-01 09:59:59.999000+00:00,35084875.689,27879,175350.5,14725032.4347,0,SOLUSDT,1h
2026-05-01 10:00:00+00:00,83.92,84.05,83.67,83.9,332236.49,2026-05-01 10:59:59.999000+00:00,27861967.1743,28031,162390.7,13621055.5039,0,SOLUSDT,1h
2026-05-01 11:00:00+00:00,83.91,84.18,83.82,83.98,268871.94,2026-05-01 11:59:59.999000+00:00,22574194.5435,25166,134841.1,11321380.7995,0,SOLUSDT,1h
2026-05-01 12:00:00+00:00,83.97,84.55,83.87,84.24,952137.42,2026-05-01 12:59:59.999000+00:00,80256162.2739,61279,516480.86,43534067.1605,0,SOLUSDT,1h
2026-05-01 13:00:00+00:00,84.23,84.82,84.19,84.56,1181999.7,2026-05-01 13:59:59.999000+00:00,99869469.2196,77273,638913.73,53995294.6735,0,SOLUSDT,1h
2026-05-01 14:00:00+00:00,84.57,84.7,83.81,84.18,1196662.31,2026-05-01 14:59:59.999000+00:00,100800295.2748,74507,558965.0,47100665.6004,0,SOLUSDT,1h
2026-05-01 15:00:00+00:00,84.18,84.59,83.97,84.42,916796.38,2026-05-01 15:59:59.999000+00:00,77258020.6834,66028,476920.0,40194798.8183,0,SOLUSDT,1h
2026-05-01 16:00:00+00:00,84.42,84.6,83.91,83.96,842223.14,2026-05-01 16:59:59.999000+00:00,70941722.9527,60427,343211.28,28917909.8026,0,SOLUSDT,1h
2026-05-01 17:00:00+00:00,83.97,84.26,83.88,84.19,496339.71,2026-05-01 17:59:59.999000+00:00,41715140.1411,40160,271056.67,22784772.2476,0,SOLUSDT,1h
2026-05-01 18:00:00+00:00,84.19,84.28,83.94,83.95,328893.3,2026-05-01 18:59:59.999000+00:00,27657591.8444,30742,180883.57,15211492.574,0,SOLUSDT,1h
2026-05-01 19:00:00+00:00,83.95,84.04,83.75,83.86,402238.11,2026-05-01 19:59:59.999000+00:00,33727721.7948,31269,176049.89,14764496.0019,0,SOLUSDT,1h
2026-05-01 20:00:00+00:00,83.85,83.9,83.28,83.46,609307.75,2026-05-01 20:59:59.999000+00:00,50932377.0018,46375,239381.02,20012657.3031,0,SOLUSDT,1h
2026-05-01 21:00:00+00:00,83.45,83.79,83.37,83.68,386520.72,2026-05-01 21:59:59.999000+00:00,32305440.4239,34896,195612.64,16351502.9707,0,SOLUSDT,1h
2026-05-01 22:00:00+00:00,83.68,83.85,83.53,83.71,321139.24,2026-05-01 22:59:59.999000+00:00,26880788.9685,27034,162757.42,13624054.9364,0,SOLUSDT,1h
2026-05-01 23:00:00+00:00,83.71,83.84,83.51,83.7,321422.74,2026-05-01 23:59:59.999000+00:00,26893023.3418,23719,148681.24,12439330.9182,0,SOLUSDT,1h
2026-05-02 00:00:00+00:00,83.7,83.83,83.39,83.78,573585.4,2026-05-02 00:59:59.999000+00:00,47961705.4536,31095,283957.99,23746550.4075,0,SOLUSDT,1h
2026-05-02 01:00:00+00:00,83.79,84.03,83.71,83.99,309405.59,2026-05-02 01:59:59.999000+00:00,25949573.5855,25602,171951.66,14422860.8087,0,SOLUSDT,1h
2026-05-02 02:00:00+00:00,84.0,84.16,83.82,83.89,510535.89,2026-05-02 02:59:59.999000+00:00,42872179.0638,31456,222409.08,18677424.174,0,SOLUSDT,1h
2026-05-02 03:00:00+00:00,83.88,83.93,83.64,83.76,244574.51,2026-05-02 03:59:59.999000+00:00,20490541.474,24545,99671.61,8351605.1913,0,SOLUSDT,1h
2026-05-02 04:00:00+00:00,83.76,83.79,83.5,83.58,277586.08,2026-05-02 04:59:59.999000+00:00,23211414.8871,24278,102746.35,8591665.8333,0,SOLUSDT,1h
2026-05-02 05:00:00+00:00,83.59,83.7,83.48,83.65,311869.24,2026-05-02 05:59:59.999000+00:00,26070858.7792,22707,156955.66,13122745.7812,0,SOLUSDT,1h
2026-05-02 06:00:00+00:00,83.66,83.81,83.52,83.77,185377.98,2026-05-02 06:59:59.999000+00:00,15508555.6018,17597,108015.89,9038035.0492,0,SOLUSDT,1h
2026-05-02 07:00:00+00:00,83.78,83.82,83.65,83.67,153732.13,2026-05-02 07:59:59.999000+00:00,12870829.1577,13770,65724.17,5502975.5178,0,SOLUSDT,1h
2026-05-02 08:00:00+00:00,83.68,83.84,83.58,83.79,160572.01,2026-05-02 08:59:59.999000+00:00,13440090.2587,16379,92552.23,7746713.5591,0,SOLUSDT,1h
2026-05-02 09:00:00+00:00,83.79,84.11,83.77,83.95,479494.38,2026-05-02 09:59:59.999000+00:00,40250079.5839,28527,261432.32,21942917.1408,0,SOLUSDT,1h
2026-05-02 10:00:00+00:00,83.95,83.97,83.81,83.89,145924.83,2026-05-02 10:59:59.999000+00:00,12242073.8482,15880,74228.62,6227517.6723,0,SOLUSDT,1h
2026-05-02 11:00:00+00:00,83.89,83.89,83.47,83.64,439620.84,2026-05-02 11:59:59.999000+00:00,36769054.768,29091,194371.72,16254281.1668,0,SOLUSDT,1h
2026-05-02 12:00:00+00:00,83.64,84.05,83.62,83.8,764199.31,2026-05-02 12:59:59.999000+00:00,64079628.1323,38676,389958.34,32697027.8954,0,SOLUSDT,1h
2026-05-02 13:00:00+00:00,83.8,84.04,83.8,83.89,322856.77,2026-05-02 13:59:59.999000+00:00,27094045.1764,21463,188058.1,15782270.1721,0,SOLUSDT,1h
2026-05-02 14:00:00+00:00,83.89,84.05,83.86,83.93,267563.76,2026-05-02 14:59:59.999000+00:00,22464405.9935,19410,142208.28,11939856.5717,0,SOLUSDT,1h
2026-05-02 15:00:00+00:00,83.92,84.03,83.88,83.99,159808.54,2026-05-02 15:59:59.999000+00:00,13415507.6381,15212,80917.06,6793241.6596,0,SOLUSDT,1h
2026-05-02 16:00:00+00:00,83.99,84.23,83.97,84.15,394808.59,2026-05-02 16:59:59.999000+00:00,33196808.4856,28157,234698.34,19735654.7559,0,SOLUSDT,1h
2026-05-02 17:00:00+00:00,84.14,84.16,83.95,84.0,245351.57,2026-05-02 17:59:59.999000+00:00,20619696.0651,19275,89399.68,7513829.2828,0,SOLUSDT,1h
2026-05-02 18:00:00+00:00,84.0,84.17,83.89,84.14,206798.42,2026-05-02 18:59:59.999000+00:00,17378186.2121,20054,107637.0,9046878.4442,0,SOLUSDT,1h
2026-05-02 19:00:00+00:00,84.13,84.28,84.11,84.19,158926.73,2026-05-02 19:59:59.999000+00:00,13380487.3047,16195,93105.93,7839369.966,0,SOLUSDT,1h
2026-05-02 20:00:00+00:00,84.18,84.19,84.05,84.16,99247.41,2026-05-02 20:59:59.999000+00:00,8349092.5027,11816,37688.21,3171009.1455,0,SOLUSDT,1h
2026-05-02 21:00:00+00:00,84.15,84.96,84.11,84.51,889938.29,2026-05-02 21:59:59.999000+00:00,75301521.7386,65832,490150.09,41470328.2206,0,SOLUSDT,1h
2026-05-02 22:00:00+00:00,84.5,84.61,84.01,84.42,662174.53,2026-05-02 22:59:59.999000+00:00,55813688.2064,46259,360973.1,30422503.7841,0,SOLUSDT,1h
2026-05-02 23:00:00+00:00,84.42,84.47,84.16,84.23,364061.73,2026-05-02 23:59:59.999000+00:00,30699878.5196,27047,146485.42,12352234.8164,0,SOLUSDT,1h
2026-05-03 00:00:00+00:00,84.23,84.27,83.76,84.05,700611.82,2026-05-03 00:59:59.999000+00:00,58847612.567,44330,339102.18,28485962.5611,0,SOLUSDT,1h
2026-05-03 01:00:00+00:00,84.04,84.05,83.69,83.7,380669.53,2026-05-03 01:59:59.999000+00:00,31900390.0714,30918,154158.09,12920075.1067,0,SOLUSDT,1h
2026-05-03 02:00:00+00:00,83.7,83.79,83.56,83.63,448155.57,2026-05-03 02:59:59.999000+00:00,37492992.8221,29166,199542.69,16695185.4065,0,SOLUSDT,1h
2026-05-03 03:00:00+00:00,83.64,83.71,83.53,83.61,262255.85,2026-05-03 03:59:59.999000+00:00,21926831.2175,21251,117737.32,9845181.3777,0,SOLUSDT,1h
2026-05-03 04:00:00+00:00,83.61,83.7,83.52,83.65,372148.64,2026-05-03 04:59:59.999000+00:00,31121347.0346,22292,181068.2,15142847.8625,0,SOLUSDT,1h
2026-05-03 05:00:00+00:00,83.65,83.79,83.61,83.7,188241.49,2026-05-03 05:59:59.999000+00:00,15760431.0652,16223,108667.91,9098602.6198,0,SOLUSDT,1h
2026-05-03 06:00:00+00:00,83.7,83.83,83.53,83.7,252438.14,2026-05-03 06:59:59.999000+00:00,21118424.7488,18766,115730.34,9682134.2319,0,SOLUSDT,1h
2026-05-03 07:00:00+00:00,83.7,83.97,83.7,83.82,372491.78,2026-05-03 07:59:59.999000+00:00,31243286.7604,25327,209981.38,17613795.413,0,SOLUSDT,1h
2026-05-03 08:00:00+00:00,83.83,83.98,83.76,83.83,216712.72,2026-05-03 08:59:59.999000+00:00,18175123.6061,19501,97874.14,8209143.14,0,SOLUSDT,1h
2026-05-03 09:00:00+00:00,83.84,84.08,83.81,84.0,450327.64,2026-05-03 09:59:59.999000+00:00,37810697.513,27267,228706.11,19201776.6838,0,SOLUSDT,1h
2026-05-03 10:00:00+00:00,84.0,84.01,83.76,83.77,201129.86,2026-05-03 10:59:59.999000+00:00,16873881.6416,18425,63533.13,5330588.3839,0,SOLUSDT,1h
2026-05-03 11:00:00+00:00,83.76,84.16,83.68,83.9,574533.24,2026-05-03 11:59:59.999000+00:00,48225736.1541,35309,348332.36,29241283.8729,0,SOLUSDT,1h
2026-05-03 12:00:00+00:00,83.91,84.2,83.91,84.06,299322.39,2026-05-03 12:59:59.999000+00:00,25163166.8497,24605,160974.2,13532828.6586,0,SOLUSDT,1h
2026-05-03 13:00:00+00:00,84.05,84.17,83.93,84.05,290671.95,2026-05-03 13:59:59.999000+00:00,24428077.9066,23224,146849.37,12342878.736,0,SOLUSDT,1h
2026-05-03 14:00:00+00:00,84.04,84.41,84.04,84.31,424465.55,2026-05-03 14:59:59.999000+00:00,35754800.9051,32150,236068.26,19886210.4309,0,SOLUSDT,1h
2026-05-03 15:00:00+00:00,84.32,84.39,84.06,84.12,272625.11,2026-05-03 15:59:59.999000+00:00,22961239.2761,27429,124281.22,10468086.0834,0,SOLUSDT,1h
2026-05-03 16:00:00+00:00,84.11,84.27,83.95,84.1,333348.05,2026-05-03 16:59:59.999000+00:00,28028753.5849,29702,176005.77,14799060.0411,0,SOLUSDT,1h
2026-05-03 17:00:00+00:00,84.11,84.29,83.95,84.16,279542.99,2026-05-03 17:59:59.999000+00:00,23521875.7557,23043,150525.59,12668084.7868,0,SOLUSDT,1h
2026-05-03 18:00:00+00:00,84.16,84.29,84.06,84.23,154948.75,2026-05-03 18:59:59.999000+00:00,13043023.5815,16410,68088.1,5731104.1532,0,SOLUSDT,1h
2026-05-03 19:00:00+00:00,84.22,84.47,84.2,84.34,232703.49,2026-05-03 19:59:59.999000+00:00,19624854.1563,21018,123151.84,10385842.7164,0,SOLUSDT,1h
2026-05-03 20:00:00+00:00,84.33,84.7,84.21,84.3,468378.74,2026-05-03 20:59:59.999000+00:00,39557165.0344,37333,249258.66,21054190.2906,0,SOLUSDT,1h
2026-05-03 21:00:00+00:00,84.29,84.42,83.8,84.1,476018.08,2026-05-03 21:59:59.999000+00:00,40039504.9563,36366,198694.37,16721742.4134,0,SOLUSDT,1h
2026-05-03 22:00:00+00:00,84.1,84.95,84.1,84.64,1201504.82,2026-05-03 22:59:59.999000+00:00,101657933.814,81180,648678.32,54895830.4755,0,SOLUSDT,1h
2026-05-03 23:00:00+00:00,84.64,84.75,83.81,83.87,750752.46,2026-05-03 23:59:59.999000+00:00,63151447.1086,54320,342158.26,28778466.8622,0,SOLUSDT,1h
2026-05-04 00:00:00+00:00,83.86,83.86,83.29,83.75,1061733.18,2026-05-04 00:59:59.999000+00:00,88696791.0129,63650,476960.63,39839495.9471,0,SOLUSDT,1h
2026-05-04 01:00:00+00:00,83.75,84.91,83.37,84.73,1979701.12,2026-05-04 01:59:59.999000+00:00,166300995.2746,106735,972126.43,81711561.917,0,SOLUSDT,1h
2026-05-04 02:00:00+00:00,84.73,85.62,84.7,85.22,3116984.52,2026-05-04 02:59:59.999000+00:00,265441797.9837,163452,1774302.47,151108768.5178,0,SOLUSDT,1h
2026-05-04 03:00:00+00:00,85.21,85.56,85.07,85.38,822754.03,2026-05-04 03:59:59.999000+00:00,70197408.5193,62835,418600.51,35721615.4008,0,SOLUSDT,1h
2026-05-04 04:00:00+00:00,85.38,85.88,85.35,85.74,1416919.75,2026-05-04 04:59:59.999000+00:00,121330350.6042,74032,747898.87,64046384.2509,0,SOLUSDT,1h
2026-05-04 05:00:00+00:00,85.74,85.78,85.32,85.35,1159054.42,2026-05-04 05:59:59.999000+00:00,99078259.2854,59085,441468.56,37741600.4563,0,SOLUSDT,1h
2026-05-04 06:00:00+00:00,85.36,85.39,84.46,84.83,1537031.72,2026-05-04 06:59:59.999000+00:00,130433360.5232,79236,826127.72,70091809.1377,0,SOLUSDT,1h
2026-05-04 07:00:00+00:00,84.84,84.99,84.62,84.84,415935.33,2026-05-04 07:59:59.999000+00:00,35280688.5352,37018,222362.06,18860598.4685,0,SOLUSDT,1h
2026-05-04 08:00:00+00:00,84.84,84.87,84.57,84.72,522226.83,2026-05-04 08:59:59.999000+00:00,44251094.3575,40928,245528.75,20806929.5065,0,SOLUSDT,1h
2026-05-04 09:00:00+00:00,84.72,85.16,84.63,84.99,481365.47,2026-05-04 09:59:59.999000+00:00,40879417.5287,38324,296799.5,25206848.4326,0,SOLUSDT,1h
2026-05-04 10:00:00+00:00,85.0,85.04,83.18,84.0,3811864.55,2026-05-04 10:59:59.999000+00:00,319557944.1363,203573,1746113.36,146425359.1399,0,SOLUSDT,1h
2026-05-04 11:00:00+00:00,83.99,84.1,83.78,83.9,694940.75,2026-05-04 11:59:59.999000+00:00,58330627.7388,51601,325837.83,27348996.6513,0,SOLUSDT,1h
2026-05-04 12:00:00+00:00,83.9,84.11,83.8,83.83,708106.13,2026-05-04 12:59:59.999000+00:00,59455123.4823,45285,358234.41,30080877.8905,0,SOLUSDT,1h
2026-05-04 13:00:00+00:00,83.84,84.3,83.51,83.95,967502.65,2026-05-04 13:59:59.999000+00:00,81204373.5393,71079,491682.18,41275487.5964,0,SOLUSDT,1h
2026-05-04 14:00:00+00:00,83.95,85.3,83.73,84.95,1938102.96,2026-05-04 14:59:59.999000+00:00,164139209.7011,117490,1015413.43,85999064.3801,0,SOLUSDT,1h
2026-05-04 15:00:00+00:00,84.96,85.15,83.88,84.45,2311059.8,2026-05-04 15:59:59.999000+00:00,195203382.6166,139759,1116963.75,94347639.367,0,SOLUSDT,1h
2026-05-04 16:00:00+00:00,84.45,84.76,83.93,84.44,1323793.99,2026-05-04 16:59:59.999000+00:00,111643102.4092,86040,625241.41,52727320.3488,0,SOLUSDT,1h
2026-05-04 17:00:00+00:00,84.45,85.17,84.44,84.91,925270.67,2026-05-04 17:59:59.999000+00:00,78496347.2879,65334,473408.15,40164005.2894,0,SOLUSDT,1h
2026-05-04 18:00:00+00:00,84.9,85.03,84.54,84.72,666622.28,2026-05-04 18:59:59.999000+00:00,56526664.4682,43892,295127.19,25022204.1433,0,SOLUSDT,1h
2026-05-04 19:00:00+00:00,84.71,84.74,84.33,84.43,453780.42,2026-05-04 19:59:59.999000+00:00,38334766.9103,34662,184610.16,15595166.7426,0,SOLUSDT,1h
2026-05-04 20:00:00+00:00,84.42,84.43,84.01,84.04,439819.35,2026-05-04 20:59:59.999000+00:00,37026105.1763,34435,202884.64,17080994.5615,0,SOLUSDT,1h
2026-05-04 21:00:00+00:00,84.04,84.47,84.03,84.39,417952.8,2026-05-04 21:59:59.999000+00:00,35222840.0953,29294,207334.5,17473338.0911,0,SOLUSDT,1h
2026-05-04 22:00:00+00:00,84.38,84.52,84.12,84.16,351735.32,2026-05-04 22:59:59.999000+00:00,29658761.2372,29909,152650.65,12870720.3594,0,SOLUSDT,1h
2026-05-04 23:00:00+00:00,84.17,84.18,83.96,84.05,332484.42,2026-05-04 23:59:59.999000+00:00,27948382.83,29237,142904.54,12013109.9004,0,SOLUSDT,1h
2026-05-05 00:00:00+00:00,84.05,84.33,83.98,84.26,403160.81,2026-05-05 00:59:59.999000+00:00,33923911.132,30940,230124.55,19367547.3312,0,SOLUSDT,1h
2026-05-05 01:00:00+00:00,84.26,84.42,84.09,84.36,350699.25,2026-05-05 01:59:59.999000+00:00,29560939.9183,31386,163841.44,13812272.2351,0,SOLUSDT,1h
2026-05-05 02:00:00+00:00,84.36,84.76,84.29,84.47,709957.91,2026-05-05 02:59:59.999000+00:00,60027892.1721,43776,361444.82,30558952.1427,0,SOLUSDT,1h
2026-05-05 03:00:00+00:00,84.47,84.94,84.36,84.73,609127.57,2026-05-05 03:59:59.999000+00:00,51598399.5378,38513,322384.15,27314863.6245,0,SOLUSDT,1h
2026-05-05 04:00:00+00:00,84.72,84.87,84.54,84.74,604939.64,2026-05-05 04:59:59.999000+00:00,51244341.6942,35934,295088.0,24998199.7905,0,SOLUSDT,1h
2026-05-05 05:00:00+00:00,84.74,85.1,84.68,84.9,830480.52,2026-05-05 05:59:59.999000+00:00,70523527.8612,46856,451751.76,38365113.4234,0,SOLUSDT,1h
2026-05-05 06:00:00+00:00,84.89,84.97,84.52,84.95,728003.8,2026-05-05 06:59:59.999000+00:00,61662764.9009,40679,404568.42,34269500.3746,0,SOLUSDT,1h
2026-05-05 07:00:00+00:00,84.96,85.04,84.74,84.83,620868.56,2026-05-05 07:59:59.999000+00:00,52711447.07,36809,309939.97,26312910.7583,0,SOLUSDT,1h
2026-05-05 08:00:00+00:00,84.83,84.87,84.65,84.75,371569.07,2026-05-05 08:59:59.999000+00:00,31492231.0807,24730,155741.82,13200369.9806,0,SOLUSDT,1h
2026-05-05 09:00:00+00:00,84.75,84.76,84.4,84.52,422778.28,2026-05-05 09:59:59.999000+00:00,35738364.7492,32087,177276.61,14987243.4418,0,SOLUSDT,1h
2026-05-05 10:00:00+00:00,84.52,84.91,84.39,84.87,502438.9,2026-05-05 10:59:59.999000+00:00,42558105.3246,32402,281084.9,23810298.5412,0,SOLUSDT,1h
2026-05-05 11:00:00+00:00,84.87,84.97,84.64,84.93,432312.23,2026-05-05 11:59:59.999000+00:00,36673365.4439,29940,210030.65,17819388.0246,0,SOLUSDT,1h
2026-05-05 12:00:00+00:00,84.93,85.33,84.86,85.27,707110.04,2026-05-05 12:59:59.999000+00:00,60206835.2239,45189,417732.12,35567521.1381,0,SOLUSDT,1h
2026-05-05 13:00:00+00:00,85.27,86.08,85.26,85.58,2757438.79,2026-05-05 13:59:59.999000+00:00,236365412.2834,146959,1552490.32,133071706.3143,0,SOLUSDT,1h
2026-05-05 14:00:00+00:00,85.59,85.72,85.14,85.46,1354059.78,2026-05-05 14:59:59.999000+00:00,115635957.9171,98570,637030.84,54422350.0685,0,SOLUSDT,1h
2026-05-05 15:00:00+00:00,85.45,85.86,85.31,85.47,1257277.18,2026-05-05 15:59:59.999000+00:00,107633866.6241,72826,471948.89,40402899.1409,0,SOLUSDT,1h
2026-05-05 16:00:00+00:00,85.46,85.65,85.01,85.29,1023108.26,2026-05-05 16:59:59.999000+00:00,87289810.7063,62529,499434.98,42614786.2664,0,SOLUSDT,1h
2026-05-05 17:00:00+00:00,85.28,85.5,85.06,85.42,438385.14,2026-05-05 17:59:59.999000+00:00,37408127.4905,36092,220019.84,18777566.3728,0,SOLUSDT,1h
2026-05-05 18:00:00+00:00,85.42,85.85,85.39,85.84,595285.33,2026-05-05 18:59:59.999000+00:00,50991388.8871,40092,299483.16,25656093.9419,0,SOLUSDT,1h
2026-05-05 19:00:00+00:00,85.83,86.53,85.76,86.47,1306306.44,2026-05-05 19:59:59.999000+00:00,112601765.1192,73623,774606.19,66767314.2537,0,SOLUSDT,1h
2026-05-05 20:00:00+00:00,86.46,86.88,86.38,86.61,934982.29,2026-05-05 20:59:59.999000+00:00,80996023.4839,70840,452165.94,39175754.1149,0,SOLUSDT,1h
2026-05-05 21:00:00+00:00,86.6,86.91,86.24,86.69,852577.82,2026-05-05 21:59:59.999000+00:00,73796258.8376,64922,461240.89,39936120.626,0,SOLUSDT,1h
2026-05-05 22:00:00+00:00,86.68,86.96,86.15,86.54,974043.39,2026-05-05 22:59:59.999000+00:00,84317368.7711,80537,463487.01,40135870.902,0,SOLUSDT,1h
2026-05-05 23:00:00+00:00,86.54,86.65,86.12,86.24,568936.11,2026-05-05 23:59:59.999000+00:00,49130166.9795,43767,293816.99,25372166.9164,0,SOLUSDT,1h
2026-05-06 00:00:00+00:00,86.24,86.52,86.06,86.35,795930.07,2026-05-06 00:59:59.999000+00:00,68682719.9969,56260,438848.6,37875025.133,0,SOLUSDT,1h
2026-05-06 01:00:00+00:00,86.35,86.98,86.27,86.81,649461.68,2026-05-06 01:59:59.999000+00:00,56329055.9307,48025,368900.83,32000427.5106,0,SOLUSDT,1h
2026-05-06 02:00:00+00:00,86.82,86.9,86.34,86.86,633181.61,2026-05-06 02:59:59.999000+00:00,54864415.5678,44385,303231.05,26279197.7294,0,SOLUSDT,1h
2026-05-06 03:00:00+00:00,86.86,87.44,86.84,87.29,1137060.08,2026-05-06 03:59:59.999000+00:00,99096240.6063,74059,658979.67,57426103.1242,0,SOLUSDT,1h
2026-05-06 04:00:00+00:00,87.28,87.39,86.61,86.75,808557.96,2026-05-06 04:59:59.999000+00:00,70337348.9874,52531,327754.94,28514837.2698,0,SOLUSDT,1h
2026-05-06 05:00:00+00:00,86.75,87.42,86.7,87.36,871375.94,2026-05-06 05:59:59.999000+00:00,75859400.3985,52039,476450.47,41479309.2077,0,SOLUSDT,1h
2026-05-06 06:00:00+00:00,87.36,87.5,87.11,87.44,712362.5,2026-05-06 06:59:59.999000+00:00,62201457.2855,46102,390516.7,34099634.5353,0,SOLUSDT,1h
2026-05-06 07:00:00+00:00,87.44,87.87,87.4,87.65,772738.22,2026-05-06 07:59:59.999000+00:00,67726737.7329,58846,404326.81,35436766.566,0,SOLUSDT,1h
2026-05-06 08:00:00+00:00,87.66,89.21,87.6,88.99,1968435.5,2026-05-06 08:59:59.999000+00:00,174037762.83,123647,1115150.7,98566489.1049,0,SOLUSDT,1h
2026-05-06 09:00:00+00:00,89.0,89.55,88.54,89.44,1708539.7,2026-05-06 09:59:59.999000+00:00,152064867.315,117194,907672.03,80809821.6868,0,SOLUSDT,1h
2026-05-06 10:00:00+00:00,89.44,89.66,89.17,89.34,1238245.92,2026-05-06 10:59:59.999000+00:00,110785971.3298,80881,585481.39,52388718.1033,0,SOLUSDT,1h
2026-05-06 11:00:00+00:00,89.34,90.13,89.27,89.83,1414651.14,2026-05-06 11:59:59.999000+00:00,126853613.8201,91643,733285.55,65778156.5095,0,SOLUSDT,1h
2026-05-06 12:00:00+00:00,89.84,89.94,89.45,89.63,1088593.5,2026-05-06 12:59:59.999000+00:00,97629806.3136,79869,521599.96,46783898.3006,0,SOLUSDT,1h
2026-05-06 13:00:00+00:00,89.63,89.63,88.02,88.3,2736225.63,2026-05-06 13:59:59.999000+00:00,242655101.3496,192294,1279776.03,113463978.3978,0,SOLUSDT,1h
2026-05-06 14:00:00+00:00,88.3,88.84,87.43,88.35,2360381.89,2026-05-06 14:59:59.999000+00:00,208074077.9657,144577,1191829.09,105086412.55,0,SOLUSDT,1h
2026-05-06 15:00:00+00:00,88.35,89.05,88.26,88.92,1046311.53,2026-05-06 15:59:59.999000+00:00,92809115.263,80388,552096.54,48977901.2278,0,SOLUSDT,1h
2026-05-06 16:00:00+00:00,88.91,89.48,88.53,89.13,1197500.19,2026-05-06 16:59:59.999000+00:00,106553090.1697,81844,599579.74,53367407.5707,0,SOLUSDT,1h
2026-05-06 17:00:00+00:00,89.13,89.41,88.47,88.79,882612.34,2026-05-06 17:59:59.999000+00:00,78499258.65,65318,356901.32,31754142.0009,0,SOLUSDT,1h
2026-05-06 18:00:00+00:00,88.78,89.13,88.42,88.93,842442.66,2026-05-06 18:59:59.999000+00:00,74807912.9141,63974,510214.66,45320302.7727,0,SOLUSDT,1h
2026-05-06 19:00:00+00:00,88.92,89.27,88.84,89.21,519865.33,2026-05-06 19:59:59.999000+00:00,46301423.309,47604,252201.93,22466463.1552,0,SOLUSDT,1h
2026-05-06 20:00:00+00:00,89.21,89.58,88.87,89.15,703399.97,2026-05-06 20:59:59.999000+00:00,62795243.0215,53409,366699.42,32746005.4569,0,SOLUSDT,1h
2026-05-06 21:00:00+00:00,89.15,89.55,89.02,89.44,443440.57,2026-05-06 21:59:59.999000+00:00,39619004.159,42158,229267.52,20482811.904,0,SOLUSDT,1h
2026-05-06 22:00:00+00:00,89.44,89.53,88.98,89.04,437380.78,2026-05-06 22:59:59.999000+00:00,39017153.0519,37317,216547.59,19318413.2828,0,SOLUSDT,1h
2026-05-06 23:00:00+00:00,89.03,89.14,88.61,89.1,424222.04,2026-05-06 23:59:59.999000+00:00,37723565.4225,40641,207010.95,18410764.3157,0,SOLUSDT,1h
2026-05-07 00:00:00+00:00,89.11,89.23,88.16,88.29,918038.25,2026-05-07 00:59:59.999000+00:00,81308507.7738,70140,436589.34,38684108.9469,0,SOLUSDT,1h
2026-05-07 01:00:00+00:00,88.28,88.49,87.84,88.27,1125094.78,2026-05-07 01:59:59.999000+00:00,99230491.4461,83203,544084.52,47992272.4639,0,SOLUSDT,1h
2026-05-07 02:00:00+00:00,88.26,88.34,87.76,88.11,581084.49,2026-05-07 02:59:59.999000+00:00,51134401.4514,55911,300776.37,26469025.5171,0,SOLUSDT,1h
2026-05-07 03:00:00+00:00,88.1,88.11,87.47,87.72,802923.76,2026-05-07 03:59:59.999000+00:00,70473673.7615,56434,333887.47,29315774.0106,0,SOLUSDT,1h
2026-05-07 04:00:00+00:00,87.72,88.33,87.64,88.33,645705.89,2026-05-07 04:59:59.999000+00:00,56822096.9924,48520,361823.35,31848111.4749,0,SOLUSDT,1h
2026-05-07 05:00:00+00:00,88.33,88.87,88.29,88.62,904581.47,2026-05-07 05:59:59.999000+00:00,80083439.7029,59868,521560.14,46173533.2344,0,SOLUSDT,1h
2026-05-07 06:00:00+00:00,88.63,89.26,88.17,89.23,1135538.87,2026-05-07 06:59:59.999000+00:00,100775969.3099,74791,610625.37,54223338.5826,0,SOLUSDT,1h
2026-05-07 07:00:00+00:00,89.23,90.4,89.08,90.12,2016445.04,2026-05-07 07:59:59.999000+00:00,181071768.2905,116744,1089015.26,97787612.9638,0,SOLUSDT,1h
2026-05-07 08:00:00+00:00,90.12,90.23,89.42,89.53,1262678.95,2026-05-07 08:59:59.999000+00:00,113343846.4986,92389,613671.78,55085199.5585,0,SOLUSDT,1h
2026-05-07 09:00:00+00:00,89.53,89.55,89.14,89.39,819530.77,2026-05-07 09:59:59.999000+00:00,73236136.2844,64176,389797.1,34839378.818,0,SOLUSDT,1h
2026-05-07 10:00:00+00:00,89.4,89.49,88.66,89.1,1126530.9,2026-05-07 10:59:59.999000+00:00,100278723.564,71343,560543.57,49898742.9649,0,SOLUSDT,1h
2026-05-07 11:00:00+00:00,89.11,89.66,89.11,89.5,716831.3,2026-05-07 11:59:59.999000+00:00,64100606.8777,59067,382916.55,34240951.547,0,SOLUSDT,1h
2026-05-07 12:00:00+00:00,89.5,90.06,89.45,89.7,831231.08,2026-05-07 12:59:59.999000+00:00,74627584.4367,66661,427453.29,38377117.7021,0,SOLUSDT,1h
2026-05-07 13:00:00+00:00,89.71,89.71,88.31,88.61,2012506.9,2026-05-07 13:59:59.999000+00:00,178971923.805,141513,933916.73,83066100.2631,0,SOLUSDT,1h
2026-05-07 14:00:00+00:00,88.62,88.89,87.77,88.11,2117784.69,2026-05-07 14:59:59.999000+00:00,186910406.8551,129121,1003692.63,88616218.6411,0,SOLUSDT,1h
2026-05-07 15:00:00+00:00,88.1,88.54,87.75,88.28,1483727.92,2026-05-07 15:59:59.999000+00:00,130865968.0853,98722,778132.84,68656313.762,0,SOLUSDT,1h
2026-05-07 16:00:00+00:00,88.27,88.75,88.03,88.4,1272947.61,2026-05-07 16:59:59.999000+00:00,112535003.0525,85637,681108.79,60248626.9915,0,SOLUSDT,1h
2026-05-07 17:00:00+00:00,88.4,88.83,87.91,88.75,999599.68,2026-05-07 17:59:59.999000+00:00,88353249.2446,80532,529365.74,46807872.9365,0,SOLUSDT,1h
2026-05-07 18:00:00+00:00,88.75,89.02,88.19,88.53,1080898.83,2026-05-07 18:59:59.999000+00:00,95833311.2906,72897,557394.19,49416667.5951,0,SOLUSDT,1h
2026-05-07 19:00:00+00:00,88.54,88.69,88.17,88.41,572227.88,2026-05-07 19:59:59.999000+00:00,50587883.2847,53525,284415.01,25148986.5227,0,SOLUSDT,1h
2026-05-07 20:00:00+00:00,88.41,88.82,87.98,88.02,652169.79,2026-05-07 20:59:59.999000+00:00,57627653.8456,49151,303227.41,26805988.2461,0,SOLUSDT,1h
2026-05-07 21:00:00+00:00,88.02,88.19,87.61,87.92,734232.98,2026-05-07 21:59:59.999000+00:00,64532746.5922,52220,335388.42,29484548.7141,0,SOLUSDT,1h
2026-05-07 22:00:00+00:00,87.91,88.19,87.61,88.06,621300.23,2026-05-07 22:59:59.999000+00:00,54605513.9145,48861,294028.32,25845376.3411,0,SOLUSDT,1h
2026-05-07 23:00:00+00:00,88.05,88.45,88.02,88.4,372203.6,2026-05-07 23:59:59.999000+00:00,32847972.7286,29839,208413.76,18392892.7209,0,SOLUSDT,1h
2026-05-08 00:00:00+00:00,88.4,88.61,88.06,88.24,488245.19,2026-05-08 00:59:59.999000+00:00,43141805.2591,43060,229326.0,20267410.7594,0,SOLUSDT,1h
2026-05-08 01:00:00+00:00,88.25,88.33,87.87,88.1,290651.78,2026-05-08 01:59:59.999000+00:00,25606947.9578,31184,137027.53,12075010.5292,0,SOLUSDT,1h
2026-05-08 02:00:00+00:00,88.11,88.33,87.56,88.03,777999.52,2026-05-08 02:59:59.999000+00:00,68380886.6822,64607,375841.02,33041841.9168,0,SOLUSDT,1h
2026-05-08 03:00:00+00:00,88.03,88.35,87.57,88.17,625900.93,2026-05-08 03:59:59.999000+00:00,55078115.5257,51853,289266.75,25463700.6049,0,SOLUSDT,1h
2026-05-08 04:00:00+00:00,88.17,88.34,87.97,88.13,324457.78,2026-05-08 04:59:59.999000+00:00,28610742.0789,31631,175281.58,15459286.9692,0,SOLUSDT,1h
2026-05-08 05:00:00+00:00,88.14,88.39,87.99,87.99,345387.1,2026-05-08 05:59:59.999000+00:00,30464556.0418,31844,175641.34,15494829.1303,0,SOLUSDT,1h
2026-05-08 06:00:00+00:00,88.0,88.25,87.76,88.01,849375.76,2026-05-08 06:59:59.999000+00:00,74723610.0188,49131,422189.12,37138739.2841,0,SOLUSDT,1h
2026-05-08 07:00:00+00:00,88.0,88.2,87.6,88.2,818599.52,2026-05-08 07:59:59.999000+00:00,71936664.1214,55180,431162.15,37892523.3456,0,SOLUSDT,1h
2026-05-08 08:00:00+00:00,88.2,88.59,87.96,88.32,991722.7,2026-05-08 08:59:59.999000+00:00,87541005.0918,53628,538995.24,47581367.4132,0,SOLUSDT,1h
2026-05-08 09:00:00+00:00,88.33,88.69,88.18,88.37,568643.99,2026-05-08 09:59:59.999000+00:00,50310958.0112,39821,297972.11,26365965.7033,0,SOLUSDT,1h
2026-05-08 10:00:00+00:00,88.38,88.73,88.23,88.57,514763.68,2026-05-08 10:59:59.999000+00:00,45576323.2804,40031,289063.72,25599064.6676,0,SOLUSDT,1h
2026-05-08 11:00:00+00:00,88.58,88.68,88.43,88.59,432301.65,2026-05-08 11:59:59.999000+00:00,38282982.8928,36392,206644.34,18302534.9449,0,SOLUSDT,1h
2026-05-08 12:00:00+00:00,88.59,88.82,88.3,88.4,561571.71,2026-05-08 12:59:59.999000+00:00,49730748.8095,47402,278603.84,24673637.9474,0,SOLUSDT,1h
2026-05-08 13:00:00+00:00,88.4,88.51,87.95,88.28,827675.14,2026-05-08 13:59:59.999000+00:00,73034084.4605,68831,414581.41,36582033.6499,0,SOLUSDT,1h
2026-05-08 14:00:00+00:00,88.29,89.34,88.29,89.11,1496678.84,2026-05-08 14:59:59.999000+00:00,133108185.3966,112029,782564.11,69595231.8345,0,SOLUSDT,1h
2026-05-08 15:00:00+00:00,89.1,89.56,88.36,89.55,1527006.8,2026-05-08 15:59:59.999000+00:00,135809488.4307,102212,776699.99,69104017.2604,0,SOLUSDT,1h
2026-05-08 16:00:00+00:00,89.55,89.74,89.29,89.53,957433.98,2026-05-08 16:59:59.999000+00:00,85725704.6428,77235,445837.39,39924407.4866,0,SOLUSDT,1h
2026-05-08 17:00:00+00:00,89.54,91.94,89.52,91.61,3538290.79,2026-05-08 17:59:59.999000+00:00,322086846.5324,219310,1967174.32,178979148.7256,0,SOLUSDT,1h
2026-05-08 18:00:00+00:00,91.61,92.53,91.6,92.28,1925576.96,2026-05-08 18:59:59.999000+00:00,177416534.4506,141372,1084867.22,99953190.894,0,SOLUSDT,1h
2026-05-08 19:00:00+00:00,92.29,92.78,92.02,92.56,1507801.62,2026-05-08 19:59:59.999000+00:00,139437698.8003,99192,736829.03,68154496.6904,0,SOLUSDT,1h
2026-05-08 20:00:00+00:00,92.57,92.64,91.99,92.08,824493.98,2026-05-08 20:59:59.999000+00:00,76099023.6344,66658,384167.99,35462328.6678,0,SOLUSDT,1h
2026-05-08 21:00:00+00:00,92.09,92.36,91.71,92.26,721875.82,2026-05-08 21:59:59.999000+00:00,66437115.957,64193,380030.39,34984314.4036,0,SOLUSDT,1h
2026-05-08 22:00:00+00:00,92.27,92.68,92.21,92.26,604204.3,2026-05-08 22:59:59.999000+00:00,55845031.1267,51991,297692.13,27519009.5098,0,SOLUSDT,1h
2026-05-08 23:00:00+00:00,92.25,92.27,91.71,91.97,580499.71,2026-05-08 23:59:59.999000+00:00,53372365.7838,48079,267515.12,24596091.4963,0,SOLUSDT,1h
2026-05-09 00:00:00+00:00,91.96,92.57,91.8,92.42,785415.87,2026-05-09 00:59:59.999000+00:00,72447183.9506,54319,410708.13,37891445.7455,0,SOLUSDT,1h
2026-05-09 01:00:00+00:00,92.41,93.8,92.38,93.45,1770371.43,2026-05-09 01:59:59.999000+00:00,164833946.0986,113892,1083214.59,100847427.6265,0,SOLUSDT,1h
2026-05-09 02:00:00+00:00,93.45,93.75,93.23,93.45,737972.4,2026-05-09 02:59:59.999000+00:00,68970325.32,76401,371718.65,34744597.7586,0,SOLUSDT,1h
2026-05-09 03:00:00+00:00,93.45,93.73,93.35,93.59,704315.99,2026-05-09 03:59:59.999000+00:00,65890452.9732,67864,407268.76,38102637.6728,0,SOLUSDT,1h
2026-05-09 04:00:00+00:00,93.58,94.16,93.07,93.18,1311028.24,2026-05-09 04:59:59.999000+00:00,122745671.7938,94927,634276.72,59414044.0913,0,SOLUSDT,1h
2026-05-09 05:00:00+00:00,93.18,93.74,92.78,93.7,1185885.25,2026-05-09 05:59:59.999000+00:00,110533831.4822,88612,618258.56,57635283.8672,0,SOLUSDT,1h
2026-05-09 06:00:00+00:00,93.7,94.06,93.14,93.49,974548.22,2026-05-09 06:59:59.999000+00:00,91204438.4043,78002,451097.17,42212572.5231,0,SOLUSDT,1h
2026-05-09 07:00:00+00:00,93.49,93.99,93.29,93.71,755977.21,2026-05-09 07:59:59.999000+00:00,70817256.3296,67274,391080.45,36640498.1769,0,SOLUSDT,1h
2026-05-09 08:00:00+00:00,93.71,93.91,93.62,93.66,402265.75,2026-05-09 08:59:59.999000+00:00,37705468.4519,43607,177474.52,16637324.7847,0,SOLUSDT,1h
2026-05-09 09:00:00+00:00,93.67,93.67,92.97,93.25,890469.92,2026-05-09 09:59:59.999000+00:00,83049306.2472,70848,385979.12,35993907.4041,0,SOLUSDT,1h
2026-05-09 10:00:00+00:00,93.24,93.55,93.06,93.34,451231.73,2026-05-09 10:59:59.999000+00:00,42099276.2235,46152,220341.64,20560660.0707,0,SOLUSDT,1h
2026-05-09 11:00:00+00:00,93.33,93.64,93.27,93.56,273555.49,2026-05-09 11:59:59.999000+00:00,25581293.6193,33773,154722.24,14468710.9509,0,SOLUSDT,1h
2026-05-09 12:00:00+00:00,93.57,93.7,93.22,93.39,367746.11,2026-05-09 12:59:59.999000+00:00,34360638.8236,40931,171371.0,16011705.2233,0,SOLUSDT,1h
2026-05-09 13:00:00+00:00,93.4,93.42,92.95,93.41,537503.67,2026-05-09 13:59:59.999000+00:00,50090470.8492,46350,225592.02,21025622.6144,0,SOLUSDT,1h
2026-05-09 14:00:00+00:00,93.42,93.42,92.72,92.83,905097.72,2026-05-09 14:59:59.999000+00:00,84160437.2913,60344,379920.25,35325945.6107,0,SOLUSDT,1h
2026-05-09 15:00:00+00:00,92.83,92.97,92.32,92.94,1137684.88,2026-05-09 15:59:59.999000+00:00,105436891.4405,78853,512333.47,47487787.1017,0,SOLUSDT,1h
2026-05-09 16:00:00+00:00,92.95,93.26,92.62,92.71,1045690.16,2026-05-09 16:59:59.999000+00:00,97164664.3453,70864,496350.37,46128724.8987,0,SOLUSDT,1h
2026-05-09 17:00:00+00:00,92.71,93.45,92.71,93.15,722329.95,2026-05-09 17:59:59.999000+00:00,67291345.7145,59481,413500.97,38523892.1155,0,SOLUSDT,1h
2026-05-09 18:00:00+00:00,93.15,93.6,93.1,93.31,399534.97,2026-05-09 18:59:59.999000+00:00,37294982.9133,37452,198348.8,18514363.5033,0,SOLUSDT,1h
2026-05-09 19:00:00+00:00,93.32,93.54,93.16,93.45,293584.89,2026-05-09 19:59:59.999000+00:00,27405137.105,26633,157451.13,14699319.1118,0,SOLUSDT,1h
2026-05-09 20:00:00+00:00,93.46,93.47,93.08,93.2,187417.73,2026-05-09 20:59:59.999000+00:00,17473140.6613,23371,67791.51,6320375.5051,0,SOLUSDT,1h
2026-05-09 21:00:00+00:00,93.2,93.5,93.19,93.42,179486.69,2026-05-09 21:59:59.999000+00:00,16753519.2866,20993,99119.21,9253133.265,0,SOLUSDT,1h
2026-05-09 22:00:00+00:00,93.43,93.46,93.16,93.27,203035.86,2026-05-09 22:59:59.999000+00:00,18945458.7022,24489,99046.79,9242156.4206,0,SOLUSDT,1h
2026-05-09 23:00:00+00:00,93.28,93.44,92.99,93.07,210816.72,2026-05-09 23:59:59.999000+00:00,19633364.3126,24815,87345.76,8136173.9024,0,SOLUSDT,1h
2026-05-10 00:00:00+00:00,93.06,93.3,92.86,92.99,396235.62,2026-05-10 00:59:59.999000+00:00,36860422.8168,38610,201400.91,18738407.5197,0,SOLUSDT,1h
2026-05-10 01:00:00+00:00,92.99,92.99,92.54,92.92,557219.91,2026-05-10 01:59:59.999000+00:00,51678104.628,43924,254180.17,23574558.2626,0,SOLUSDT,1h
2026-05-10 02:00:00+00:00,92.91,93.08,92.76,93.0,474245.79,2026-05-10 02:59:59.999000+00:00,44071868.377,35577,255873.12,23777406.2971,0,SOLUSDT,1h
2026-05-10 03:00:00+00:00,92.99,93.46,92.96,93.37,549481.32,2026-05-10 03:59:59.999000+00:00,51229442.3592,38555,299347.0,27914231.9901,0,SOLUSDT,1h
2026-05-10 04:00:00+00:00,93.36,93.45,93.19,93.29,282628.66,2026-05-10 04:59:59.999000+00:00,26375099.013,26872,131961.9,12316629.0217,0,SOLUSDT,1h
2026-05-10 05:00:00+00:00,93.29,93.46,93.18,93.28,217355.53,2026-05-10 05:59:59.999000+00:00,20287837.5147,26518,107284.34,10015045.4994,0,SOLUSDT,1h
2026-05-10 06:00:00+00:00,93.28,93.42,93.2,93.37,213148.51,2026-05-10 06:59:59.999000+00:00,19889321.2326,25004,110113.48,10275641.855,0,SOLUSDT,1h
2026-05-10 07:00:00+00:00,93.36,93.59,93.31,93.39,439133.71,2026-05-10 07:59:59.999000+00:00,41048572.051,32086,268294.74,25081505.024,0,SOLUSDT,1h
2026-05-10 08:00:00+00:00,93.39,94.06,93.36,94.01,904135.84,2026-05-10 08:59:59.999000+00:00,84848882.9097,63851,551041.17,51711102.1401,0,SOLUSDT,1h
2026-05-10 09:00:00+00:00,94.02,94.78,94.01,94.25,1491808.45,2026-05-10 09:59:59.999000+00:00,140871075.2382,99517,860130.97,81225105.662,0,SOLUSDT,1h
2026-05-10 10:00:00+00:00,94.26,94.34,93.4,93.8,1163872.4,2026-05-10 10:59:59.999000+00:00,109204001.0318,73383,519812.8,48775139.4819,0,SOLUSDT,1h
2026-05-10 11:00:00+00:00,93.81,93.99,92.78,93.48,1289988.11,2026-05-10 11:59:59.999000+00:00,120360892.1957,84263,545452.19,50916767.3213,0,SOLUSDT,1h
2026-05-10 12:00:00+00:00,93.49,93.57,93.12,93.25,446577.77,2026-05-10 12:59:59.999000+00:00,41685380.0788,44103,203383.55,18985589.5227,0,SOLUSDT,1h
2026-05-10 13:00:00+00:00,93.25,93.9,93.18,93.71,1026754.45,2026-05-10 13:59:59.999000+00:00,96068087.7826,63425,530379.55,49614852.8689,0,SOLUSDT,1h
2026-05-10 14:00:00+00:00,93.72,94.1,93.61,93.82,664835.82,2026-05-10 14:59:59.999000+00:00,62382357.4913,58100,328889.41,30866564.5277,0,SOLUSDT,1h
2026-05-10 15:00:00+00:00,93.83,94.7,93.82,94.48,1353335.88,2026-05-10 15:59:59.999000+00:00,127700510.6333,99432,724557.47,68371187.0101,0,SOLUSDT,1h
2026-05-10 16:00:00+00:00,94.49,94.97,94.12,94.77,1240008.48,2026-05-10 16:59:59.999000+00:00,117232956.6902,93669,659288.23,62351885.6423,0,SOLUSDT,1h
2026-05-10 17:00:00+00:00,94.76,96.48,94.76,96.47,2796256.03,2026-05-10 17:59:59.999000+00:00,267406072.0762,169080,1645152.85,157303508.2992,0,SOLUSDT,1h
2026-05-10 18:00:00+00:00,96.46,96.88,96.08,96.39,1551640.95,2026-05-10 18:59:59.999000+00:00,149765562.7046,104273,764543.68,73817281.7496,0,SOLUSDT,1h
2026-05-10 19:00:00+00:00,96.39,96.86,95.69,96.45,1387437.99,2026-05-10 19:59:59.999000+00:00,133612036.207,100488,693247.67,66783193.174,0,SOLUSDT,1h
2026-05-10 20:00:00+00:00,96.44,96.57,93.37,94.47,2716193.06,2026-05-10 20:59:59.999000+00:00,257582741.6289,196076,1226440.89,116274748.2043,0,SOLUSDT,1h
2026-05-10 21:00:00+00:00,94.46,95.56,94.42,95.02,1349676.96,2026-05-10 21:59:59.999000+00:00,128212385.9822,120741,640139.81,60818671.5207,0,SOLUSDT,1h
2026-05-10 22:00:00+00:00,95.01,96.34,94.83,96.19,1563868.97,2026-05-10 22:59:59.999000+00:00,149679762.0823,140717,843027.22,80686909.1989,0,SOLUSDT,1h
2026-05-10 23:00:00+00:00,96.2,96.83,95.93,96.42,1205272.96,2026-05-10 23:59:59.999000+00:00,116163721.8665,102033,611229.78,58924313.5884,0,SOLUSDT,1h
2026-05-11 00:00:00+00:00,96.42,96.63,95.28,95.76,1898107.24,2026-05-11 00:59:59.999000+00:00,182289196.3032,141779,856076.66,82225833.2878,0,SOLUSDT,1h
2026-05-11 01:00:00+00:00,95.76,96.38,95.28,96.01,1192908.08,2026-05-11 01:59:59.999000+00:00,114463614.1131,105923,621098.37,59603294.0726,0,SOLUSDT,1h
2026-05-11 02:00:00+00:00,96.01,96.11,95.14,95.28,971310.12,2026-05-11 02:59:59.999000+00:00,92768028.8298,80517,420075.86,40121916.9524,0,SOLUSDT,1h
2026-05-11 03:00:00+00:00,95.28,95.31,94.41,94.72,1429819.88,2026-05-11 03:59:59.999000+00:00,135574109.223,100769,632249.06,59957537.2891,0,SOLUSDT,1h
2026-05-11 04:00:00+00:00,94.72,95.17,94.37,94.92,726979.19,2026-05-11 04:59:59.999000+00:00,68928158.789,58883,383530.44,36367871.1443,0,SOLUSDT,1h
2026-05-11 05:00:00+00:00,94.92,95.84,94.88,95.65,882573.72,2026-05-11 05:59:59.999000+00:00,84207708.6829,61109,482218.52,46003205.7936,0,SOLUSDT,1h
2026-05-11 06:00:00+00:00,95.65,96.12,95.37,95.44,703453.83,2026-05-11 06:59:59.999000+00:00,67358831.6271,63068,331359.33,31736723.264,0,SOLUSDT,1h
2026-05-11 07:00:00+00:00,95.44,95.54,95.1,95.29,644864.58,2026-05-11 07:59:59.999000+00:00,61465020.2835,59796,300958.58,28688178.7737,0,SOLUSDT,1h
2026-05-11 08:00:00+00:00,95.29,95.34,94.52,94.72,1027452.3,2026-05-11 08:59:59.999000+00:00,97504698.0483,73283,436816.52,41450590.6729,0,SOLUSDT,1h
2026-05-11 09:00:00+00:00,94.72,95.32,94.71,95.24,523413.03,2026-05-11 09:59:59.999000+00:00,49780652.9186,51758,309165.57,29402797.0662,0,SOLUSDT,1h
2026-05-11 10:00:00+00:00,95.24,95.55,94.98,95.01,689685.14,2026-05-11 10:59:59.999000+00:00,65728358.18,55691,310663.59,29617338.5281,0,SOLUSDT,1h
2026-05-11 11:00:00+00:00,95.01,95.47,94.85,95.21,521231.13,2026-05-11 11:59:59.999000+00:00,49597239.3992,46411,273126.89,25992527.5478,0,SOLUSDT,1h
2026-05-11 12:00:00+00:00,95.22,95.35,94.59,94.74,1151364.65,2026-05-11 12:59:59.999000+00:00,109320413.2082,83772,523653.52,49729276.6737,0,SOLUSDT,1h
2026-05-11 13:00:00+00:00,94.74,95.46,94.5,95.2,1835828.7,2026-05-11 13:59:59.999000+00:00,174507896.4173,118809,855321.26,81311152.0455,0,SOLUSDT,1h
2026-05-11 14:00:00+00:00,95.19,95.86,94.25,95.11,2836707.23,2026-05-11 14:59:59.999000+00:00,269325153.1556,170572,1343970.89,127609200.2396,0,SOLUSDT,1h
2026-05-11 15:00:00+00:00,95.12,96.78,94.83,96.76,2473928.24,2026-05-11 15:59:59.999000+00:00,237447660.2562,169213,1382318.82,132716494.364,0,SOLUSDT,1h
2026-05-11 16:00:00+00:00,96.77,97.97,96.44,97.29,3084717.75,2026-05-11 16:59:59.999000+00:00,300414978.6678,218556,1548810.4,150831691.1208,0,SOLUSDT,1h
2026-05-11 17:00:00+00:00,97.29,97.91,96.84,97.72,1277160.23,2026-05-11 17:59:59.999000+00:00,124411805.9982,114911,652302.67,63542148.9831,0,SOLUSDT,1h
2026-05-11 18:00:00+00:00,97.73,98.07,97.21,97.24,1176039.13,2026-05-11 18:59:59.999000+00:00,114798730.4185,95103,581869.91,56809694.1652,0,SOLUSDT,1h
2026-05-11 19:00:00+00:00,97.24,98.36,96.98,98.13,1082766.12,2026-05-11 19:59:59.999000+00:00,105877882.334,87572,581223.79,56850245.7019,0,SOLUSDT,1h
2026-05-11 20:00:00+00:00,98.13,98.34,97.55,97.58,705067.55,2026-05-11 20:59:59.999000+00:00,69047953.8944,67582,342027.08,33501085.2896,0,SOLUSDT,1h
2026-05-11 21:00:00+00:00,97.58,97.77,97.27,97.33,404733.81,2026-05-11 21:59:59.999000+00:00,39464604.2741,49176,213250.72,20794460.4606,0,SOLUSDT,1h
2026-05-11 22:00:00+00:00,97.34,97.81,97.31,97.59,435782.22,2026-05-11 22:59:59.999000+00:00,42498310.2385,47559,241256.86,23527666.5693,0,SOLUSDT,1h
2026-05-11 23:00:00+00:00,97.6,97.6,97.03,97.31,555465.21,2026-05-11 23:59:59.999000+00:00,54058257.076,46707,245182.37,23862002.7825,0,SOLUSDT,1h
2026-05-12 00:00:00+00:00,97.32,97.63,97.12,97.45,485632.73,2026-05-12 00:59:59.999000+00:00,47282600.9774,55283,246013.75,23956904.1535,0,SOLUSDT,1h
2026-05-12 01:00:00+00:00,97.46,97.61,95.47,96.22,2212769.33,2026-05-12 01:59:59.999000+00:00,213231378.6292,148783,962574.36,92737762.9386,0,SOLUSDT,1h
2026-05-12 02:00:00+00:00,96.22,96.68,96.08,96.5,754078.91,2026-05-12 02:59:59.999000+00:00,72707362.3789,72561,388350.25,37447657.8836,0,SOLUSDT,1h
2026-05-12 03:00:00+00:00,96.51,96.6,95.99,96.09,535216.37,2026-05-12 03:59:59.999000+00:00,51490985.5722,51839,223193.46,21475581.8351,0,SOLUSDT,1h
2026-05-12 04:00:00+00:00,96.09,96.46,96.0,96.3,410505.07,2026-05-12 04:59:59.999000+00:00,39507630.5828,43977,219772.03,21155337.9128,0,SOLUSDT,1h
2026-05-12 05:00:00+00:00,96.3,96.72,96.17,96.5,572784.07,2026-05-12 05:59:59.999000+00:00,55267842.6979,48584,291575.9,28131442.1732,0,SOLUSDT,1h
2026-05-12 06:00:00+00:00,96.51,96.96,96.09,96.14,722748.57,2026-05-12 06:59:59.999000+00:00,69751692.1452,60980,339947.43,32822724.4792,0,SOLUSDT,1h
2026-05-12 07:00:00+00:00,96.14,96.27,95.74,95.98,1001650.73,2026-05-12 07:59:59.999000+00:00,96183856.5444,72283,464382.05,44599946.0417,0,SOLUSDT,1h
2026-05-12 08:00:00+00:00,95.98,96.09,95.26,95.6,1273217.12,2026-05-12 08:59:59.999000+00:00,121767082.9504,83038,567408.77,54275737.7967,0,SOLUSDT,1h
2026-05-12 09:00:00+00:00,95.59,96.03,95.28,95.74,935956.82,2026-05-12 09:59:59.999000+00:00,89514830.0449,65175,474213.26,45356560.1578,0,SOLUSDT,1h
2026-05-12 10:00:00+00:00,95.74,95.94,94.86,94.96,1344835.91,2026-05-12 10:59:59.999000+00:00,128147251.6384,81006,581819.26,55447336.9058,0,SOLUSDT,1h
2026-05-12 11:00:00+00:00,94.97,95.01,94.52,94.92,1186873.96,2026-05-12 11:59:59.999000+00:00,112469859.6574,80030,582456.06,55200583.4882,0,SOLUSDT,1h
2026-05-12 12:00:00+00:00,94.92,95.52,94.32,95.16,2153850.45,2026-05-12 12:59:59.999000+00:00,204589185.9778,130068,1090142.79,103598197.0541,0,SOLUSDT,1h
2026-05-12 13:00:00+00:00,95.16,95.35,94.47,94.67,1229374.95,2026-05-12 13:59:59.999000+00:00,116671275.3082,107415,576771.44,54752369.7407,0,SOLUSDT,1h
2026-05-12 14:00:00+00:00,94.67,95.2,94.34,94.52,1306392.29,2026-05-12 14:59:59.999000+00:00,123805555.2259,124064,651461.23,61758643.6792,0,SOLUSDT,1h
2026-05-12 15:00:00+00:00,94.52,94.75,93.56,93.82,2143671.25,2026-05-12 15:59:59.999000+00:00,201499385.3162,144328,950564.93,89367646.4743,0,SOLUSDT,1h
2026-05-12 16:00:00+00:00,93.82,94.28,93.55,93.81,986868.42,2026-05-12 16:59:59.999000+00:00,92659674.6871,90818,489251.74,45945524.1142,0,SOLUSDT,1h
2026-05-12 17:00:00+00:00,93.81,94.66,93.8,94.48,919623.09,2026-05-12 17:59:59.999000+00:00,86794250.9639,74396,578423.44,54588240.7868,0,SOLUSDT,1h
2026-05-12 18:00:00+00:00,94.48,94.8,94.3,94.51,628269.26,2026-05-12 18:59:59.999000+00:00,59399194.1274,51272,334885.95,31667831.181,0,SOLUSDT,1h
2026-05-12 19:00:00+00:00,94.52,94.97,94.52,94.88,602094.72,2026-05-12 19:59:59.999000+00:00,57057017.349,48476,323270.19,30638666.1996,0,SOLUSDT,1h
2026-05-12 20:00:00+00:00,94.89,94.94,94.57,94.7,381370.14,2026-05-12 20:59:59.999000+00:00,36143648.7905,31276,116069.59,11000908.0592,0,SOLUSDT,1h
2026-05-12 21:00:00+00:00,94.71,94.82,94.47,94.63,205769.19,2026-05-12 21:59:59.999000+00:00,19477082.6683,26278,106036.07,10037833.4126,0,SOLUSDT,1h
2026-05-12 22:00:00+00:00,94.63,95.02,94.59,94.63,240097.57,2026-05-12 22:59:59.999000+00:00,22755861.186,30644,136212.63,12910905.4603,0,SOLUSDT,1h
2026-05-12 23:00:00+00:00,94.62,94.73,94.16,94.25,382756.07,2026-05-12 23:59:59.999000+00:00,36137138.2074,35527,144739.04,13668918.7026,0,SOLUSDT,1h
2026-05-13 00:00:00+00:00,94.25,94.61,94.0,94.43,544010.14,2026-05-13 00:59:59.999000+00:00,51291748.7206,51265,290491.03,27390298.4274,0,SOLUSDT,1h
2026-05-13 01:00:00+00:00,94.43,95.4,94.42,95.13,1009963.8,2026-05-13 01:59:59.999000+00:00,96022615.2437,75191,585334.5,55636834.2124,0,SOLUSDT,1h
2026-05-13 02:00:00+00:00,95.13,95.54,94.96,95.2,440902.62,2026-05-13 02:59:59.999000+00:00,41990868.4652,52182,246052.41,23441028.271,0,SOLUSDT,1h
2026-05-13 03:00:00+00:00,95.2,95.54,95.02,95.52,372245.32,2026-05-13 03:59:59.999000+00:00,35476632.5258,36990,199342.42,19003768.7457,0,SOLUSDT,1h
2026-05-13 04:00:00+00:00,95.52,95.97,95.37,95.44,829347.58,2026-05-13 04:59:59.999000+00:00,79309182.4158,56451,423035.01,40460075.4721,0,SOLUSDT,1h
2026-05-13 05:00:00+00:00,95.43,95.46,95.03,95.21,627176.06,2026-05-13 05:59:59.999000+00:00,59746491.853,43886,303821.62,28941579.4752,0,SOLUSDT,1h
2026-05-13 06:00:00+00:00,95.21,95.66,95.05,95.08,699171.18,2026-05-13 06:59:59.999000+00:00,66633055.1253,45031,354897.98,33818592.5676,0,SOLUSDT,1h
2026-05-13 07:00:00+00:00,95.07,95.26,94.82,95.09,506209.96,2026-05-13 07:59:59.999000+00:00,48097271.9636,41275,220970.98,20997372.6765,0,SOLUSDT,1h
2026-05-13 08:00:00+00:00,95.09,95.72,94.95,95.51,574412.01,2026-05-13 08:59:59.999000+00:00,54775432.8429,47170,308544.23,29423050.0442,0,SOLUSDT,1h
2026-05-13 09:00:00+00:00,95.52,95.84,95.51,95.66,596791.9,2026-05-13 09:59:59.999000+00:00,57108323.9049,51498,292618.33,28001720.8033,0,SOLUSDT,1h
2026-05-13 10:00:00+00:00,95.66,95.71,94.67,94.73,832860.12,2026-05-13 10:59:59.999000+00:00,79182304.8561,63330,341055.19,32429046.3812,0,SOLUSDT,1h
2026-05-13 11:00:00+00:00,94.73,94.78,94.18,94.27,1173152.06,2026-05-13 11:59:59.999000+00:00,110731606.3398,79308,533809.13,50385903.8662,0,SOLUSDT,1h
2026-05-13 12:00:00+00:00,94.27,94.58,91.62,93.11,4230515.24,2026-05-13 12:59:59.999000+00:00,393332842.1288,239857,1931986.75,179523318.4416,0,SOLUSDT,1h
2026-05-13 13:00:00+00:00,93.1,93.39,91.89,92.23,2553020.72,2026-05-13 13:59:59.999000+00:00,236417414.0057,160947,1208790.24,111950493.9217,0,SOLUSDT,1h
2026-05-13 14:00:00+00:00,92.24,92.29,90.64,91.71,3228030.87,2026-05-13 14:59:59.999000+00:00,296037934.0218,199882,1445869.23,132574734.4072,0,SOLUSDT,1h
2026-05-13 15:00:00+00:00,91.72,91.88,90.2,90.37,3064181.53,2026-05-13 15:59:59.999000+00:00,278647175.3535,172604,1456857.53,132511977.4988,0,SOLUSDT,1h
2026-05-13 16:00:00+00:00,90.38,91.21,90.34,90.79,2229279.12,2026-05-13 16:59:59.999000+00:00,202476724.5426,127212,1082795.46,98344051.5578,0,SOLUSDT,1h
2026-05-13 17:00:00+00:00,90.8,91.08,90.63,90.83,1029602.12,2026-05-13 17:59:59.999000+00:00,93542852.9188,78580,427823.3,38873555.3307,0,SOLUSDT,1h
2026-05-13 18:00:00+00:00,90.84,91.36,90.7,90.86,928426.27,2026-05-13 18:59:59.999000+00:00,84553466.2849,75818,481411.9,43845704.5191,0,SOLUSDT,1h
2026-05-13 19:00:00+00:00,90.87,90.96,90.42,90.9,1256355.77,2026-05-13 19:59:59.999000+00:00,113941082.0375,71853,651503.25,59085545.2987,0,SOLUSDT,1h
2026-05-13 20:00:00+00:00,90.9,91.29,90.86,91.17,1022158.37,2026-05-13 20:59:59.999000+00:00,93124269.3514,57512,472586.37,43057624.5444,0,SOLUSDT,1h
2026-05-13 21:00:00+00:00,91.17,91.22,90.66,90.82,984394.69,2026-05-13 21:59:59.999000+00:00,89458754.6294,60552,472303.34,42922256.3552,0,SOLUSDT,1h
2026-05-13 22:00:00+00:00,90.82,91.19,90.57,91.11,1117337.73,2026-05-13 22:59:59.999000+00:00,101563580.2446,55782,539208.25,49018626.9528,0,SOLUSDT,1h
2026-05-13 23:00:00+00:00,91.12,91.28,90.98,91.11,762805.88,2026-05-13 23:59:59.999000+00:00,69514196.1456,49663,368051.98,33540879.9842,0,SOLUSDT,1h
2026-05-14 00:00:00+00:00,91.11,91.38,91.01,91.16,1332766.0,2026-05-14 00:59:59.999000+00:00,121561087.9984,69507,680532.79,62076227.8487,0,SOLUSDT,1h
2026-05-14 01:00:00+00:00,91.15,91.32,90.93,91.11,1215591.53,2026-05-14 01:59:59.999000+00:00,110757858.5238,64613,601866.67,54839880.6131,0,SOLUSDT,1h
2026-05-14 02:00:00+00:00,91.11,91.22,90.4,90.52,1243509.1,2026-05-14 02:59:59.999000+00:00,112911404.8846,65139,565831.51,51387015.1827,0,SOLUSDT,1h
2026-05-14 03:00:00+00:00,90.53,90.74,89.73,89.89,2930905.12,2026-05-14 03:59:59.999000+00:00,264282969.3096,132882,1384462.06,124871852.1652,0,SOLUSDT,1h
2026-05-14 04:00:00+00:00,89.89,90.58,89.81,90.43,1503317.34,2026-05-14 04:59:59.999000+00:00,135652468.227,69121,836111.21,75447540.0621,0,SOLUSDT,1h
2026-05-14 05:00:00+00:00,90.43,91.43,90.35,91.24,1528572.01,2026-05-14 05:59:59.999000+00:00,138924702.4803,73690,856509.81,77854511.3607,0,SOLUSDT,1h
2026-05-14 06:00:00+00:00,91.23,91.43,91.09,91.35,768191.2,2026-05-14 06:59:59.999000+00:00,70101804.9026,50013,350546.15,31995383.3833,0,SOLUSDT,1h
2026-05-14 07:00:00+00:00,91.35,91.65,90.63,90.83,1531289.01,2026-05-14 07:59:59.999000+00:00,139391518.5384,73650,707355.74,64383781.966,0,SOLUSDT,1h
2026-05-14 08:00:00+00:00,90.83,91.26,90.62,91.0,546125.59,2026-05-14 08:59:59.999000+00:00,49695058.0166,42168,278602.86,25357468.2221,0,SOLUSDT,1h
2026-05-14 09:00:00+00:00,91.01,91.1,90.52,90.8,425208.64,2026-05-14 09:59:59.999000+00:00,38605083.128,39352,175352.4,15920304.0496,0,SOLUSDT,1h
2026-05-14 10:00:00+00:00,90.8,91.09,90.6,90.99,442997.05,2026-05-14 10:59:59.999000+00:00,40260070.3515,40034,202601.65,18415559.3709,0,SOLUSDT,1h
2026-05-14 11:00:00+00:00,90.99,91.05,90.56,90.58,352731.58,2026-05-14 11:59:59.999000+00:00,32004268.3267,35213,166893.51,15143115.6582,0,SOLUSDT,1h
2026-05-14 12:00:00+00:00,90.58,91.24,90.46,91.16,590577.53,2026-05-14 12:59:59.999000+00:00,53716298.9867,50283,302389.62,27509210.376,0,SOLUSDT,1h
2026-05-14 13:00:00+00:00,91.16,91.43,90.67,90.73,953359.66,2026-05-14 13:59:59.999000+00:00,86885020.6375,84525,457348.41,41694526.6465,0,SOLUSDT,1h
2026-05-14 14:00:00+00:00,90.72,92.27,90.56,92.23,1985180.26,2026-05-14 14:59:59.999000+00:00,181837552.3113,133136,1095849.05,100404925.7803,0,SOLUSDT,1h
2026-05-14 15:00:00+00:00,92.23,93.21,91.86,93.1,2043454.19,2026-05-14 15:59:59.999000+00:00,189087060.9326,153094,1117132.9,103436962.1795,0,SOLUSDT,1h
2026-05-14 16:00:00+00:00,93.11,93.64,92.26,93.27,2372795.3,2026-05-14 16:59:59.999000+00:00,220900271.945,161801,1201352.69,111861654.4487,0,SOLUSDT,1h
2026-05-14 17:00:00+00:00,93.27,93.54,92.24,92.98,1746777.54,2026-05-14 17:59:59.999000+00:00,162338965.224,130679,860501.03,79975603.4962,0,SOLUSDT,1h
2026-05-14 18:00:00+00:00,92.97,93.6,92.65,93.38,1098991.73,2026-05-14 18:59:59.999000+00:00,102435480.773,88535,562580.93,52440914.5948,0,SOLUSDT,1h
2026-05-14 19:00:00+00:00,93.39,93.6,92.73,92.85,625808.81,2026-05-14 19:59:59.999000+00:00,58268930.1611,61142,287761.41,26793830.022,0,SOLUSDT,1h
2026-05-14 20:00:00+00:00,92.86,92.95,92.3,92.69,544768.85,2026-05-14 20:59:59.999000+00:00,50436795.0164,51835,256287.71,23729983.9374,0,SOLUSDT,1h
2026-05-14 21:00:00+00:00,92.69,92.91,92.49,92.67,272913.19,2026-05-14 21:59:59.999000+00:00,25298243.1002,34866,153254.1,14207950.585,0,SOLUSDT,1h
2026-05-14 22:00:00+00:00,92.67,92.87,92.55,92.6,256813.49,2026-05-14 22:59:59.999000+00:00,23807029.4391,29301,114057.17,10574485.5081,0,SOLUSDT,1h
2026-05-14 23:00:00+00:00,92.59,92.61,92.07,92.11,588478.59,2026-05-14 23:59:59.999000+00:00,54326911.1274,46480,231381.14,21367348.3168,0,SOLUSDT,1h
2026-05-15 00:00:00+00:00,92.11,92.62,92.04,92.36,737419.31,2026-05-15 00:59:59.999000+00:00,68062711.2433,60125,388561.67,35872843.0501,0,SOLUSDT,1h
2026-05-15 01:00:00+00:00,92.37,92.5,91.61,91.69,828579.63,2026-05-15 01:59:59.999000+00:00,76245163.0636,67892,385742.68,35498181.2263,0,SOLUSDT,1h
2026-05-15 02:00:00+00:00,91.7,92.41,91.41,92.31,1556258.92,2026-05-15 02:59:59.999000+00:00,142942147.848,93733,759880.05,69793861.2853,0,SOLUSDT,1h
2026-05-15 03:00:00+00:00,92.32,92.45,91.82,92.0,389018.0,2026-05-15 03:59:59.999000+00:00,35830464.3103,40992,186055.05,17138516.0263,0,SOLUSDT,1h
2026-05-15 04:00:00+00:00,92.0,92.0,91.19,91.23,709352.5,2026-05-15 04:59:59.999000+00:00,64962178.2299,49526,279085.99,25558746.0549,0,SOLUSDT,1h
2026-05-15 05:00:00+00:00,91.23,91.49,90.21,90.55,1506461.93,2026-05-15 05:59:59.999000+00:00,136726961.8698,100883,670242.13,60843436.2591,0,SOLUSDT,1h
2026-05-15 06:00:00+00:00,90.54,91.04,90.41,90.97,715597.18,2026-05-15 06:59:59.999000+00:00,64939916.3596,61178,357644.32,32456696.3903,0,SOLUSDT,1h
2026-05-15 07:00:00+00:00,90.97,91.69,90.88,91.56,1490255.7,2026-05-15 07:59:59.999000+00:00,136234614.1178,74275,768686.67,70266116.2836,0,SOLUSDT,1h
2026-05-15 08:00:00+00:00,91.57,91.61,90.92,91.23,876455.77,2026-05-15 08:59:59.999000+00:00,80007352.2138,66813,399953.79,36507605.6562,0,SOLUSDT,1h
2026-05-15 09:00:00+00:00,91.24,91.36,90.87,91.13,762459.3,2026-05-15 09:59:59.999000+00:00,69451292.7951,58807,403042.46,36714372.0193,0,SOLUSDT,1h
2026-05-15 10:00:00+00:00,91.13,91.54,90.96,91.42,627900.16,2026-05-15 10:59:59.999000+00:00,57280293.4505,50689,340095.84,31027635.6771,0,SOLUSDT,1h
2026-05-15 11:00:00+00:00,91.43,91.5,91.11,91.21,281622.79,2026-05-15 11:59:59.999000+00:00,25714897.1746,29673,138258.92,12624270.4497,0,SOLUSDT,1h
2026-05-15 12:00:00+00:00,91.21,91.23,90.5,90.62,826838.75,2026-05-15 12:59:59.999000+00:00,75069526.0627,59517,404120.56,36690773.3264,0,SOLUSDT,1h
2026-05-15 13:00:00+00:00,90.63,90.63,88.63,88.86,3471771.97,2026-05-15 13:59:59.999000+00:00,310908167.1734,212623,1706497.53,152834053.5368,0,SOLUSDT,1h
2026-05-15 14:00:00+00:00,88.87,89.5,88.47,89.0,2174284.69,2026-05-15 14:59:59.999000+00:00,193534618.8279,150647,1145406.16,101972942.6808,0,SOLUSDT,1h
2026-05-15 15:00:00+00:00,89.0,89.24,88.65,89.0,720037.59,2026-05-15 15:59:59.999000+00:00,64060546.2468,74299,393549.78,35019541.7293,0,SOLUSDT,1h
2026-05-15 16:00:00+00:00,89.01,89.67,88.75,89.47,1009139.38,2026-05-15 16:59:59.999000+00:00,90065677.0,86662,557322.73,49740272.8386,0,SOLUSDT,1h
2026-05-15 17:00:00+00:00,89.47,89.88,89.44,89.79,541144.9,2026-05-15 17:59:59.999000+00:00,48544856.0314,59595,292442.45,26238427.9533,0,SOLUSDT,1h
2026-05-15 18:00:00+00:00,89.78,90.07,89.43,89.76,587587.29,2026-05-15 18:59:59.999000+00:00,52749897.5655,58090,294639.89,26453491.6625,0,SOLUSDT,1h
2026-05-15 19:00:00+00:00,89.76,89.76,89.3,89.36,567006.84,2026-05-15 19:59:59.999000+00:00,50735222.6002,51995,211317.04,18906930.413,0,SOLUSDT,1h
2026-05-15 20:00:00+00:00,89.36,89.48,89.04,89.25,399041.64,2026-05-15 20:59:59.999000+00:00,35596203.8559,42358,174558.23,15571752.7475,0,SOLUSDT,1h
2026-05-15 21:00:00+00:00,89.24,89.4,88.92,89.02,330152.87,2026-05-15 21:59:59.999000+00:00,29439997.5462,30734,152294.82,13585785.8342,0,SOLUSDT,1h
2026-05-15 22:00:00+00:00,89.01,89.32,89.01,89.29,200198.74,2026-05-15 22:59:59.999000+00:00,17852410.1578,25341,99548.71,8876954.7211,0,SOLUSDT,1h
2026-05-15 23:00:00+00:00,89.3,89.36,89.16,89.2,174614.54,2026-05-15 23:59:59.999000+00:00,15585629.2341,19633,88305.15,7882085.0603,0,SOLUSDT,1h
2026-05-16 00:00:00+00:00,89.19,89.42,89.09,89.19,245554.73,2026-05-16 00:59:59.999000+00:00,21922508.6405,26271,135186.55,12070145.5254,0,SOLUSDT,1h
2026-05-16 01:00:00+00:00,89.18,89.32,88.9,89.27,454987.51,2026-05-16 01:59:59.999000+00:00,40536978.9266,31912,203581.58,18140120.0802,0,SOLUSDT,1h
2026-05-16 02:00:00+00:00,89.27,89.36,88.94,89.16,311389.21,2026-05-16 02:59:59.999000+00:00,27758113.6365,26724,139984.67,12479981.3586,0,SOLUSDT,1h
2026-05-16 03:00:00+00:00,89.15,89.23,88.95,89.01,178936.44,2026-05-16 03:59:59.999000+00:00,15944298.5735,20481,88469.85,7883057.3495,0,SOLUSDT,1h
2026-05-16 04:00:00+00:00,89.0,89.04,88.08,88.82,1054732.57,2026-05-16 04:59:59.999000+00:00,93350208.9978,69947,459778.28,40700933.5172,0,SOLUSDT,1h
2026-05-16 05:00:00+00:00,88.82,88.88,88.23,88.53,642537.91,2026-05-16 05:59:59.999000+00:00,56872896.6435,47470,302768.57,26794992.4929,0,SOLUSDT,1h
2026-05-16 06:00:00+00:00,88.54,88.61,87.72,87.97,945788.61,2026-05-16 06:59:59.999000+00:00,83326436.104,70844,398940.67,35159150.8362,0,SOLUSDT,1h
2026-05-16 07:00:00+00:00,87.97,87.98,86.62,87.42,2045401.95,2026-05-16 07:59:59.999000+00:00,178441686.9425,148155,915070.5,79844866.3306,0,SOLUSDT,1h
2026-05-16 08:00:00+00:00,87.41,87.58,87.31,87.44,393843.22,2026-05-16 08:59:59.999000+00:00,34447967.4378,39532,207521.7,18152272.3316,0,SOLUSDT,1h
2026-05-16 09:00:00+00:00,87.43,87.47,85.6,85.98,3329773.98,2026-05-16 09:59:59.999000+00:00,286806408.6255,180668,1598065.9,137582423.8727,0,SOLUSDT,1h
2026-05-16 10:00:00+00:00,85.97,86.09,85.44,85.94,1216129.67,2026-05-16 10:59:59.999000+00:00,104303941.8446,97816,548209.85,47026630.1859,0,SOLUSDT,1h
2026-05-16 11:00:00+00:00,85.95,86.26,85.94,86.04,577352.77,2026-05-16 11:59:59.999000+00:00,49720940.2228,52046,284943.83,24539649.0092,0,SOLUSDT,1h
2026-05-16 12:00:00+00:00,86.04,86.39,85.94,86.18,563552.62,2026-05-16 12:59:59.999000+00:00,48544376.3638,42585,283074.75,24391267.596,0,SOLUSDT,1h
2026-05-16 13:00:00+00:00,86.19,86.3,86.03,86.21,421475.28,2026-05-16 13:59:59.999000+00:00,36319107.6105,36889,215218.12,18547259.9904,0,SOLUSDT,1h
2026-05-16 14:00:00+00:00,86.21,86.67,86.0,86.33,785158.06,2026-05-16 14:59:59.999000+00:00,67730788.2345,51385,449707.68,38801434.2936,0,SOLUSDT,1h
2026-05-16 15:00:00+00:00,86.32,86.61,86.2,86.42,521075.41,2026-05-16 15:59:59.999000+00:00,45035443.8222,43144,294484.22,25452604.6908,0,SOLUSDT,1h
2026-05-16 16:00:00+00:00,86.42,86.73,86.3,86.57,695864.73,2026-05-16 16:59:59.999000+00:00,60204882.6984,50306,379163.09,32807099.6119,0,SOLUSDT,1h
2026-05-16 17:00:00+00:00,86.58,86.91,86.56,86.75,334385.14,2026-05-16 17:59:59.999000+00:00,29009467.4966,31607,191272.27,16595901.3343,0,SOLUSDT,1h
2026-05-16 18:00:00+00:00,86.75,86.92,86.54,86.75,246551.37,2026-05-16 18:59:59.999000+00:00,21379756.7629,26278,105575.15,9156974.3847,0,SOLUSDT,1h
2026-05-16 19:00:00+00:00,86.75,86.8,86.6,86.65,200574.5,2026-05-16 19:59:59.999000+00:00,17394003.0255,22073,78459.08,6804877.0118,0,SOLUSDT,1h
2026-05-16 20:00:00+00:00,86.64,86.85,86.62,86.63,171945.01,2026-05-16 20:59:59.999000+00:00,14911966.5413,20729,79200.71,6868729.8237,0,SOLUSDT,1h
2026-05-16 21:00:00+00:00,86.62,86.74,86.42,86.53,195130.78,2026-05-16 21:59:59.999000+00:00,16893441.5464,21597,78547.62,6800618.9092,0,SOLUSDT,1h
2026-05-16 22:00:00+00:00,86.53,86.65,86.38,86.49,159511.84,2026-05-16 22:59:59.999000+00:00,13802522.2291,20109,73928.76,6397936.8241,0,SOLUSDT,1h
2026-05-16 23:00:00+00:00,86.48,86.65,86.43,86.48,132413.01,2026-05-16 23:59:59.999000+00:00,11459394.5909,16012,65608.69,5678186.6526,0,SOLUSDT,1h
2026-05-17 00:00:00+00:00,86.48,86.68,85.91,86.09,522718.83,2026-05-17 00:59:59.999000+00:00,45114753.2131,40547,207389.87,17907707.9771,0,SOLUSDT,1h
2026-05-17 01:00:00+00:00,86.08,86.3,85.51,85.7,1083639.2,2026-05-17 01:59:59.999000+00:00,93026526.15,71948,447495.03,38419079.3405,0,SOLUSDT,1h
2026-05-17 02:00:00+00:00,85.69,86.2,85.69,85.94,633682.39,2026-05-17 02:59:59.999000+00:00,54474783.2046,45697,344770.33,29635510.846,0,SOLUSDT,1h
2026-05-17 03:00:00+00:00,85.94,86.6,85.93,86.46,396153.89,2026-05-17 03:59:59.999000+00:00,34199529.0657,38228,247030.69,21327194.4021,0,SOLUSDT,1h
2026-05-17 04:00:00+00:00,86.47,86.93,86.41,86.8,442092.13,2026-05-17 04:59:59.999000+00:00,38350472.6461,41025,237230.18,20577930.7847,0,SOLUSDT,1h
2026-05-17 05:00:00+00:00,86.8,87.25,86.79,86.86,513436.23,2026-05-17 05:59:59.999000+00:00,44665929.7881,40915,260633.26,22678183.0317,0,SOLUSDT,1h
2026-05-17 06:00:00+00:00,86.87,86.97,86.66,86.79,335422.66,2026-05-17 06:59:59.999000+00:00,29115363.2791,28857,140543.67,12201941.4411,0,SOLUSDT,1h
2026-05-17 07:00:00+00:00,86.8,87.06,86.72,86.92,362445.6,2026-05-17 07:59:59.999000+00:00,31489204.7047,28701,186310.52,16188391.9369,0,SOLUSDT,1h
2026-05-17 08:00:00+00:00,86.92,86.97,86.51,86.76,522892.27,2026-05-17 08:59:59.999000+00:00,45330905.8427,41534,177735.29,15408759.512,0,SOLUSDT,1h
2026-05-17 09:00:00+00:00,86.77,86.95,86.64,86.82,419419.94,2026-05-17 09:59:59.999000+00:00,36397562.0145,31951,205079.98,17797471.0658,0,SOLUSDT,1h
2026-05-17 10:00:00+00:00,86.83,87.22,86.75,86.93,903352.33,2026-05-17 10:59:59.999000+00:00,78566128.0827,51959,519661.43,45203925.7867,0,SOLUSDT,1h
2026-05-17 11:00:00+00:00,86.94,86.96,86.72,86.84,328062.81,2026-05-17 11:59:59.999000+00:00,28486844.3694,26886,154086.79,13380766.353,0,SOLUSDT,1h
2026-05-17 12:00:00+00:00,86.84,86.97,86.66,86.7,285034.53,2026-05-17 12:59:59.999000+00:00,24753058.222,27259,125029.25,10859852.8675,0,SOLUSDT,1h
2026-05-17 13:00:00+00:00,86.7,86.73,86.23,86.35,639623.54,2026-05-17 13:59:59.999000+00:00,55304091.8468,45568,271451.1,23473974.0017,0,SOLUSDT,1h
2026-05-17 14:00:00+00:00,86.34,86.41,85.89,86.25,783436.87,2026-05-17 14:59:59.999000+00:00,67510800.7472,57956,362161.97,31215916.1885,0,SOLUSDT,1h
2026-05-17 15:00:00+00:00,86.25,86.45,86.1,86.39,312524.1,2026-05-17 15:59:59.999000+00:00,26976988.3249,30678,169437.61,14626472.6383,0,SOLUSDT,1h
2026-05-17 16:00:00+00:00,86.4,86.64,86.05,86.25,413312.73,2026-05-17 16:59:59.999000+00:00,35710377.7082,37227,181609.73,15694523.1411,0,SOLUSDT,1h
2026-05-17 17:00:00+00:00,86.25,86.31,85.94,86.2,416086.86,2026-05-17 17:59:59.999000+00:00,35826399.4963,36492,196355.69,16909691.1201,0,SOLUSDT,1h
2026-05-17 18:00:00+00:00,86.2,86.39,85.96,86.37,241647.46,2026-05-17 18:59:59.999000+00:00,20829841.3506,27181,144481.95,12455036.4367,0,SOLUSDT,1h
2026-05-17 19:00:00+00:00,86.37,86.9,86.37,86.74,360890.32,2026-05-17 19:59:59.999000+00:00,31269421.6532,31101,208125.5,18035006.149,0,SOLUSDT,1h
2026-05-17 20:00:00+00:00,86.75,86.81,86.51,86.62,229663.31,2026-05-17 20:59:59.999000+00:00,19904249.8943,22555,98140.6,8506213.5862,0,SOLUSDT,1h
2026-05-17 21:00:00+00:00,86.62,86.92,86.53,86.87,279402.49,2026-05-17 21:59:59.999000+00:00,24251506.8992,22535,154065.65,13374860.4736,0,SOLUSDT,1h
2026-05-17 22:00:00+00:00,86.87,86.87,85.94,86.17,725126.35,2026-05-17 22:59:59.999000+00:00,62538253.8109,72291,309216.13,26663396.8327,0,SOLUSDT,1h
2026-05-17 23:00:00+00:00,86.18,86.19,83.31,85.17,3717386.7,2026-05-17 23:59:59.999000+00:00,315153484.8461,221508,1560944.35,132295274.9964,0,SOLUSDT,1h
2026-05-18 00:00:00+00:00,85.18,85.31,84.31,85.29,1616856.94,2026-05-18 00:59:59.999000+00:00,137253132.1784,121932,822729.43,69849527.8795,0,SOLUSDT,1h
2026-05-18 01:00:00+00:00,85.3,85.43,84.47,84.94,1145471.85,2026-05-18 01:59:59.999000+00:00,97228373.3249,92193,507387.6,43088541.5121,0,SOLUSDT,1h
2026-05-18 02:00:00+00:00,84.94,85.31,84.64,84.83,660229.2,2026-05-18 02:59:59.999000+00:00,56116495.1978,54738,297887.86,25319561.7545,0,SOLUSDT,1h
2026-05-18 03:00:00+00:00,84.83,85.21,84.67,84.79,442394.12,2026-05-18 03:59:59.999000+00:00,37560591.4687,43698,216767.47,18406445.1392,0,SOLUSDT,1h
2026-05-18 04:00:00+00:00,84.79,85.27,84.54,85.21,572436.09,2026-05-18 04:59:59.999000+00:00,48622408.8262,48080,272228.25,23131556.4903,0,SOLUSDT,1h
2026-05-18 05:00:00+00:00,85.2,85.33,84.6,84.82,796425.33,2026-05-18 05:59:59.999000+00:00,67700174.6818,50334,372661.7,31666397.6331,0,SOLUSDT,1h
2026-05-18 06:00:00+00:00,84.81,84.94,84.21,84.69,1190802.74,2026-05-18 06:59:59.999000+00:00,100680434.4644,77111,551490.96,46625853.1409,0,SOLUSDT,1h
2026-05-18 07:00:00+00:00,84.7,84.97,84.35,84.7,616339.52,2026-05-18 07:59:59.999000+00:00,52199753.6801,52194,315825.21,26749376.8251,0,SOLUSDT,1h
2026-05-18 08:00:00+00:00,84.71,84.98,84.56,84.86,461957.59,2026-05-18 08:59:59.999000+00:00,39168014.3326,37779,225043.43,19079913.1072,0,SOLUSDT,1h
2026-05-18 09:00:00+00:00,84.85,84.88,84.41,84.43,295079.88,2026-05-18 09:59:59.999000+00:00,24963555.4738,29316,145745.16,12330199.3075,0,SOLUSDT,1h
2026-05-18 10:00:00+00:00,84.44,84.48,84.15,84.24,726557.06,2026-05-18 10:59:59.999000+00:00,61242347.1526,45335,374434.67,31561749.2521,0,SOLUSDT,1h
2026-05-18 11:00:00+00:00,84.24,85.28,84.02,84.93,1010691.99,2026-05-18 11:59:59.999000+00:00,85660761.3783,75880,547089.94,46378849.6287,0,SOLUSDT,1h
2026-05-18 12:00:00+00:00,84.93,85.75,84.93,85.52,1227060.14,2026-05-18 12:59:59.999000+00:00,104756826.654,90101,661820.55,56499159.6029,0,SOLUSDT,1h
2026-05-18 13:00:00+00:00,85.53,85.53,84.26,84.64,1495967.7,2026-05-18 13:59:59.999000+00:00,126866394.2338,116282,665096.44,56387424.2377,0,SOLUSDT,1h
2026-05-18 14:00:00+00:00,84.65,84.65,83.65,83.93,1791782.9,2026-05-18 14:59:59.999000+00:00,150669061.2851,128027,888399.57,74725397.736,0,SOLUSDT,1h
2026-05-18 15:00:00+00:00,83.94,84.36,83.55,84.17,1193464.17,2026-05-18 15:59:59.999000+00:00,100141261.4531,96181,642322.43,53907994.6938,0,SOLUSDT,1h
2026-05-18 16:00:00+00:00,84.18,84.48,83.92,84.28,904645.61,2026-05-18 16:59:59.999000+00:00,76187520.7371,68512,399677.82,33669921.4366,0,SOLUSDT,1h
2026-05-18 17:00:00+00:00,84.28,84.66,84.19,84.35,483344.63,2026-05-18 17:59:59.999000+00:00,40800080.6667,43953,244675.85,20658592.0919,0,SOLUSDT,1h
2026-05-18 18:00:00+00:00,84.35,84.4,83.43,83.47,1050112.66,2026-05-18 18:59:59.999000+00:00,87961749.7475,74728,449313.74,37646097.28,0,SOLUSDT,1h
2026-05-18 19:00:00+00:00,83.48,85.2,83.44,84.95,1446736.47,2026-05-18 19:59:59.999000+00:00,122381328.2635,111347,754809.45,63848759.0326,0,SOLUSDT,1h
2026-05-18 20:00:00+00:00,84.96,85.38,84.78,84.88,639244.44,2026-05-18 20:59:59.999000+00:00,54399288.919,52354,284746.99,24240497.5355,0,SOLUSDT,1h
2026-05-18 21:00:00+00:00,84.87,85.64,84.73,85.52,520401.54,2026-05-18 21:59:59.999000+00:00,44353948.2324,46104,306001.61,26079094.9455,0,SOLUSDT,1h
2026-05-18 22:00:00+00:00,85.53,85.74,85.22,85.42,432542.02,2026-05-18 22:59:59.999000+00:00,36976675.1602,37173,203550.64,17406711.8341,0,SOLUSDT,1h
2026-05-18 23:00:00+00:00,85.42,85.6,85.21,85.34,256084.29,2026-05-18 23:59:59.999000+00:00,21870841.9873,28802,106983.09,9138562.9448,0,SOLUSDT,1h
2026-05-19 00:00:00+00:00,85.34,85.94,85.28,85.54,561695.61,2026-05-19 00:59:59.999000+00:00,48096989.1124,51201,312361.32,26749672.6463,0,SOLUSDT,1h
2026-05-19 01:00:00+00:00,85.54,85.56,84.84,84.86,525092.48,2026-05-19 01:59:59.999000+00:00,44722410.5205,49825,213974.62,18223526.4346,0,SOLUSDT,1h
2026-05-19 02:00:00+00:00,84.85,85.26,84.55,84.81,525520.4,2026-05-19 02:59:59.999000+00:00,44595456.7102,48063,238274.6,20226628.7041,0,SOLUSDT,1h
2026-05-19 03:00:00+00:00,84.81,85.2,84.67,85.03,231659.09,2026-05-19 03:59:59.999000+00:00,19689510.8147,29796,122127.57,10381590.4358,0,SOLUSDT,1h
2026-05-19 04:00:00+00:00,85.03,85.27,84.74,85.1,474366.3,2026-05-19 04:59:59.999000+00:00,40336837.218,38501,206546.01,17563778.8096,0,SOLUSDT,1h
2026-05-19 05:00:00+00:00,85.11,85.24,84.41,85.13,762435.43,2026-05-19 05:59:59.999000+00:00,64683317.6105,54238,399448.92,33895200.833,0,SOLUSDT,1h
2026-05-19 06:00:00+00:00,85.13,85.54,85.07,85.22,491586.69,2026-05-19 06:59:59.999000+00:00,41933707.1804,37157,240856.41,20546065.0579,0,SOLUSDT,1h
2026-05-19 07:00:00+00:00,85.21,85.59,85.08,85.43,384762.71,2026-05-19 07:59:59.999000+00:00,32848668.8005,36589,208093.73,17769038.9437,0,SOLUSDT,1h
2026-05-19 08:00:00+00:00,85.44,85.55,84.97,85.17,599679.26,2026-05-19 08:59:59.999000+00:00,51092295.9332,45967,301161.32,25658642.1129,0,SOLUSDT,1h
2026-05-19 09:00:00+00:00,85.17,85.26,84.42,84.7,814816.29,2026-05-19 09:59:59.999000+00:00,69042008.6096,53043,411147.03,34829242.6328,0,SOLUSDT,1h
2026-05-19 10:00:00+00:00,84.7,84.83,84.25,84.65,506673.07,2026-05-19 10:59:59.999000+00:00,42842321.741,44215,234442.72,19829515.8362,0,SOLUSDT,1h
2026-05-19 11:00:00+00:00,84.66,84.77,84.21,84.32,462489.22,2026-05-19 11:59:59.999000+00:00,39068365.7081,37297,214295.66,18103642.2993,0,SOLUSDT,1h
2026-05-19 12:00:00+00:00,84.32,84.75,84.23,84.72,427341.47,2026-05-19 12:59:59.999000+00:00,36151849.1869,31269,164220.51,13889702.0337,0,SOLUSDT,1h
2026-05-19 13:00:00+00:00,84.73,85.07,84.32,84.75,783965.72,2026-05-19 13:59:59.999000+00:00,66394799.0515,73950,387737.47,32838445.0686,0,SOLUSDT,1h
2026-05-19 14:00:00+00:00,84.75,84.91,83.62,84.04,1428255.11,2026-05-19 14:59:59.999000+00:00,120209371.5753,109479,613548.26,51648817.3953,0,SOLUSDT,1h
2026-05-19 15:00:00+00:00,84.05,84.53,83.96,84.33,589386.94,2026-05-19 15:59:59.999000+00:00,49664777.4955,56999,288810.02,24336787.8992,0,SOLUSDT,1h
2026-05-19 16:00:00+00:00,84.33,84.86,84.09,84.79,479086.38,2026-05-19 16:59:59.999000+00:00,40493090.3592,44238,262836.99,22216891.9611,0,SOLUSDT,1h
2026-05-19 17:00:00+00:00,84.79,85.0,84.42,84.63,482008.07,2026-05-19 17:59:59.999000+00:00,40837888.5749,42945,220451.79,18678839.5265,0,SOLUSDT,1h
2026-05-19 18:00:00+00:00,84.64,84.78,84.19,84.32,396238.72,2026-05-19 18:59:59.999000+00:00,33459136.7453,35743,181624.6,15340293.354,0,SOLUSDT,1h
2026-05-19 19:00:00+00:00,84.33,84.71,84.17,84.3,314253.52,2026-05-19 19:59:59.999000+00:00,26525022.9754,34869,167305.73,14123828.4057,0,SOLUSDT,1h
2026-05-19 20:00:00+00:00,84.3,84.55,84.25,84.48,220805.08,2026-05-19 20:59:59.999000+00:00,18638561.6432,21831,124513.65,10510720.8434,0,SOLUSDT,1h
2026-05-19 21:00:00+00:00,84.48,84.62,84.35,84.39,189260.22,2026-05-19 21:59:59.999000+00:00,15992793.2681,21365,93711.47,7918424.1588,0,SOLUSDT,1h
2026-05-19 22:00:00+00:00,84.39,84.39,83.93,84.05,411838.44,2026-05-19 22:59:59.999000+00:00,34652559.6892,34656,188077.61,15825072.7029,0,SOLUSDT,1h
2026-05-19 23:00:00+00:00,84.05,84.56,83.98,84.24,245788.91,2026-05-19 23:59:59.999000+00:00,20717776.0117,24604,112384.19,9472604.4528,0,SOLUSDT,1h
2026-05-20 00:00:00+00:00,84.25,84.37,83.86,84.19,402208.97,2026-05-20 00:59:59.999000+00:00,33819138.9723,46308,206451.63,17359510.707,0,SOLUSDT,1h
2026-05-20 01:00:00+00:00,84.19,84.5,83.79,84.32,512192.29,2026-05-20 01:59:59.999000+00:00,43071121.3291,52466,243301.58,20462200.645,0,SOLUSDT,1h
2026-05-20 02:00:00+00:00,84.33,84.45,83.87,83.95,511010.81,2026-05-20 02:59:59.999000+00:00,42983116.9219,38211,248238.63,20875386.2402,0,SOLUSDT,1h
2026-05-20 03:00:00+00:00,83.95,84.23,83.81,84.05,292469.29,2026-05-20 03:59:59.999000+00:00,24581607.8072,27954,148397.87,12472600.5434,0,SOLUSDT,1h
2026-05-20 04:00:00+00:00,84.06,84.18,83.83,84.18,258768.35,2026-05-20 04:59:59.999000+00:00,21748401.8122,25553,126736.78,10651191.3061,0,SOLUSDT,1h
2026-05-20 05:00:00+00:00,84.18,84.92,84.17,84.72,800930.25,2026-05-20 05:59:59.999000+00:00,67766617.7045,54516,442700.26,37453314.102,0,SOLUSDT,1h
2026-05-20 06:00:00+00:00,84.73,84.97,84.67,84.93,395675.69,2026-05-20 06:59:59.999000+00:00,33568344.6246,33593,213823.15,18141883.882,0,SOLUSDT,1h
2026-05-20 07:00:00+00:00,84.94,85.09,84.64,84.71,418233.78,2026-05-20 07:59:59.999000+00:00,35495655.9149,32492,193697.53,16444711.8945,0,SOLUSDT,1h
2026-05-20 08:00:00+00:00,84.71,85.14,84.66,84.94,401199.97,2026-05-20 08:59:59.999000+00:00,34067461.0441,32753,218661.73,18573129.18,0,SOLUSDT,1h
2026-05-20 09:00:00+00:00,84.94,85.04,84.78,84.84,226434.18,2026-05-20 09:59:59.999000+00:00,19229239.5473,23635,101790.95,8645146.9602,0,SOLUSDT,1h
2026-05-20 10:00:00+00:00,84.83,85.16,84.82,84.91,273149.26,2026-05-20 10:59:59.999000+00:00,23211619.8252,26871,129418.78,10996796.8275,0,SOLUSDT,1h
2026-05-20 11:00:00+00:00,84.91,84.99,84.52,84.65,374029.56,2026-05-20 11:59:59.999000+00:00,31695264.4661,29538,166510.58,14110268.953,0,SOLUSDT,1h
2026-05-20 12:00:00+00:00,84.65,85.3,84.56,85.06,512839.07,2026-05-20 12:59:59.999000+00:00,43546172.597,35260,283595.17,24089520.475,0,SOLUSDT,1h
2026-05-20 13:00:00+00:00,85.06,85.12,84.11,84.62,1030051.88,2026-05-20 13:59:59.999000+00:00,87095492.5863,75042,493001.28,41682608.4252,0,SOLUSDT,1h
2026-05-20 14:00:00+00:00,84.63,86.21,84.28,85.81,2770022.03,2026-05-20 14:59:59.999000+00:00,236578451.5672,139275,1469431.18,125489997.744,0,SOLUSDT,1h
2026-05-20 15:00:00+00:00,85.8,86.24,85.36,85.89,1909074.91,2026-05-20 15:59:59.999000+00:00,163940908.0703,110855,999339.77,85820234.9137,0,SOLUSDT,1h
2026-05-20 16:00:00+00:00,85.89,86.79,85.48,86.43,2319733.8,2026-05-20 16:59:59.999000+00:00,199959698.0568,130127,1256845.5,108351835.9633,0,SOLUSDT,1h
2026-05-20 17:00:00+00:00,86.44,87.05,86.26,86.48,1099024.87,2026-05-20 17:59:59.999000+00:00,95228935.024,78447,629604.8,54556188.4427,0,SOLUSDT,1h
2026-05-20 18:00:00+00:00,86.48,86.54,85.64,85.78,896853.99,2026-05-20 18:59:59.999000+00:00,77171402.7089,62772,384117.34,33046053.0008,0,SOLUSDT,1h
2026-05-20 19:00:00+00:00,85.79,86.26,85.57,86.13,527603.12,2026-05-20 19:59:59.999000+00:00,45372253.5107,47419,290676.69,24997884.7258,0,SOLUSDT,1h
2026-05-20 20:00:00+00:00,86.13,86.21,85.5,86.13,656154.49,2026-05-20 20:59:59.999000+00:00,56359027.7686,54173,333840.31,28683599.4938,0,SOLUSDT,1h
2026-05-20 21:00:00+00:00,86.12,86.3,85.89,85.93,315568.8,2026-05-20 21:59:59.999000+00:00,27166827.6542,29877,138694.87,11943326.5552,0,SOLUSDT,1h
2026-05-20 22:00:00+00:00,85.93,86.18,85.55,85.98,515430.21,2026-05-20 22:59:59.999000+00:00,44253622.8005,44820,258019.72,22161226.7909,0,SOLUSDT,1h
2026-05-20 23:00:00+00:00,85.97,86.12,85.81,86.11,268624.33,2026-05-20 23:59:59.999000+00:00,23091100.7856,27000,149851.56,12883556.0271,0,SOLUSDT,1h
2026-05-21 00:00:00+00:00,86.11,86.79,86.04,86.58,533738.35,2026-05-21 00:59:59.999000+00:00,46136643.9665,50273,323686.03,27980150.4899,0,SOLUSDT,1h
2026-05-21 01:00:00+00:00,86.58,87.0,86.39,86.49,682569.91,2026-05-21 01:59:59.999000+00:00,59135905.4939,52562,346384.71,30024695.0054,0,SOLUSDT,1h
2026-05-21 02:00:00+00:00,86.5,86.86,86.39,86.57,290546.01,2026-05-21 02:59:59.999000+00:00,25176103.0884,32779,148051.08,12829624.7864,0,SOLUSDT,1h
2026-05-21 03:00:00+00:00,86.57,86.89,86.49,86.8,621765.72,2026-05-21 03:59:59.999000+00:00,53913170.9933,36069,332566.69,28839990.9512,0,SOLUSDT,1h
2026-05-21 04:00:00+00:00,86.8,87.17,86.71,86.95,865427.25,2026-05-21 04:59:59.999000+00:00,75274200.1345,53370,445167.64,38719974.9566,0,SOLUSDT,1h
2026-05-21 05:00:00+00:00,86.95,87.08,86.29,86.46,764511.08,2026-05-21 05:59:59.999000+00:00,66188402.9893,49355,323276.06,27987504.6528,0,SOLUSDT,1h
2026-05-21 06:00:00+00:00,86.46,86.56,86.14,86.27,588938.4,2026-05-21 06:59:59.999000+00:00,50857349.921,45377,310827.23,26842867.2442,0,SOLUSDT,1h
2026-05-21 07:00:00+00:00,86.26,86.69,86.21,86.58,470267.74,2026-05-21 07:59:59.999000+00:00,40655874.1361,40364,281939.3,24375670.6571,0,SOLUSDT,1h
2026-05-21 08:00:00+00:00,86.58,87.16,86.58,86.79,1016545.03,2026-05-21 08:59:59.999000+00:00,88301958.1455,64473,510554.01,44350844.7933,0,SOLUSDT,1h
2026-05-21 09:00:00+00:00,86.79,87.0,86.4,86.45,464888.49,2026-05-21 09:59:59.999000+00:00,40290083.6586,38363,206999.06,17943514.3975,0,SOLUSDT,1h
2026-05-21 10:00:00+00:00,86.44,86.63,85.65,85.71,1086636.07,2026-05-21 10:59:59.999000+00:00,93464426.4329,79469,487455.07,41934746.5809,0,SOLUSDT,1h
2026-05-21 11:00:00+00:00,85.7,85.9,85.52,85.54,534541.81,2026-05-21 11:59:59.999000+00:00,45816127.6503,46322,272323.53,23345965.0081,0,SOLUSDT,1h
2026-05-21 12:00:00+00:00,85.54,85.81,85.36,85.71,758358.86,2026-05-21 12:59:59.999000+00:00,64909203.4784,50309,339843.57,29094267.7711,0,SOLUSDT,1h
2026-05-21 13:00:00+00:00,85.7,86.09,85.26,86.02,1193467.3,2026-05-21 13:59:59.999000+00:00,102311635.5817,84902,650639.29,55799524.8855,0,SOLUSDT,1h
2026-05-21 14:00:00+00:00,86.02,86.45,85.56,85.95,1496526.01,2026-05-21 14:59:59.999000+00:00,128808513.704,100020,762820.61,65676860.0296,0,SOLUSDT,1h
2026-05-21 15:00:00+00:00,85.95,86.86,85.85,86.41,1266129.35,2026-05-21 15:59:59.999000+00:00,109482884.0618,85480,605995.56,52418265.8268,0,SOLUSDT,1h
2026-05-21 16:00:00+00:00,86.42,86.56,86.0,86.22,679166.9,2026-05-21 16:59:59.999000+00:00,58589155.9518,52568,280820.67,24224551.9897,0,SOLUSDT,1h
2026-05-21 17:00:00+00:00,86.22,88.02,86.13,87.58,3038852.22,2026-05-21 17:59:59.999000+00:00,265634530.9212,162832,1798427.57,157202136.378,0,SOLUSDT,1h
2026-05-21 18:00:00+00:00,87.58,87.76,86.73,87.04,1113092.35,2026-05-21 18:59:59.999000+00:00,97174493.2428,84742,481504.03,42047391.3647,0,SOLUSDT,1h
2026-05-21 19:00:00+00:00,87.03,87.85,87.02,87.8,695469.11,2026-05-21 19:59:59.999000+00:00,60833500.8436,55697,390446.89,34153046.2235,0,SOLUSDT,1h
2026-05-21 20:00:00+00:00,87.81,87.9,87.46,87.52,405863.33,2026-05-21 20:59:59.999000+00:00,35595297.8665,35786,150186.48,13175296.3281,0,SOLUSDT,1h
2026-05-21 21:00:00+00:00,87.53,87.68,87.25,87.32,395854.54,2026-05-21 21:59:59.999000+00:00,34618669.2202,33598,194162.53,16983396.9747,0,SOLUSDT,1h
2026-05-21 22:00:00+00:00,87.31,87.46,87.09,87.14,268761.96,2026-05-21 22:59:59.999000+00:00,23452577.94,27726,119783.07,10454187.3417,0,SOLUSDT,1h
2026-05-21 23:00:00+00:00,87.15,87.35,86.96,87.32,328021.17,2026-05-21 23:59:59.999000+00:00,28598921.0133,29731,191463.32,16695851.2169,0,SOLUSDT,1h
2026-05-22 00:00:00+00:00,87.31,87.32,86.76,86.81,461112.35,2026-05-22 00:59:59.999000+00:00,40140564.6803,43097,199102.53,17325929.8268,0,SOLUSDT,1h
2026-05-22 01:00:00+00:00,86.8,87.06,86.53,87.02,361882.95,2026-05-22 01:59:59.999000+00:00,31404495.2109,35873,186556.4,16193393.9995,0,SOLUSDT,1h
2026-05-22 02:00:00+00:00,87.03,87.2,86.94,87.12,263569.76,2026-05-22 02:59:59.999000+00:00,22950544.9886,29876,120914.81,10529113.9137,0,SOLUSDT,1h
2026-05-22 03:00:00+00:00,87.12,87.27,86.87,86.98,254423.84,2026-05-22 03:59:59.999000+00:00,22139704.8219,26963,106788.74,9294914.0602,0,SOLUSDT,1h
2026-05-22 04:00:00+00:00,86.99,87.34,86.87,86.92,301426.29,2026-05-22 04:59:59.999000+00:00,26252063.3322,29505,151929.54,13234733.5129,0,SOLUSDT,1h
2026-05-22 05:00:00+00:00,86.93,87.11,86.67,86.77,362423.74,2026-05-22 05:59:59.999000+00:00,31487602.6723,31931,161300.19,14015355.4301,0,SOLUSDT,1h
2026-05-22 06:00:00+00:00,86.76,86.8,86.45,86.66,633297.77,2026-05-22 06:59:59.999000+00:00,54865384.3824,47855,303520.14,26295449.4029,0,SOLUSDT,1h
2026-05-22 07:00:00+00:00,86.67,87.11,86.48,86.94,626971.16,2026-05-22 07:59:59.999000+00:00,54445755.1915,43333,296226.18,25725050.0958,0,SOLUSDT,1h
2026-05-22 08:00:00+00:00,86.94,87.48,86.81,87.09,874944.29,2026-05-22 08:59:59.999000+00:00,76247855.7331,63592,447163.53,38970000.5903,0,SOLUSDT,1h
2026-05-22 09:00:00+00:00,87.09,87.36,87.0,87.21,381578.48,2026-05-22 09:59:59.999000+00:00,33260552.4749,39456,184419.62,16076998.5517,0,SOLUSDT,1h
2026-05-22 10:00:00+00:00,87.21,87.24,86.8,86.94,332188.91,2026-05-22 10:59:59.999000+00:00,28898126.4987,33618,154633.07,13453613.697,0,SOLUSDT,1h
2026-05-22 11:00:00+00:00,86.94,87.3,86.67,87.29,443384.73,2026-05-22 11:59:59.999000+00:00,38563135.7126,40257,220087.49,19145762.0398,0,SOLUSDT,1h
2026-05-22 12:00:00+00:00,87.29,87.75,87.2,87.73,689535.37,2026-05-22 12:59:59.999000+00:00,60324515.3961,54658,360345.86,31529243.0049,0,SOLUSDT,1h
2026-05-22 13:00:00+00:00,87.72,87.82,87.04,87.35,836986.58,2026-05-22 13:59:59.999000+00:00,73149686.4692,73606,412539.24,36050057.5773,0,SOLUSDT,1h
2026-05-22 14:00:00+00:00,87.35,87.35,86.29,86.56,1510523.39,2026-05-22 14:59:59.999000+00:00,130978517.5547,92553,717519.42,62229412.3431,0,SOLUSDT,1h
2026-05-22 15:00:00+00:00,86.56,86.94,86.21,86.71,828748.51,2026-05-22 15:59:59.999000+00:00,71821344.3005,65663,399394.46,34624963.8017,0,SOLUSDT,1h
2026-05-22 16:00:00+00:00,86.71,86.99,86.6,86.88,407070.19,2026-05-22 16:59:59.999000+00:00,35328328.4565,40015,213620.9,18541674.6954,0,SOLUSDT,1h
2026-05-22 17:00:00+00:00,86.89,87.15,86.45,86.6,804185.65,2026-05-22 17:59:59.999000+00:00,69806553.5175,54930,399223.99,34655539.424,0,SOLUSDT,1h
2026-05-22 18:00:00+00:00,86.6,86.65,84.51,85.42,2417999.39,2026-05-22 18:59:59.999000+00:00,206842854.6631,125859,1116210.61,95423033.3238,0,SOLUSDT,1h
2026-05-22 19:00:00+00:00,85.42,85.59,83.91,84.51,2661316.58,2026-05-22 19:59:59.999000+00:00,225181475.033,150629,1302382.91,110229146.3493,0,SOLUSDT,1h
2026-05-22 20:00:00+00:00,84.51,85.03,84.51,84.95,796278.63,2026-05-22 20:59:59.999000+00:00,67521424.0718,61626,397792.69,33732081.8644,0,SOLUSDT,1h
2026-05-22 21:00:00+00:00,84.96,85.26,84.87,85.12,411753.08,2026-05-22 21:59:59.999000+00:00,35036988.0102,36244,194518.43,16553742.5808,0,SOLUSDT,1h
2026-05-22 22:00:00+00:00,85.12,85.18,84.72,84.92,350353.43,2026-05-22 22:59:59.999000+00:00,29762191.9919,36322,154083.33,13089227.5407,0,SOLUSDT,1h
2026-05-22 23:00:00+00:00,84.92,85.11,83.92,84.36,865717.65,2026-05-22 23:59:59.999000+00:00,73105461.3135,61730,364571.39,30785902.2933,0,SOLUSDT,1h
2026-05-23 00:00:00+00:00,84.36,84.53,84.01,84.38,893799.33,2026-05-23 00:59:59.999000+00:00,75318552.8858,70455,361873.83,30508547.5912,0,SOLUSDT,1h
2026-05-23 01:00:00+00:00,84.39,84.61,84.27,84.47,312124.63,2026-05-23 01:59:59.999000+00:00,26368536.6362,32722,148710.75,12564305.8588,0,SOLUSDT,1h
2026-05-23 02:00:00+00:00,84.47,84.54,84.15,84.48,397739.69,2026-05-23 02:59:59.999000+00:00,33555594.9367,35551,208816.21,17620064.9236,0,SOLUSDT,1h
2026-05-23 03:00:00+00:00,84.48,84.71,84.43,84.64,245941.01,2026-05-23 03:59:59.999000+00:00,20803766.176,22436,138174.11,11689393.7973,0,SOLUSDT,1h
2026-05-23 04:00:00+00:00,84.63,84.66,84.28,84.35,295517.61,2026-05-23 04:59:59.999000+00:00,24961224.0052,26520,108748.71,9186864.097,0,SOLUSDT,1h
2026-05-23 05:00:00+00:00,84.36,84.42,84.11,84.4,359750.98,2026-05-23 05:59:59.999000+00:00,30316505.469,31545,176622.38,14885981.5928,0,SOLUSDT,1h
2026-05-23 06:00:00+00:00,84.41,84.45,84.12,84.2,273557.64,2026-05-23 06:59:59.999000+00:00,23056934.9044,24254,118529.61,9991625.8355,0,SOLUSDT,1h
2026-05-23 07:00:00+00:00,84.2,84.27,81.36,82.19,4814032.97,2026-05-23 07:59:59.999000+00:00,397735345.629,221029,2122499.89,175109595.7293,0,SOLUSDT,1h
2026-05-23 08:00:00+00:00,82.19,82.3,81.63,82.07,2471766.37,2026-05-23 08:59:59.999000+00:00,202705449.3059,131888,1308144.22,107280775.5514,0,SOLUSDT,1h
2026-05-23 09:00:00+00:00,82.06,82.22,81.9,81.92,590386.73,2026-05-23 09:59:59.999000+00:00,48417903.1583,45123,259067.23,21249806.3002,0,SOLUSDT,1h
2026-05-23 10:00:00+00:00,81.92,82.3,81.92,82.17,328813.59,2026-05-23 10:59:59.999000+00:00,27021977.7239,30193,161333.69,13259049.1508,0,SOLUSDT,1h
2026-05-23 11:00:00+00:00,82.18,82.4,82.14,82.2,378957.01,2026-05-23 11:59:59.999000+00:00,31178379.2379,26638,190357.75,15661630.0813,0,SOLUSDT,1h
2026-05-23 12:00:00+00:00,82.21,82.49,82.07,82.41,374415.76,2026-05-23 12:59:59.999000+00:00,30793514.3543,31947,185733.08,15278829.6704,0,SOLUSDT,1h
2026-05-23 13:00:00+00:00,82.4,83.48,82.4,83.15,1392490.52,2026-05-23 13:59:59.999000+00:00,115549787.0659,77348,810588.38,67253212.3356,0,SOLUSDT,1h
2026-05-23 14:00:00+00:00,83.16,84.43,83.01,84.07,1688415.45,2026-05-23 14:59:59.999000+00:00,141446931.8068,82722,905350.61,75829939.9268,0,SOLUSDT,1h
2026-05-23 15:00:00+00:00,84.08,84.49,83.58,84.05,1688662.26,2026-05-23 15:59:59.999000+00:00,141943536.5797,75166,789577.48,66373403.0205,0,SOLUSDT,1h
2026-05-23 16:00:00+00:00,84.05,84.26,83.87,84.06,706416.6,2026-05-23 16:59:59.999000+00:00,59388617.5256,44839,312493.38,26276344.9747,0,SOLUSDT,1h
2026-05-23 17:00:00+00:00,84.06,84.31,83.93,84.17,369911.17,2026-05-23 17:59:59.999000+00:00,31122464.7946,33036,194967.46,16404304.2067,0,SOLUSDT,1h
2026-05-23 18:00:00+00:00,84.17,85.1,84.12,84.66,1411465.05,2026-05-23 18:59:59.999000+00:00,119555347.3371,77330,656813.73,55644543.3291,0,SOLUSDT,1h
2026-05-23 19:00:00+00:00,84.67,85.07,84.56,84.91,674435.22,2026-05-23 19:59:59.999000+00:00,57211715.3243,41116,408799.72,34682056.9779,0,SOLUSDT,1h
2026-05-23 20:00:00+00:00,84.91,87.05,84.72,87.03,2297637.66,2026-05-23 20:59:59.999000+00:00,197667986.5606,145197,1397665.66,120241995.0336,0,SOLUSDT,1h
2026-05-23 21:00:00+00:00,87.04,87.51,85.92,86.23,1799754.08,2026-05-23 21:59:59.999000+00:00,156001889.4385,113941,855072.59,74159993.7348,0,SOLUSDT,1h
2026-05-23 22:00:00+00:00,86.24,86.57,85.45,85.76,843873.2,2026-05-23 22:59:59.999000+00:00,72473289.932,61454,355235.57,30516902.4221,0,SOLUSDT,1h
2026-05-23 23:00:00+00:00,85.77,85.89,85.59,85.71,404273.52,2026-05-23 23:59:59.999000+00:00,34656831.9023,37027,217586.9,18654837.7505,0,SOLUSDT,1h
2026-05-24 00:00:00+00:00,85.72,86.0,85.56,85.85,451926.25,2026-05-24 00:59:59.999000+00:00,38752118.4826,37504,240899.59,20661459.3556,0,SOLUSDT,1h
2026-05-24 01:00:00+00:00,85.84,86.19,85.81,85.96,521688.17,2026-05-24 01:59:59.999000+00:00,44867812.4805,35438,230737.45,19846362.8632,0,SOLUSDT,1h
2026-05-24 02:00:00+00:00,85.97,86.07,85.68,85.92,380301.15,2026-05-24 02:59:59.999000+00:00,32657390.3394,31574,160196.36,13753196.1253,0,SOLUSDT,1h
2026-05-24 03:00:00+00:00,85.92,86.09,85.57,85.76,360786.98,2026-05-24 03:59:59.999000+00:00,30958072.9453,30844,202383.1,17372454.3117,0,SOLUSDT,1h
2026-05-24 04:00:00+00:00,85.77,86.07,85.73,85.88,477005.79,2026-05-24 04:59:59.999000+00:00,40999360.3005,26953,211158.97,18144943.121,0,SOLUSDT,1h
2026-05-24 05:00:00+00:00,85.88,86.13,85.53,86.13,525454.85,2026-05-24 05:59:59.999000+00:00,45115534.6151,34002,271262.08,23290053.11,0,SOLUSDT,1h
2026-05-24 06:00:00+00:00,86.12,86.46,85.88,86.41,422367.75,2026-05-24 06:59:59.999000+00:00,36389427.3251,35480,260153.37,22419299.3748,0,SOLUSDT,1h
2026-05-24 07:00:00+00:00,86.41,86.77,85.96,86.02,792290.23,2026-05-24 07:59:59.999000+00:00,68345645.8904,46365,444185.24,38332158.0197,0,SOLUSDT,1h
2026-05-24 08:00:00+00:00,86.03,86.49,85.96,86.46,474842.42,2026-05-24 08:59:59.999000+00:00,40951964.0163,34478,286811.44,24733131.9023,0,SOLUSDT,1h
2026-05-24 09:00:00+00:00,86.46,87.23,86.3,86.5,1023915.77,2026-05-24 09:59:59.999000+00:00,88749935.3163,60311,534774.09,46360959.7032,0,SOLUSDT,1h
2026-05-24 10:00:00+00:00,86.51,86.7,86.19,86.45,739073.53,2026-05-24 10:59:59.999000+00:00,63817872.5998,53382,378688.42,32702092.2208,0,SOLUSDT,1h
2026-05-24 11:00:00+00:00,86.45,86.94,86.38,86.61,717494.29,2026-05-24 11:59:59.999000+00:00,62139669.8176,51029,385323.49,33376264.0501,0,SOLUSDT,1h
2026-05-24 12:00:00+00:00,86.62,86.65,86.12,86.3,405465.71,2026-05-24 12:59:59.999000+00:00,34988511.1909,36419,155515.86,13419666.9598,0,SOLUSDT,1h
2026-05-24 13:00:00+00:00,86.3,86.4,85.67,85.87,726063.66,2026-05-24 13:59:59.999000+00:00,62484021.3615,48599,319382.64,27498646.9336,0,SOLUSDT,1h
2026-05-24 14:00:00+00:00,85.87,85.98,84.38,85.22,1668766.24,2026-05-24 14:59:59.999000+00:00,142096289.5543,112692,772045.44,65726816.731,0,SOLUSDT,1h
2026-05-24 15:00:00+00:00,85.22,85.42,85.09,85.26,468335.33,2026-05-24 15:59:59.999000+00:00,39935071.7555,37572,222864.09,19005450.9603,0,SOLUSDT,1h
2026-05-24 16:00:00+00:00,85.26,85.89,85.13,85.6,908899.19,2026-05-24 16:59:59.999000+00:00,77692759.2977,55264,535035.71,45742678.3696,0,SOLUSDT,1h
2026-05-24 17:00:00+00:00,85.6,85.76,85.44,85.61,381050.74,2026-05-24 17:59:59.999000+00:00,32617204.0497,28347,218284.56,18681229.6639,0,SOLUSDT,1h
2026-05-24 18:00:00+00:00,85.61,85.64,85.21,85.36,687131.58,2026-05-24 18:59:59.999000+00:00,58645478.6787,36242,186200.1,15897223.1532,0,SOLUSDT,1h
2026-05-24 19:00:00+00:00,85.36,85.47,85.17,85.32,212664.62,2026-05-24 19:59:59.999000+00:00,18138570.2003,25891,105009.28,8957324.0275,0,SOLUSDT,1h
2026-05-24 20:00:00+00:00,85.32,85.37,84.53,84.73,702837.44,2026-05-24 20:59:59.999000+00:00,59669080.5391,53103,271516.98,23046373.1705,0,SOLUSDT,1h
2026-05-24 21:00:00+00:00,84.74,84.93,83.62,83.89,1028529.01,2026-05-24 21:59:59.999000+00:00,86608384.4842,82526,440175.03,37077174.711,0,SOLUSDT,1h
2026-05-24 22:00:00+00:00,83.89,85.28,83.89,84.93,1305023.65,2026-05-24 22:59:59.999000+00:00,110726983.7564,83844,726415.72,61642827.5601,0,SOLUSDT,1h
2026-05-24 23:00:00+00:00,84.92,85.48,84.92,85.23,516660.51,2026-05-24 23:59:59.999000+00:00,44036913.8815,44487,304581.61,25965615.171,0,SOLUSDT,1h
2026-05-25 00:00:00+00:00,85.22,85.62,85.2,85.45,458152.78,2026-05-25 00:59:59.999000+00:00,39113343.4613,43913,267203.61,22813436.0958,0,SOLUSDT,1h
2026-05-25 01:00:00+00:00,85.44,85.55,84.75,84.79,408127.65,2026-05-25 01:59:59.999000+00:00,34767276.8139,39355,143124.99,12198641.7703,0,SOLUSDT,1h
2026-05-25 02:00:00+00:00,84.8,85.72,84.79,85.02,768652.16,2026-05-25 02:59:59.999000+00:00,65574985.0073,58489,411873.87,35149670.4995,0,SOLUSDT,1h
2026-05-25 03:00:00+00:00,85.01,85.13,84.72,84.88,338611.42,2026-05-25 03:59:59.999000+00:00,28744316.7346,37470,149372.57,12680551.1636,0,SOLUSDT,1h
2026-05-25 04:00:00+00:00,84.89,85.96,84.86,85.79,668740.49,2026-05-25 04:59:59.999000+00:00,57142244.5633,47241,378222.44,32327016.1247,0,SOLUSDT,1h
2026-05-25 05:00:00+00:00,85.8,86.15,85.69,85.93,725207.9,2026-05-25 05:59:59.999000+00:00,62334148.3626,49207,340912.24,29301458.7558,0,SOLUSDT,1h
2026-05-25 06:00:00+00:00,85.93,86.14,85.59,85.94,424807.53,2026-05-25 06:59:59.999000+00:00,36468065.0562,40863,199427.38,17127057.9643,0,SOLUSDT,1h
2026-05-25 07:00:00+00:00,85.94,86.12,85.54,85.91,409976.71,2026-05-25 07:59:59.999000+00:00,35163105.695,40490,218328.66,18729194.4041,0,SOLUSDT,1h
2026-05-25 08:00:00+00:00,85.92,86.05,85.69,85.98,318779.48,2026-05-25 08:59:59.999000+00:00,27368154.6196,29556,196811.06,16897611.2946,0,SOLUSDT,1h
2026-05-25 09:00:00+00:00,85.97,86.2,85.87,85.89,344863.15,2026-05-25 09:59:59.999000+00:00,29659045.8768,32946,174363.75,14996963.401,0,SOLUSDT,1h
2026-05-25 10:00:00+00:00,85.89,86.08,85.84,86.02,270383.75,2026-05-25 10:59:59.999000+00:00,23239413.1292,23279,139107.07,11956292.319,0,SOLUSDT,1h
2026-05-25 11:00:00+00:00,86.03,86.11,85.66,85.74,317050.47,2026-05-25 11:59:59.999000+00:00,27239031.0067,28727,158862.24,13651161.7433,0,SOLUSDT,1h
2026-05-25 12:00:00+00:00,85.73,86.04,85.62,85.83,341916.77,2026-05-25 12:59:59.999000+00:00,29354520.3248,33475,167626.34,14390768.2634,0,SOLUSDT,1h
2026-05-25 13:00:00+00:00,85.83,86.0,85.72,85.97,203782.77,2026-05-25 13:59:59.999000+00:00,17495535.5381,26213,99034.47,8504261.3712,0,SOLUSDT,1h
2026-05-25 14:00:00+00:00,85.98,86.41,85.89,86.29,531830.31,2026-05-25 14:59:59.999000+00:00,45842325.6994,48617,301305.97,25971101.6272,0,SOLUSDT,1h
2026-05-25 15:00:00+00:00,86.29,86.49,86.01,86.21,529057.17,2026-05-25 15:59:59.999000+00:00,45609421.6077,45922,295736.23,25495895.3527,0,SOLUSDT,1h
2026-05-25 16:00:00+00:00,86.21,86.41,85.92,86.21,513244.96,2026-05-25 16:59:59.999000+00:00,44203414.4355,37137,297112.97,25595644.7431,0,SOLUSDT,1h
2026-05-25 17:00:00+00:00,86.21,86.35,86.02,86.09,547110.8,2026-05-25 17:59:59.999000+00:00,47140066.7925,30232,183778.81,15835182.0695,0,SOLUSDT,1h
2026-05-25 18:00:00+00:00,86.1,86.28,85.83,85.87,234866.59,2026-05-25 18:59:59.999000+00:00,20208833.3849,23622,102301.41,8805964.3376,0,SOLUSDT,1h
2026-05-25 19:00:00+00:00,85.86,85.91,85.46,85.6,390178.3,2026-05-25 19:59:59.999000+00:00,33434416.5092,33013,163896.58,14045266.2487,0,SOLUSDT,1h
2026-05-25 20:00:00+00:00,85.59,85.85,85.25,85.37,400575.75,2026-05-25 20:59:59.999000+00:00,34243461.3079,37457,184817.11,15801529.62,0,SOLUSDT,1h
2026-05-25 21:00:00+00:00,85.36,85.53,85.22,85.34,237705.03,2026-05-25 21:59:59.999000+00:00,20294300.2521,26982,119046.76,10164530.626,0,SOLUSDT,1h
2026-05-25 22:00:00+00:00,85.34,85.51,84.64,84.76,855810.1,2026-05-25 22:59:59.999000+00:00,72730741.183,57644,428544.55,36429986.8835,0,SOLUSDT,1h
2026-05-25 23:00:00+00:00,84.75,85.17,84.68,85.01,519685.09,2026-05-25 23:59:59.999000+00:00,44172115.7972,39582,258950.64,22006923.8854,0,SOLUSDT,1h
2026-05-26 00:00:00+00:00,85.01,85.04,83.84,84.34,1279252.71,2026-05-26 00:59:59.999000+00:00,107874754.2709,84958,481465.35,40594564.4672,0,SOLUSDT,1h
2026-05-26 01:00:00+00:00,84.33,84.5,83.79,84.05,969199.17,2026-05-26 01:59:59.999000+00:00,81501650.514,71122,517472.56,43515026.0226,0,SOLUSDT,1h
2026-05-26 02:00:00+00:00,84.05,84.17,83.84,83.96,395119.18,2026-05-26 02:59:59.999000+00:00,33198204.3339,41541,199303.75,16746423.0719,0,SOLUSDT,1h
2026-05-26 03:00:00+00:00,83.97,84.22,83.78,84.16,404093.04,2026-05-26 03:59:59.999000+00:00,33945345.2843,38303,226634.12,19041615.8227,0,SOLUSDT,1h
2026-05-26 04:00:00+00:00,84.16,84.47,83.95,84.31,417281.56,2026-05-26 04:59:59.999000+00:00,35164211.8387,35563,235418.02,19841039.2505,0,SOLUSDT,1h
2026-05-26 05:00:00+00:00,84.31,84.93,84.22,84.6,573844.5,2026-05-26 05:59:59.999000+00:00,48546882.418,41144,305273.68,25829342.3194,0,SOLUSDT,1h
2026-05-26 06:00:00+00:00,84.6,84.79,84.35,84.56,327384.72,2026-05-26 06:59:59.999000+00:00,27681984.092,35584,153670.36,12995890.6741,0,SOLUSDT,1h
2026-05-26 07:00:00+00:00,84.55,84.59,84.04,84.3,511663.0,2026-05-26 07:59:59.999000+00:00,43105100.3537,44879,243707.97,20530715.4152,0,SOLUSDT,1h
2026-05-26 08:00:00+00:00,84.31,84.54,84.29,84.4,301707.0,2026-05-26 08:59:59.999000+00:00,25465776.1992,30324,147153.6,12421297.9185,0,SOLUSDT,1h
2026-05-26 09:00:00+00:00,84.39,84.67,84.25,84.43,394257.32,2026-05-26 09:59:59.999000+00:00,33296106.2675,35092,174370.44,14730887.9008,0,SOLUSDT,1h
2026-05-26 10:00:00+00:00,84.44,85.78,84.31,85.51,1317661.8,2026-05-26 10:59:59.999000+00:00,112434485.516,92709,717879.51,61248185.54,0,SOLUSDT,1h
2026-05-26 11:00:00+00:00,85.52,85.62,85.16,85.19,611192.58,2026-05-26 11:59:59.999000+00:00,52185176.0606,48738,277603.19,23703730.3866,0,SOLUSDT,1h
2026-05-26 12:00:00+00:00,85.18,85.38,84.76,85.28,951720.85,2026-05-26 12:59:59.999000+00:00,80959912.8649,60928,445746.3,37919232.7161,0,SOLUSDT,1h
2026-05-26 13:00:00+00:00,85.29,85.73,84.64,85.48,1169363.42,2026-05-26 13:59:59.999000+00:00,99587198.0397,83312,544158.64,46349080.3603,0,SOLUSDT,1h
2026-05-26 14:00:00+00:00,85.48,86.1,84.7,85.19,2087053.64,2026-05-26 14:59:59.999000+00:00,178272078.684,129240,1045620.62,89332482.5235,0,SOLUSDT,1h
2026-05-26 15:00:00+00:00,85.18,85.31,83.96,84.44,1603582.27,2026-05-26 15:59:59.999000+00:00,135698274.6176,113761,743488.92,62930040.4649,0,SOLUSDT,1h
2026-05-26 16:00:00+00:00,84.44,84.52,83.86,84.17,1112265.2,2026-05-26 16:59:59.999000+00:00,93676813.0694,74671,560933.35,47255418.317,0,SOLUSDT,1h
2026-05-26 17:00:00+00:00,84.17,84.35,83.08,83.53,1694117.44,2026-05-26 17:59:59.999000+00:00,141561008.9122,109525,838095.74,70027124.4687,0,SOLUSDT,1h
2026-05-26 18:00:00+00:00,83.52,84.05,83.42,83.56,816390.73,2026-05-26 18:59:59.999000+00:00,68350846.9525,62853,409043.94,34252587.9837,0,SOLUSDT,1h
2026-05-26 19:00:00+00:00,83.55,83.97,83.29,83.73,492581.75,2026-05-26 19:59:59.999000+00:00,41204457.6696,46944,260961.8,21833690.2785,0,SOLUSDT,1h
2026-05-26 20:00:00+00:00,83.74,83.91,83.67,83.87,362475.21,2026-05-26 20:59:59.999000+00:00,30374726.8672,33922,160560.4,13455639.0479,0,SOLUSDT,1h
2026-05-26 21:00:00+00:00,83.87,83.92,83.51,83.63,285429.24,2026-05-26 21:59:59.999000+00:00,23897866.8468,27845,151385.23,12675948.3768,0,SOLUSDT,1h
2026-05-26 22:00:00+00:00,83.64,83.83,83.47,83.61,265101.36,2026-05-26 22:59:59.999000+00:00,22166163.8377,33133,117715.21,9842808.1978,0,SOLUSDT,1h
2026-05-26 23:00:00+00:00,83.6,83.8,83.56,83.66,235637.06,2026-05-26 23:59:59.999000+00:00,19721574.3732,25999,100484.43,8410888.0973,0,SOLUSDT,1h
2026-05-27 00:00:00+00:00,83.67,84.15,83.66,84.09,426282.12,2026-05-27 00:59:59.999000+00:00,35774580.0875,39125,234449.22,19677081.9791,0,SOLUSDT,1h
2026-05-27 01:00:00+00:00,84.08,84.15,83.75,83.81,272539.19,2026-05-27 01:59:59.999000+00:00,22867780.4602,31638,105731.01,8872228.9651,0,SOLUSDT,1h
2026-05-27 02:00:00+00:00,83.82,83.92,83.5,83.9,291391.15,2026-05-27 02:59:59.999000+00:00,24383899.0438,33432,139603.99,11683200.3384,0,SOLUSDT,1h
2026-05-27 03:00:00+00:00,83.9,84.03,83.42,83.57,341692.68,2026-05-27 03:59:59.999000+00:00,28610120.9963,34114,149093.56,12487176.8903,0,SOLUSDT,1h
2026-05-27 04:00:00+00:00,83.57,83.63,82.68,83.59,1174485.13,2026-05-27 04:59:59.999000+00:00,97688488.7831,67873,492814.25,41002122.2722,0,SOLUSDT,1h
2026-05-27 05:00:00+00:00,83.6,83.89,83.51,83.83,345380.32,2026-05-27 05:59:59.999000+00:00,28903015.884,34840,188069.69,15738140.2988,0,SOLUSDT,1h
2026-05-27 06:00:00+00:00,83.83,84.01,83.69,84.0,275260.47,2026-05-27 06:59:59.999000+00:00,23086338.496,33952,135184.96,11340000.8855,0,SOLUSDT,1h
2026-05-27 07:00:00+00:00,84.0,84.17,83.82,84.17,446003.76,2026-05-27 07:59:59.999000+00:00,37464695.5978,35277,262005.7,22012303.4529,0,SOLUSDT,1h
2026-05-27 08:00:00+00:00,84.16,84.38,83.84,83.89,660168.88,2026-05-27 08:59:59.999000+00:00,55543579.6694,45068,289970.18,24405520.7199,0,SOLUSDT,1h
2026-05-27 09:00:00+00:00,83.88,83.92,83.56,83.73,462088.42,2026-05-27 09:59:59.999000+00:00,38693467.638,36044,216063.17,18093576.5079,0,SOLUSDT,1h
2026-05-27 10:00:00+00:00,83.74,84.06,83.61,83.9,368712.58,2026-05-27 10:59:59.999000+00:00,30920242.8579,30574,197289.51,16547642.4695,0,SOLUSDT,1h
2026-05-27 11:00:00+00:00,83.91,84.19,83.83,83.89,478775.0,2026-05-27 11:59:59.999000+00:00,40221464.7708,36248,221603.06,18621449.7057,0,SOLUSDT,1h
2026-05-27 12:00:00+00:00,83.88,84.67,83.49,83.89,1395535.53,2026-05-27 12:59:59.999000+00:00,117382063.9257,91502,675585.24,56858763.9714,0,SOLUSDT,1h
2026-05-27 13:00:00+00:00,83.88,84.01,82.91,83.59,1709139.97,2026-05-27 13:59:59.999000+00:00,142509739.0789,113728,808443.25,67432000.0098,0,SOLUSDT,1h
2026-05-27 14:00:00+00:00,83.59,84.09,83.18,83.87,1661099.99,2026-05-27 14:59:59.999000+00:00,139005183.5734,104108,803284.15,67217479.1108,0,SOLUSDT,1h
2026-05-27 15:00:00+00:00,83.86,84.82,83.84,84.39,1421051.31,2026-05-27 15:59:59.999000+00:00,119900842.6078,101719,775409.37,65424452.536,0,SOLUSDT,1h
2026-05-27 16:00:00+00:00,84.39,84.72,83.81,84.14,794540.08,2026-05-27 16:59:59.999000+00:00,66912438.5812,66358,364854.13,30729808.3846,0,SOLUSDT,1h
2026-05-27 17:00:00+00:00,84.14,84.17,83.11,83.37,1251777.5,2026-05-27 17:59:59.999000+00:00,104560284.2978,88820,584619.06,48833777.7145,0,SOLUSDT,1h
2026-05-27 18:00:00+00:00,83.37,83.97,83.14,83.9,544508.99,2026-05-27 18:59:59.999000+00:00,45475779.4994,53677,314229.44,26254957.3286,0,SOLUSDT,1h
2026-05-27 19:00:00+00:00,83.91,84.11,83.83,83.89,526478.38,2026-05-27 19:59:59.999000+00:00,44208920.9708,40777,286438.72,24055038.8405,0,SOLUSDT,1h
2026-05-27 20:00:00+00:00,83.89,84.1,83.71,83.78,408376.03,2026-05-27 20:59:59.999000+00:00,34263678.0475,30073,234217.02,19655894.8651,0,SOLUSDT,1h
2026-05-27 21:00:00+00:00,83.77,83.77,82.05,82.43,1346040.17,2026-05-27 21:59:59.999000+00:00,111380630.8848,126209,517246.9,42821586.5347,0,SOLUSDT,1h
2026-05-27 22:00:00+00:00,82.43,82.97,82.16,82.4,1057356.68,2026-05-27 22:59:59.999000+00:00,87263688.9195,88677,455274.61,37594071.375,0,SOLUSDT,1h
2026-05-27 23:00:00+00:00,82.4,82.64,82.13,82.38,554792.33,2026-05-27 23:59:59.999000+00:00,45699027.4218,54992,272779.0,22470788.2771,0,SOLUSDT,1h
2026-05-28 00:00:00+00:00,82.37,82.69,82.31,82.66,416563.55,2026-05-28 00:59:59.999000+00:00,34366660.723,47059,212858.12,17561665.5866,0,SOLUSDT,1h
2026-05-28 01:00:00+00:00,82.66,82.71,81.84,82.24,882886.97,2026-05-28 01:59:59.999000+00:00,72605477.1664,78197,328409.02,27012982.9635,0,SOLUSDT,1h
2026-05-28 02:00:00+00:00,82.24,82.41,81.96,82.06,497054.8,2026-05-28 02:59:59.999000+00:00,40842853.2611,52685,278423.22,22881451.8956,0,SOLUSDT,1h
2026-05-28 03:00:00+00:00,82.07,82.21,80.45,80.66,3053749.9,2026-05-28 03:59:59.999000+00:00,247817286.692,178354,1209447.66,98145029.8298,0,SOLUSDT,1h
2026-05-28 04:00:00+00:00,80.66,80.89,79.91,80.83,2018766.88,2026-05-28 04:59:59.999000+00:00,162325534.4961,125568,1008533.28,81130409.8096,0,SOLUSDT,1h
2026-05-28 05:00:00+00:00,80.83,80.93,80.35,80.64,699830.65,2026-05-28 05:59:59.999000+00:00,56426201.3854,59429,313639.97,25291247.4798,0,SOLUSDT,1h
2026-05-28 06:00:00+00:00,80.65,81.07,80.46,80.9,603159.97,2026-05-28 06:59:59.999000+00:00,48730519.8122,50049,327832.17,26494392.0663,0,SOLUSDT,1h
2026-05-28 07:00:00+00:00,80.9,81.24,80.78,81.19,625819.24,2026-05-28 07:59:59.999000+00:00,50716524.3049,47336,340202.84,27576371.0777,0,SOLUSDT,1h
2026-05-28 08:00:00+00:00,81.2,81.23,80.76,80.92,373119.37,2026-05-28 08:59:59.999000+00:00,30218196.9026,36317,165542.07,13409703.2591,0,SOLUSDT,1h
2026-05-28 09:00:00+00:00,80.93,81.26,80.77,81.17,365450.26,2026-05-28 09:59:59.999000+00:00,29626414.0294,33795,188008.08,15245669.9308,0,SOLUSDT,1h
2026-05-28 10:00:00+00:00,81.16,81.28,80.67,80.7,464293.33,2026-05-28 10:59:59.999000+00:00,37595307.592,37300,216865.79,17567639.3619,0,SOLUSDT,1h
2026-05-28 11:00:00+00:00,80.69,80.9,80.54,80.83,459887.38,2026-05-28 11:59:59.999000+00:00,37127371.1781,35201,255151.89,20603674.0879,0,SOLUSDT,1h
2026-05-28 12:00:00+00:00,80.82,81.21,80.53,81.1,620060.44,2026-05-28 12:59:59.999000+00:00,50153856.9246,47953,304753.0,24656965.6641,0,SOLUSDT,1h
2026-05-28 13:00:00+00:00,81.1,81.33,80.49,80.75,1142247.16,2026-05-28 13:59:59.999000+00:00,92315542.9866,82939,541941.82,43805164.2842,0,SOLUSDT,1h
2026-05-28 14:00:00+00:00,80.74,81.64,79.92,81.14,2645374.34,2026-05-28 14:59:59.999000+00:00,213850082.2635,179597,1304519.6,105473628.4656,0,SOLUSDT,1h
2026-05-28 15:00:00+00:00,81.15,81.35,80.51,81.1,809859.06,2026-05-28 15:59:59.999000+00:00,65592121.8357,75441,384923.24,31182616.0208,0,SOLUSDT,1h
2026-05-28 16:00:00+00:00,81.1,82.15,80.88,82.03,1107092.66,2026-05-28 16:59:59.999000+00:00,90348983.8404,88225,636986.12,51986118.9525,0,SOLUSDT,1h
2026-05-28 17:00:00+00:00,82.03,82.61,81.78,82.27,914902.29,2026-05-28 17:59:59.999000+00:00,75201181.522,74953,455732.32,37474114.5495,0,SOLUSDT,1h
2026-05-28 18:00:00+00:00,82.26,82.98,82.21,82.88,1023784.32,2026-05-28 18:59:59.999000+00:00,84681281.3066,77770,556944.16,46073228.215,0,SOLUSDT,1h
2026-05-28 19:00:00+00:00,82.88,82.88,82.11,82.14,621160.53,2026-05-28 19:59:59.999000+00:00,51198036.7553,54111,250134.04,20620618.1644,0,SOLUSDT,1h
2026-05-28 20:00:00+00:00,82.14,82.58,81.72,82.26,761472.07,2026-05-28 20:59:59.999000+00:00,62562702.3831,59571,381741.5,31385907.9871,0,SOLUSDT,1h
2026-05-28 21:00:00+00:00,82.26,82.66,82.17,82.39,359616.69,2026-05-28 21:59:59.999000+00:00,29663414.7351,37329,199802.56,16485550.2135,0,SOLUSDT,1h
2026-05-28 22:00:00+00:00,82.39,82.59,81.87,82.0,615238.21,2026-05-28 22:59:59.999000+00:00,50531929.5355,47849,268578.86,22062099.4466,0,SOLUSDT,1h
2026-05-28 23:00:00+00:00,82.0,82.24,81.94,82.07,244264.89,2026-05-28 23:59:59.999000+00:00,20048507.4046,29593,121286.48,9955292.9125,0,SOLUSDT,1h
2026-05-29 00:00:00+00:00,82.07,82.44,82.07,82.29,325849.25,2026-05-29 00:59:59.999000+00:00,26812707.9694,38585,172978.7,14233931.5628,0,SOLUSDT,1h
2026-05-29 01:00:00+00:00,82.28,82.44,82.03,82.17,287479.28,2026-05-29 01:59:59.999000+00:00,23631320.713,35383,158215.04,13007538.8407,0,SOLUSDT,1h
2026-05-29 02:00:00+00:00,82.17,82.29,81.43,81.54,504629.99,2026-05-29 02:59:59.999000+00:00,41268870.6785,46626,174573.63,14280304.1673,0,SOLUSDT,1h
2026-05-29 03:00:00+00:00,81.54,81.92,81.47,81.59,429148.58,2026-05-29 03:59:59.999000+00:00,35065497.2703,35984,167372.76,13675913.004,0,SOLUSDT,1h
2026-05-29 04:00:00+00:00,81.59,81.9,81.33,81.88,356203.67,2026-05-29 04:59:59.999000+00:00,29070269.8759,32264,172147.2,14052857.8402,0,SOLUSDT,1h
2026-05-29 05:00:00+00:00,81.88,82.15,81.78,82.02,381072.22,2026-05-29 05:59:59.999000+00:00,31240874.6735,34161,210890.67,17292516.8768,0,SOLUSDT,1h
2026-05-29 06:00:00+00:00,82.02,82.46,81.97,82.26,436076.1,2026-05-29 06:59:59.999000+00:00,35842448.1696,37387,238005.48,19567494.249,0,SOLUSDT,1h
2026-05-29 07:00:00+00:00,82.25,82.42,81.86,82.18,646665.53,2026-05-29 07:59:59.999000+00:00,53122365.8008,43907,295133.69,24250199.7714,0,SOLUSDT,1h
2026-05-29 08:00:00+00:00,82.18,82.46,82.12,82.16,455536.29,2026-05-29 08:59:59.999000+00:00,37495961.6754,34834,235374.05,19378615.2278,0,SOLUSDT,1h
2026-05-29 09:00:00+00:00,82.16,82.6,82.15,82.39,289622.76,2026-05-29 09:59:59.999000+00:00,23869178.3261,29955,145761.92,12013128.3321,0,SOLUSDT,1h
2026-05-29 10:00:00+00:00,82.39,82.4,82.04,82.1,331675.38,2026-05-29 10:59:59.999000+00:00,27260596.8824,26863,142372.89,11702320.7845,0,SOLUSDT,1h
2026-05-29 11:00:00+00:00,82.11,82.18,81.47,81.73,577664.43,2026-05-29 11:59:59.999000+00:00,47272864.6529,42071,220341.98,18034271.2749,0,SOLUSDT,1h
2026-05-29 12:00:00+00:00,81.73,81.76,81.25,81.45,625605.35,2026-05-29 12:59:59.999000+00:00,51008097.9495,46537,304903.73,24865212.6312,0,SOLUSDT,1h
2026-05-29 13:00:00+00:00,81.45,81.67,81.05,81.4,784099.84,2026-05-29 13:59:59.999000+00:00,63766595.2278,67667,400246.84,32552701.6429,0,SOLUSDT,1h
2026-05-29 14:00:00+00:00,81.4,81.55,80.3,81.3,2290414.63,2026-05-29 14:59:59.999000+00:00,185440780.8552,135495,1078592.77,87361717.9549,0,SOLUSDT,1h
2026-05-29 15:00:00+00:00,81.3,83.23,81.17,82.54,3327189.74,2026-05-29 15:59:59.999000+00:00,274274660.7594,179806,1724295.66,142156540.2126,0,SOLUSDT,1h
2026-05-29 16:00:00+00:00,82.54,83.1,82.13,82.88,1213907.13,2026-05-29 16:59:59.999000+00:00,100361517.6919,96005,632464.86,52306567.9779,0,SOLUSDT,1h
2026-05-29 17:00:00+00:00,82.89,83.21,82.63,82.75,879289.98,2026-05-29 17:59:59.999000+00:00,72951999.7912,72588,443448.39,36803241.3716,0,SOLUSDT,1h
2026-05-29 18:00:00+00:00,82.75,82.96,81.73,82.03,967637.88,2026-05-29 18:59:59.999000+00:00,79679252.796,72685,409485.77,33730452.0243,0,SOLUSDT,1h
2026-05-29 19:00:00+00:00,82.03,82.36,81.53,82.03,750206.85,2026-05-29 19:59:59.999000+00:00,61523658.6887,60533,402122.49,32981506.9997,0,SOLUSDT,1h
2026-05-29 20:00:00+00:00,82.02,82.31,81.96,82.19,305622.47,2026-05-29 20:59:59.999000+00:00,25108556.1934,34520,165895.03,13630044.2771,0,SOLUSDT,1h
2026-05-29 21:00:00+00:00,82.18,82.37,81.66,81.67,411436.21,2026-05-29 21:59:59.999000+00:00,33729444.3559,37559,181906.15,14914778.91,0,SOLUSDT,1h
2026-05-29 22:00:00+00:00,81.66,81.98,81.58,81.94,361075.77,2026-05-29 22:59:59.999000+00:00,29530660.5641,31197,167013.47,13665801.8772,0,SOLUSDT,1h
2026-05-29 23:00:00+00:00,81.95,82.06,81.72,81.98,342978.18,2026-05-29 23:59:59.999000+00:00,28080302.7767,27542,228303.95,18689245.5209,0,SOLUSDT,1h
2026-05-30 00:00:00+00:00,81.98,82.31,81.89,82.24,329095.56,2026-05-30 00:59:59.999000+00:00,27030270.3618,28806,170977.18,14043732.4383,0,SOLUSDT,1h
2026-05-30 01:00:00+00:00,82.25,82.93,82.16,82.77,516090.88,2026-05-30 01:59:59.999000+00:00,42640090.0487,40844,318978.34,26354103.9616,0,SOLUSDT,1h
2026-05-30 02:00:00+00:00,82.78,82.99,82.73,82.95,308358.61,2026-05-30 02:59:59.999000+00:00,25556979.8068,31689,136526.18,11316908.1499,0,SOLUSDT,1h
2026-05-30 03:00:00+00:00,82.94,83.06,82.57,82.64,420261.69,2026-05-30 03:59:59.999000+00:00,34805259.548,33689,203834.27,16889302.1336,0,SOLUSDT,1h
2026-05-30 04:00:00+00:00,82.63,82.77,81.79,82.28,836254.1,2026-05-30 04:59:59.999000+00:00,68743119.6407,54988,362144.66,29771188.3316,0,SOLUSDT,1h
2026-05-30 05:00:00+00:00,82.28,82.84,82.16,82.55,529794.29,2026-05-30 05:59:59.999000+00:00,43705222.1269,35999,314945.53,25987472.1536,0,SOLUSDT,1h
2026-05-30 06:00:00+00:00,82.55,82.7,82.35,82.44,264348.99,2026-05-30 06:59:59.999000+00:00,21823606.3054,25789,118138.73,9755375.7969,0,SOLUSDT,1h
2026-05-30 07:00:00+00:00,82.43,82.48,82.22,82.34,256550.01,2026-05-30 07:59:59.999000+00:00,21117623.7016,24323,130555.59,10746817.5199,0,SOLUSDT,1h
2026-05-30 08:00:00+00:00,82.34,82.36,82.14,82.19,169534.33,2026-05-30 08:59:59.999000+00:00,13946567.6978,20780,87398.69,7190089.0772,0,SOLUSDT,1h
2026-05-30 09:00:00+00:00,82.18,82.35,82.15,82.28,145488.9,2026-05-30 09:59:59.999000+00:00,11967360.4343,18387,86614.37,7125194.5963,0,SOLUSDT,1h
2026-05-30 10:00:00+00:00,82.29,82.47,82.25,82.33,233567.29,2026-05-30 10:59:59.999000+00:00,19240799.8797,22621,135669.36,11177208.8337,0,SOLUSDT,1h
2026-05-30 11:00:00+00:00,82.33,82.51,82.16,82.28,176192.35,2026-05-30 11:59:59.999000+00:00,14502851.9828,18461,77491.3,6379592.425,0,SOLUSDT,1h
2026-05-30 12:00:00+00:00,82.28,82.4,82.2,82.38,187211.07,2026-05-30 12:59:59.999000+00:00,15404748.5404,21757,110236.53,9071002.7763,0,SOLUSDT,1h
2026-05-30 13:00:00+00:00,82.38,82.53,82.2,82.43,351818.69,2026-05-30 13:59:59.999000+00:00,28990475.4069,26802,187041.66,15414623.3705,0,SOLUSDT,1h
2026-05-30 14:00:00+00:00,82.44,82.73,82.4,82.58,458707.79,2026-05-30 14:59:59.999000+00:00,37874786.3241,35985,256608.89,21189197.2009,0,SOLUSDT,1h
2026-05-30 15:00:00+00:00,82.58,82.89,82.44,82.65,466471.8,2026-05-30 15:59:59.999000+00:00,38539872.4916,42501,232309.93,19193589.1763,0,SOLUSDT,1h
2026-05-30 16:00:00+00:00,82.65,82.9,82.59,82.85,245596.53,2026-05-30 16:59:59.999000+00:00,20326160.572,29273,133316.35,11034057.207,0,SOLUSDT,1h
2026-05-30 17:00:00+00:00,82.85,83.03,82.58,83.01,450820.13,2026-05-30 17:59:59.999000+00:00,37351117.2386,38679,253481.43,21005406.0864,0,SOLUSDT,1h
2026-05-30 18:00:00+00:00,83.0,83.11,82.83,82.97,271306.39,2026-05-30 18:59:59.999000+00:00,22511953.8782,26948,140809.84,11685518.687,0,SOLUSDT,1h
2026-05-30 19:00:00+00:00,82.98,83.0,82.73,82.94,292387.22,2026-05-30 19:59:59.999000+00:00,24234910.771,24546,160574.05,13310183.8749,0,SOLUSDT,1h
2026-05-30 20:00:00+00:00,82.95,83.04,82.81,82.91,157932.12,2026-05-30 20:59:59.999000+00:00,13097727.0163,18295,83052.2,6888207.5689,0,SOLUSDT,1h
2026-05-30 21:00:00+00:00,82.91,83.13,82.86,82.96,319399.46,2026-05-30 21:59:59.999000+00:00,26511261.2159,23719,131448.45,10910640.3219,0,SOLUSDT,1h
2026-05-30 22:00:00+00:00,82.97,82.97,82.4,82.61,442942.41,2026-05-30 22:59:59.999000+00:00,36605326.584,39542,229497.02,18967871.3757,0,SOLUSDT,1h
2026-05-30 23:00:00+00:00,82.6,82.86,82.46,82.69,242904.96,2026-05-30 23:59:59.999000+00:00,20070338.4147,24829,139094.27,11492665.3919,0,SOLUSDT,1h
2026-05-31 00:00:00+00:00,82.69,82.92,82.57,82.9,236813.2,2026-05-31 00:59:59.999000+00:00,19600943.2064,30164,130904.61,10835168.7173,0,SOLUSDT,1h
2026-05-31 01:00:00+00:00,82.89,83.18,82.87,82.97,366691.38,2026-05-31 01:59:59.999000+00:00,30447566.5177,31520,199425.94,16560380.3868,0,SOLUSDT,1h
2026-05-31 02:00:00+00:00,82.97,83.37,82.83,83.11,498304.02,2026-05-31 02:59:59.999000+00:00,41412500.416,44135,286758.24,23839967.1687,0,SOLUSDT,1h
2026-05-31 03:00:00+00:00,83.11,83.31,83.05,83.18,199563.21,2026-05-31 03:59:59.999000+00:00,16597321.1571,23723,93358.01,7765808.559,0,SOLUSDT,1h
2026-05-31 04:00:00+00:00,83.18,83.26,83.05,83.16,179978.17,2026-05-31 04:59:59.999000+00:00,14967252.5201,22397,91724.66,7627844.4513,0,SOLUSDT,1h
2026-05-31 05:00:00+00:00,83.16,83.19,82.95,82.99,196589.72,2026-05-31 05:59:59.999000+00:00,16325731.726,21028,102979.73,8551986.0603,0,SOLUSDT,1h
2026-05-31 06:00:00+00:00,82.99,83.0,82.79,82.92,240278.98,2026-05-31 06:59:59.999000+00:00,19918971.9394,21321,122569.17,10161721.3384,0,SOLUSDT,1h
2026-05-31 07:00:00+00:00,82.92,82.92,82.46,82.61,398918.7,2026-05-31 07:59:59.999000+00:00,32975742.2751,33726,195001.77,16120173.2137,0,SOLUSDT,1h
2026-05-31 08:00:00+00:00,82.62,82.83,82.54,82.76,349532.6,2026-05-31 08:59:59.999000+00:00,28916642.9311,27559,165658.57,13703378.0123,0,SOLUSDT,1h
2026-05-31 09:00:00+00:00,82.76,83.02,82.59,82.7,310005.22,2026-05-31 09:59:59.999000+00:00,25669614.25,28151,163281.24,13520610.8719,0,SOLUSDT,1h
2026-05-31 10:00:00+00:00,82.7,82.71,82.43,82.67,394577.01,2026-05-31 10:59:59.999000+00:00,32580196.7635,28544,184842.75,15262594.2844,0,SOLUSDT,1h
2026-05-31 11:00:00+00:00,82.67,82.82,82.63,82.71,160151.68,2026-05-31 11:59:59.999000+00:00,13249947.0301,19409,78855.7,6523706.9316,0,SOLUSDT,1h
2026-05-31 12:00:00+00:00,82.71,82.9,82.52,82.78,256993.19,2026-05-31 12:59:59.999000+00:00,21267124.1056,26012,144091.55,11925763.4248,0,SOLUSDT,1h
2026-05-31 13:00:00+00:00,82.79,83.09,82.61,82.73,328369.22,2026-05-31 13:59:59.999000+00:00,27211333.5058,31990,182422.06,15117011.4844,0,SOLUSDT,1h
2026-05-31 14:00:00+00:00,82.73,82.73,81.69,81.91,1536006.15,2026-05-31 14:59:59.999000+00:00,126083088.1646,88839,657684.67,53990142.071,0,SOLUSDT,1h
2026-05-31 15:00:00+00:00,81.92,82.23,81.76,81.83,533081.68,2026-05-31 15:59:59.999000+00:00,43699659.1033,40504,257556.09,21112580.3618,0,SOLUSDT,1h
2026-05-31 16:00:00+00:00,81.83,81.99,81.38,81.54,779303.7,2026-05-31 16:59:59.999000+00:00,63605977.3906,61188,340129.08,27763927.832,0,SOLUSDT,1h
2026-05-31 17:00:00+00:00,81.53,81.86,81.41,81.81,334634.53,2026-05-31 17:59:59.999000+00:00,27333014.9698,31769,172987.4,14132624.6018,0,SOLUSDT,1h
2026-05-31 18:00:00+00:00,81.81,81.82,81.56,81.7,269755.18,2026-05-31 18:59:59.999000+00:00,22035958.1665,27593,130686.32,10675977.1276,0,SOLUSDT,1h
2026-05-31 19:00:00+00:00,81.7,81.75,81.28,81.54,290902.33,2026-05-31 19:59:59.999000+00:00,23708389.661,29035,129230.89,10532970.4412,0,SOLUSDT,1h
2026-05-31 20:00:00+00:00,81.55,81.98,81.55,81.92,267598.83,2026-05-31 20:59:59.999000+00:00,21876506.4597,27814,157855.0,12904978.0942,0,SOLUSDT,1h
2026-05-31 21:00:00+00:00,81.92,82.34,81.83,82.27,339760.83,2026-05-31 21:59:59.999000+00:00,27888737.9607,33295,194297.97,15949471.1864,0,SOLUSDT,1h
2026-05-31 22:00:00+00:00,82.26,82.67,81.98,82.49,689543.34,2026-05-31 22:59:59.999000+00:00,56815584.1251,54394,373959.25,30820337.7892,0,SOLUSDT,1h
2026-05-31 23:00:00+00:00,82.5,82.91,81.9,82.39,811960.13,2026-05-31 23:59:59.999000+00:00,66898627.9825,58966,389706.67,32120647.0686,0,SOLUSDT,1h
2026-06-01 00:00:00+00:00,82.4,83.08,82.32,82.78,793577.32,2026-06-01 00:59:59.999000+00:00,65696092.4938,63023,413448.86,34236669.2312,0,SOLUSDT,1h
2026-06-01 01:00:00+00:00,82.78,82.84,81.7,81.72,770283.54,2026-06-01 01:59:59.999000+00:00,63355035.6778,66581,328961.91,27063565.2102,0,SOLUSDT,1h
2026-06-01 02:00:00+00:00,81.71,82.88,81.57,82.63,751335.97,2026-06-01 02:59:59.999000+00:00,61857952.4478,64337,406168.49,33438582.1443,0,SOLUSDT,1h
2026-06-01 03:00:00+00:00,82.63,82.96,82.51,82.59,516784.21,2026-06-01 03:59:59.999000+00:00,42775728.4889,47787,259638.82,21494091.671,0,SOLUSDT,1h
2026-06-01 04:00:00+00:00,82.59,82.74,81.72,81.99,866981.69,2026-06-01 04:59:59.999000+00:00,71125420.3085,59274,442215.01,36281732.0029,0,SOLUSDT,1h
2026-06-01 05:00:00+00:00,81.98,82.07,81.57,81.76,359031.69,2026-06-01 05:59:59.999000+00:00,29382285.3569,40719,164490.78,13463404.2754,0,SOLUSDT,1h
2026-06-01 06:00:00+00:00,81.76,81.83,81.06,81.4,891453.03,2026-06-01 06:59:59.999000+00:00,72563083.2335,71213,343520.48,27957302.2626,0,SOLUSDT,1h
2026-06-01 07:00:00+00:00,81.39,81.52,80.57,80.67,1034440.24,2026-06-01 07:59:59.999000+00:00,83784406.6922,72831,454024.87,36798677.7711,0,SOLUSDT,1h
2026-06-01 08:00:00+00:00,80.67,80.99,80.38,80.92,822570.68,2026-06-01 08:59:59.999000+00:00,66386497.8352,66710,427845.48,34541044.0072,0,SOLUSDT,1h
2026-06-01 09:00:00+00:00,80.92,81.24,80.92,81.04,609678.27,2026-06-01 09:59:59.999000+00:00,49440691.1997,51232,298264.31,24187748.6897,0,SOLUSDT,1h
2026-06-01 10:00:00+00:00,81.04,81.15,80.78,81.05,414963.25,2026-06-01 10:59:59.999000+00:00,33585665.3013,38996,194432.01,15739041.9716,0,SOLUSDT,1h
2026-06-01 11:00:00+00:00,81.04,81.18,80.58,80.78,470761.39,2026-06-01 11:59:59.999000+00:00,38082509.266,39309,211864.27,17145597.3182,0,SOLUSDT,1h
2026-06-01 12:00:00+00:00,80.78,81.04,80.18,80.78,1132381.95,2026-06-01 12:59:59.999000+00:00,91289172.5958,82971,512649.14,41352366.6955,0,SOLUSDT,1h
2026-06-01 13:00:00+00:00,80.79,80.83,79.2,79.79,2640447.48,2026-06-01 13:59:59.999000+00:00,211237139.1329,160045,1102010.32,88193638.3742,0,SOLUSDT,1h
2026-06-01 14:00:00+00:00,79.8,80.06,79.38,79.66,1310301.18,2026-06-01 14:59:59.999000+00:00,104402175.4276,101316,669896.77,53388693.8353,0,SOLUSDT,1h
2026-06-01 15:00:00+00:00,79.67,80.02,79.15,79.56,1342938.46,2026-06-01 15:59:59.999000+00:00,106939437.8173,93053,673084.67,53612879.5658,0,SOLUSDT,1h
2026-06-01 16:00:00+00:00,79.57,80.42,79.06,80.36,1556349.92,2026-06-01 16:59:59.999000+00:00,124088057.1917,93318,839079.59,66939615.9666,0,SOLUSDT,1h
2026-06-01 17:00:00+00:00,80.37,81.2,80.25,80.9,1505948.9,2026-06-01 17:59:59.999000+00:00,121588336.5328,88380,806855.73,65172660.8427,0,SOLUSDT,1h
2026-06-01 18:00:00+00:00,80.9,81.19,80.55,80.81,665932.11,2026-06-01 18:59:59.999000+00:00,53839571.8597,51826,295050.82,23856181.2513,0,SOLUSDT,1h
2026-06-01 19:00:00+00:00,80.82,81.3,80.57,81.16,537972.99,2026-06-01 19:59:59.999000+00:00,43571870.1871,46095,267064.81,21635848.1614,0,SOLUSDT,1h
2026-06-01 20:00:00+00:00,81.16,81.22,80.93,81.11,423356.6,2026-06-01 20:59:59.999000+00:00,34330520.6134,36519,196478.01,15933018.7585,0,SOLUSDT,1h
2026-06-01 21:00:00+00:00,81.1,81.12,80.46,80.65,897290.85,2026-06-01 21:59:59.999000+00:00,72467304.0593,61010,422836.39,34154500.0877,0,SOLUSDT,1h
2026-06-01 22:00:00+00:00,80.64,81.46,80.28,81.36,939449.67,2026-06-01 22:59:59.999000+00:00,75975074.784,65963,533806.19,43200412.0758,0,SOLUSDT,1h
2026-06-01 23:00:00+00:00,81.36,81.66,81.04,81.25,887064.0,2026-06-01 23:59:59.999000+00:00,72161876.7533,58904,521332.09,42422457.8116,0,SOLUSDT,1h
2026-06-02 00:00:00+00:00,81.25,81.27,80.84,80.87,408995.32,2026-06-02 00:59:59.999000+00:00,33152085.999,43218,202258.3,16398088.758,0,SOLUSDT,1h
2026-06-02 01:00:00+00:00,80.86,80.99,80.0,80.07,848178.61,2026-06-02 01:59:59.999000+00:00,68252020.8639,67413,353470.09,28440698.4968,0,SOLUSDT,1h
2026-06-02 02:00:00+00:00,80.07,80.76,79.36,80.76,1257915.33,2026-06-02 02:59:59.999000+00:00,100624652.5176,98681,617792.35,49455984.9818,0,SOLUSDT,1h
2026-06-02 03:00:00+00:00,80.76,81.03,80.61,80.88,530692.6,2026-06-02 03:59:59.999000+00:00,42900525.1431,52148,274278.35,22177570.1054,0,SOLUSDT,1h
2026-06-02 04:00:00+00:00,80.88,80.99,80.33,80.41,642968.29,2026-06-02 04:59:59.999000+00:00,51861537.7248,52056,305515.34,24651153.255,0,SOLUSDT,1h
2026-06-02 05:00:00+00:00,80.4,80.56,79.48,79.58,856475.31,2026-06-02 05:59:59.999000+00:00,68515109.2679,72508,346359.9,27722971.2742,0,SOLUSDT,1h
2026-06-02 06:00:00+00:00,79.58,79.78,79.27,79.54,1112503.29,2026-06-02 06:59:59.999000+00:00,88495446.3742,75604,553704.7,44055213.969,0,SOLUSDT,1h
2026-06-02 07:00:00+00:00,79.54,79.89,79.09,79.63,817640.39,2026-06-02 07:59:59.999000+00:00,65041511.8753,71242,393625.03,31319298.9405,0,SOLUSDT,1h
2026-06-02 08:00:00+00:00,79.63,79.77,79.41,79.57,468692.22,2026-06-02 08:59:59.999000+00:00,37288865.962,48424,247041.84,19655035.3349,0,SOLUSDT,1h
2026-06-02 09:00:00+00:00,79.58,79.61,78.71,79.06,1269221.33,2026-06-02 09:59:59.999000+00:00,100316037.2856,85983,502557.54,39722541.0516,0,SOLUSDT,1h
2026-06-02 10:00:00+00:00,79.06,79.45,78.92,79.4,539088.28,2026-06-02 10:59:59.999000+00:00,42730833.4608,45197,310195.28,24589558.739,0,SOLUSDT,1h
2026-06-02 11:00:00+00:00,79.39,79.41,78.8,78.89,742942.44,2026-06-02 11:59:59.999000+00:00,58747027.744,48861,371501.2,29371495.4883,0,SOLUSDT,1h
2026-06-02 12:00:00+00:00,78.89,79.12,78.56,78.94,702526.45,2026-06-02 12:59:59.999000+00:00,55393206.8146,62516,339496.55,26776631.7809,0,SOLUSDT,1h
2026-06-02 13:00:00+00:00,78.95,79.19,78.76,78.91,785027.17,2026-06-02 13:59:59.999000+00:00,61999369.111,64668,319172.33,25213305.9117,0,SOLUSDT,1h
2026-06-02 14:00:00+00:00,78.91,78.96,76.64,77.38,4104486.79,2026-06-02 14:59:59.999000+00:00,318782239.2648,253594,1827305.73,141906888.0667,0,SOLUSDT,1h
2026-06-02 15:00:00+00:00,77.38,77.43,75.44,76.32,3497204.44,2026-06-02 15:59:59.999000+00:00,267170083.0462,232639,1503221.44,114814657.324,0,SOLUSDT,1h
2026-06-02 16:00:00+00:00,76.33,77.63,76.09,76.67,1861960.05,2026-06-02 16:59:59.999000+00:00,143311139.0192,134017,963946.75,74196571.1358,0,SOLUSDT,1h
2026-06-02 17:00:00+00:00,76.67,77.14,76.4,76.77,1028632.98,2026-06-02 17:59:59.999000+00:00,79018205.5966,81359,547471.19,42075979.1042,0,SOLUSDT,1h
2026-06-02 18:00:00+00:00,76.78,77.03,75.75,76.09,757207.12,2026-06-02 18:59:59.999000+00:00,57786442.0066,74233,319123.87,24364148.641,0,SOLUSDT,1h
2026-06-02 19:00:00+00:00,76.09,76.21,74.37,75.47,2340599.5,2026-06-02 19:59:59.999000+00:00,176178741.1385,154488,1049562.02,79010482.2494,0,SOLUSDT,1h
2026-06-02 20:00:00+00:00,75.47,75.89,74.71,75.39,1077639.15,2026-06-02 20:59:59.999000+00:00,81104049.7574,95802,498279.91,37511520.0957,0,SOLUSDT,1h
2026-06-02 21:00:00+00:00,75.38,76.03,75.26,75.61,749503.77,2026-06-02 21:59:59.999000+00:00,56711709.3267,60744,378709.13,28658737.6901,0,SOLUSDT,1h
2026-06-02 22:00:00+00:00,75.61,75.61,73.27,73.62,2519546.67,2026-06-02 22:59:59.999000+00:00,187480054.5621,179037,1077076.43,80189812.0396,0,SOLUSDT,1h
2026-06-02 23:00:00+00:00,73.63,74.28,72.67,74.18,2494607.19,2026-06-02 23:59:59.999000+00:00,183327930.4985,193643,1267897.2,93220801.9114,0,SOLUSDT,1h
2026-06-03 00:00:00+00:00,74.18,75.08,73.94,74.78,1284325.3,2026-06-03 00:59:59.999000+00:00,95845828.1574,103266,673435.86,50247813.3663,0,SOLUSDT,1h
2026-06-03 01:00:00+00:00,74.79,74.99,74.09,74.69,688405.59,2026-06-03 01:59:59.999000+00:00,51374407.7952,76277,301549.49,22505946.1805,0,SOLUSDT,1h
2026-06-03 02:00:00+00:00,74.7,74.76,74.15,74.36,513518.17,2026-06-03 02:59:59.999000+00:00,38209336.7214,60509,240148.73,17871852.0044,0,SOLUSDT,1h
2026-06-03 03:00:00+00:00,74.36,74.49,72.21,72.66,2058075.29,2026-06-03 03:59:59.999000+00:00,150829851.887,151382,895006.85,65556798.1236,0,SOLUSDT,1h
2026-06-03 04:00:00+00:00,72.66,74.08,72.64,74.03,1124670.88,2026-06-03 04:59:59.999000+00:00,82646365.9869,109190,662472.55,48674451.1443,0,SOLUSDT,1h
2026-06-03 05:00:00+00:00,74.03,74.88,74.01,74.68,1300006.86,2026-06-03 05:59:59.999000+00:00,96939405.0119,103223,658513.88,49094078.7052,0,SOLUSDT,1h
2026-06-03 06:00:00+00:00,74.68,75.31,74.61,74.81,1095082.02,2026-06-03 06:59:59.999000+00:00,82142592.5963,81594,519884.22,38994672.7701,0,SOLUSDT,1h
2026-06-03 07:00:00+00:00,74.81,75.39,74.71,75.21,690584.97,2026-06-03 07:59:59.999000+00:00,51900744.9864,58856,386174.15,29020171.5907,0,SOLUSDT,1h
2026-06-03 08:00:00+00:00,75.21,75.29,74.82,74.95,547813.55,2026-06-03 08:59:59.999000+00:00,41099532.9221,52058,238776.76,17915442.0717,0,SOLUSDT,1h
2026-06-03 09:00:00+00:00,74.95,75.38,74.66,74.95,833791.24,2026-06-03 09:59:59.999000+00:00,62520146.3893,63867,440106.03,33014167.4006,0,SOLUSDT,1h
2026-06-03 10:00:00+00:00,74.95,75.56,74.92,75.5,620694.25,2026-06-03 10:59:59.999000+00:00,46781330.1571,56527,335554.38,25290470.3941,0,SOLUSDT,1h
2026-06-03 11:00:00+00:00,75.51,75.67,74.95,75.09,727163.85,2026-06-03 11:59:59.999000+00:00,54754433.6797,52192,317704.36,23928985.3315,0,SOLUSDT,1h
2026-06-03 12:00:00+00:00,75.09,75.23,74.64,75.14,614743.41,2026-06-03 12:59:59.999000+00:00,46071476.6177,58007,314402.16,23570890.1451,0,SOLUSDT,1h
2026-06-03 13:00:00+00:00,75.14,75.34,74.34,74.53,1189734.82,2026-06-03 13:59:59.999000+00:00,88975399.9535,95645,555783.26,41567877.5454,0,SOLUSDT,1h
2026-06-03 14:00:00+00:00,74.52,74.56,73.78,74.42,1289281.83,2026-06-03 14:59:59.999000+00:00,95618137.8575,103741,605526.28,44930273.7931,0,SOLUSDT,1h
2026-06-03 15:00:00+00:00,74.42,74.45,73.17,73.24,1646474.6,2026-06-03 15:59:59.999000+00:00,121431012.311,113726,745497.01,55004944.5003,0,SOLUSDT,1h
2026-06-03 16:00:00+00:00,73.25,73.43,71.92,72.95,2855442.09,2026-06-03 16:59:59.999000+00:00,207411340.4815,183709,1453778.42,105598740.6383,0,SOLUSDT,1h
2026-06-03 17:00:00+00:00,72.95,74.06,72.34,73.13,1694945.14,2026-06-03 17:59:59.999000+00:00,124155602.9883,123110,846519.34,62026611.3694,0,SOLUSDT,1h
2026-06-03 18:00:00+00:00,73.13,73.44,72.4,73.05,1122793.33,2026-06-03 18:59:59.999000+00:00,81874596.9313,89100,578782.71,42206908.9708,0,SOLUSDT,1h
2026-06-03 19:00:00+00:00,73.05,73.13,71.63,71.94,1846159.84,2026-06-03 19:59:59.999000+00:00,133342260.6557,129262,915477.92,66142203.6921,0,SOLUSDT,1h
2026-06-03 20:00:00+00:00,71.94,72.4,70.84,71.17,2279075.05,2026-06-03 20:59:59.999000+00:00,163253850.8705,158075,1069981.81,76697322.312,0,SOLUSDT,1h
2026-06-03 21:00:00+00:00,71.17,72.84,70.97,72.76,1432193.03,2026-06-03 21:59:59.999000+00:00,103011099.9646,129914,810420.79,58312651.4645,0,SOLUSDT,1h
2026-06-03 22:00:00+00:00,72.76,73.14,71.89,72.17,1074274.75,2026-06-03 22:59:59.999000+00:00,77760605.2715,110129,488708.51,35381298.5702,0,SOLUSDT,1h
2026-06-03 23:00:00+00:00,72.16,72.23,71.51,71.58,924863.49,2026-06-03 23:59:59.999000+00:00,66346760.9474,93716,394876.19,28332816.4526,0,SOLUSDT,1h
2026-06-04 00:00:00+00:00,71.57,72.06,70.26,70.71,2319806.47,2026-06-04 00:59:59.999000+00:00,164673526.3366,183443,1012034.36,71885537.014,0,SOLUSDT,1h
2026-06-04 01:00:00+00:00,70.71,70.92,68.31,68.56,4085695.5,2026-06-04 01:59:59.999000+00:00,283548337.0302,282109,1726310.31,119840172.2275,0,SOLUSDT,1h
2026-06-04 02:00:00+00:00,68.57,70.41,66.59,70.01,5701711.17,2026-06-04 02:59:59.999000+00:00,390687039.574,308433,2705256.45,185499397.0427,0,SOLUSDT,1h
2026-06-04 03:00:00+00:00,70.0,71.59,69.99,71.42,2193011.35,2026-06-04 03:59:59.999000+00:00,155816883.7909,136497,1151248.1,81796029.096,0,SOLUSDT,1h
2026-06-04 04:00:00+00:00,71.41,71.74,70.74,70.85,1184531.76,2026-06-04 04:59:59.999000+00:00,84358365.4083,91632,500320.79,35663764.0887,0,SOLUSDT,1h
2026-06-04 05:00:00+00:00,70.84,70.85,69.84,70.3,1556199.74,2026-06-04 05:59:59.999000+00:00,109326254.8625,115223,724155.47,50875235.6077,0,SOLUSDT,1h
2026-06-04 06:00:00+00:00,70.29,71.18,70.2,70.31,1030591.92,2026-06-04 06:59:59.999000+00:00,72866968.0846,91204,498923.01,35290245.6306,0,SOLUSDT,1h
2026-06-04 07:00:00+00:00,70.32,70.36,69.08,69.1,1610328.19,2026-06-04 07:59:59.999000+00:00,112295609.0067,113705,688280.46,48002116.8366,0,SOLUSDT,1h
2026-06-04 08:00:00+00:00,69.11,69.41,68.26,69.18,1872099.18,2026-06-04 08:59:59.999000+00:00,128939306.5087,140390,960820.78,66210211.3179,0,SOLUSDT,1h
2026-06-04 09:00:00+00:00,69.18,69.23,67.68,68.83,1946553.55,2026-06-04 09:59:59.999000+00:00,132856573.9707,154537,904788.37,61760990.2318,0,SOLUSDT,1h
2026-06-04 10:00:00+00:00,68.82,68.89,67.48,67.84,2205070.26,2026-06-04 10:59:59.999000+00:00,150266368.1098,153387,1075572.68,73282633.354,0,SOLUSDT,1h
2026-06-04 11:00:00+00:00,67.84,68.66,67.32,68.63,1827511.38,2026-06-04 11:59:59.999000+00:00,124307415.4634,129508,1009991.37,68702431.0511,0,SOLUSDT,1h
2026-06-04 12:00:00+00:00,68.63,70.34,68.27,70.05,2547548.09,2026-06-04 12:59:59.999000+00:00,176704773.1488,178952,1430577.0,99243867.6283,0,SOLUSDT,1h
2026-06-04 13:00:00+00:00,70.06,70.55,68.96,70.33,2102761.98,2026-06-04 13:59:59.999000+00:00,146897995.7517,178291,1045079.24,73040028.1172,0,SOLUSDT,1h
2026-06-04 14:00:00+00:00,70.33,70.6,69.52,69.73,1238278.87,2026-06-04 14:59:59.999000+00:00,86707349.6677,120403,532855.97,37328215.1111,0,SOLUSDT,1h
2026-06-04 15:00:00+00:00,69.74,70.48,69.36,69.61,1544504.54,2026-06-04 15:59:59.999000+00:00,107881709.3747,121631,744819.9,52047241.0104,0,SOLUSDT,1h
2026-06-04 16:00:00+00:00,69.61,69.64,68.93,69.38,986462.09,2026-06-04 16:59:59.999000+00:00,68366595.9075,96503,543856.85,37704484.5035,0,SOLUSDT,1h
2026-06-04 17:00:00+00:00,69.38,69.71,68.44,69.2,1230052.38,2026-06-04 17:59:59.999000+00:00,84936856.4804,109421,586741.18,40532775.5531,0,SOLUSDT,1h
2026-06-04 18:00:00+00:00,69.19,69.86,68.59,69.46,1054156.76,2026-06-04 18:59:59.999000+00:00,73082862.2292,93782,530107.78,36770788.5194,0,SOLUSDT,1h
2026-06-04 19:00:00+00:00,69.45,69.68,68.98,69.05,944482.84,2026-06-04 19:59:59.999000+00:00,65451397.4638,75087,506911.21,35138718.1753,0,SOLUSDT,1h
2026-06-04 20:00:00+00:00,69.04,69.1,68.38,68.77,839395.05,2026-06-04 20:59:59.999000+00:00,57687801.655,78706,362123.19,24881726.9088,0,SOLUSDT,1h
2026-06-04 21:00:00+00:00,68.76,69.01,67.55,67.76,1047654.16,2026-06-04 21:59:59.999000+00:00,71487856.799,95445,520246.15,35515631.7904,0,SOLUSDT,1h
2026-06-04 22:00:00+00:00,67.75,68.53,67.51,68.44,1313631.5,2026-06-04 22:59:59.999000+00:00,89217202.7851,126576,642310.96,43634185.9445,0,SOLUSDT,1h
2026-06-04 23:00:00+00:00,68.43,68.88,67.94,68.82,901452.02,2026-06-04 23:59:59.999000+00:00,61760090.5976,86392,454376.87,31136873.9318,0,SOLUSDT,1h
2026-06-05 00:00:00+00:00,68.81,69.06,68.21,68.24,1024009.19,2026-06-05 00:59:59.999000+00:00,70317734.3956,94188,506427.79,34786591.7062,0,SOLUSDT,1h
2026-06-05 01:00:00+00:00,68.25,68.78,67.51,68.46,1452929.22,2026-06-05 01:59:59.999000+00:00,99031704.1364,117343,727290.83,49577472.2108,0,SOLUSDT,1h
2026-06-05 02:00:00+00:00,68.46,68.57,67.14,67.27,1682948.21,2026-06-05 02:59:59.999000+00:00,114141150.5843,127332,729385.44,49471428.1886,0,SOLUSDT,1h
2026-06-05 03:00:00+00:00,67.28,67.83,66.88,67.05,1745858.68,2026-06-05 03:59:59.999000+00:00,117336498.5396,136673,819022.03,55064363.3629,0,SOLUSDT,1h
2026-06-05 04:00:00+00:00,67.05,67.98,66.41,67.91,2321016.52,2026-06-05 04:59:59.999000+00:00,156209445.0995,151938,1160774.91,78145752.4163,0,SOLUSDT,1h
2026-06-05 05:00:00+00:00,67.91,68.05,66.02,66.17,2374205.1,2026-06-05 05:59:59.999000+00:00,158904494.7114,162694,1087956.05,72893996.7464,0,SOLUSDT,1h
2026-06-05 06:00:00+00:00,66.18,66.51,63.74,64.99,6460384.86,2026-06-05 06:59:59.999000+00:00,420069637.1881,375689,2976166.94,193558206.6009,0,SOLUSDT,1h
2026-06-05 07:00:00+00:00,64.99,66.26,63.85,66.11,2910782.66,2026-06-05 07:59:59.999000+00:00,189673347.9554,239629,1430905.33,93259840.9561,0,SOLUSDT,1h
2026-06-05 08:00:00+00:00,66.12,66.16,65.02,65.25,1332111.01,2026-06-05 08:59:59.999000+00:00,87353260.8425,122312,572074.58,37519152.2198,0,SOLUSDT,1h
2026-06-05 09:00:00+00:00,65.26,66.56,65.24,66.51,1636730.64,2026-06-05 09:59:59.999000+00:00,108099391.8942,127751,863457.66,57030745.9292,0,SOLUSDT,1h
2026-06-05 10:00:00+00:00,66.51,66.7,66.1,66.37,867782.37,2026-06-05 10:59:59.999000+00:00,57622704.4402,90884,436997.34,29024208.978,0,SOLUSDT,1h
2026-06-05 11:00:00+00:00,66.36,66.75,65.78,66.04,1318902.36,2026-06-05 11:59:59.999000+00:00,87354847.4698,109059,675683.91,44756138.0244,0,SOLUSDT,1h
2026-06-05 12:00:00+00:00,66.03,66.32,65.17,65.79,1711433.28,2026-06-05 12:59:59.999000+00:00,112511351.9811,165558,865901.61,56936164.4055,0,SOLUSDT,1h
2026-06-05 13:00:00+00:00,65.78,66.79,64.25,64.28,2777753.83,2026-06-05 13:59:59.999000+00:00,182623381.5868,200933,1237638.15,81409736.2992,0,SOLUSDT,1h
2026-06-05 14:00:00+00:00,64.28,65.83,63.89,65.24,3889810.18,2026-06-05 14:59:59.999000+00:00,252701952.9,284323,2089104.77,135735454.3361,0,SOLUSDT,1h
2026-06-05 15:00:00+00:00,65.24,65.32,63.73,64.2,3525164.98,2026-06-05 15:59:59.999000+00:00,227150901.4556,240054,1724271.49,111138985.3242,0,SOLUSDT,1h
2026-06-05 16:00:00+00:00,64.2,65.95,63.13,65.84,5108576.29,2026-06-05 16:59:59.999000+00:00,330144540.449,332164,2578740.48,166749390.7815,0,SOLUSDT,1h
2026-06-05 17:00:00+00:00,65.83,66.04,64.76,65.05,1572664.46,2026-06-05 17:59:59.999000+00:00,102664152.0379,152428,735004.87,47973271.7574,0,SOLUSDT,1h
2026-06-05 18:00:00+00:00,65.06,65.36,62.57,62.86,3269905.54,2026-06-05 18:59:59.999000+00:00,208470979.3775,225970,1479729.72,94315236.8683,0,SOLUSDT,1h
2026-06-05 19:00:00+00:00,62.86,63.8,61.4,63.38,4209400.15,2026-06-05 19:59:59.999000+00:00,262958612.7012,308999,2025076.67,126565542.0969,0,SOLUSDT,1h
2026-06-05 20:00:00+00:00,63.39,64.78,62.61,64.6,2444000.59,2026-06-05 20:59:59.999000+00:00,156326570.0175,196069,1292204.31,82683572.8053,0,SOLUSDT,1h
2026-06-05 21:00:00+00:00,64.59,65.38,64.49,64.83,1090671.46,2026-06-05 21:59:59.999000+00:00,70794396.6795,117116,573601.8,37239982.249,0,SOLUSDT,1h
2026-06-05 22:00:00+00:00,64.84,64.86,63.75,64.38,1775925.22,2026-06-05 22:59:59.999000+00:00,114202288.3407,161161,899734.84,57856477.0082,0,SOLUSDT,1h
2026-06-05 23:00:00+00:00,64.38,64.76,62.6,63.6,1587588.14,2026-06-05 23:59:59.999000+00:00,100822560.2337,136019,665641.6,42268361.9002,0,SOLUSDT,1h
2026-06-06 00:00:00+00:00,63.6,64.81,63.58,64.62,1082703.39,2026-06-06 00:59:59.999000+00:00,69668267.5878,103167,554417.2,35668475.364,0,SOLUSDT,1h
2026-06-06 01:00:00+00:00,64.62,64.82,63.72,63.81,901972.21,2026-06-06 01:59:59.999000+00:00,57940047.6705,97000,381737.83,24526844.7766,0,SOLUSDT,1h
2026-06-06 02:00:00+00:00,63.8,63.91,63.22,63.47,858895.5,2026-06-06 02:59:59.999000+00:00,54611821.7592,103320,433572.16,27571050.9047,0,SOLUSDT,1h
2026-06-06 03:00:00+00:00,63.48,63.49,62.52,62.79,1197337.67,2026-06-06 03:59:59.999000+00:00,75373642.9516,115997,633615.22,39879284.2751,0,SOLUSDT,1h
2026-06-06 04:00:00+00:00,62.79,63.09,60.27,60.8,3836029.31,2026-06-06 04:59:59.999000+00:00,234996811.1377,266461,1821629.66,111620599.9067,0,SOLUSDT,1h
2026-06-06 05:00:00+00:00,60.81,62.69,60.03,62.57,3411156.5,2026-06-06 05:59:59.999000+00:00,210232727.1058,233936,1663863.71,102618567.0882,0,SOLUSDT,1h
2026-06-06 06:00:00+00:00,62.57,63.31,62.04,62.17,1622203.88,2026-06-06 06:59:59.999000+00:00,101783835.6395,138709,724850.76,45505328.6647,0,SOLUSDT,1h
2026-06-06 07:00:00+00:00,62.18,63.14,62.02,62.75,1277111.93,2026-06-06 07:59:59.999000+00:00,80081720.7344,99174,667133.55,41830149.5588,0,SOLUSDT,1h
2026-06-06 08:00:00+00:00,62.75,63.58,62.49,63.14,1101305.05,2026-06-06 08:59:59.999000+00:00,69517228.694,97815,604693.5,38172518.9054,0,SOLUSDT,1h
2026-06-06 09:00:00+00:00,63.13,63.53,62.44,62.66,906055.7,2026-06-06 09:59:59.999000+00:00,57087058.3211,85426,461990.46,29114249.8208,0,SOLUSDT,1h
2026-06-06 10:00:00+00:00,62.66,62.67,61.13,61.78,2132847.35,2026-06-06 10:59:59.999000+00:00,131640756.881,145425,958627.51,59132139.0542,0,SOLUSDT,1h
2026-06-06 11:00:00+00:00,61.77,62.64,61.71,62.4,1101888.1,2026-06-06 11:59:59.999000+00:00,68536232.775,87234,547676.46,34063293.7685,0,SOLUSDT,1h
2026-06-06 12:00:00+00:00,62.4,63.06,61.98,62.87,1350131.76,2026-06-06 12:59:59.999000+00:00,84474622.3564,97576,677085.48,42373822.0938,0,SOLUSDT,1h
2026-06-06 13:00:00+00:00,62.88,63.02,62.12,62.4,886771.99,2026-06-06 13:59:59.999000+00:00,55460791.2064,81172,452845.62,28321838.7983,0,SOLUSDT,1h
2026-06-06 14:00:00+00:00,62.39,62.89,62.26,62.29,816057.99,2026-06-06 14:59:59.999000+00:00,51133029.5491,85332,393142.88,24639131.0932,0,SOLUSDT,1h
2026-06-06 15:00:00+00:00,62.3,62.45,61.26,62.01,2029103.68,2026-06-06 15:59:59.999000+00:00,125458541.993,135048,1035829.11,64043426.9871,0,SOLUSDT,1h
2026-06-06 16:00:00+00:00,62.01,62.38,61.33,62.1,1176068.22,2026-06-06 16:59:59.999000+00:00,72725206.4206,104854,565273.49,34964317.4424,0,SOLUSDT,1h
2026-06-06 17:00:00+00:00,62.1,62.24,61.41,61.59,1043752.82,2026-06-06 17:59:59.999000+00:00,64521807.9074,86305,524876.63,32452053.9381,0,SOLUSDT,1h
2026-06-06 18:00:00+00:00,61.58,62.11,61.37,61.69,729856.14,2026-06-06 18:59:59.999000+00:00,45014036.7764,72098,366064.69,22575282.9784,0,SOLUSDT,1h
2026-06-06 19:00:00+00:00,61.7,62.17,61.59,61.59,796171.19,2026-06-06 19:59:59.999000+00:00,49269593.2279,60529,403284.4,24947118.2103,0,SOLUSDT,1h
2026-06-06 20:00:00+00:00,61.59,61.91,61.31,61.82,842230.82,2026-06-06 20:59:59.999000+00:00,51865227.8448,65677,432045.71,26606188.6459,0,SOLUSDT,1h
2026-06-06 21:00:00+00:00,61.81,62.34,61.79,61.86,830930.57,2026-06-06 21:59:59.999000+00:00,51577730.9121,53080,457274.52,28384550.5361,0,SOLUSDT,1h
2026-06-06 22:00:00+00:00,61.86,61.95,61.42,61.67,738107.98,2026-06-06 22:59:59.999000+00:00,45508246.2037,68572,365118.0,22506849.189,0,SOLUSDT,1h
2026-06-06 23:00:00+00:00,61.67,62.27,61.63,62.16,544572.94,2026-06-06 23:59:59.999000+00:00,33778373.829,51591,237927.71,14760577.6162,0,SOLUSDT,1h
2026-06-07 00:00:00+00:00,62.16,62.61,61.91,62.06,965620.14,2026-06-07 00:59:59.999000+00:00,60163699.4406,62568,516854.68,32212088.1053,0,SOLUSDT,1h
2026-06-07 01:00:00+00:00,62.05,63.85,61.99,63.62,2566368.22,2026-06-07 01:59:59.999000+00:00,162201935.4369,145454,1451661.11,91780827.1425,0,SOLUSDT,1h
2026-06-07 02:00:00+00:00,63.63,63.75,63.02,63.5,1256387.03,2026-06-07 02:59:59.999000+00:00,79631127.2702,82567,629714.06,39917469.241,0,SOLUSDT,1h
2026-06-07 03:00:00+00:00,63.51,64.18,63.36,63.77,1038200.45,2026-06-07 03:59:59.999000+00:00,66195550.2908,75878,612935.92,39093136.1724,0,SOLUSDT,1h
2026-06-07 04:00:00+00:00,63.77,64.08,63.25,64.05,1002278.91,2026-06-07 04:59:59.999000+00:00,63864488.5488,68501,546199.13,34806048.7009,0,SOLUSDT,1h
2026-06-07 05:00:00+00:00,64.04,64.46,63.84,64.2,1317616.27,2026-06-07 05:59:59.999000+00:00,84596727.2787,89196,733065.59,47074434.1079,0,SOLUSDT,1h
2026-06-07 06:00:00+00:00,64.2,64.95,63.98,64.79,1353879.36,2026-06-07 06:59:59.999000+00:00,87496010.4629,88001,785390.17,50755487.0342,0,SOLUSDT,1h
2026-06-07 07:00:00+00:00,64.79,64.97,64.55,64.87,808938.96,2026-06-07 07:59:59.999000+00:00,52405428.9202,59597,406039.82,26309056.769,0,SOLUSDT,1h
2026-06-07 08:00:00+00:00,64.86,65.93,64.44,65.92,1930905.6,2026-06-07 08:59:59.999000+00:00,125801058.3612,104841,1120341.19,73074267.3147,0,SOLUSDT,1h
2026-06-07 09:00:00+00:00,65.92,66.07,64.77,64.95,1622499.66,2026-06-07 09:59:59.999000+00:00,106247674.2544,103074,708715.22,46455112.3081,0,SOLUSDT,1h
2026-06-07 10:00:00+00:00,64.95,65.02,64.35,64.59,952320.26,2026-06-07 10:59:59.999000+00:00,61615813.2633,77450,396235.07,25646623.1893,0,SOLUSDT,1h
2026-06-07 11:00:00+00:00,64.6,65.17,64.46,64.97,834243.47,2026-06-07 11:59:59.999000+00:00,54067602.5534,62007,438573.6,28423860.7875,0,SOLUSDT,1h
2026-06-07 12:00:00+00:00,64.96,65.03,63.58,64.25,2347679.06,2026-06-07 12:59:59.999000+00:00,150449507.8541,150884,1106275.05,70893739.3279,0,SOLUSDT,1h
2026-06-07 13:00:00+00:00,64.25,64.39,64.02,64.27,737430.95,2026-06-07 13:59:59.999000+00:00,47344680.1607,62546,347038.59,22283710.595,0,SOLUSDT,1h
2026-06-07 14:00:00+00:00,64.27,65.31,64.26,64.86,1385022.24,2026-06-07 14:59:59.999000+00:00,89790746.4696,96507,770369.65,49956946.5585,0,SOLUSDT,1h
2026-06-07 15:00:00+00:00,64.86,65.2,64.58,64.93,812216.97,2026-06-07 15:59:59.999000+00:00,52687596.3364,71266,432120.97,28035746.4821,0,SOLUSDT,1h
2026-06-07 16:00:00+00:00,64.93,65.27,64.69,65.09,893928.67,2026-06-07 16:59:59.999000+00:00,58133070.4983,70717,477133.59,31039346.9799,0,SOLUSDT,1h
2026-06-07 17:00:00+00:00,65.09,65.58,65.02,65.27,761999.3,2026-06-07 17:59:59.999000+00:00,49800148.1634,66818,402897.55,26337867.0816,0,SOLUSDT,1h
2026-06-07 18:00:00+00:00,65.26,65.52,64.84,64.9,612552.93,2026-06-07 18:59:59.999000+00:00,39948358.4839,53238,253036.49,16511072.8549,0,SOLUSDT,1h
2026-06-07 19:00:00+00:00,64.89,64.92,63.56,63.89,1814857.05,2026-06-07 19:59:59.999000+00:00,116275901.4716,132426,840153.19,53820885.9652,0,SOLUSDT,1h
2026-06-07 20:00:00+00:00,63.88,64.75,63.67,64.63,872336.81,2026-06-07 20:59:59.999000+00:00,56099214.033,75211,479455.25,30829208.8205,0,SOLUSDT,1h
2026-06-07 21:00:00+00:00,64.64,64.87,64.24,64.57,529912.86,2026-06-07 21:59:59.999000+00:00,34183930.8065,58815,240864.24,15538945.4924,0,SOLUSDT,1h
2026-06-07 22:00:00+00:00,64.58,67.9,64.46,65.78,4493712.22,2026-06-07 22:59:59.999000+00:00,298644920.0181,262315,2394539.43,159061671.328,0,SOLUSDT,1h
2026-06-07 23:00:00+00:00,65.77,66.61,65.72,66.45,1252673.62,2026-06-07 23:59:59.999000+00:00,82827010.4848,104823,676525.15,44748693.5756,0,SOLUSDT,1h
2026-06-08 00:00:00+00:00,66.46,67.07,65.96,66.66,1155795.33,2026-06-08 00:59:59.999000+00:00,76897389.1432,112216,564699.94,37596081.7244,0,SOLUSDT,1h
2026-06-08 01:00:00+00:00,66.67,66.75,65.33,66.12,1276937.54,2026-06-08 01:59:59.999000+00:00,84121635.2919,126235,611982.72,40324412.2118,0,SOLUSDT,1h
2026-06-08 02:00:00+00:00,66.13,66.59,66.0,66.4,774495.46,2026-06-08 02:59:59.999000+00:00,51337750.1226,77776,406277.91,26930879.8832,0,SOLUSDT,1h
2026-06-08 03:00:00+00:00,66.4,66.71,66.12,66.3,603741.08,2026-06-08 03:59:59.999000+00:00,40062332.7583,61169,270449.33,17950034.8539,0,SOLUSDT,1h
2026-06-08 04:00:00+00:00,66.31,66.37,65.31,65.37,979180.04,2026-06-08 04:59:59.999000+00:00,64313374.6057,78130,412672.15,27098233.5319,0,SOLUSDT,1h
2026-06-08 05:00:00+00:00,65.37,65.6,64.92,65.28,819616.41,2026-06-08 05:59:59.999000+00:00,53457037.9208,78832,382381.81,24944707.7859,0,SOLUSDT,1h
2026-06-08 06:00:00+00:00,65.29,65.84,65.22,65.63,841362.42,2026-06-08 06:59:59.999000+00:00,55185961.1158,69942,443309.64,29075250.0498,0,SOLUSDT,1h
2026-06-08 07:00:00+00:00,65.63,66.18,65.32,66.06,744582.6,2026-06-08 07:59:59.999000+00:00,48991735.5809,71681,424199.35,27922264.2031,0,SOLUSDT,1h
2026-06-08 08:00:00+00:00,66.06,66.06,65.4,65.58,642472.78,2026-06-08 08:59:59.999000+00:00,42203477.4982,67282,280601.85,18430635.3002,0,SOLUSDT,1h
2026-06-08 09:00:00+00:00,65.58,66.34,65.54,66.32,864998.18,2026-06-08 09:59:59.999000+00:00,57091984.9361,76409,468862.88,30949850.5137,0,SOLUSDT,1h
2026-06-08 10:00:00+00:00,66.33,66.41,65.75,66.16,798800.34,2026-06-08 10:59:59.999000+00:00,52808008.0283,75108,375792.51,24847627.9962,0,SOLUSDT,1h
2026-06-08 11:00:00+00:00,66.15,67.03,66.0,66.65,1334880.42,2026-06-08 11:59:59.999000+00:00,88936768.5363,92184,744538.23,49601618.1915,0,SOLUSDT,1h
2026-06-08 12:00:00+00:00,66.65,67.3,65.95,67.23,1777109.09,2026-06-08 12:59:59.999000+00:00,118285828.9168,123990,899654.12,59907407.2964,0,SOLUSDT,1h
2026-06-08 13:00:00+00:00,67.24,67.26,66.37,66.73,1401136.68,2026-06-08 13:59:59.999000+00:00,93571050.0236,114242,698983.43,46680519.9133,0,SOLUSDT,1h
2026-06-08 14:00:00+00:00,66.74,67.29,66.4,67.25,1149229.78,2026-06-08 14:59:59.999000+00:00,76853117.7342,100377,588854.95,39388080.4006,0,SOLUSDT,1h
2026-06-08 15:00:00+00:00,67.25,67.78,67.01,67.14,1390717.29,2026-06-08 15:59:59.999000+00:00,93740325.0961,112564,616829.83,41588636.6207,0,SOLUSDT,1h
2026-06-08 16:00:00+00:00,67.15,67.72,66.84,66.91,1010247.93,2026-06-08 16:59:59.999000+00:00,67935411.1625,86180,439462.56,29565102.5789,0,SOLUSDT,1h
2026-06-08 17:00:00+00:00,66.9,67.36,66.5,67.34,862760.24,2026-06-08 17:59:59.999000+00:00,57675462.2474,80141,438092.59,29297773.0118,0,SOLUSDT,1h
2026-06-08 18:00:00+00:00,67.33,67.59,67.11,67.39,686864.0,2026-06-08 18:59:59.999000+00:00,46279722.7822,61275,325562.97,21942889.6156,0,SOLUSDT,1h
2026-06-08 19:00:00+00:00,67.39,67.79,67.23,67.44,967109.58,2026-06-08 19:59:59.999000+00:00,65314145.4257,70289,483926.63,32689765.8284,0,SOLUSDT,1h
2026-06-08 20:00:00+00:00,67.44,67.5,66.89,67.45,731552.09,2026-06-08 20:59:59.999000+00:00,49157963.3765,56033,353494.95,23752847.9485,0,SOLUSDT,1h
2026-06-08 21:00:00+00:00,67.45,68.16,67.38,67.44,986167.3,2026-06-08 21:59:59.999000+00:00,66862501.6314,69396,551916.13,37431310.2753,0,SOLUSDT,1h
2026-06-08 22:00:00+00:00,67.43,67.43,66.8,67.14,776979.58,2026-06-08 22:59:59.999000+00:00,52116742.9,68094,402850.11,27023836.5342,0,SOLUSDT,1h
2026-06-08 23:00:00+00:00,67.14,67.37,66.61,66.79,675757.04,2026-06-08 23:59:59.999000+00:00,45184548.0488,67153,315003.64,21069120.8112,0,SOLUSDT,1h
2026-06-09 00:00:00+00:00,66.78,66.85,65.23,65.38,2495406.58,2026-06-09 00:59:59.999000+00:00,164275826.6632,141203,1065156.05,70122623.6527,0,SOLUSDT,1h
2026-06-09 01:00:00+00:00,65.38,66.03,65.33,65.94,947510.65,2026-06-09 01:59:59.999000+00:00,62251359.1548,76213,555489.48,36490123.089,0,SOLUSDT,1h
2026-06-09 02:00:00+00:00,65.93,66.04,65.48,65.88,593864.69,2026-06-09 02:59:59.999000+00:00,39035115.7077,63018,285356.85,18759904.4524,0,SOLUSDT,1h
2026-06-09 03:00:00+00:00,65.87,66.06,65.62,65.97,402764.51,2026-06-09 03:59:59.999000+00:00,26521898.943,46524,207217.5,13647442.0914,0,SOLUSDT,1h
2026-06-09 04:00:00+00:00,65.97,67.4,65.78,66.97,1986406.66,2026-06-09 04:59:59.999000+00:00,132607538.6046,107589,1144712.05,76390284.3718,0,SOLUSDT,1h
2026-06-09 05:00:00+00:00,66.97,67.37,66.66,67.16,983467.29,2026-06-09 05:59:59.999000+00:00,65938307.8488,71201,531846.95,35671729.7191,0,SOLUSDT,1h
2026-06-09 06:00:00+00:00,67.16,67.45,66.93,67.02,603973.35,2026-06-09 06:59:59.999000+00:00,40588172.0653,49850,291825.49,19620637.5244,0,SOLUSDT,1h
2026-06-09 07:00:00+00:00,67.03,67.33,66.57,66.85,874574.45,2026-06-09 07:59:59.999000+00:00,58477203.3321,58550,354324.75,23706794.016,0,SOLUSDT,1h
2026-06-09 08:00:00+00:00,66.86,66.9,66.34,66.54,1050009.79,2026-06-09 08:59:59.999000+00:00,69884147.8478,65554,470055.31,31285024.8264,0,SOLUSDT,1h
2026-06-09 09:00:00+00:00,66.55,66.79,66.02,66.12,805077.59,2026-06-09 09:59:59.999000+00:00,53403726.7883,56405,318234.92,21121852.7321,0,SOLUSDT,1h
2026-06-09 10:00:00+00:00,66.13,66.45,65.94,66.36,661670.2,2026-06-09 10:59:59.999000+00:00,43773890.702,53522,346412.05,22925530.6971,0,SOLUSDT,1h
2026-06-09 11:00:00+00:00,66.37,66.43,65.84,66.07,674064.98,2026-06-09 11:59:59.999000+00:00,44527619.4931,53683,318950.67,21067445.6912,0,SOLUSDT,1h
2026-06-09 12:00:00+00:00,66.07,66.49,65.91,66.17,896721.42,2026-06-09 12:59:59.999000+00:00,59358212.4129,60465,516659.17,34201629.7809,0,SOLUSDT,1h
2026-06-09 13:00:00+00:00,66.17,66.34,65.55,65.8,1366324.32,2026-06-09 13:59:59.999000+00:00,90027706.7191,101916,657077.71,43303136.722,0,SOLUSDT,1h
2026-06-09 14:00:00+00:00,65.81,65.96,64.33,65.03,3500035.05,2026-06-09 14:59:59.999000+00:00,227291546.4975,199061,1505325.18,97798934.2534,0,SOLUSDT,1h
2026-06-09 15:00:00+00:00,65.04,65.29,64.22,64.29,2156964.16,2026-06-09 15:59:59.999000+00:00,139717330.5321,131741,1065006.1,69020409.0632,0,SOLUSDT,1h
2026-06-09 16:00:00+00:00,64.28,64.46,63.5,64.12,2856468.81,2026-06-09 16:59:59.999000+00:00,182826614.059,162646,1394973.48,89316921.5294,0,SOLUSDT,1h
2026-06-09 17:00:00+00:00,64.12,65.14,64.06,64.76,1717900.05,2026-06-09 17:59:59.999000+00:00,111162454.0138,106882,971707.46,62855266.9802,0,SOLUSDT,1h
2026-06-09 18:00:00+00:00,64.75,65.53,64.63,65.26,1177726.71,2026-06-09 18:59:59.999000+00:00,76734291.5379,84607,694576.11,45274373.1958,0,SOLUSDT,1h
2026-06-09 19:00:00+00:00,65.25,65.63,65.01,65.38,936549.71,2026-06-09 19:59:59.999000+00:00,61182767.2548,73867,468827.75,30642158.7307,0,SOLUSDT,1h
2026-06-09 20:00:00+00:00,65.38,65.68,65.25,65.59,471999.49,2026-06-09 20:59:59.999000+00:00,30896236.6479,46585,251297.18,16450931.3368,0,SOLUSDT,1h
2026-06-09 21:00:00+00:00,65.58,65.63,64.84,64.99,574371.65,2026-06-09 21:59:59.999000+00:00,37436817.5069,44268,226099.96,14741679.0596,0,SOLUSDT,1h
2026-06-09 22:00:00+00:00,64.99,65.32,64.78,64.85,454095.67,2026-06-09 22:59:59.999000+00:00,29530713.7624,45470,214331.03,13941818.038,0,SOLUSDT,1h
2026-06-09 23:00:00+00:00,64.84,65.14,64.64,64.92,557030.39,2026-06-09 23:59:59.999000+00:00,36143285.3548,51345,264692.87,17175768.7081,0,SOLUSDT,1h
2026-06-10 00:00:00+00:00,64.93,65.19,64.44,65.15,714991.28,2026-06-10 00:59:59.999000+00:00,46353181.1025,65625,318104.46,20636637.6539,0,SOLUSDT,1h
2026-06-10 01:00:00+00:00,65.15,65.27,64.76,65.06,610203.15,2026-06-10 01:59:59.999000+00:00,39704996.6267,66836,310299.49,20190635.2035,0,SOLUSDT,1h
2026-06-10 02:00:00+00:00,65.06,65.21,64.2,64.27,825560.81,2026-06-10 02:59:59.999000+00:00,53304529.6873,67683,375905.44,24283502.583,0,SOLUSDT,1h
2026-06-10 03:00:00+00:00,64.26,64.82,64.23,64.48,422698.39,2026-06-10 03:59:59.999000+00:00,27279453.2879,48017,208614.35,13463965.0657,0,SOLUSDT,1h
2026-06-10 04:00:00+00:00,64.47,64.62,64.08,64.25,459026.52,2026-06-10 04:59:59.999000+00:00,29519271.692,49179,213671.93,13743838.4268,0,SOLUSDT,1h
2026-06-10 05:00:00+00:00,64.26,64.35,63.87,64.09,567644.09,2026-06-10 05:59:59.999000+00:00,36363800.6881,55658,260325.78,16679140.6144,0,SOLUSDT,1h
2026-06-10 06:00:00+00:00,64.09,64.33,63.78,64.15,576466.37,2026-06-10 06:59:59.999000+00:00,36937445.2648,55772,303731.65,19464330.9179,0,SOLUSDT,1h
2026-06-10 07:00:00+00:00,64.15,64.74,64.09,64.45,708424.7,2026-06-10 07:59:59.999000+00:00,45684691.3797,55826,344893.72,22241586.377,0,SOLUSDT,1h
2026-06-10 08:00:00+00:00,64.46,64.48,63.37,63.58,1304998.92,2026-06-10 08:59:59.999000+00:00,83238898.6169,83599,590604.38,37663424.0633,0,SOLUSDT,1h
2026-06-10 09:00:00+00:00,63.58,63.72,63.02,63.6,1052788.79,2026-06-10 09:59:59.999000+00:00,66740151.9414,74246,555739.43,35244745.672,0,SOLUSDT,1h
2026-06-10 10:00:00+00:00,63.61,63.76,63.23,63.64,578074.22,2026-06-10 10:59:59.999000+00:00,36702255.5886,51847,281334.41,17865117.5257,0,SOLUSDT,1h
2026-06-10 11:00:00+00:00,63.65,63.74,62.91,63.47,1457762.62,2026-06-10 11:59:59.999000+00:00,92270476.684,99452,699061.92,44258958.8739,0,SOLUSDT,1h
2026-06-10 12:00:00+00:00,63.47,64.65,63.26,64.09,2422154.86,2026-06-10 12:59:59.999000+00:00,155282440.1437,143250,1185364.88,75996166.0089,0,SOLUSDT,1h
2026-06-10 13:00:00+00:00,64.09,65.52,63.97,65.03,2382898.18,2026-06-10 13:59:59.999000+00:00,154527897.7326,146082,1231081.27,79823302.6729,0,SOLUSDT,1h
2026-06-10 14:00:00+00:00,65.04,65.25,64.54,65.01,1525488.86,2026-06-10 14:59:59.999000+00:00,98981057.7234,118519,765624.32,49701204.9582,0,SOLUSDT,1h
2026-06-10 15:00:00+00:00,65.02,65.74,64.5,65.4,2311251.61,2026-06-10 15:59:59.999000+00:00,150543572.0392,148932,1225064.18,79824036.5628,0,SOLUSDT,1h
2026-06-10 16:00:00+00:00,65.41,65.44,64.18,64.58,1395885.9,2026-06-10 16:59:59.999000+00:00,90503265.2007,106368,673328.66,43676442.9335,0,SOLUSDT,1h
2026-06-10 17:00:00+00:00,64.58,64.93,63.58,64.0,1317455.31,2026-06-10 17:59:59.999000+00:00,84427140.134,109449,636346.18,40760178.2503,0,SOLUSDT,1h
2026-06-10 18:00:00+00:00,64.0,64.18,63.31,63.8,1102443.35,2026-06-10 18:59:59.999000+00:00,70254469.0645,90133,477058.93,30410827.031,0,SOLUSDT,1h
2026-06-10 19:00:00+00:00,63.8,63.91,63.33,63.52,950621.93,2026-06-10 19:59:59.999000+00:00,60479664.9465,82447,484408.09,30824849.1454,0,SOLUSDT,1h
2026-06-10 20:00:00+00:00,63.51,63.62,63.13,63.28,872348.79,2026-06-10 20:59:59.999000+00:00,55300763.8466,73879,486866.86,30870077.3007,0,SOLUSDT,1h
2026-06-10 21:00:00+00:00,63.28,63.28,62.29,62.56,1144208.95,2026-06-10 21:59:59.999000+00:00,71836997.9749,90777,548498.23,34430717.9603,0,SOLUSDT,1h
2026-06-10 22:00:00+00:00,62.56,63.04,62.31,62.74,918484.57,2026-06-10 22:59:59.999000+00:00,57523415.4461,76185,467329.5,29273668.9678,0,SOLUSDT,1h
2026-06-10 23:00:00+00:00,62.74,63.27,62.41,63.16,823064.83,2026-06-10 23:59:59.999000+00:00,51760344.0068,61905,436737.35,27469476.5506,0,SOLUSDT,1h
2026-06-11 00:00:00+00:00,63.16,63.74,63.15,63.62,675924.17,2026-06-11 00:59:59.999000+00:00,42929953.6296,62033,325160.06,20647594.1511,0,SOLUSDT,1h
2026-06-11 01:00:00+00:00,63.62,65.12,63.61,64.86,1885315.63,2026-06-11 01:59:59.999000+00:00,121649120.3198,103870,989404.08,63835209.9285,0,SOLUSDT,1h
2026-06-11 02:00:00+00:00,64.87,64.96,64.32,64.5,918436.62,2026-06-11 02:59:59.999000+00:00,59310740.7327,64346,436931.4,28212950.0215,0,SOLUSDT,1h
2026-06-11 03:00:00+00:00,64.49,65.45,64.29,65.23,1221306.63,2026-06-11 03:59:59.999000+00:00,79342888.3251,69279,704421.71,45787467.9641,0,SOLUSDT,1h
2026-06-11 04:00:00+00:00,65.23,65.31,64.91,65.17,639764.38,2026-06-11 04:59:59.999000+00:00,41659499.2865,49956,279844.17,18226024.4493,0,SOLUSDT,1h
2026-06-11 05:00:00+00:00,65.17,65.2,64.92,64.94,346065.53,2026-06-11 05:59:59.999000+00:00,22517735.4835,35229,163075.61,10612418.1579,0,SOLUSDT,1h
2026-06-11 06:00:00+00:00,64.93,65.41,64.78,65.08,789600.08,2026-06-11 06:59:59.999000+00:00,51458436.1187,57497,414238.69,27000266.3743,0,SOLUSDT,1h
2026-06-11 07:00:00+00:00,65.08,65.15,64.73,65.02,683113.35,2026-06-11 07:59:59.999000+00:00,44357664.4745,42854,343712.44,22322004.1897,0,SOLUSDT,1h
2026-06-11 08:00:00+00:00,65.01,65.52,65.0,65.28,983265.26,2026-06-11 08:59:59.999000+00:00,64225724.8984,49491,512106.86,33452694.1199,0,SOLUSDT,1h
2026-06-11 09:00:00+00:00,65.27,65.53,64.98,65.36,1077465.14,2026-06-11 09:59:59.999000+00:00,70284271.7849,49224,477364.66,31146081.7394,0,SOLUSDT,1h
2026-06-11 10:00:00+00:00,65.36,65.62,65.24,65.47,760087.43,2026-06-11 10:59:59.999000+00:00,49751265.6833,43904,442488.55,28967999.4263,0,SOLUSDT,1h
2026-06-11 11:00:00+00:00,65.47,66.3,65.3,65.85,1379367.35,2026-06-11 11:59:59.999000+00:00,90690477.6706,69570,773327.34,50888789.8339,0,SOLUSDT,1h
2026-06-11 12:00:00+00:00,65.85,65.89,64.85,65.22,1898780.87,2026-06-11 12:59:59.999000+00:00,123892736.2711,114846,895985.96,58461967.9278,0,SOLUSDT,1h
2026-06-11 13:00:00+00:00,65.22,65.71,65.01,65.49,1152136.3,2026-06-11 13:59:59.999000+00:00,75307586.6198,81144,619967.57,40539702.2437,0,SOLUSDT,1h
2026-06-11 14:00:00+00:00,65.5,65.74,64.94,65.3,1077713.68,2026-06-11 14:59:59.999000+00:00,70437354.4935,83403,443016.95,28973069.7286,0,SOLUSDT,1h
2026-06-11 15:00:00+00:00,65.31,65.83,64.95,65.51,1087179.35,2026-06-11 15:59:59.999000+00:00,71156288.2459,82624,535801.49,35079182.4518,0,SOLUSDT,1h
2026-06-11 16:00:00+00:00,65.51,65.77,65.26,65.33,722551.08,2026-06-11 16:59:59.999000+00:00,47348748.9007,62771,369817.95,24234127.6317,0,SOLUSDT,1h
2026-06-11 17:00:00+00:00,65.34,67.16,65.0,67.13,3083212.97,2026-06-11 17:59:59.999000+00:00,204174452.2907,169813,1713487.97,113515539.0095,0,SOLUSDT,1h
2026-06-11 18:00:00+00:00,67.12,67.29,66.61,66.76,1137959.51,2026-06-11 18:59:59.999000+00:00,76160113.5537,86572,529169.41,35428969.4233,0,SOLUSDT,1h
2026-06-11 19:00:00+00:00,66.76,67.36,66.55,66.88,1090609.86,2026-06-11 19:59:59.999000+00:00,73047313.9353,76478,595806.41,39917840.646,0,SOLUSDT,1h
2026-06-11 20:00:00+00:00,66.88,67.0,66.31,66.54,769834.08,2026-06-11 20:59:59.999000+00:00,51261401.6148,48176,368293.35,24516962.1802,0,SOLUSDT,1h
2026-06-11 21:00:00+00:00,66.54,67.07,66.53,66.88,453980.12,2026-06-11 21:59:59.999000+00:00,30357991.6175,35345,251827.57,16836121.0854,0,SOLUSDT,1h
2026-06-11 22:00:00+00:00,66.88,67.1,66.82,66.85,460088.0,2026-06-11 22:59:59.999000+00:00,30807995.3792,39086,240436.02,16101581.5804,0,SOLUSDT,1h
2026-06-11 23:00:00+00:00,66.84,67.07,66.64,66.88,599507.14,2026-06-11 23:59:59.999000+00:00,40065673.901,42091,321975.89,21521357.6994,0,SOLUSDT,1h
2026-06-12 00:00:00+00:00,66.87,67.07,66.69,66.83,483571.51,2026-06-12 00:59:59.999000+00:00,32349324.9511,41504,250025.1,16728928.8298,0,SOLUSDT,1h
2026-06-12 01:00:00+00:00,66.82,66.83,66.37,66.65,539323.95,2026-06-12 01:59:59.999000+00:00,35913410.2118,44676,268916.89,17913175.0806,0,SOLUSDT,1h
2026-06-12 02:00:00+00:00,66.64,67.26,66.63,67.08,589285.05,2026-06-12 02:59:59.999000+00:00,39486147.7895,46885,329506.18,22081243.826,0,SOLUSDT,1h
2026-06-12 03:00:00+00:00,67.09,67.13,66.63,66.99,546526.54,2026-06-12 03:59:59.999000+00:00,36548546.2804,45508,299962.6,20061359.4892,0,SOLUSDT,1h
2026-06-12 04:00:00+00:00,66.98,67.21,66.8,67.02,365457.14,2026-06-12 04:59:59.999000+00:00,24495721.4924,35192,184920.01,12394282.4403,0,SOLUSDT,1h
2026-06-12 05:00:00+00:00,67.03,67.05,66.59,66.69,641421.97,2026-06-12 05:59:59.999000+00:00,42818766.8128,42383,341074.93,22768061.0672,0,SOLUSDT,1h
2026-06-12 06:00:00+00:00,66.69,66.78,65.88,66.08,1030972.89,2026-06-12 06:59:59.999000+00:00,68313349.549,61844,438528.62,29049002.8964,0,SOLUSDT,1h
2026-06-12 07:00:00+00:00,66.09,66.45,66.08,66.28,824423.89,2026-06-12 07:59:59.999000+00:00,54623081.6355,44691,449079.34,29753628.2726,0,SOLUSDT,1h
2026-06-12 08:00:00+00:00,66.29,67.03,66.28,66.87,979701.55,2026-06-12 08:59:59.999000+00:00,65411691.5653,51428,515010.01,34382339.5928,0,SOLUSDT,1h
2026-06-12 09:00:00+00:00,66.86,67.48,66.79,67.14,1020708.32,2026-06-12 09:59:59.999000+00:00,68597306.9836,59628,544243.6,36570920.4136,0,SOLUSDT,1h
2026-06-12 10:00:00+00:00,67.15,67.33,66.55,66.75,917240.57,2026-06-12 10:59:59.999000+00:00,61353312.997,48504,438928.86,29361466.9432,0,SOLUSDT,1h
2026-06-12 11:00:00+00:00,66.75,67.08,66.74,66.89,442402.32,2026-06-12 11:59:59.999000+00:00,29600336.7424,35554,221427.34,14816912.9596,0,SOLUSDT,1h
2026-06-12 12:00:00+00:00,66.89,66.96,66.6,66.74,608544.29,2026-06-12 12:59:59.999000+00:00,40643885.029,45221,267703.86,17882794.0095,0,SOLUSDT,1h
2026-06-12 13:00:00+00:00,66.74,66.98,66.33,66.69,1489323.54,2026-06-12 13:59:59.999000+00:00,99260608.3189,82347,745281.12,49693864.7177,0,SOLUSDT,1h
2026-06-12 14:00:00+00:00,66.69,67.95,66.61,67.89,2071995.88,2026-06-12 14:59:59.999000+00:00,139249727.1567,123038,1109190.11,74574169.0326,0,SOLUSDT,1h
2026-06-12 15:00:00+00:00,67.88,68.78,67.12,67.2,3166877.8,2026-06-12 15:59:59.999000+00:00,215430617.8291,175564,1566383.15,106628990.8765,0,SOLUSDT,1h
2026-06-12 16:00:00+00:00,67.19,67.98,67.03,67.97,1255634.65,2026-06-12 16:59:59.999000+00:00,84823277.0169,91839,673137.79,45478326.2266,0,SOLUSDT,1h
2026-06-12 17:00:00+00:00,67.97,68.18,67.21,67.36,915536.58,2026-06-12 17:59:59.999000+00:00,61922575.3181,70051,417492.48,28242564.8298,0,SOLUSDT,1h
2026-06-12 18:00:00+00:00,67.36,67.45,66.94,67.03,813835.19,2026-06-12 18:59:59.999000+00:00,54693694.7673,61521,433707.83,29154178.7299,0,SOLUSDT,1h
2026-06-12 19:00:00+00:00,67.03,67.37,66.65,66.74,863244.78,2026-06-12 19:59:59.999000+00:00,57808013.1307,55596,387632.65,25972170.0406,0,SOLUSDT,1h
2026-06-12 20:00:00+00:00,66.75,66.82,66.48,66.64,752100.25,2026-06-12 20:59:59.999000+00:00,50115780.1165,44712,357030.04,23792397.5806,0,SOLUSDT,1h
2026-06-12 21:00:00+00:00,66.64,66.91,66.42,66.53,353040.44,2026-06-12 21:59:59.999000+00:00,23546174.1296,28642,178646.01,11917481.8694,0,SOLUSDT,1h
2026-06-12 22:00:00+00:00,66.54,66.73,66.41,66.6,335028.59,2026-06-12 22:59:59.999000+00:00,22295904.8532,29608,198201.54,13191878.5673,0,SOLUSDT,1h
2026-06-12 23:00:00+00:00,66.59,66.79,66.43,66.79,359543.2,2026-06-12 23:59:59.999000+00:00,23949546.378,27018,188195.81,12538256.5261,0,SOLUSDT,1h
2026-06-13 00:00:00+00:00,66.79,67.04,66.73,66.94,404745.29,2026-06-13 00:59:59.999000+00:00,27068305.0617,31752,237741.67,15899771.2329,0,SOLUSDT,1h
2026-06-13 01:00:00+00:00,66.95,67.49,66.94,67.4,397095.83,2026-06-13 01:59:59.999000+00:00,26697343.3215,34391,243206.28,16352961.7755,0,SOLUSDT,1h
2026-06-13 02:00:00+00:00,67.4,67.47,66.83,66.92,379138.67,2026-06-13 02:59:59.999000+00:00,25448281.8812,32293,130758.73,8780924.16,0,SOLUSDT,1h
2026-06-13 03:00:00+00:00,66.93,67.02,66.65,66.84,355864.52,2026-06-13 03:59:59.999000+00:00,23784788.9491,27357,154288.15,10313984.7498,0,SOLUSDT,1h
2026-06-13 04:00:00+00:00,66.83,66.93,66.59,66.61,336768.84,2026-06-13 04:59:59.999000+00:00,22483567.8842,24605,148760.47,9933595.5006,0,SOLUSDT,1h
2026-06-13 05:00:00+00:00,66.61,66.93,66.55,66.75,561392.24,2026-06-13 05:59:59.999000+00:00,37455488.1171,28280,289578.87,19324767.6051,0,SOLUSDT,1h
2026-06-13 06:00:00+00:00,66.75,67.2,66.62,67.12,616487.53,2026-06-13 06:59:59.999000+00:00,41291349.3085,29744,278434.27,18644164.45,0,SOLUSDT,1h
2026-06-13 07:00:00+00:00,67.13,67.45,66.93,67.34,797811.04,2026-06-13 07:59:59.999000+00:00,53600324.9812,39784,438139.44,29431726.0609,0,SOLUSDT,1h
2026-06-13 08:00:00+00:00,67.33,67.55,67.22,67.29,598270.59,2026-06-13 08:59:59.999000+00:00,40292880.849,35441,284547.06,19169009.4553,0,SOLUSDT,1h
2026-06-13 09:00:00+00:00,67.28,67.5,67.25,67.34,276564.13,2026-06-13 09:59:59.999000+00:00,18628583.2018,22507,128319.04,8643979.3653,0,SOLUSDT,1h
2026-06-13 10:00:00+00:00,67.34,67.58,67.29,67.4,271093.46,2026-06-13 10:59:59.999000+00:00,18279001.7946,22710,146196.9,9859084.0058,0,SOLUSDT,1h
2026-06-13 11:00:00+00:00,67.4,67.93,67.34,67.87,506874.9,2026-06-13 11:59:59.999000+00:00,34336720.4447,35510,298723.92,20233512.2804,0,SOLUSDT,1h
2026-06-13 12:00:00+00:00,67.87,68.03,67.74,67.92,468307.03,2026-06-13 12:59:59.999000+00:00,31775754.4246,32336,266341.13,18074243.846,0,SOLUSDT,1h
2026-06-13 13:00:00+00:00,67.93,68.27,67.79,67.97,756924.22,2026-06-13 13:59:59.999000+00:00,51461676.6438,45506,381630.4,25954848.046,0,SOLUSDT,1h
2026-06-13 14:00:00+00:00,67.97,68.41,67.95,68.25,598799.44,2026-06-13 14:59:59.999000+00:00,40828951.1427,40984,310166.45,21147631.7772,0,SOLUSDT,1h
2026-06-13 15:00:00+00:00,68.25,68.68,68.12,68.55,933355.24,2026-06-13 15:59:59.999000+00:00,63905725.4639,52461,531256.95,36381348.9017,0,SOLUSDT,1h
2026-06-13 16:00:00+00:00,68.56,68.59,67.77,68.05,1364281.39,2026-06-13 16:59:59.999000+00:00,92823903.0546,70313,655724.43,44609254.2922,0,SOLUSDT,1h
2026-06-13 17:00:00+00:00,68.04,68.24,67.78,67.95,571671.17,2026-06-13 17:59:59.999000+00:00,38876260.6541,38469,262156.72,17833177.671,0,SOLUSDT,1h
2026-06-13 18:00:00+00:00,67.94,68.34,67.92,68.08,367199.44,2026-06-13 18:59:59.999000+00:00,25025452.3738,29150,176598.84,12037578.8965,0,SOLUSDT,1h
2026-06-13 19:00:00+00:00,68.08,68.36,67.97,68.19,297753.2,2026-06-13 19:59:59.999000+00:00,20289816.1258,26436,166875.79,11373053.8902,0,SOLUSDT,1h
2026-06-13 20:00:00+00:00,68.18,68.24,68.0,68.22,195324.76,2026-06-13 20:59:59.999000+00:00,13308554.4642,19524,102388.09,6976510.9433,0,SOLUSDT,1h
2026-06-13 21:00:00+00:00,68.23,69.55,68.18,69.21,1390930.49,2026-06-13 21:59:59.999000+00:00,95979578.5139,89794,797969.12,55061303.2361,0,SOLUSDT,1h
2026-06-13 22:00:00+00:00,69.21,69.22,68.82,68.85,689855.15,2026-06-13 22:59:59.999000+00:00,47602831.9918,46233,376899.47,26006121.0679,0,SOLUSDT,1h
2026-06-13 23:00:00+00:00,68.85,69.14,68.73,68.88,417873.11,2026-06-13 23:59:59.999000+00:00,28799128.235,33123,213919.69,14744425.3166,0,SOLUSDT,1h
2026-06-14 00:00:00+00:00,68.88,68.88,68.6,68.71,360347.17,2026-06-14 00:59:59.999000+00:00,24769341.7661,28565,177146.29,12177056.4836,0,SOLUSDT,1h
2026-06-14 01:00:00+00:00,68.7,69.07,68.58,68.76,528120.16,2026-06-14 01:59:59.999000+00:00,36370426.6727,36166,291300.17,20066485.4222,0,SOLUSDT,1h
2026-06-14 02:00:00+00:00,68.77,69.06,68.66,68.77,364866.32,2026-06-14 02:59:59.999000+00:00,25124976.3405,28556,161698.04,11134219.8237,0,SOLUSDT,1h
2026-06-14 03:00:00+00:00,68.77,69.0,68.7,68.9,381903.35,2026-06-14 03:59:59.999000+00:00,26287628.8173,25218,208621.49,14360756.9352,0,SOLUSDT,1h
2026-06-14 04:00:00+00:00,68.91,68.98,68.38,68.48,683987.27,2026-06-14 04:59:59.999000+00:00,46922834.8461,39485,239871.1,16460193.7942,0,SOLUSDT,1h
2026-06-14 05:00:00+00:00,68.48,68.54,67.98,68.22,887056.58,2026-06-14 05:59:59.999000+00:00,60523925.2714,41962,368406.93,25135495.744,0,SOLUSDT,1h
2026-06-14 06:00:00+00:00,68.21,68.46,68.07,68.15,468120.76,2026-06-14 06:59:59.999000+00:00,31947466.8569,28482,243842.22,16643393.6409,0,SOLUSDT,1h
2026-06-14 07:00:00+00:00,68.16,68.22,68.0,68.18,288065.52,2026-06-14 07:59:59.999000+00:00,19623628.1431,20410,159479.66,10865919.519,0,SOLUSDT,1h
2026-06-14 08:00:00+00:00,68.19,68.32,68.07,68.2,301376.33,2026-06-14 08:59:59.999000+00:00,20558565.322,21273,175366.75,11964059.6364,0,SOLUSDT,1h
2026-06-14 09:00:00+00:00,68.2,68.46,67.86,68.45,525721.33,2026-06-14 09:59:59.999000+00:00,35827260.9545,33601,277011.79,18888086.7485,0,SOLUSDT,1h
2026-06-14 10:00:00+00:00,68.44,68.48,68.09,68.1,406612.48,2026-06-14 10:59:59.999000+00:00,27783808.0741,26470,188689.14,12896047.6752,0,SOLUSDT,1h
2026-06-14 11:00:00+00:00,68.11,68.3,67.97,68.06,325579.42,2026-06-14 11:59:59.999000+00:00,22180933.7583,23116,181600.58,12372721.992,0,SOLUSDT,1h
2026-06-14 12:00:00+00:00,68.06,68.12,67.66,67.73,619539.77,2026-06-14 12:59:59.999000+00:00,42033719.1236,35555,265175.25,17995046.429,0,SOLUSDT,1h
2026-06-14 13:00:00+00:00,67.74,67.83,67.46,67.73,723867.15,2026-06-14 13:59:59.999000+00:00,48969427.7865,39969,336226.94,22749962.6438,0,SOLUSDT,1h
2026-06-14 14:00:00+00:00,67.72,67.8,66.89,67.24,1363483.1,2026-06-14 14:59:59.999000+00:00,91680063.4802,67860,668070.34,44909339.8345,0,SOLUSDT,1h
2026-06-14 15:00:00+00:00,67.24,67.51,67.22,67.39,586458.78,2026-06-14 15:59:59.999000+00:00,39515044.4712,34575,299717.99,20195989.7526,0,SOLUSDT,1h
2026-06-14 16:00:00+00:00,67.38,67.72,67.37,67.45,600916.98,2026-06-14 16:59:59.999000+00:00,40595002.1256,35530,302720.82,20453257.492,0,SOLUSDT,1h
2026-06-14 17:00:00+00:00,67.44,67.69,67.25,67.3,472043.14,2026-06-14 17:59:59.999000+00:00,31851174.2775,30002,186687.69,12599259.894,0,SOLUSDT,1h
2026-06-14 18:00:00+00:00,67.3,67.46,67.14,67.37,337746.01,2026-06-14 18:59:59.999000+00:00,22735253.8892,24594,187743.67,12638901.6193,0,SOLUSDT,1h
2026-06-14 19:00:00+00:00,67.37,67.72,67.29,67.52,447532.35,2026-06-14 19:59:59.999000+00:00,30233580.1057,25921,256653.2,17338072.9829,0,SOLUSDT,1h
2026-06-14 20:00:00+00:00,67.53,68.05,67.4,67.75,547601.58,2026-06-14 20:59:59.999000+00:00,37116011.9737,32437,306676.48,20783016.5517,0,SOLUSDT,1h
2026-06-14 21:00:00+00:00,67.76,70.5,67.76,70.12,3161475.58,2026-06-14 21:59:59.999000+00:00,219476700.9995,193583,1818362.01,126176193.246,0,SOLUSDT,1h
2026-06-14 22:00:00+00:00,70.12,70.69,69.64,70.4,1859200.0,2026-06-14 22:59:59.999000+00:00,130513328.748,129302,842662.74,59175988.9134,0,SOLUSDT,1h
2026-06-14 23:00:00+00:00,70.39,71.25,70.11,71.24,1333085.96,2026-06-14 23:59:59.999000+00:00,94305451.5535,97155,710446.49,50268810.5517,0,SOLUSDT,1h
2026-06-15 00:00:00+00:00,71.24,71.69,70.9,71.09,1612526.9,2026-06-15 00:59:59.999000+00:00,114961282.5481,104400,788483.86,56223855.3641,0,SOLUSDT,1h
2026-06-15 01:00:00+00:00,71.09,71.31,70.62,70.98,878428.6,2026-06-15 01:59:59.999000+00:00,62306336.4511,65861,413887.61,29378144.5485,0,SOLUSDT,1h
2026-06-15 02:00:00+00:00,70.98,71.55,70.86,70.93,621181.84,2026-06-15 02:59:59.999000+00:00,44230117.8649,49184,304754.68,21705987.4555,0,SOLUSDT,1h
2026-06-15 03:00:00+00:00,70.93,71.34,70.87,71.19,544590.68,2026-06-15 03:59:59.999000+00:00,38744607.6149,40713,296540.13,21097193.9201,0,SOLUSDT,1h
2026-06-15 04:00:00+00:00,71.19,71.24,70.84,70.89,452432.53,2026-06-15 04:59:59.999000+00:00,32139261.8861,36141,213921.56,15198361.4625,0,SOLUSDT,1h
2026-06-15 05:00:00+00:00,70.88,71.28,70.75,71.18,449875.1,2026-06-15 05:59:59.999000+00:00,31940730.4427,35219,242988.12,17258084.7345,0,SOLUSDT,1h
2026-06-15 06:00:00+00:00,71.17,71.47,71.06,71.32,546389.76,2026-06-15 06:59:59.999000+00:00,38940954.6971,37971,314021.49,22380795.6825,0,SOLUSDT,1h
2026-06-15 07:00:00+00:00,71.31,71.48,71.08,71.23,533090.82,2026-06-15 07:59:59.999000+00:00,37996249.5654,40144,285144.07,20327108.216,0,SOLUSDT,1h
2026-06-15 08:00:00+00:00,71.23,71.57,71.11,71.24,566849.1,2026-06-15 08:59:59.999000+00:00,40438654.7437,41030,283515.45,20230696.9727,0,SOLUSDT,1h
2026-06-15 09:00:00+00:00,71.24,71.43,70.72,71.18,628136.62,2026-06-15 09:59:59.999000+00:00,44647949.5397,40167,295365.3,21004906.1721,0,SOLUSDT,1h
2026-06-15 10:00:00+00:00,71.18,72.2,71.14,71.84,1450877.15,2026-06-15 10:59:59.999000+00:00,104022961.908,64440,897376.94,64369022.303,0,SOLUSDT,1h
2026-06-15 11:00:00+00:00,71.84,72.84,71.61,72.56,2313180.86,2026-06-15 11:59:59.999000+00:00,167292134.0019,123768,1225240.66,88580622.0657,0,SOLUSDT,1h
2026-06-15 12:00:00+00:00,72.56,72.98,72.25,72.81,1242492.65,2026-06-15 12:59:59.999000+00:00,90257521.3515,78911,696894.49,50639877.9292,0,SOLUSDT,1h
2026-06-15 13:00:00+00:00,72.8,74.23,72.67,73.59,2986198.04,2026-06-15 13:59:59.999000+00:00,219724860.4552,166125,1459515.18,107388439.3227,0,SOLUSDT,1h
2026-06-15 14:00:00+00:00,73.59,73.95,73.17,73.77,1426794.11,2026-06-15 14:59:59.999000+00:00,105004604.3367,98853,751792.48,55348772.3698,0,SOLUSDT,1h
2026-06-15 15:00:00+00:00,73.76,75.22,73.73,75.21,2066157.55,2026-06-15 15:59:59.999000+00:00,153970564.6804,122079,1120715.95,83523694.8621,0,SOLUSDT,1h
2026-06-15 16:00:00+00:00,75.22,76.06,74.91,75.43,2292189.57,2026-06-15 16:59:59.999000+00:00,173247682.4295,142706,1197840.83,90561429.3881,0,SOLUSDT,1h
2026-06-15 17:00:00+00:00,75.44,75.45,74.62,75.24,1909601.23,2026-06-15 17:59:59.999000+00:00,143270417.3807,107932,852241.56,63966293.4196,0,SOLUSDT,1h
2026-06-15 18:00:00+00:00,75.24,75.65,75.06,75.26,835268.4,2026-06-15 18:59:59.999000+00:00,62953734.5415,72601,451763.15,34058195.8902,0,SOLUSDT,1h
2026-06-15 19:00:00+00:00,75.25,75.76,74.52,75.24,1330702.03,2026-06-15 19:59:59.999000+00:00,99968205.9194,102881,639154.56,48036003.067,0,SOLUSDT,1h
2026-06-15 20:00:00+00:00,75.23,75.41,74.72,74.91,796542.34,2026-06-15 20:59:59.999000+00:00,59759019.3775,67435,404731.84,30367085.4112,0,SOLUSDT,1h
2026-06-15 21:00:00+00:00,74.91,74.98,74.35,74.42,707698.75,2026-06-15 21:59:59.999000+00:00,52793977.6925,56228,317298.0,23672485.1368,0,SOLUSDT,1h
2026-06-15 22:00:00+00:00,74.41,74.57,73.57,73.74,1009436.09,2026-06-15 22:59:59.999000+00:00,74642191.3283,78974,480088.99,35496205.3832,0,SOLUSDT,1h
2026-06-15 23:00:00+00:00,73.73,74.04,73.58,73.93,544009.64,2026-06-15 23:59:59.999000+00:00,40149473.4956,52527,298946.58,22069911.4135,0,SOLUSDT,1h
2026-06-16 00:00:00+00:00,73.94,74.38,73.81,74.0,844664.68,2026-06-16 00:59:59.999000+00:00,62573519.3565,62007,487953.13,36158427.0292,0,SOLUSDT,1h
2026-06-16 01:00:00+00:00,73.99,74.32,73.81,73.83,468506.59,2026-06-16 01:59:59.999000+00:00,34707896.0458,48396,217751.37,16138756.0477,0,SOLUSDT,1h
2026-06-16 02:00:00+00:00,73.83,73.85,72.73,72.99,1543849.23,2026-06-16 02:59:59.999000+00:00,113069138.5514,92178,632129.42,46282431.6267,0,SOLUSDT,1h
2026-06-16 03:00:00+00:00,72.98,73.77,72.82,73.7,951450.52,2026-06-16 03:59:59.999000+00:00,69823917.1567,58003,589328.19,43261636.865,0,SOLUSDT,1h
2026-06-16 04:00:00+00:00,73.7,73.9,73.15,73.34,665328.55,2026-06-16 04:59:59.999000+00:00,48882533.1367,47649,268459.65,19734982.0456,0,SOLUSDT,1h
2026-06-16 05:00:00+00:00,73.34,73.79,73.33,73.61,550508.43,2026-06-16 05:59:59.999000+00:00,40528173.7602,43291,319688.91,23536332.3815,0,SOLUSDT,1h
2026-06-16 06:00:00+00:00,73.61,74.26,73.61,74.13,610342.65,2026-06-16 06:59:59.999000+00:00,45138947.5081,45238,393722.0,29120866.1748,0,SOLUSDT,1h
2026-06-16 07:00:00+00:00,74.13,74.5,74.07,74.41,683871.29,2026-06-16 07:59:59.999000+00:00,50808012.5687,47799,390123.36,28984929.949,0,SOLUSDT,1h
2026-06-16 08:00:00+00:00,74.41,75.63,74.3,75.36,1266526.04,2026-06-16 08:59:59.999000+00:00,94911206.4421,83539,744316.95,55795411.091,0,SOLUSDT,1h
2026-06-16 09:00:00+00:00,75.35,75.42,74.77,74.8,786090.79,2026-06-16 09:59:59.999000+00:00,58993858.1789,58647,352480.35,26458382.9843,0,SOLUSDT,1h
2026-06-16 10:00:00+00:00,74.81,75.08,74.62,74.65,590609.09,2026-06-16 10:59:59.999000+00:00,44214242.4151,44348,262919.93,19688384.6093,0,SOLUSDT,1h
2026-06-16 11:00:00+00:00,74.65,74.85,74.33,74.63,622985.09,2026-06-16 11:59:59.999000+00:00,46444385.8228,46321,256949.28,19161931.8432,0,SOLUSDT,1h
2026-06-16 12:00:00+00:00,74.63,75.51,74.45,74.89,1129074.14,2026-06-16 12:59:59.999000+00:00,84644499.1563,87866,604439.95,45316982.6467,0,SOLUSDT,1h
2026-06-16 13:00:00+00:00,74.9,74.94,73.82,73.95,1442081.11,2026-06-16 13:59:59.999000+00:00,106996646.4022,112475,637334.93,47298052.9039,0,SOLUSDT,1h
2026-06-16 14:00:00+00:00,73.95,74.27,72.29,72.93,2501323.04,2026-06-16 14:59:59.999000+00:00,182801877.4395,160032,1224829.67,89471601.1454,0,SOLUSDT,1h
2026-06-16 15:00:00+00:00,72.93,73.63,72.83,73.25,1124118.22,2026-06-16 15:59:59.999000+00:00,82331819.1264,91825,597818.03,43802414.8382,0,SOLUSDT,1h
2026-06-16 16:00:00+00:00,73.24,73.45,72.96,73.06,773336.78,2026-06-16 16:59:59.999000+00:00,56588284.1192,58818,377077.38,27589882.8276,0,SOLUSDT,1h
2026-06-16 17:00:00+00:00,73.06,73.8,73.01,73.64,756199.62,2026-06-16 17:59:59.999000+00:00,55502408.1035,57666,440378.2,32331672.2711,0,SOLUSDT,1h
2026-06-16 18:00:00+00:00,73.64,74.32,73.54,73.98,1169380.35,2026-06-16 18:59:59.999000+00:00,86435671.8266,76811,632593.2,46768837.3096,0,SOLUSDT,1h
2026-06-16 19:00:00+00:00,73.98,74.19,73.45,73.8,622243.75,2026-06-16 19:59:59.999000+00:00,45939012.2014,59158,299845.45,22140018.87,0,SOLUSDT,1h
2026-06-16 20:00:00+00:00,73.8,74.23,73.63,74.11,443701.04,2026-06-16 20:59:59.999000+00:00,32821002.5348,38011,267802.52,19810623.1184,0,SOLUSDT,1h
2026-06-16 21:00:00+00:00,74.11,74.17,73.69,73.9,335862.01,2026-06-16 21:59:59.999000+00:00,24816448.1631,33406,148207.12,10952486.0347,0,SOLUSDT,1h
2026-06-16 22:00:00+00:00,73.89,74.07,73.57,73.79,384786.2,2026-06-16 22:59:59.999000+00:00,28386908.6834,31267,170526.1,12580142.3478,0,SOLUSDT,1h
2026-06-16 23:00:00+00:00,73.79,73.93,73.36,73.49,367471.31,2026-06-16 23:59:59.999000+00:00,27055508.6678,27740,176332.99,12983519.1895,0,SOLUSDT,1h
2026-06-17 00:00:00+00:00,73.49,73.75,73.28,73.33,377096.2,2026-06-17 00:59:59.999000+00:00,27716672.8398,40923,153759.45,11302069.1244,0,SOLUSDT,1h
2026-06-17 01:00:00+00:00,73.33,73.98,73.11,73.89,598505.45,2026-06-17 01:59:59.999000+00:00,44009989.8362,55008,295401.16,21739532.1592,0,SOLUSDT,1h
2026-06-17 02:00:00+00:00,73.89,74.44,73.64,74.0,788285.37,2026-06-17 02:59:59.999000+00:00,58369642.3996,59480,442360.17,32769303.9862,0,SOLUSDT,1h
2026-06-17 03:00:00+00:00,74.01,74.01,73.47,73.64,341812.97,2026-06-17 03:59:59.999000+00:00,25187754.9834,37041,127607.0,9403359.2275,0,SOLUSDT,1h
2026-06-17 04:00:00+00:00,73.64,74.08,73.55,73.79,299865.81,2026-06-17 04:59:59.999000+00:00,22116602.0718,32616,136011.72,10034717.9028,0,SOLUSDT,1h
2026-06-17 05:00:00+00:00,73.78,73.96,73.39,73.6,386723.76,2026-06-17 05:59:59.999000+00:00,28479253.3666,37480,186805.56,13761176.9685,0,SOLUSDT,1h
2026-06-17 06:00:00+00:00,73.6,73.79,73.13,73.38,630153.14,2026-06-17 06:59:59.999000+00:00,46247712.9595,44617,281699.52,20680419.8639,0,SOLUSDT,1h
2026-06-17 07:00:00+00:00,73.38,73.57,72.93,73.22,814600.35,2026-06-17 07:59:59.999000+00:00,59618263.1709,61557,363908.17,26640079.6835,0,SOLUSDT,1h
2026-06-17 08:00:00+00:00,73.23,73.26,72.11,72.3,1403897.34,2026-06-17 08:59:59.999000+00:00,101951343.5289,83896,596057.15,43287353.4083,0,SOLUSDT,1h
2026-06-17 09:00:00+00:00,72.3,72.65,72.27,72.49,674394.25,2026-06-17 09:59:59.999000+00:00,48850376.721,50372,381067.34,27606613.5709,0,SOLUSDT,1h
2026-06-17 10:00:00+00:00,72.49,72.65,72.06,72.1,459139.65,2026-06-17 10:59:59.999000+00:00,33207377.1124,43835,193988.31,14036678.8922,0,SOLUSDT,1h
2026-06-17 11:00:00+00:00,72.11,72.21,71.66,71.98,1155379.72,2026-06-17 11:59:59.999000+00:00,83145204.0245,70538,584775.85,42087202.4645,0,SOLUSDT,1h
2026-06-17 12:00:00+00:00,71.99,72.3,71.54,72.29,1418853.13,2026-06-17 12:59:59.999000+00:00,102147040.7669,77353,812069.03,58475982.7473,0,SOLUSDT,1h
2026-06-17 13:00:00+00:00,72.28,72.73,72.11,72.38,1142915.92,2026-06-17 13:59:59.999000+00:00,82769943.3033,75007,674581.34,48863715.935,0,SOLUSDT,1h
2026-06-17 14:00:00+00:00,72.37,72.64,71.78,72.34,1312591.44,2026-06-17 14:59:59.999000+00:00,94860868.5812,92442,649234.8,46934577.2733,0,SOLUSDT,1h
2026-06-17 15:00:00+00:00,72.34,73.83,72.31,73.76,1637145.0,2026-06-17 15:59:59.999000+00:00,119685654.1501,97735,972400.58,71090058.5795,0,SOLUSDT,1h
2026-06-17 16:00:00+00:00,73.76,74.66,73.66,73.72,1540869.03,2026-06-17 16:59:59.999000+00:00,114108136.223,101886,730531.83,54118039.8088,0,SOLUSDT,1h
2026-06-17 17:00:00+00:00,73.73,74.32,73.41,74.17,1054716.88,2026-06-17 17:59:59.999000+00:00,77817795.2506,76378,536772.11,39626640.0101,0,SOLUSDT,1h
2026-06-17 18:00:00+00:00,74.18,74.36,72.12,73.45,3953122.5,2026-06-17 18:59:59.999000+00:00,289697270.9888,231554,1917454.87,140569936.4309,0,SOLUSDT,1h
2026-06-17 19:00:00+00:00,73.45,73.67,71.36,71.61,2989421.77,2026-06-17 19:59:59.999000+00:00,215836406.0385,205082,1432064.07,103372010.8946,0,SOLUSDT,1h
2026-06-17 20:00:00+00:00,71.62,72.21,71.49,72.16,1147161.27,2026-06-17 20:59:59.999000+00:00,82437862.7411,76927,627086.26,45083393.5163,0,SOLUSDT,1h
2026-06-17 21:00:00+00:00,72.15,72.19,71.3,71.57,525181.31,2026-06-17 21:59:59.999000+00:00,37684371.827,48520,238000.08,17078341.1822,0,SOLUSDT,1h
2026-06-17 22:00:00+00:00,71.57,71.9,70.76,71.66,1199816.68,2026-06-17 22:59:59.999000+00:00,85581913.0931,72642,568583.12,40585497.2123,0,SOLUSDT,1h
2026-06-17 23:00:00+00:00,71.66,72.09,71.63,72.0,408308.83,2026-06-17 23:59:59.999000+00:00,29372704.3648,39257,226161.25,16271822.422,0,SOLUSDT,1h
2026-06-18 00:00:00+00:00,72.01,72.48,71.97,72.18,610575.43,2026-06-18 00:59:59.999000+00:00,44100899.599,48789,318878.46,23032000.0012,0,SOLUSDT,1h
2026-06-18 01:00:00+00:00,72.18,72.59,72.04,72.18,381471.52,2026-06-18 01:59:59.999000+00:00,27586896.3989,35666,186736.29,13505424.6635,0,SOLUSDT,1h
2026-06-18 02:00:00+00:00,72.19,72.64,72.07,72.48,703966.17,2026-06-18 02:59:59.999000+00:00,51001796.7896,40165,385343.02,27919700.5452,0,SOLUSDT,1h
2026-06-18 03:00:00+00:00,72.48,72.5,71.49,71.61,815658.58,2026-06-18 03:59:59.999000+00:00,58617514.0402,51678,353626.58,25409633.3353,0,SOLUSDT,1h
2026-06-18 04:00:00+00:00,71.61,71.69,70.85,71.02,889791.9,2026-06-18 04:59:59.999000+00:00,63321330.8176,69114,415809.52,29591771.1933,0,SOLUSDT,1h
2026-06-18 05:00:00+00:00,71.01,71.1,70.59,71.08,862513.5,2026-06-18 05:59:59.999000+00:00,61126461.5855,63294,456639.5,32376972.5629,0,SOLUSDT,1h
2026-06-18 06:00:00+00:00,71.09,71.38,70.94,71.29,547331.34,2026-06-18 06:59:59.999000+00:00,38959223.3982,46091,306010.37,21786212.3923,0,SOLUSDT,1h
2026-06-18 07:00:00+00:00,71.3,71.8,71.11,71.73,794654.9,2026-06-18 07:59:59.999000+00:00,56867702.6258,49752,441957.22,31633024.3235,0,SOLUSDT,1h
2026-06-18 08:00:00+00:00,71.74,72.03,71.58,71.82,831745.65,2026-06-18 08:59:59.999000+00:00,59746562.9204,46972,355058.84,25514981.1033,0,SOLUSDT,1h
2026-06-18 09:00:00+00:00,71.82,72.12,71.69,71.81,534324.13,2026-06-18 09:59:59.999000+00:00,38419401.6461,36645,248294.52,17861587.3449,0,SOLUSDT,1h
2026-06-18 10:00:00+00:00,71.8,71.82,71.05,71.36,1265467.75,2026-06-18 10:59:59.999000+00:00,90280018.0307,62221,595689.95,42476678.0257,0,SOLUSDT,1h
2026-06-18 11:00:00+00:00,71.36,71.53,70.67,70.9,847092.0,2026-06-18 11:59:59.999000+00:00,60124123.0175,59463,388569.42,27582091.3537,0,SOLUSDT,1h
2026-06-18 12:00:00+00:00,70.89,71.58,70.83,71.51,727461.68,2026-06-18 12:59:59.999000+00:00,51825536.7903,53808,396898.57,28284566.6015,0,SOLUSDT,1h
2026-06-18 13:00:00+00:00,71.51,71.76,70.69,71.0,1273859.51,2026-06-18 13:59:59.999000+00:00,90655995.6906,91248,636970.3,45345487.7379,0,SOLUSDT,1h
2026-06-18 14:00:00+00:00,71.01,71.68,70.65,71.04,1361823.73,2026-06-18 14:59:59.999000+00:00,96747663.2254,113982,651468.37,46303807.8608,0,SOLUSDT,1h
2026-06-18 15:00:00+00:00,71.04,71.06,68.32,68.42,4324000.11,2026-06-18 15:59:59.999000+00:00,300656373.714,240733,1845012.83,128303566.7417,0,SOLUSDT,1h
2026-06-18 16:00:00+00:00,68.41,69.1,68.35,69.03,1743089.44,2026-06-18 16:59:59.999000+00:00,119831272.1075,113199,1009440.71,69408905.5046,0,SOLUSDT,1h
2026-06-18 17:00:00+00:00,69.04,69.13,68.48,68.62,1161134.08,2026-06-18 17:59:59.999000+00:00,79919361.9879,82040,608986.18,41919793.4992,0,SOLUSDT,1h
2026-06-18 18:00:00+00:00,68.62,68.97,68.2,68.62,1203061.43,2026-06-18 18:59:59.999000+00:00,82504739.4156,82362,678268.24,46522739.9579,0,SOLUSDT,1h
2026-06-18 19:00:00+00:00,68.62,69.51,68.53,69.34,1054633.25,2026-06-18 19:59:59.999000+00:00,72820630.3447,74714,590035.49,40746666.0092,0,SOLUSDT,1h
2026-06-18 20:00:00+00:00,69.35,69.94,69.35,69.79,870924.89,2026-06-18 20:59:59.999000+00:00,60733424.3595,63485,420816.49,29348090.7273,0,SOLUSDT,1h
2026-06-18 21:00:00+00:00,69.78,69.87,69.35,69.53,635450.58,2026-06-18 21:59:59.999000+00:00,44211569.2727,45278,259028.27,18022550.851,0,SOLUSDT,1h
2026-06-18 22:00:00+00:00,69.53,69.66,69.21,69.48,493597.01,2026-06-18 22:59:59.999000+00:00,34280532.3058,40429,266055.91,18480962.1848,0,SOLUSDT,1h
2026-06-18 23:00:00+00:00,69.49,69.77,69.24,69.69,420345.39,2026-06-18 23:59:59.999000+00:00,29231431.8396,38140,239466.21,16660446.6093,0,SOLUSDT,1h
2026-06-19 00:00:00+00:00,69.68,69.86,69.53,69.77,420973.86,2026-06-19 00:59:59.999000+00:00,29339576.6933,35745,212446.95,14809065.6167,0,SOLUSDT,1h
2026-06-19 01:00:00+00:00,69.77,69.99,69.5,69.91,497758.24,2026-06-19 01:59:59.999000+00:00,34736911.7902,41815,267316.54,18662200.7654,0,SOLUSDT,1h
2026-06-19 02:00:00+00:00,69.9,70.06,69.38,69.63,536385.09,2026-06-19 02:59:59.999000+00:00,37373541.9524,42779,281812.22,19641141.2424,0,SOLUSDT,1h
2026-06-19 03:00:00+00:00,69.62,69.72,68.53,69.02,1559788.43,2026-06-19 03:59:59.999000+00:00,107597010.378,81065,730734.71,50407646.4702,0,SOLUSDT,1h
2026-06-19 04:00:00+00:00,69.01,69.24,68.16,68.3,995388.04,2026-06-19 04:59:59.999000+00:00,68293955.5954,68736,438606.99,30108275.4495,0,SOLUSDT,1h
2026-06-19 05:00:00+00:00,68.29,68.72,68.27,68.65,655110.0,2026-06-19 05:59:59.999000+00:00,44887648.9411,50145,324825.19,22256968.9442,0,SOLUSDT,1h
2026-06-19 06:00:00+00:00,68.65,68.81,68.43,68.72,549773.4,2026-06-19 06:59:59.999000+00:00,37746375.7948,45339,293787.7,20173052.9711,0,SOLUSDT,1h
2026-06-19 07:00:00+00:00,68.71,68.74,67.93,68.34,859197.67,2026-06-19 07:59:59.999000+00:00,58631929.7259,57678,392703.35,26805244.2288,0,SOLUSDT,1h
2026-06-19 08:00:00+00:00,68.35,68.72,68.2,68.64,503665.93,2026-06-19 08:59:59.999000+00:00,34503578.2002,41812,279131.2,19123231.9496,0,SOLUSDT,1h
2026-06-19 09:00:00+00:00,68.65,68.71,68.17,68.28,515619.83,2026-06-19 09:59:59.999000+00:00,35249727.4034,44533,249701.92,17070381.624,0,SOLUSDT,1h
2026-06-19 10:00:00+00:00,68.28,68.43,68.02,68.28,528930.74,2026-06-19 10:59:59.999000+00:00,36076977.6925,44450,281200.24,19182775.0575,0,SOLUSDT,1h
2026-06-19 11:00:00+00:00,68.27,68.44,68.05,68.21,464507.94,2026-06-19 11:59:59.999000+00:00,31713001.2041,34801,251859.16,17195950.7134,0,SOLUSDT,1h
2026-06-19 12:00:00+00:00,68.21,68.7,67.86,68.58,977192.37,2026-06-19 12:59:59.999000+00:00,66700559.67,66124,505208.52,34492435.9175,0,SOLUSDT,1h
2026-06-19 13:00:00+00:00,68.58,69.55,68.35,69.23,1668026.75,2026-06-19 13:59:59.999000+00:00,115052113.0205,91186,953132.41,65749730.9961,0,SOLUSDT,1h
2026-06-19 14:00:00+00:00,69.22,69.44,68.78,69.1,1039255.82,2026-06-19 14:59:59.999000+00:00,71893374.9376,71218,512367.09,35456061.2396,0,SOLUSDT,1h
2026-06-19 15:00:00+00:00,69.09,69.5,68.89,69.29,684555.94,2026-06-19 15:59:59.999000+00:00,47350055.1832,55897,324457.27,22445734.8065,0,SOLUSDT,1h
2026-06-19 16:00:00+00:00,69.28,69.53,68.64,68.67,969062.96,2026-06-19 16:59:59.999000+00:00,67054874.1128,62351,428618.5,29686896.6522,0,SOLUSDT,1h
2026-06-19 17:00:00+00:00,68.67,69.49,68.57,69.29,831244.69,2026-06-19 17:59:59.999000+00:00,57416393.2818,58504,471668.46,32584828.0801,0,SOLUSDT,1h
2026-06-19 18:00:00+00:00,69.29,69.34,68.76,69.01,449646.54,2026-06-19 18:59:59.999000+00:00,31031481.4075,37848,214138.56,14779662.5349,0,SOLUSDT,1h
2026-06-19 19:00:00+00:00,69.02,69.12,68.74,68.92,368031.78,2026-06-19 19:59:59.999000+00:00,25367604.5794,34742,179296.66,12362520.6659,0,SOLUSDT,1h
2026-06-19 20:00:00+00:00,68.93,69.27,68.68,69.22,392081.52,2026-06-19 20:59:59.999000+00:00,27027298.8061,33291,203773.82,14050964.4043,0,SOLUSDT,1h
2026-06-19 21:00:00+00:00,69.22,69.27,68.86,68.97,266440.13,2026-06-19 21:59:59.999000+00:00,18400687.1463,29055,124100.76,8573436.0402,0,SOLUSDT,1h
2026-06-19 22:00:00+00:00,68.97,69.41,68.94,69.37,357331.12,2026-06-19 22:59:59.999000+00:00,24739478.3195,27856,165613.15,11467478.6399,0,SOLUSDT,1h
2026-06-19 23:00:00+00:00,69.38,69.84,69.19,69.69,503555.53,2026-06-19 23:59:59.999000+00:00,35005739.3717,36681,260311.61,18100126.0318,0,SOLUSDT,1h
2026-06-20 00:00:00+00:00,69.69,70.09,69.57,69.6,784609.6,2026-06-20 00:59:59.999000+00:00,54757040.2227,52688,393264.01,27451231.7453,0,SOLUSDT,1h
2026-06-20 01:00:00+00:00,69.59,69.91,69.49,69.76,338640.24,2026-06-20 01:59:59.999000+00:00,23593164.6093,29602,173167.64,12066349.8254,0,SOLUSDT,1h
2026-06-20 02:00:00+00:00,69.76,69.83,69.44,69.61,330165.97,2026-06-20 02:59:59.999000+00:00,22975269.6579,31144,151166.59,10519679.4285,0,SOLUSDT,1h
2026-06-20 03:00:00+00:00,69.61,70.07,69.59,69.97,513858.81,2026-06-20 03:59:59.999000+00:00,35917644.104,32082,237417.5,16591286.279,0,SOLUSDT,1h
2026-06-20 04:00:00+00:00,69.96,71.05,69.85,70.83,1389924.87,2026-06-20 04:59:59.999000+00:00,98000842.4993,69169,666709.17,46997224.852,0,SOLUSDT,1h
2026-06-20 05:00:00+00:00,70.83,72.45,70.67,71.74,2237443.04,2026-06-20 05:59:59.999000+00:00,160556465.21,127598,1185596.89,85073537.1994,0,SOLUSDT,1h
2026-06-20 06:00:00+00:00,71.75,72.35,71.66,72.05,1008652.34,2026-06-20 06:59:59.999000+00:00,72651387.9433,72986,515339.03,37118788.2773,0,SOLUSDT,1h
2026-06-20 07:00:00+00:00,72.06,72.1,71.4,71.55,1092805.58,2026-06-20 07:59:59.999000+00:00,78325228.5182,64055,517739.87,37112932.2138,0,SOLUSDT,1h
2026-06-20 08:00:00+00:00,71.54,71.62,71.23,71.3,650281.67,2026-06-20 08:59:59.999000+00:00,46435763.7185,47223,300628.24,21473863.8699,0,SOLUSDT,1h
2026-06-20 09:00:00+00:00,71.31,71.59,71.15,71.51,600874.99,2026-06-20 09:59:59.999000+00:00,42912560.1931,41507,345232.48,24659080.8925,0,SOLUSDT,1h
2026-06-20 10:00:00+00:00,71.52,71.67,71.36,71.64,597093.4,2026-06-20 10:59:59.999000+00:00,42699317.4285,37328,284038.13,20316749.2835,0,SOLUSDT,1h
2026-06-20 11:00:00+00:00,71.64,72.06,71.39,71.74,668686.02,2026-06-20 11:59:59.999000+00:00,47968090.7686,40879,368461.58,26434854.3413,0,SOLUSDT,1h
2026-06-20 12:00:00+00:00,71.73,71.89,71.28,71.5,650081.06,2026-06-20 12:59:59.999000+00:00,46547499.441,42075,255783.03,18318151.2432,0,SOLUSDT,1h
2026-06-20 13:00:00+00:00,71.5,71.55,70.69,71.16,1470185.2,2026-06-20 13:59:59.999000+00:00,104477629.1202,68986,625101.36,44425738.3294,0,SOLUSDT,1h
2026-06-20 14:00:00+00:00,71.15,72.15,70.42,71.89,2252886.04,2026-06-20 14:59:59.999000+00:00,160497386.0644,117381,1171227.73,83416654.0588,0,SOLUSDT,1h
2026-06-20 15:00:00+00:00,71.9,72.62,71.58,72.0,1921156.49,2026-06-20 15:59:59.999000+00:00,138414461.2596,105412,1016858.26,73300534.837,0,SOLUSDT,1h
2026-06-20 16:00:00+00:00,72.01,72.03,71.28,71.64,850233.29,2026-06-20 16:59:59.999000+00:00,60872990.1252,56163,363072.2,25994716.5686,0,SOLUSDT,1h
2026-06-20 17:00:00+00:00,71.63,71.64,71.04,71.51,760535.87,2026-06-20 17:59:59.999000+00:00,54279410.7721,52560,372401.26,26585307.8624,0,SOLUSDT,1h
2026-06-20 18:00:00+00:00,71.52,71.97,71.49,71.71,551573.87,2026-06-20 18:59:59.999000+00:00,39566242.0787,38712,301153.6,21604444.9593,0,SOLUSDT,1h
2026-06-20 19:00:00+00:00,71.71,71.89,71.55,71.81,515728.14,2026-06-20 19:59:59.999000+00:00,36993185.8557,34723,278252.17,19962473.5156,0,SOLUSDT,1h
2026-06-20 20:00:00+00:00,71.82,72.03,71.66,71.97,354483.42,2026-06-20 20:59:59.999000+00:00,25478679.4561,29671,168748.9,12129140.8615,0,SOLUSDT,1h
2026-06-20 21:00:00+00:00,71.97,72.42,71.92,72.36,525692.9,2026-06-20 21:59:59.999000+00:00,37962799.1012,40010,294435.86,21262484.9325,0,SOLUSDT,1h
2026-06-20 22:00:00+00:00,72.36,74.27,72.31,73.53,2699137.85,2026-06-20 22:59:59.999000+00:00,198334753.6995,144267,1398279.4,102727771.4253,0,SOLUSDT,1h
2026-06-20 23:00:00+00:00,73.54,73.61,73.17,73.19,710849.58,2026-06-20 23:59:59.999000+00:00,52165668.542,56411,370453.56,27182282.1265,0,SOLUSDT,1h
2026-06-21 00:00:00+00:00,73.19,73.25,72.98,73.16,536748.14,2026-06-21 00:59:59.999000+00:00,39241235.4452,44605,302742.89,22134600.7648,0,SOLUSDT,1h
2026-06-21 01:00:00+00:00,73.16,73.32,72.84,73.14,521322.53,2026-06-21 01:59:59.999000+00:00,38090443.6492,42362,271193.39,19821075.939,0,SOLUSDT,1h
2026-06-21 02:00:00+00:00,73.14,73.35,73.04,73.3,322546.14,2026-06-21 02:59:59.999000+00:00,23608951.5282,31538,188071.2,13765929.2444,0,SOLUSDT,1h
2026-06-21 03:00:00+00:00,73.3,73.83,73.08,73.57,834249.39,2026-06-21 03:59:59.999000+00:00,61328852.8283,60313,431115.37,31690863.0319,0,SOLUSDT,1h
2026-06-21 04:00:00+00:00,73.58,73.81,73.33,73.39,461403.0,2026-06-21 04:59:59.999000+00:00,33947839.1049,40474,222918.49,16403187.2693,0,SOLUSDT,1h
2026-06-21 05:00:00+00:00,73.4,73.47,72.96,73.06,492287.53,2026-06-21 05:59:59.999000+00:00,36008305.8785,40373,197169.78,14422252.6654,0,SOLUSDT,1h
2026-06-21 06:00:00+00:00,73.06,73.33,73.01,73.21,391795.09,2026-06-21 06:59:59.999000+00:00,28664933.4973,32695,229884.03,16818755.6249,0,SOLUSDT,1h
2026-06-21 07:00:00+00:00,73.21,73.41,73.08,73.17,517413.1,2026-06-21 07:59:59.999000+00:00,37904316.3876,39643,242431.82,17760318.1272,0,SOLUSDT,1h
2026-06-21 08:00:00+00:00,73.18,73.23,72.71,73.13,806071.65,2026-06-21 08:59:59.999000+00:00,58822853.2173,52859,367695.68,26831906.7897,0,SOLUSDT,1h
2026-06-21 09:00:00+00:00,73.13,74.08,73.04,74.01,1113415.97,2026-06-21 09:59:59.999000+00:00,82015666.1907,64777,642441.39,47327411.2835,0,SOLUSDT,1h
2026-06-21 10:00:00+00:00,74.01,74.4,73.81,73.87,932891.32,2026-06-21 10:59:59.999000+00:00,69089524.6772,59851,436054.84,32304113.5783,0,SOLUSDT,1h
2026-06-21 11:00:00+00:00,73.86,74.0,73.03,73.16,1333163.12,2026-06-21 11:59:59.999000+00:00,97908553.7656,70438,564533.08,41459717.1927,0,SOLUSDT,1h
2026-06-21 12:00:00+00:00,73.16,73.65,72.86,73.58,1330550.48,2026-06-21 12:59:59.999000+00:00,97320769.9526,68408,684861.3,50109346.7116,0,SOLUSDT,1h
2026-06-21 13:00:00+00:00,73.59,73.9,73.42,73.87,821758.96,2026-06-21 13:59:59.999000+00:00,60522982.0662,54702,434888.17,32034370.4764,0,SOLUSDT,1h
2026-06-21 14:00:00+00:00,73.87,74.12,73.6,74.08,840919.76,2026-06-21 14:59:59.999000+00:00,62131964.1275,47558,432208.97,31939290.0653,0,SOLUSDT,1h
2026-06-21 15:00:00+00:00,74.07,74.26,73.86,74.11,707551.38,2026-06-21 15:59:59.999000+00:00,52405513.587,49252,359593.5,26637794.4177,0,SOLUSDT,1h
2026-06-21 16:00:00+00:00,74.1,74.8,73.74,74.29,1199499.15,2026-06-21 16:59:59.999000+00:00,88990726.5019,67152,646798.69,48015319.441,0,SOLUSDT,1h
2026-06-21 17:00:00+00:00,74.29,74.61,74.01,74.2,787100.83,2026-06-21 17:59:59.999000+00:00,58498315.185,54085,392401.75,29168890.8469,0,SOLUSDT,1h
2026-06-21 18:00:00+00:00,74.21,74.43,73.81,74.17,645328.12,2026-06-21 18:59:59.999000+00:00,47802545.4918,50721,308977.89,22891983.9142,0,SOLUSDT,1h
2026-06-21 19:00:00+00:00,74.17,74.44,74.07,74.38,364726.9,2026-06-21 19:59:59.999000+00:00,27099421.6454,33197,215799.47,16035267.5547,0,SOLUSDT,1h
2026-06-21 20:00:00+00:00,74.39,74.53,73.3,73.39,966379.25,2026-06-21 20:59:59.999000+00:00,71237494.3813,60974,394736.67,29097617.2076,0,SOLUSDT,1h
2026-06-21 21:00:00+00:00,73.4,73.43,72.35,73.1,2004767.45,2026-06-21 21:59:59.999000+00:00,146133683.5578,111683,955493.06,69628054.7282,0,SOLUSDT,1h
2026-06-21 22:00:00+00:00,73.1,73.23,72.58,73.0,863363.69,2026-06-21 22:59:59.999000+00:00,62977756.7851,69413,429007.85,31298470.4752,0,SOLUSDT,1h
2026-06-21 23:00:00+00:00,73.0,73.06,72.26,72.42,1055856.6,2026-06-21 23:59:59.999000+00:00,76674278.1044,79279,541228.84,39306000.2163,0,SOLUSDT,1h
2026-06-22 00:00:00+00:00,72.42,73.56,72.41,73.33,1193473.98,2026-06-22 00:59:59.999000+00:00,87151188.9614,83597,647211.6,47258007.1756,0,SOLUSDT,1h
2026-06-22 01:00:00+00:00,73.34,74.97,73.21,74.32,2185319.06,2026-06-22 01:59:59.999000+00:00,162248539.7015,127503,1205600.8,89514639.2325,0,SOLUSDT,1h
2026-06-22 02:00:00+00:00,74.33,74.41,73.71,73.77,715799.71,2026-06-22 02:59:59.999000+00:00,52996391.2495,57792,315156.77,23336603.2071,0,SOLUSDT,1h
2026-06-22 03:00:00+00:00,73.78,74.03,73.23,73.47,1024049.83,2026-06-22 03:59:59.999000+00:00,75381973.1315,70795,484248.71,35651303.7387,0,SOLUSDT,1h
2026-06-22 04:00:00+00:00,73.47,73.87,73.3,73.82,656268.14,2026-06-22 04:59:59.999000+00:00,48270292.5686,51540,324760.89,23888810.1924,0,SOLUSDT,1h
2026-06-22 05:00:00+00:00,73.82,74.11,73.74,73.91,573951.67,2026-06-22 05:59:59.999000+00:00,42456551.8039,43520,254518.26,18826958.0286,0,SOLUSDT,1h
2026-06-22 06:00:00+00:00,73.91,74.17,73.51,73.67,592507.74,2026-06-22 06:59:59.999000+00:00,43704887.1473,43613,268165.81,19783656.8337,0,SOLUSDT,1h
2026-06-22 07:00:00+00:00,73.67,74.44,73.63,74.07,747532.53,2026-06-22 07:59:59.999000+00:00,55422070.0748,51516,354361.2,26272823.7856,0,SOLUSDT,1h
2026-06-22 08:00:00+00:00,74.07,74.29,73.67,73.85,587489.78,2026-06-22 08:59:59.999000+00:00,43467508.7644,47265,321942.44,23818585.9947,0,SOLUSDT,1h
2026-06-22 09:00:00+00:00,73.85,73.99,73.53,73.75,462015.4,2026-06-22 09:59:59.999000+00:00,34071123.3058,36980,250194.69,18451879.5102,0,SOLUSDT,1h
2026-06-22 10:00:00+00:00,73.76,73.99,73.55,73.74,454917.8,2026-06-22 10:59:59.999000+00:00,33547827.8316,34230,222879.52,16435468.9558,0,SOLUSDT,1h
2026-06-22 11:00:00+00:00,73.73,74.42,73.61,74.15,1425176.82,2026-06-22 11:59:59.999000+00:00,105600437.4404,77256,696125.41,51585460.7309,0,SOLUSDT,1h
2026-06-22 12:00:00+00:00,74.16,74.55,73.99,74.38,1236538.41,2026-06-22 12:59:59.999000+00:00,91827913.4481,70349,659393.37,48978290.9321,0,SOLUSDT,1h
2026-06-22 13:00:00+00:00,74.39,74.95,74.2,74.94,1696037.68,2026-06-22 13:59:59.999000+00:00,126565610.2724,104160,939679.15,70139926.39,0,SOLUSDT,1h
2026-06-22 14:00:00+00:00,74.95,74.97,73.12,73.39,2534159.29,2026-06-22 14:59:59.999000+00:00,187029791.9651,134272,1187668.59,87645800.8222,0,SOLUSDT,1h
2026-06-22 15:00:00+00:00,73.39,73.76,72.93,73.09,1461295.94,2026-06-22 15:59:59.999000+00:00,107243350.2203,97145,676784.94,49691051.7929,0,SOLUSDT,1h
2026-06-22 16:00:00+00:00,73.09,73.17,72.5,72.9,1486389.6,2026-06-22 16:59:59.999000+00:00,108172286.0666,88355,781722.11,56887361.4605,0,SOLUSDT,1h
2026-06-22 17:00:00+00:00,72.9,73.29,72.59,73.24,682278.25,2026-06-22 17:59:59.999000+00:00,49767898.5192,51298,346485.08,25284197.5497,0,SOLUSDT,1h
2026-06-22 18:00:00+00:00,73.23,73.53,72.52,72.6,1248284.95,2026-06-22 18:59:59.999000+00:00,91168378.2288,61875,497302.33,36319709.8864,0,SOLUSDT,1h
2026-06-22 19:00:00+00:00,72.6,72.77,72.4,72.66,849827.25,2026-06-22 19:59:59.999000+00:00,61702429.0812,52761,404486.2,29372248.0543,0,SOLUSDT,1h
2026-06-22 20:00:00+00:00,72.66,72.92,72.44,72.78,519486.72,2026-06-22 20:59:59.999000+00:00,37770146.2994,36684,244706.99,17795371.4967,0,SOLUSDT,1h
2026-06-22 21:00:00+00:00,72.78,72.84,72.23,72.7,525830.47,2026-06-22 21:59:59.999000+00:00,38131238.3419,38789,239895.44,17400622.8837,0,SOLUSDT,1h
2026-06-22 22:00:00+00:00,72.7,72.92,71.27,72.06,1778046.08,2026-06-22 22:59:59.999000+00:00,127812352.6077,103559,802961.97,57715817.4918,0,SOLUSDT,1h
2026-06-22 23:00:00+00:00,72.06,72.13,71.78,71.91,502295.71,2026-06-22 23:59:59.999000+00:00,36151892.7115,45018,270702.17,19485006.7421,0,SOLUSDT,1h
2026-06-23 00:00:00+00:00,71.9,71.98,71.41,71.83,915548.54,2026-06-23 00:59:59.999000+00:00,65604469.8717,55785,536275.08,38421543.5446,0,SOLUSDT,1h
2026-06-23 01:00:00+00:00,71.84,72.0,71.24,71.67,750873.62,2026-06-23 01:59:59.999000+00:00,53802303.4659,57880,371496.11,26619865.2729,0,SOLUSDT,1h
2026-06-23 02:00:00+00:00,71.66,72.01,71.49,71.95,457397.85,2026-06-23 02:59:59.999000+00:00,32849460.5034,46143,277977.46,19965342.8511,0,SOLUSDT,1h
2026-06-23 03:00:00+00:00,71.95,71.96,71.66,71.94,386791.1,2026-06-23 03:59:59.999000+00:00,27770615.5381,36277,186498.82,13391728.7645,0,SOLUSDT,1h
2026-06-23 04:00:00+00:00,71.95,71.98,71.32,71.41,564208.89,2026-06-23 04:59:59.999000+00:00,40419321.3414,42283,226959.26,16262349.0495,0,SOLUSDT,1h
2026-06-23 05:00:00+00:00,71.4,71.56,70.83,71.0,1228142.83,2026-06-23 05:59:59.999000+00:00,87373972.4091,79131,537048.87,38216307.9752,0,SOLUSDT,1h
2026-06-23 06:00:00+00:00,71.0,71.04,69.62,70.29,2733777.55,2026-06-23 06:59:59.999000+00:00,191944914.9289,154354,1273919.49,89376445.9195,0,SOLUSDT,1h
2026-06-23 07:00:00+00:00,70.28,70.52,69.91,69.95,872931.74,2026-06-23 07:59:59.999000+00:00,61340651.931,58107,393535.09,27662387.504,0,SOLUSDT,1h
2026-06-23 08:00:00+00:00,69.96,70.08,68.07,68.65,3941014.78,2026-06-23 08:59:59.999000+00:00,271297296.6063,194616,1987000.27,136716676.4826,0,SOLUSDT,1h
2026-06-23 09:00:00+00:00,68.64,68.99,68.63,68.87,915547.57,2026-06-23 09:59:59.999000+00:00,63016114.4941,60378,459474.54,31627742.0669,0,SOLUSDT,1h
2026-06-23 10:00:00+00:00,68.87,69.17,68.54,68.76,800622.55,2026-06-23 10:59:59.999000+00:00,55117677.3723,52424,415382.4,28604032.1645,0,SOLUSDT,1h
2026-06-23 11:00:00+00:00,68.75,69.29,68.75,69.26,879495.7,2026-06-23 11:59:59.999000+00:00,60763843.8485,57027,527001.03,36414404.432,0,SOLUSDT,1h
2026-06-23 12:00:00+00:00,69.25,69.34,68.8,68.92,720450.88,2026-06-23 12:59:59.999000+00:00,49754653.3465,52123,307921.98,21268550.6513,0,SOLUSDT,1h
2026-06-23 13:00:00+00:00,68.91,69.33,68.58,69.15,1680142.57,2026-06-23 13:59:59.999000+00:00,115858942.3435,107007,819745.85,56540688.6532,0,SOLUSDT,1h
2026-06-23 14:00:00+00:00,69.14,69.63,69.02,69.14,1517044.9,2026-06-23 14:59:59.999000+00:00,105155060.5973,106546,743766.33,51560134.5472,0,SOLUSDT,1h
2026-06-23 15:00:00+00:00,69.15,69.16,68.33,68.87,1133537.44,2026-06-23 15:59:59.999000+00:00,77885793.3344,85414,528692.75,36321422.0752,0,SOLUSDT,1h
2026-06-23 16:00:00+00:00,68.87,69.36,68.76,68.84,836327.12,2026-06-23 16:59:59.999000+00:00,57757230.0919,67528,427717.86,29542690.6503,0,SOLUSDT,1h
2026-06-23 17:00:00+00:00,68.84,69.15,68.58,68.72,508473.72,2026-06-23 17:59:59.999000+00:00,34999839.2207,52105,264105.78,18181497.6541,0,SOLUSDT,1h
2026-06-23 18:00:00+00:00,68.73,69.0,68.63,68.86,416166.09,2026-06-23 18:59:59.999000+00:00,28634548.6659,45577,221587.55,15248183.7698,0,SOLUSDT,1h
2026-06-23 19:00:00+00:00,68.85,69.07,68.7,68.8,414734.12,2026-06-23 19:59:59.999000+00:00,28562766.9528,40486,237258.82,16339874.8597,0,SOLUSDT,1h
2026-06-23 20:00:00+00:00,68.81,69.03,68.79,68.98,284576.6,2026-06-23 20:59:59.999000+00:00,19618301.543,29283,159389.81,10988315.7627,0,SOLUSDT,1h
2026-06-23 21:00:00+00:00,68.98,69.28,68.93,69.23,405815.06,2026-06-23 21:59:59.999000+00:00,28061218.1391,30697,226795.41,15682500.1911,0,SOLUSDT,1h
2026-06-23 22:00:00+00:00,69.22,69.82,69.2,69.51,667855.31,2026-06-23 22:59:59.999000+00:00,46431646.5184,48254,363886.27,25301616.207,0,SOLUSDT,1h
2026-06-23 23:00:00+00:00,69.51,69.78,69.26,69.65,392213.91,2026-06-23 23:59:59.999000+00:00,27251773.6203,39816,172358.91,11974110.4132,0,SOLUSDT,1h
2026-06-24 00:00:00+00:00,69.66,70.11,69.54,69.94,725623.72,2026-06-24 00:59:59.999000+00:00,50714068.5495,59151,370642.77,25907364.7684,0,SOLUSDT,1h
2026-06-24 01:00:00+00:00,69.95,70.36,69.62,70.03,640932.23,2026-06-24 01:59:59.999000+00:00,44896957.7352,57777,334905.58,23466570.315,0,SOLUSDT,1h
2026-06-24 02:00:00+00:00,70.04,70.1,69.37,69.42,749691.53,2026-06-24 02:59:59.999000+00:00,52258284.6049,53666,353929.79,24668645.0894,0,SOLUSDT,1h
2026-06-24 03:00:00+00:00,69.41,69.73,69.03,69.53,669667.35,2026-06-24 03:59:59.999000+00:00,46453244.737,51636,328160.88,22770010.5192,0,SOLUSDT,1h
2026-06-24 04:00:00+00:00,69.53,69.65,68.91,69.54,591553.9,2026-06-24 04:59:59.999000+00:00,40999871.9845,51236,280537.84,19445781.8186,0,SOLUSDT,1h
2026-06-24 05:00:00+00:00,69.53,70.17,69.46,69.89,495108.57,2026-06-24 05:59:59.999000+00:00,34586603.974,46768,267148.24,18657238.0697,0,SOLUSDT,1h
2026-06-24 06:00:00+00:00,69.89,70.0,69.64,69.68,348198.15,2026-06-24 06:59:59.999000+00:00,24313305.0226,34297,195194.34,13630223.389,0,SOLUSDT,1h
2026-06-24 07:00:00+00:00,69.69,69.74,69.24,69.33,497222.81,2026-06-24 07:59:59.999000+00:00,34555551.5402,47982,233186.02,16203073.4018,0,SOLUSDT,1h
2026-06-24 08:00:00+00:00,69.34,69.59,69.2,69.42,444059.45,2026-06-24 08:59:59.999000+00:00,30809768.1284,38126,244591.83,16970940.1811,0,SOLUSDT,1h
2026-06-24 09:00:00+00:00,69.42,69.51,69.16,69.27,382796.94,2026-06-24 09:59:59.999000+00:00,26539825.9827,36487,188738.87,13087479.0111,0,SOLUSDT,1h
2026-06-24 10:00:00+00:00,69.27,69.31,68.91,69.02,554836.1,2026-06-24 10:59:59.999000+00:00,38330641.3472,45864,258546.07,17863658.2473,0,SOLUSDT,1h
2026-06-24 11:00:00+00:00,69.01,70.45,68.74,69.78,1345107.45,2026-06-24 11:59:59.999000+00:00,93441842.7594,89343,700165.9,48657698.5638,0,SOLUSDT,1h
2026-06-24 12:00:00+00:00,69.78,69.89,69.38,69.42,783082.38,2026-06-24 12:59:59.999000+00:00,54566582.7639,62191,352618.36,24570417.5257,0,SOLUSDT,1h
2026-06-24 13:00:00+00:00,69.42,69.46,68.32,68.84,3296699.49,2026-06-24 13:59:59.999000+00:00,227042308.8761,198779,1577965.54,108711503.6557,0,SOLUSDT,1h
2026-06-24 14:00:00+00:00,68.83,69.4,68.55,68.83,1808012.63,2026-06-24 14:59:59.999000+00:00,124595469.8125,136546,937593.53,64616411.3491,0,SOLUSDT,1h
2026-06-24 15:00:00+00:00,68.83,68.86,67.21,67.29,2859170.93,2026-06-24 15:59:59.999000+00:00,194267785.7666,172321,1189448.68,80810999.3163,0,SOLUSDT,1h
2026-06-24 16:00:00+00:00,67.28,68.0,66.25,66.49,4242220.8,2026-06-24 16:59:59.999000+00:00,284357281.2836,211541,2041736.51,136894556.0864,0,SOLUSDT,1h
2026-06-24 17:00:00+00:00,66.49,66.91,64.66,64.93,4251866.06,2026-06-24 17:59:59.999000+00:00,278957858.5551,247965,1964926.63,128894487.5508,0,SOLUSDT,1h
2026-06-24 18:00:00+00:00,64.93,66.47,64.76,65.99,2715125.7,2026-06-24 18:59:59.999000+00:00,178587316.4402,163984,1405569.68,92436393.0354,0,SOLUSDT,1h
2026-06-24 19:00:00+00:00,66.0,66.34,65.48,66.09,1337818.18,2026-06-24 19:59:59.999000+00:00,88130799.2355,102696,699387.92,46080537.4844,0,SOLUSDT,1h
2026-06-24 20:00:00+00:00,66.08,67.97,65.93,67.63,2256788.16,2026-06-24 20:59:59.999000+00:00,151695196.6901,157928,1178997.4,79253870.6376,0,SOLUSDT,1h
2026-06-24 21:00:00+00:00,67.64,68.08,67.16,68.02,935408.13,2026-06-24 21:59:59.999000+00:00,63150792.0213,71535,476266.79,32163982.3402,0,SOLUSDT,1h
2026-06-24 22:00:00+00:00,68.03,68.5,67.64,67.79,797783.89,2026-06-24 22:59:59.999000+00:00,54268923.3601,69854,372487.98,25352026.9149,0,SOLUSDT,1h
2026-06-24 23:00:00+00:00,67.79,68.16,67.71,68.07,408948.16,2026-06-24 23:59:59.999000+00:00,27789530.4399,44305,207726.85,14117910.0637,0,SOLUSDT,1h
2026-06-25 00:00:00+00:00,68.08,68.28,67.51,67.67,613273.29,2026-06-25 00:59:59.999000+00:00,41627002.3302,62210,267439.08,18166106.4715,0,SOLUSDT,1h
2026-06-25 01:00:00+00:00,67.67,67.97,67.36,67.84,476117.96,2026-06-25 01:59:59.999000+00:00,32208645.1678,48724,244022.18,16513279.1794,0,SOLUSDT,1h
2026-06-25 02:00:00+00:00,67.84,67.89,67.56,67.69,311433.02,2026-06-25 02:59:59.999000+00:00,21088976.8243,33849,147773.93,10008467.1045,0,SOLUSDT,1h
2026-06-25 03:00:00+00:00,67.68,67.82,67.41,67.64,323784.19,2026-06-25 03:59:59.999000+00:00,21890025.0134,32904,158778.4,10735210.6164,0,SOLUSDT,1h
2026-06-25 04:00:00+00:00,67.65,68.49,67.44,68.42,763323.5,2026-06-25 04:59:59.999000+00:00,51879467.9026,51155,462349.52,31423007.1664,0,SOLUSDT,1h
2026-06-25 05:00:00+00:00,68.42,69.28,68.31,69.0,1458506.79,2026-06-25 05:59:59.999000+00:00,100519926.4418,102210,835233.05,57569104.8435,0,SOLUSDT,1h
2026-06-25 06:00:00+00:00,68.99,69.64,68.97,69.43,878561.15,2026-06-25 06:59:59.999000+00:00,60926056.0991,69621,488968.99,33907011.6411,0,SOLUSDT,1h
2026-06-25 07:00:00+00:00,69.44,69.55,69.18,69.4,532033.13,2026-06-25 07:59:59.999000+00:00,36893736.8664,45423,248755.13,17251744.2341,0,SOLUSDT,1h
2026-06-25 08:00:00+00:00,69.4,69.41,68.96,69.03,645785.57,2026-06-25 08:59:59.999000+00:00,44635917.8234,43174,247551.08,17114184.29,0,SOLUSDT,1h
2026-06-25 09:00:00+00:00,69.03,69.16,68.76,68.8,495101.16,2026-06-25 09:59:59.999000+00:00,34129461.2842,36003,233004.98,16068173.3572,0,SOLUSDT,1h
2026-06-25 10:00:00+00:00,68.8,68.85,68.01,68.25,888437.16,2026-06-25 10:59:59.999000+00:00,60802801.0099,52974,366956.39,25115763.3381,0,SOLUSDT,1h
2026-06-25 11:00:00+00:00,68.26,68.41,67.96,68.13,913817.69,2026-06-25 11:59:59.999000+00:00,62271689.3834,52041,470976.89,32103601.9958,0,SOLUSDT,1h
2026-06-25 12:00:00+00:00,68.14,68.95,67.73,68.26,1413017.72,2026-06-25 12:59:59.999000+00:00,96536839.7785,149673,743869.36,50840990.8883,0,SOLUSDT,1h
2026-06-25 13:00:00+00:00,68.26,68.42,64.0,64.19,4980541.95,2026-06-25 13:59:59.999000+00:00,329008850.2167,274296,2236471.57,147673183.647,0,SOLUSDT,1h
2026-06-25 14:00:00+00:00,64.19,67.13,64.18,66.33,5389952.24,2026-06-25 14:59:59.999000+00:00,354996024.348,338591,2830513.95,186505048.399,0,SOLUSDT,1h
2026-06-25 15:00:00+00:00,66.33,66.36,65.19,66.27,1790066.31,2026-06-25 15:59:59.999000+00:00,117854317.6689,155649,868437.58,57202292.4008,0,SOLUSDT,1h
2026-06-25 16:00:00+00:00,66.28,67.0,65.61,65.94,1496267.88,2026-06-25 16:59:59.999000+00:00,99226735.1799,126123,746683.84,49545706.2114,0,SOLUSDT,1h
2026-06-25 17:00:00+00:00,65.94,67.33,65.78,67.1,1538553.84,2026-06-25 17:59:59.999000+00:00,102787854.7062,121980,775044.01,51769902.1376,0,SOLUSDT,1h
2026-06-25 18:00:00+00:00,67.09,67.12,65.88,66.15,1232638.93,2026-06-25 18:59:59.999000+00:00,81736247.3267,104047,603442.68,40019960.3284,0,SOLUSDT,1h
2026-06-25 19:00:00+00:00,66.16,66.19,65.62,66.17,964452.05,2026-06-25 19:59:59.999000+00:00,63589965.652,74666,454491.56,29971140.3596,0,SOLUSDT,1h
2026-06-25 20:00:00+00:00,66.16,66.77,66.04,66.24,943324.94,2026-06-25 20:59:59.999000+00:00,62662082.8958,71240,446893.73,29688697.0702,0,SOLUSDT,1h
2026-06-25 21:00:00+00:00,66.24,67.28,66.23,67.26,754181.87,2026-06-25 21:59:59.999000+00:00,50348415.1561,60303,426395.34,28469007.5613,0,SOLUSDT,1h
2026-06-25 22:00:00+00:00,67.25,67.32,66.91,67.11,613084.24,2026-06-25 22:59:59.999000+00:00,41126881.7954,51958,320468.33,21501061.0442,0,SOLUSDT,1h
2026-06-25 23:00:00+00:00,67.11,68.8,66.96,67.69,1705940.9,2026-06-25 23:59:59.999000+00:00,115964943.8824,118204,949534.0,64524097.4134,0,SOLUSDT,1h
2026-06-26 00:00:00+00:00,67.69,68.08,67.59,67.71,620066.51,2026-06-26 00:59:59.999000+00:00,42045893.4323,76016,316361.92,21455470.9793,0,SOLUSDT,1h
2026-06-26 01:00:00+00:00,67.7,67.88,67.1,67.29,839831.74,2026-06-26 01:59:59.999000+00:00,56598148.3531,77136,406120.08,27369704.6733,0,SOLUSDT,1h
2026-06-26 02:00:00+00:00,67.29,67.32,65.86,66.18,1908334.14,2026-06-26 02:59:59.999000+00:00,126674294.3571,147820,875522.08,58128152.1744,0,SOLUSDT,1h
2026-06-26 03:00:00+00:00,66.18,68.48,65.88,68.17,2428972.59,2026-06-26 03:59:59.999000+00:00,163092261.9012,167720,1350733.17,90714036.5558,0,SOLUSDT,1h
2026-06-26 04:00:00+00:00,68.18,68.36,67.92,68.04,948212.37,2026-06-26 04:59:59.999000+00:00,64533354.8453,88850,466070.77,31721993.3265,0,SOLUSDT,1h
2026-06-26 05:00:00+00:00,68.04,68.43,67.94,68.34,750895.75,2026-06-26 05:59:59.999000+00:00,51201382.6224,67712,363717.21,24803394.1742,0,SOLUSDT,1h
2026-06-26 06:00:00+00:00,68.33,69.99,67.96,69.98,2425158.79,2026-06-26 06:59:59.999000+00:00,167504734.455,144778,1399976.7,96715388.1834,0,SOLUSDT,1h
2026-06-26 07:00:00+00:00,69.98,70.97,69.89,70.74,2476777.51,2026-06-26 07:59:59.999000+00:00,174581228.6113,159124,1224684.19,86319714.749,0,SOLUSDT,1h
2026-06-26 08:00:00+00:00,70.74,70.85,69.68,69.9,1871554.36,2026-06-26 08:59:59.999000+00:00,131112617.7577,111840,901054.62,63119630.0446,0,SOLUSDT,1h
2026-06-26 09:00:00+00:00,69.91,69.93,68.8,68.97,1498875.17,2026-06-26 09:59:59.999000+00:00,104031499.6925,104765,588230.5,40852078.0359,0,SOLUSDT,1h
2026-06-26 10:00:00+00:00,68.98,69.22,68.59,68.73,919865.12,2026-06-26 10:59:59.999000+00:00,63395674.2111,77751,453128.81,31234579.5393,0,SOLUSDT,1h
2026-06-26 11:00:00+00:00,68.73,69.07,68.35,68.58,746615.47,2026-06-26 11:59:59.999000+00:00,51270870.9461,72974,372583.02,25591813.3793,0,SOLUSDT,1h
2026-06-26 12:00:00+00:00,68.57,69.71,68.32,68.83,1958170.29,2026-06-26 12:59:59.999000+00:00,134981790.2074,141411,1002603.99,69143792.4499,0,SOLUSDT,1h
2026-06-26 13:00:00+00:00,68.83,70.92,68.13,70.69,3136094.29,2026-06-26 13:59:59.999000+00:00,217636362.7872,233384,1617798.43,112313008.911,0,SOLUSDT,1h
2026-06-26 14:00:00+00:00,70.68,71.95,70.2,70.43,3663748.46,2026-06-26 14:59:59.999000+00:00,260167377.3521,282680,1844594.22,131034498.2995,0,SOLUSDT,1h
2026-06-26 15:00:00+00:00,70.43,72.22,70.27,72.02,2495554.85,2026-06-26 15:59:59.999000+00:00,178380523.0751,196187,1299817.67,92911496.2816,0,SOLUSDT,1h
2026-06-26 16:00:00+00:00,72.03,73.51,71.96,72.46,3553945.57,2026-06-26 16:59:59.999000+00:00,258275023.0538,228672,1849676.03,134461055.9157,0,SOLUSDT,1h
2026-06-26 17:00:00+00:00,72.47,72.86,72.16,72.53,1369252.01,2026-06-26 17:59:59.999000+00:00,99279239.9458,118503,630174.59,45693668.2017,0,SOLUSDT,1h
2026-06-26 18:00:00+00:00,72.54,73.07,72.34,72.57,906606.29,2026-06-26 18:59:59.999000+00:00,65859306.0966,95619,431575.48,31355797.7015,0,SOLUSDT,1h
2026-06-26 19:00:00+00:00,72.57,73.91,72.45,72.98,1953508.02,2026-06-26 19:59:59.999000+00:00,143360282.6082,145538,1037735.27,76157088.0914,0,SOLUSDT,1h
2026-06-26 20:00:00+00:00,72.99,73.66,72.02,72.16,1845658.04,2026-06-26 20:59:59.999000+00:00,134252682.9913,146354,875928.65,63724695.0493,0,SOLUSDT,1h
2026-06-26 21:00:00+00:00,72.16,72.37,71.77,71.95,896680.38,2026-06-26 21:59:59.999000+00:00,64597139.4651,77608,451067.11,32500306.8963,0,SOLUSDT,1h
2026-06-26 22:00:00+00:00,71.95,72.06,71.39,71.78,933129.77,2026-06-26 22:59:59.999000+00:00,66896248.4558,74460,482655.17,34607252.8284,0,SOLUSDT,1h
2026-06-26 23:00:00+00:00,71.79,71.99,71.65,71.87,453956.99,2026-06-26 23:59:59.999000+00:00,32610999.8737,40788,256929.59,18458531.4802,0,SOLUSDT,1h
2026-06-27 00:00:00+00:00,71.88,72.51,71.53,71.78,980907.55,2026-06-27 00:59:59.999000+00:00,70701562.0473,82153,514348.88,37090046.9688,0,SOLUSDT,1h
2026-06-27 01:00:00+00:00,71.78,71.79,71.31,71.4,495520.98,2026-06-27 01:59:59.999000+00:00,35446602.0694,46861,208909.99,14947403.61,0,SOLUSDT,1h
2026-06-27 02:00:00+00:00,71.39,72.24,71.34,72.08,748943.99,2026-06-27 02:59:59.999000+00:00,53857812.6851,66595,427910.49,30780184.2645,0,SOLUSDT,1h
2026-06-27 03:00:00+00:00,72.08,72.38,71.78,72.21,559174.38,2026-06-27 03:59:59.999000+00:00,40323094.7139,54000,297497.81,21455446.6348,0,SOLUSDT,1h
2026-06-27 04:00:00+00:00,72.21,72.57,71.85,71.89,546043.71,2026-06-27 04:59:59.999000+00:00,39447250.931,49694,251680.78,18195796.6116,0,SOLUSDT,1h
2026-06-27 05:00:00+00:00,71.88,71.99,71.48,71.76,566558.16,2026-06-27 05:59:59.999000+00:00,40650645.5534,48172,277435.88,19905534.7044,0,SOLUSDT,1h
2026-06-27 06:00:00+00:00,71.77,72.3,71.58,72.09,587320.82,2026-06-27 06:59:59.999000+00:00,42286620.1868,49158,310408.71,22350421.3871,0,SOLUSDT,1h
2026-06-27 07:00:00+00:00,72.08,72.33,71.96,72.27,405573.39,2026-06-27 07:59:59.999000+00:00,29246305.1114,34671,211012.04,15217577.1367,0,SOLUSDT,1h
2026-06-27 08:00:00+00:00,72.27,72.29,71.84,72.0,473806.03,2026-06-27 08:59:59.999000+00:00,34153192.7535,37748,214975.71,15494026.8768,0,SOLUSDT,1h
2026-06-27 09:00:00+00:00,71.99,72.07,71.67,71.82,445870.75,2026-06-27 09:59:59.999000+00:00,32013342.7341,34748,231183.46,16597389.306,0,SOLUSDT,1h
2026-06-27 10:00:00+00:00,71.83,72.02,71.79,72.0,325815.32,2026-06-27 10:59:59.999000+00:00,23429848.5283,26867,154689.94,11124434.9052,0,SOLUSDT,1h
2026-06-27 11:00:00+00:00,71.99,72.06,71.49,71.76,548244.38,2026-06-27 11:59:59.999000+00:00,39307791.2411,39584,261480.72,18749250.0957,0,SOLUSDT,1h
2026-06-27 12:00:00+00:00,71.77,72.15,71.59,72.13,412554.55,2026-06-27 12:59:59.999000+00:00,29645669.9018,38887,245097.77,17617389.9784,0,SOLUSDT,1h
2026-06-27 13:00:00+00:00,72.13,72.58,72.08,72.3,580113.18,2026-06-27 13:59:59.999000+00:00,41956382.1304,49865,305515.23,22098147.4942,0,SOLUSDT,1h
2026-06-27 14:00:00+00:00,72.31,72.87,72.16,72.68,695376.46,2026-06-27 14:59:59.999000+00:00,50483917.9521,56730,356163.47,25863747.8738,0,SOLUSDT,1h
2026-06-27 15:00:00+00:00,72.68,73.16,72.58,72.8,901994.79,2026-06-27 15:59:59.999000+00:00,65763133.5566,61613,511836.52,37322925.2731,0,SOLUSDT,1h
2026-06-27 16:00:00+00:00,72.8,72.98,72.59,72.62,534580.99,2026-06-27 16:59:59.999000+00:00,38889746.537,44157,252476.52,18368408.6459,0,SOLUSDT,1h
2026-06-27 17:00:00+00:00,72.61,72.62,71.84,72.0,1123760.27,2026-06-27 17:59:59.999000+00:00,81101196.832,75065,533219.76,38482548.7907,0,SOLUSDT,1h
2026-06-27 18:00:00+00:00,72.0,72.14,71.71,71.88,593605.46,2026-06-27 18:59:59.999000+00:00,42687506.2813,41093,313131.15,22518886.9564,0,SOLUSDT,1h
2026-06-27 19:00:00+00:00,71.87,71.96,70.9,71.07,1468305.66,2026-06-27 19:59:59.999000+00:00,104596280.4381,82615,647697.96,46154700.1096,0,SOLUSDT,1h
2026-06-27 20:00:00+00:00,71.06,71.31,71.03,71.28,377234.48,2026-06-27 20:59:59.999000+00:00,26854606.2684,29197,222262.65,15823570.9184,0,SOLUSDT,1h
2026-06-27 21:00:00+00:00,71.27,71.6,70.77,70.95,655283.25,2026-06-27 21:59:59.999000+00:00,46670750.2452,54259,315872.81,22508355.8065,0,SOLUSDT,1h
2026-06-27 22:00:00+00:00,70.94,71.06,70.21,71.04,1122091.98,2026-06-27 22:59:59.999000+00:00,79295221.2411,78135,589979.34,41709197.8924,0,SOLUSDT,1h
2026-06-27 23:00:00+00:00,71.05,71.13,70.39,70.47,557522.15,2026-06-27 23:59:59.999000+00:00,39384073.7767,46214,262861.22,18563667.1601,0,SOLUSDT,1h
2026-06-28 00:00:00+00:00,70.47,70.78,70.43,70.67,508400.76,2026-06-28 00:59:59.999000+00:00,35898801.7596,38188,255215.39,18022594.5318,0,SOLUSDT,1h
2026-06-28 01:00:00+00:00,70.68,70.89,70.41,70.79,421605.7,2026-06-28 01:59:59.999000+00:00,29801427.6371,32764,209001.75,14777728.8457,0,SOLUSDT,1h
2026-06-28 02:00:00+00:00,70.8,70.98,70.45,70.67,476838.54,2026-06-28 02:59:59.999000+00:00,33727212.8574,33103,244790.22,17314721.9463,0,SOLUSDT,1h
2026-06-28 03:00:00+00:00,70.67,70.94,70.67,70.82,417357.62,2026-06-28 03:59:59.999000+00:00,29556733.6802,25000,178682.99,12655165.3533,0,SOLUSDT,1h
2026-06-28 04:00:00+00:00,70.83,70.96,70.51,70.73,284746.35,2026-06-28 04:59:59.999000+00:00,20146419.2583,27910,136910.52,9686505.567,0,SOLUSDT,1h
2026-06-28 05:00:00+00:00,70.73,70.74,70.08,70.49,685543.15,2026-06-28 05:59:59.999000+00:00,48238379.2084,49450,326223.98,22961942.4639,0,SOLUSDT,1h
2026-06-28 06:00:00+00:00,70.5,70.54,70.13,70.4,417361.35,2026-06-28 06:59:59.999000+00:00,29363401.5844,36286,219237.99,15424577.6307,0,SOLUSDT,1h
2026-06-28 07:00:00+00:00,70.4,71.07,70.4,71.04,728117.03,2026-06-28 07:59:59.999000+00:00,51564520.1823,47007,427362.74,30272374.7171,0,SOLUSDT,1h
2026-06-28 08:00:00+00:00,71.04,72.16,71.02,71.86,1272867.04,2026-06-28 08:59:59.999000+00:00,91223457.8064,80210,667680.9,47836734.7283,0,SOLUSDT,1h
2026-06-28 09:00:00+00:00,71.87,72.02,71.44,71.5,633097.27,2026-06-28 09:59:59.999000+00:00,45407951.7876,51258,292774.7,21005607.0442,0,SOLUSDT,1h
2026-06-28 10:00:00+00:00,71.49,71.57,71.06,71.42,640221.55,2026-06-28 10:59:59.999000+00:00,45663165.0189,47094,273039.46,19477775.3266,0,SOLUSDT,1h
2026-06-28 11:00:00+00:00,71.43,72.0,71.36,71.88,660370.1,2026-06-28 11:59:59.999000+00:00,47372230.6789,51775,331997.49,23818405.2504,0,SOLUSDT,1h
2026-06-28 12:00:00+00:00,71.88,72.38,71.6,71.84,710486.68,2026-06-28 12:59:59.999000+00:00,51090871.7251,56510,365831.29,26311773.1281,0,SOLUSDT,1h
2026-06-28 13:00:00+00:00,71.84,72.08,71.28,71.7,928267.75,2026-06-28 13:59:59.999000+00:00,66524802.68,65107,404024.67,28959524.3393,0,SOLUSDT,1h
2026-06-28 14:00:00+00:00,71.71,72.16,71.6,71.6,496057.87,2026-06-28 14:59:59.999000+00:00,35641768.1981,48677,228683.95,16433313.9858,0,SOLUSDT,1h
2026-06-28 15:00:00+00:00,71.61,72.1,71.4,72.06,791778.76,2026-06-28 15:59:59.999000+00:00,56853788.1898,67141,387034.46,27796538.5092,0,SOLUSDT,1h
2026-06-28 16:00:00+00:00,72.06,72.1,71.11,71.53,1098769.43,2026-06-28 16:59:59.999000+00:00,78576406.572,86424,506533.02,36222783.2659,0,SOLUSDT,1h
2026-06-28 17:00:00+00:00,71.53,71.95,70.9,71.53,975077.17,2026-06-28 17:59:59.999000+00:00,69598658.9414,75480,485587.45,34669879.7637,0,SOLUSDT,1h
2026-06-28 18:00:00+00:00,71.53,71.7,70.95,71.12,509428.87,2026-06-28 18:59:59.999000+00:00,36294124.1867,45702,257966.51,18386195.4342,0,SOLUSDT,1h
2026-06-28 19:00:00+00:00,71.13,71.28,70.19,70.69,951897.56,2026-06-28 19:59:59.999000+00:00,67302172.3872,70678,402847.77,28484694.859,0,SOLUSDT,1h
2026-06-28 20:00:00+00:00,70.68,71.25,70.61,70.88,691047.14,2026-06-28 20:59:59.999000+00:00,48989292.6474,53691,376015.96,26656902.3319,0,SOLUSDT,1h
2026-06-28 21:00:00+00:00,70.88,71.03,70.2,70.42,485441.19,2026-06-28 21:59:59.999000+00:00,34278113.2966,51967,263202.07,18584458.8938,0,SOLUSDT,1h
2026-06-28 22:00:00+00:00,70.42,71.5,69.64,70.2,1833897.41,2026-06-28 22:59:59.999000+00:00,129407014.5974,142247,850417.36,60057063.7543,0,SOLUSDT,1h
2026-06-28 23:00:00+00:00,70.19,71.75,70.1,71.35,1267256.78,2026-06-28 23:59:59.999000+00:00,90115501.1264,99439,639461.85,45430431.4688,0,SOLUSDT,1h
2026-06-29 00:00:00+00:00,71.36,71.68,70.31,71.64,1456528.35,2026-06-29 00:59:59.999000+00:00,103420136.1683,128025,772226.83,54841552.8532,0,SOLUSDT,1h
2026-06-29 01:00:00+00:00,71.64,71.68,70.92,71.44,904704.16,2026-06-29 01:59:59.999000+00:00,64529472.0174,87695,409132.59,29178180.9761,0,SOLUSDT,1h
2026-06-29 02:00:00+00:00,71.45,72.19,70.46,72.16,1556176.38,2026-06-29 02:59:59.999000+00:00,111237354.3454,116177,778046.52,55629188.2759,0,SOLUSDT,1h
2026-06-29 03:00:00+00:00,72.16,73.3,72.13,72.64,1869704.39,2026-06-29 03:59:59.999000+00:00,136198581.561,131433,1000022.52,72834311.6532,0,SOLUSDT,1h
2026-06-29 04:00:00+00:00,72.65,72.66,71.58,71.65,1028459.26,2026-06-29 04:59:59.999000+00:00,74094021.3526,72647,493037.05,35519118.2901,0,SOLUSDT,1h
2026-06-29 05:00:00+00:00,71.65,72.32,70.97,72.29,1306043.36,2026-06-29 05:59:59.999000+00:00,93353770.5405,91971,714870.54,51136393.749,0,SOLUSDT,1h
2026-06-29 06:00:00+00:00,72.29,73.09,72.17,72.35,1311297.33,2026-06-29 06:59:59.999000+00:00,95124965.4283,95310,624512.8,45305287.0959,0,SOLUSDT,1h
2026-06-29 07:00:00+00:00,72.36,72.89,72.03,72.67,677629.23,2026-06-29 07:59:59.999000+00:00,49097021.9445,63126,321156.39,23266091.5573,0,SOLUSDT,1h
2026-06-29 08:00:00+00:00,72.67,72.98,72.34,72.68,911952.88,2026-06-29 08:59:59.999000+00:00,66284212.2799,84904,396755.27,28846151.9122,0,SOLUSDT,1h
2026-06-29 09:00:00+00:00,72.68,73.13,72.56,72.88,644474.36,2026-06-29 09:59:59.999000+00:00,46922379.858,64513,318460.33,23192200.6116,0,SOLUSDT,1h
2026-06-29 10:00:00+00:00,72.89,73.65,72.89,73.19,1222439.11,2026-06-29 10:59:59.999000+00:00,89605550.9205,86716,584980.5,42881377.3559,0,SOLUSDT,1h
2026-06-29 11:00:00+00:00,73.19,73.23,72.2,72.5,1358916.05,2026-06-29 11:59:59.999000+00:00,98728301.8763,90318,673004.22,48899248.8665,0,SOLUSDT,1h
2026-06-29 12:00:00+00:00,72.5,74.55,72.09,73.47,3559214.26,2026-06-29 12:59:59.999000+00:00,261795579.3154,229378,1923756.6,141534602.226,0,SOLUSDT,1h
2026-06-29 13:00:00+00:00,73.47,74.3,72.72,73.7,2966932.67,2026-06-29 13:59:59.999000+00:00,218015820.1575,230748,1493379.74,109709902.4951,0,SOLUSDT,1h
2026-06-29 14:00:00+00:00,73.69,73.9,72.28,73.7,2588333.57,2026-06-29 14:59:59.999000+00:00,189167605.3989,223576,1313040.33,95949923.7924,0,SOLUSDT,1h
2026-06-29 15:00:00+00:00,73.7,74.4,72.75,73.87,2104920.51,2026-06-29 15:59:59.999000+00:00,155185269.2152,173075,1055520.15,77832934.9803,0,SOLUSDT,1h
2026-06-29 16:00:00+00:00,73.88,74.13,72.84,73.99,1765949.89,2026-06-29 16:59:59.999000+00:00,129885594.1122,124997,900194.26,66188950.0459,0,SOLUSDT,1h
2026-06-29 17:00:00+00:00,73.99,76.49,73.97,75.27,4748735.96,2026-06-29 17:59:59.999000+00:00,358188868.2269,303889,2543449.45,191766811.2882,0,SOLUSDT,1h
2026-06-29 18:00:00+00:00,75.28,75.82,75.11,75.57,1077328.24,2026-06-29 18:59:59.999000+00:00,81291438.5654,92640,542486.14,40945168.4693,0,SOLUSDT,1h
2026-06-29 19:00:00+00:00,75.58,76.21,75.39,75.95,1094020.02,2026-06-29 19:59:59.999000+00:00,82978481.477,94917,529169.86,40147251.0101,0,SOLUSDT,1h
2026-06-29 20:00:00+00:00,75.96,75.99,75.23,75.35,758642.55,2026-06-29 20:59:59.999000+00:00,57336795.5577,63989,347732.85,26285813.6584,0,SOLUSDT,1h
2026-06-29 21:00:00+00:00,75.35,75.81,75.19,75.49,552280.13,2026-06-29 21:59:59.999000+00:00,41689600.4721,52271,272496.96,20573960.5252,0,SOLUSDT,1h
2026-06-29 22:00:00+00:00,75.49,75.63,75.0,75.25,541999.2,2026-06-29 22:59:59.999000+00:00,40818885.1956,51048,253097.75,19068644.1117,0,SOLUSDT,1h
2026-06-29 23:00:00+00:00,75.25,75.41,74.86,75.13,646935.83,2026-06-29 23:59:59.999000+00:00,48570535.1958,55984,257459.51,19328883.914,0,SOLUSDT,1h
2026-06-30 00:00:00+00:00,75.13,75.19,74.15,74.39,1210611.37,2026-06-30 00:59:59.999000+00:00,90260627.982,95580,602688.94,44918817.8916,0,SOLUSDT,1h
2026-06-30 01:00:00+00:00,74.4,74.64,74.0,74.38,776519.8,2026-06-30 01:59:59.999000+00:00,57708373.4885,71671,403957.36,30031388.02,0,SOLUSDT,1h
2026-06-30 02:00:00+00:00,74.39,74.82,74.01,74.56,489759.52,2026-06-30 02:59:59.999000+00:00,36411603.5655,46467,253177.8,18827118.9981,0,SOLUSDT,1h
2026-06-30 03:00:00+00:00,74.57,74.88,74.1,74.16,437161.58,2026-06-30 03:59:59.999000+00:00,32566994.3394,43929,217292.49,16193710.1519,0,SOLUSDT,1h
2026-06-30 04:00:00+00:00,74.15,74.23,73.64,74.0,1049561.99,2026-06-30 04:59:59.999000+00:00,77597558.7524,72361,520305.51,38473208.0153,0,SOLUSDT,1h
2026-06-30 05:00:00+00:00,74.0,74.22,73.81,74.2,474433.95,2026-06-30 05:59:59.999000+00:00,35119458.1144,41638,250843.99,18570012.9477,0,SOLUSDT,1h
2026-06-30 06:00:00+00:00,74.2,74.23,73.86,74.12,412044.93,2026-06-30 06:59:59.999000+00:00,30518645.8559,35730,198580.85,14708302.8432,0,SOLUSDT,1h
2026-06-30 07:00:00+00:00,74.13,74.21,73.8,74.13,463352.76,2026-06-30 07:59:59.999000+00:00,34290495.9712,38243,220595.12,16327281.9223,0,SOLUSDT,1h
2026-06-30 08:00:00+00:00,74.12,74.19,73.28,73.58,1344030.94,2026-06-30 08:59:59.999000+00:00,98881063.0002,86490,612243.37,45039806.3446,0,SOLUSDT,1h
2026-06-30 09:00:00+00:00,73.58,73.84,73.5,73.76,655535.59,2026-06-30 09:59:59.999000+00:00,48296529.9556,46441,311947.3,22985952.7849,0,SOLUSDT,1h
2026-06-30 10:00:00+00:00,73.76,73.86,73.43,73.65,382253.64,2026-06-30 10:59:59.999000+00:00,28155045.4918,36377,206317.04,15196802.4032,0,SOLUSDT,1h
2026-06-30 11:00:00+00:00,73.66,73.73,73.29,73.36,522557.1,2026-06-30 11:59:59.999000+00:00,38390366.6363,46733,233039.16,17123528.6458,0,SOLUSDT,1h
2026-06-30 12:00:00+00:00,73.35,73.4,72.03,72.05,1904348.78,2026-06-30 12:59:59.999000+00:00,138313617.4843,112041,829770.4,60273183.9365,0,SOLUSDT,1h
2026-06-30 13:00:00+00:00,72.06,72.91,71.85,72.85,2332236.65,2026-06-30 13:59:59.999000+00:00,168791371.3308,169862,1254396.44,90801887.2525,0,SOLUSDT,1h
2026-06-30 14:00:00+00:00,72.84,73.88,72.69,72.93,2432553.59,2026-06-30 14:59:59.999000+00:00,178363417.1212,178567,1201709.57,88130996.7149,0,SOLUSDT,1h
2026-06-30 15:00:00+00:00,72.93,74.08,72.57,73.1,2160427.09,2026-06-30 15:59:59.999000+00:00,158207371.4978,146011,1029536.23,75408615.7329,0,SOLUSDT,1h
2026-06-30 16:00:00+00:00,73.1,73.7,72.69,73.49,1310817.38,2026-06-30 16:59:59.999000+00:00,95908275.9757,100286,660822.92,48364447.7536,0,SOLUSDT,1h
2026-06-30 17:00:00+00:00,73.49,73.91,73.13,73.16,789599.19,2026-06-30 17:59:59.999000+00:00,58029901.1931,70111,342153.23,25149712.7934,0,SOLUSDT,1h
2026-06-30 18:00:00+00:00,73.16,73.79,72.89,73.57,705486.75,2026-06-30 18:59:59.999000+00:00,51738179.2445,73269,368196.67,27008529.3211,0,SOLUSDT,1h
2026-06-30 19:00:00+00:00,73.56,73.95,73.31,73.72,579818.57,2026-06-30 19:59:59.999000+00:00,42698697.3672,62858,311910.13,22974560.7258,0,SOLUSDT,1h
2026-06-30 20:00:00+00:00,73.71,73.92,73.48,73.66,499122.06,2026-06-30 20:59:59.999000+00:00,36791860.6216,52915,247952.72,18279881.3486,0,SOLUSDT,1h
2026-06-30 21:00:00+00:00,73.66,73.77,73.1,73.47,480486.28,2026-06-30 21:59:59.999000+00:00,35251646.0606,49046,204296.64,14988684.8858,0,SOLUSDT,1h
2026-06-30 22:00:00+00:00,73.47,73.73,73.23,73.39,394800.73,2026-06-30 22:59:59.999000+00:00,29000482.7713,40512,191091.83,14039360.6091,0,SOLUSDT,1h
2026-06-30 23:00:00+00:00,73.4,73.68,73.29,73.63,236608.39,2026-06-30 23:59:59.999000+00:00,17395776.9326,30136,113882.68,8373596.4991,0,SOLUSDT,1h
2026-07-01 00:00:00+00:00,73.62,73.86,73.33,73.61,525647.94,2026-07-01 00:59:59.999000+00:00,38683774.592,56738,256007.08,18841818.5316,0,SOLUSDT,1h
2026-07-01 01:00:00+00:00,73.61,74.37,72.22,73.92,2155676.94,2026-07-01 01:59:59.999000+00:00,158065247.1366,173779,1116019.22,81902201.9565,0,SOLUSDT,1h
2026-07-01 02:00:00+00:00,73.92,75.02,73.75,74.75,1455579.31,2026-07-01 02:59:59.999000+00:00,108546668.2177,107113,820432.65,61194439.8293,0,SOLUSDT,1h
2026-07-01 03:00:00+00:00,74.76,75.67,74.31,75.44,1485706.17,2026-07-01 03:59:59.999000+00:00,111419691.7589,105884,783869.85,58823978.3613,0,SOLUSDT,1h
2026-07-01 04:00:00+00:00,75.44,75.85,75.21,75.53,1078873.14,2026-07-01 04:59:59.999000+00:00,81469984.6165,84865,583374.56,44058317.0432,0,SOLUSDT,1h
2026-07-01 05:00:00+00:00,75.53,75.76,75.11,75.21,798766.6,2026-07-01 05:59:59.999000+00:00,60170849.4729,59399,334761.72,25217851.7619,0,SOLUSDT,1h
2026-07-01 06:00:00+00:00,75.22,75.25,73.91,74.27,1852628.38,2026-07-01 06:59:59.999000+00:00,137879106.7088,96887,937628.69,69745195.7903,0,SOLUSDT,1h
2026-07-01 07:00:00+00:00,74.28,74.93,74.04,74.83,983512.49,2026-07-01 07:59:59.999000+00:00,73274904.0659,74260,488190.26,36371543.0413,0,SOLUSDT,1h
2026-07-01 08:00:00+00:00,74.83,75.48,74.42,75.42,1177860.19,2026-07-01 08:59:59.999000+00:00,88165921.2198,87431,633825.56,47462288.7707,0,SOLUSDT,1h
2026-07-01 09:00:00+00:00,75.42,75.54,75.01,75.41,1162287.51,2026-07-01 09:59:59.999000+00:00,87456176.8159,72117,645686.09,48592394.7239,0,SOLUSDT,1h
2026-07-01 10:00:00+00:00,75.42,75.54,74.93,74.95,920854.63,2026-07-01 10:59:59.999000+00:00,69295888.5442,60332,428326.71,32239810.1614,0,SOLUSDT,1h
2026-07-01 11:00:00+00:00,74.95,75.29,74.6,74.8,1129134.13,2026-07-01 11:59:59.999000+00:00,84558143.4878,78370,529861.24,39687668.8701,0,SOLUSDT,1h
2026-07-01 12:00:00+00:00,74.8,74.94,74.23,74.56,1108280.94,2026-07-01 12:59:59.999000+00:00,82580320.1427,85937,534433.94,39829615.8987,0,SOLUSDT,1h
2026-07-01 13:00:00+00:00,74.57,76.1,74.56,76.0,3008126.65,2026-07-01 13:59:59.999000+00:00,226649764.1774,192350,1688194.98,127260512.0676,0,SOLUSDT,1h
2026-07-01 14:00:00+00:00,75.99,77.26,75.6,76.95,3356651.11,2026-07-01 14:59:59.999000+00:00,257225843.6183,226487,1778577.93,136322455.1998,0,SOLUSDT,1h
2026-07-01 15:00:00+00:00,76.95,77.78,76.78,77.4,2028740.56,2026-07-01 15:59:59.999000+00:00,156838299.62,150671,1034876.86,80038436.5123,0,SOLUSDT,1h
2026-07-01 16:00:00+00:00,77.4,78.25,76.86,77.13,1751662.16,2026-07-01 16:59:59.999000+00:00,135728596.9507,118035,835544.76,64790741.156,0,SOLUSDT,1h
2026-07-01 17:00:00+00:00,77.14,77.92,76.81,77.73,1223122.13,2026-07-01 17:59:59.999000+00:00,94807074.1119,92240,638007.84,49459239.2304,0,SOLUSDT,1h
2026-07-01 18:00:00+00:00,77.73,77.87,77.24,77.37,911381.32,2026-07-01 18:59:59.999000+00:00,70694931.1813,75850,391653.37,30388546.2574,0,SOLUSDT,1h
2026-07-01 19:00:00+00:00,77.37,77.64,76.76,76.97,961728.26,2026-07-01 19:59:59.999000+00:00,74232666.9443,75879,450924.6,34813594.9988,0,SOLUSDT,1h
2026-07-01 20:00:00+00:00,76.97,77.48,76.53,77.38,1336260.81,2026-07-01 20:59:59.999000+00:00,102805530.7166,79242,757726.45,58297139.0299,0,SOLUSDT,1h
2026-07-01 21:00:00+00:00,77.38,78.68,77.38,78.37,1523578.99,2026-07-01 21:59:59.999000+00:00,118945573.3161,117707,894539.65,69867536.0627,0,SOLUSDT,1h
2026-07-01 22:00:00+00:00,78.38,78.93,77.72,77.82,1411520.6,2026-07-01 22:59:59.999000+00:00,110486773.801,110078,657950.12,51524583.1113,0,SOLUSDT,1h
2026-07-01 23:00:00+00:00,77.82,77.86,77.21,77.42,1389984.11,2026-07-01 23:59:59.999000+00:00,107752687.3954,81322,597450.83,46323282.5471,0,SOLUSDT,1h
2026-07-02 00:00:00+00:00,77.42,77.44,76.85,77.23,894661.55,2026-07-02 00:59:59.999000+00:00,69060946.9049,71987,495600.01,38262837.5218,0,SOLUSDT,1h
2026-07-02 01:00:00+00:00,77.23,78.68,77.18,78.15,1112252.58,2026-07-02 01:59:59.999000+00:00,86701718.1553,90748,600419.83,46783449.1019,0,SOLUSDT,1h
2026-07-02 02:00:00+00:00,78.15,78.56,77.76,78.39,671368.79,2026-07-02 02:59:59.999000+00:00,52509027.5207,71763,337357.43,26388777.0808,0,SOLUSDT,1h
2026-07-02 03:00:00+00:00,78.39,78.96,77.89,78.67,1238778.79,2026-07-02 03:59:59.999000+00:00,97176966.3576,93892,654579.06,51376759.0262,0,SOLUSDT,1h
2026-07-02 04:00:00+00:00,78.67,78.68,78.01,78.24,742771.65,2026-07-02 04:59:59.999000+00:00,58180169.8952,60429,360264.63,28216119.6664,0,SOLUSDT,1h
2026-07-02 05:00:00+00:00,78.24,78.31,77.73,78.06,572075.94,2026-07-02 05:59:59.999000+00:00,44621439.4396,49665,255135.94,19904207.3147,0,SOLUSDT,1h
2026-07-02 06:00:00+00:00,78.06,78.59,77.66,77.86,996159.38,2026-07-02 06:59:59.999000+00:00,77767412.5806,67226,423565.92,33074751.5191,0,SOLUSDT,1h
2026-07-02 07:00:00+00:00,77.85,78.17,77.53,77.95,825722.02,2026-07-02 07:59:59.999000+00:00,64246430.4934,62952,387126.82,30124586.9631,0,SOLUSDT,1h
2026-07-02 08:00:00+00:00,77.96,78.47,77.89,78.42,626023.72,2026-07-02 08:59:59.999000+00:00,48959879.8061,54609,319025.4,24951443.3408,0,SOLUSDT,1h
2026-07-02 09:00:00+00:00,78.41,79.78,78.24,79.44,2481082.1,2026-07-02 09:59:59.999000+00:00,196560860.7188,155934,1509761.73,119608733.5445,0,SOLUSDT,1h
2026-07-02 10:00:00+00:00,79.44,82.22,79.39,82.07,5044630.84,2026-07-02 10:59:59.999000+00:00,407572402.7895,307572,3022105.05,244181637.9435,0,SOLUSDT,1h
2026-07-02 11:00:00+00:00,82.07,82.79,81.48,82.36,3977960.82,2026-07-02 11:59:59.999000+00:00,327229639.221,324411,2176511.4,179089166.7673,0,SOLUSDT,1h
2026-07-02 12:00:00+00:00,82.35,82.44,81.06,81.36,3592393.61,2026-07-02 12:59:59.999000+00:00,293468616.8846,232909,1684540.4,137640686.8476,0,SOLUSDT,1h
2026-07-02 13:00:00+00:00,81.36,81.97,80.67,81.47,3098518.8,2026-07-02 13:59:59.999000+00:00,252225672.1218,215949,1564390.42,127377359.0828,0,SOLUSDT,1h
2026-07-02 14:00:00+00:00,81.48,81.5,80.03,80.49,2666378.04,2026-07-02 14:59:59.999000+00:00,215045206.7235,193161,1184521.31,95568109.8431,0,SOLUSDT,1h
2026-07-02 15:00:00+00:00,80.5,80.88,80.04,80.82,1057158.78,2026-07-02 15:59:59.999000+00:00,85120727.4849,99032,611067.45,49213125.542,0,SOLUSDT,1h
2026-07-02 16:00:00+00:00,80.82,81.07,80.09,80.5,1569369.66,2026-07-02 16:59:59.999000+00:00,126353471.4622,121927,711401.99,57290211.8577,0,SOLUSDT,1h
2026-07-02 17:00:00+00:00,80.5,81.19,80.46,80.6,1031939.43,2026-07-02 17:59:59.999000+00:00,83404921.5821,87738,508296.53,41084700.4761,0,SOLUSDT,1h
2026-07-02 18:00:00+00:00,80.6,81.22,80.6,80.98,859199.11,2026-07-02 18:59:59.999000+00:00,69563712.9981,66795,465079.12,37657522.5614,0,SOLUSDT,1h
2026-07-02 19:00:00+00:00,80.98,81.28,80.76,80.8,671747.31,2026-07-02 19:59:59.999000+00:00,54377555.983,61084,329636.94,26688161.399,0,SOLUSDT,1h
2026-07-02 20:00:00+00:00,80.8,81.08,80.55,80.98,376837.57,2026-07-02 20:59:59.999000+00:00,30429126.9683,42503,209771.27,16942646.0639,0,SOLUSDT,1h
2026-07-02 21:00:00+00:00,80.98,81.13,80.45,80.75,417146.25,2026-07-02 21:59:59.999000+00:00,33702834.785,41111,175681.33,14194969.6656,0,SOLUSDT,1h
2026-07-02 22:00:00+00:00,80.74,80.86,80.37,80.63,436546.69,2026-07-02 22:59:59.999000+00:00,35182127.5695,44392,213782.99,17229951.7792,0,SOLUSDT,1h
2026-07-02 23:00:00+00:00,80.62,80.74,80.46,80.68,299613.33,2026-07-02 23:59:59.999000+00:00,24150017.9733,35627,168805.14,13606907.6354,0,SOLUSDT,1h
2026-07-03 00:00:00+00:00,80.68,80.9,80.47,80.71,527426.61,2026-07-03 00:59:59.999000+00:00,42572432.9789,59196,252360.26,20368050.596,0,SOLUSDT,1h
2026-07-03 01:00:00+00:00,80.7,81.65,80.66,81.45,963808.68,2026-07-03 01:59:59.999000+00:00,78343845.3567,78086,577333.18,46939243.2003,0,SOLUSDT,1h
2026-07-03 02:00:00+00:00,81.45,81.64,80.63,80.76,721539.5,2026-07-03 02:59:59.999000+00:00,58498484.8207,58593,314461.18,25494550.1668,0,SOLUSDT,1h
2026-07-03 03:00:00+00:00,80.76,80.94,80.28,80.68,642417.69,2026-07-03 03:59:59.999000+00:00,51801905.235,53357,324490.57,26169795.5392,0,SOLUSDT,1h
2026-07-03 04:00:00+00:00,80.69,80.78,80.43,80.47,379401.58,2026-07-03 04:59:59.999000+00:00,30568255.6523,35959,195351.99,15739850.6363,0,SOLUSDT,1h
2026-07-03 05:00:00+00:00,80.47,81.22,80.43,81.11,493189.36,2026-07-03 05:59:59.999000+00:00,39898237.0522,46826,289059.99,23385342.234,0,SOLUSDT,1h
2026-07-03 06:00:00+00:00,81.12,81.36,80.69,80.92,654600.28,2026-07-03 06:59:59.999000+00:00,53044498.7124,50567,304944.36,24709540.701,0,SOLUSDT,1h
2026-07-03 07:00:00+00:00,80.91,81.48,80.77,81.19,463978.97,2026-07-03 07:59:59.999000+00:00,37649963.0257,41950,235396.2,19106100.032,0,SOLUSDT,1h
2026-07-03 08:00:00+00:00,81.19,81.5,80.79,80.88,660027.58,2026-07-03 08:59:59.999000+00:00,53537412.9148,56775,315961.83,25633834.5886,0,SOLUSDT,1h
2026-07-03 09:00:00+00:00,80.88,81.3,80.63,80.98,612228.23,2026-07-03 09:59:59.999000+00:00,49550554.4504,48120,303642.17,24585002.3076,0,SOLUSDT,1h
2026-07-03 10:00:00+00:00,80.98,81.86,80.83,81.51,1213602.3,2026-07-03 10:59:59.999000+00:00,98782672.1628,76655,679086.14,55286921.981,0,SOLUSDT,1h
2026-07-03 11:00:00+00:00,81.52,81.67,81.21,81.52,598680.23,2026-07-03 11:59:59.999000+00:00,48767588.8414,52005,299972.27,24437225.5436,0,SOLUSDT,1h
2026-07-03 12:00:00+00:00,81.52,81.73,81.16,81.5,583885.55,2026-07-03 12:59:59.999000+00:00,47529289.2838,53576,301658.05,24559944.3664,0,SOLUSDT,1h
2026-07-03 13:00:00+00:00,81.5,81.8,81.38,81.54,647173.88,2026-07-03 13:59:59.999000+00:00,52788583.7598,52995,321558.14,26233314.2119,0,SOLUSDT,1h
2026-07-03 14:00:00+00:00,81.55,81.77,80.85,81.65,1109089.43,2026-07-03 14:59:59.999000+00:00,90175935.3775,79347,525434.42,42734498.3947,0,SOLUSDT,1h
2026-07-03 15:00:00+00:00,81.65,82.1,81.1,81.17,1200062.95,2026-07-03 15:59:59.999000+00:00,97818942.3875,76754,573254.92,46748704.3729,0,SOLUSDT,1h
2026-07-03 16:00:00+00:00,81.17,81.52,81.01,81.49,613534.51,2026-07-03 16:59:59.999000+00:00,49869198.266,47762,298285.94,24243753.6309,0,SOLUSDT,1h
2026-07-03 17:00:00+00:00,81.48,81.94,81.41,81.75,694580.28,2026-07-03 17:59:59.999000+00:00,56751654.4512,51126,319296.01,26091997.3802,0,SOLUSDT,1h
2026-07-03 18:00:00+00:00,81.74,82.39,81.59,82.07,918186.7,2026-07-03 18:59:59.999000+00:00,75214772.9964,55959,547704.54,44878517.0446,0,SOLUSDT,1h
2026-07-03 19:00:00+00:00,82.07,83.23,82.04,82.45,1969835.22,2026-07-03 19:59:59.999000+00:00,162892829.7291,101050,1191925.23,98583998.6615,0,SOLUSDT,1h
2026-07-03 20:00:00+00:00,82.45,83.0,82.18,82.69,1062939.34,2026-07-03 20:59:59.999000+00:00,87791787.5892,88017,599461.13,49516958.9729,0,SOLUSDT,1h
2026-07-03 21:00:00+00:00,82.69,83.04,82.11,82.62,699697.3,2026-07-03 21:59:59.999000+00:00,57771232.3491,60173,337197.42,27847896.2439,0,SOLUSDT,1h
2026-07-03 22:00:00+00:00,82.62,82.65,82.19,82.32,340085.2,2026-07-03 22:59:59.999000+00:00,28016772.445,34799,148523.29,12237746.6265,0,SOLUSDT,1h
2026-07-03 23:00:00+00:00,82.31,82.46,82.12,82.3,231456.08,2026-07-03 23:59:59.999000+00:00,19045902.0413,26843,119202.62,9809517.9677,0,SOLUSDT,1h
2026-07-04 00:00:00+00:00,82.3,82.72,82.22,82.36,632862.46,2026-07-04 00:59:59.999000+00:00,52199692.8602,50664,345451.63,28496541.2639,0,SOLUSDT,1h
2026-07-04 01:00:00+00:00,82.35,82.36,81.76,81.91,675590.7,2026-07-04 01:59:59.999000+00:00,55383064.6959,54631,274094.59,22470336.1239,0,SOLUSDT,1h
2026-07-04 02:00:00+00:00,81.9,82.36,81.86,82.14,360465.22,2026-07-04 02:59:59.999000+00:00,29575525.0416,34878,195386.71,16032834.7831,0,SOLUSDT,1h
2026-07-04 03:00:00+00:00,82.14,82.83,82.0,82.68,581433.61,2026-07-04 03:59:59.999000+00:00,47938098.2332,53376,309665.27,25532874.1244,0,SOLUSDT,1h
2026-07-04 04:00:00+00:00,82.68,83.96,82.61,83.44,1722364.65,2026-07-04 04:59:59.999000+00:00,143723817.5734,109292,973773.06,81247013.362,0,SOLUSDT,1h
2026-07-04 05:00:00+00:00,83.44,83.47,82.85,83.34,912352.48,2026-07-04 05:59:59.999000+00:00,75911351.9171,69147,451564.09,37575223.634,0,SOLUSDT,1h
2026-07-04 06:00:00+00:00,83.33,83.57,82.45,82.51,1023568.17,2026-07-04 06:59:59.999000+00:00,84818017.9715,70612,471149.93,39038892.7105,0,SOLUSDT,1h
2026-07-04 07:00:00+00:00,82.52,82.81,82.22,82.67,721821.99,2026-07-04 07:59:59.999000+00:00,59511146.6469,51790,380659.59,31386131.0595,0,SOLUSDT,1h
2026-07-04 08:00:00+00:00,82.67,82.75,82.18,82.26,606986.87,2026-07-04 08:59:59.999000+00:00,50045319.8973,48870,266089.15,21942264.435,0,SOLUSDT,1h
2026-07-04 09:00:00+00:00,82.26,82.29,81.55,81.69,1083421.21,2026-07-04 09:59:59.999000+00:00,88691432.8319,70393,462044.86,37825443.3718,0,SOLUSDT,1h
2026-07-04 10:00:00+00:00,81.7,81.91,81.35,81.59,638568.0,2026-07-04 10:59:59.999000+00:00,52126510.1741,49015,297736.07,24315461.6565,0,SOLUSDT,1h
2026-07-04 11:00:00+00:00,81.59,81.88,81.48,81.78,406912.84,2026-07-04 11:59:59.999000+00:00,33250499.7735,36551,237672.63,19421906.0145,0,SOLUSDT,1h
2026-07-04 12:00:00+00:00,81.79,81.96,81.28,81.57,682923.41,2026-07-04 12:59:59.999000+00:00,55720666.9353,50708,320561.09,26152895.0515,0,SOLUSDT,1h
2026-07-04 13:00:00+00:00,81.57,81.88,81.34,81.61,510567.58,2026-07-04 13:59:59.999000+00:00,41646187.1078,46063,279905.92,22835060.2322,0,SOLUSDT,1h
2026-07-04 14:00:00+00:00,81.61,81.84,81.5,81.77,406997.44,2026-07-04 14:59:59.999000+00:00,33248526.1994,45099,219580.56,17939157.9878,0,SOLUSDT,1h
2026-07-04 15:00:00+00:00,81.78,82.39,81.68,82.19,1339462.46,2026-07-04 15:59:59.999000+00:00,110003279.6812,93154,687759.12,56484837.4525,0,SOLUSDT,1h
2026-07-04 16:00:00+00:00,82.2,82.36,81.93,82.17,584690.21,2026-07-04 16:59:59.999000+00:00,48038321.7257,52934,295082.2,24248074.3415,0,SOLUSDT,1h
2026-07-04 17:00:00+00:00,82.17,82.78,81.84,82.47,995489.8,2026-07-04 17:59:59.999000+00:00,82004234.0054,73120,531356.16,43782705.6783,0,SOLUSDT,1h
2026-07-04 18:00:00+00:00,82.47,82.58,82.05,82.22,494002.96,2026-07-04 18:59:59.999000+00:00,40652946.1749,44854,223868.12,18424582.8059,0,SOLUSDT,1h
2026-07-04 19:00:00+00:00,82.22,82.3,81.66,81.84,459330.05,2026-07-04 19:59:59.999000+00:00,37607386.2527,42691,208497.68,17071583.4909,0,SOLUSDT,1h
2026-07-04 20:00:00+00:00,81.83,82.12,81.53,81.93,472876.85,2026-07-04 20:59:59.999000+00:00,38687417.2956,39250,208688.14,17075297.325,0,SOLUSDT,1h
2026-07-04 21:00:00+00:00,81.93,82.19,81.79,81.95,280914.78,2026-07-04 21:59:59.999000+00:00,23029882.1916,25497,161131.86,13210580.9741,0,SOLUSDT,1h
2026-07-04 22:00:00+00:00,81.95,82.0,81.74,81.9,216708.12,2026-07-04 22:59:59.999000+00:00,17735418.5555,23970,98672.03,8075828.1513,0,SOLUSDT,1h
2026-07-04 23:00:00+00:00,81.9,81.9,81.38,81.74,521403.61,2026-07-04 23:59:59.999000+00:00,42560936.9968,38282,224865.53,18360680.9373,0,SOLUSDT,1h
2026-07-05 00:00:00+00:00,81.75,81.77,81.07,81.27,858280.89,2026-07-05 00:59:59.999000+00:00,69808297.534,57947,322494.73,26231256.1117,0,SOLUSDT,1h
2026-07-05 01:00:00+00:00,81.27,81.42,80.51,80.82,1165605.06,2026-07-05 01:59:59.999000+00:00,94253008.8566,67106,485525.54,39257681.3508,0,SOLUSDT,1h
2026-07-05 02:00:00+00:00,80.81,80.85,80.16,80.33,1080426.19,2026-07-05 02:59:59.999000+00:00,86918195.8991,68193,493055.56,39672385.4812,0,SOLUSDT,1h
2026-07-05 03:00:00+00:00,80.34,80.57,80.31,80.51,510926.36,2026-07-05 03:59:59.999000+00:00,41108962.3574,38569,316869.79,25496411.5015,0,SOLUSDT,1h
2026-07-05 04:00:00+00:00,80.52,80.83,80.37,80.55,694855.53,2026-07-05 04:59:59.999000+00:00,56020779.3867,42337,417110.17,33634339.7606,0,SOLUSDT,1h
2026-07-05 05:00:00+00:00,80.54,80.55,80.19,80.43,476396.72,2026-07-05 05:59:59.999000+00:00,38298442.9068,36148,228405.42,18363262.3644,0,SOLUSDT,1h
2026-07-05 06:00:00+00:00,80.44,80.61,80.3,80.55,298467.28,2026-07-05 06:59:59.999000+00:00,24020119.9127,27272,165711.09,13338721.6034,0,SOLUSDT,1h
2026-07-05 07:00:00+00:00,80.55,80.72,80.33,80.66,468539.37,2026-07-05 07:59:59.999000+00:00,37743356.606,31764,265607.95,21400716.7457,0,SOLUSDT,1h
2026-07-05 08:00:00+00:00,80.66,80.82,80.41,80.46,365120.49,2026-07-05 08:59:59.999000+00:00,29416842.7041,33308,201442.95,16229589.0133,0,SOLUSDT,1h
2026-07-05 09:00:00+00:00,80.46,80.51,79.62,79.86,1289651.12,2026-07-05 09:59:59.999000+00:00,103146302.554,71329,508611.0,40670595.3112,0,SOLUSDT,1h
2026-07-05 10:00:00+00:00,79.86,80.43,79.71,80.4,708604.99,2026-07-05 10:59:59.999000+00:00,56751660.306,50973,399776.23,32021432.4942,0,SOLUSDT,1h
2026-07-05 11:00:00+00:00,80.4,80.63,80.31,80.54,468694.79,2026-07-05 11:59:59.999000+00:00,37726191.0767,36427,240067.06,19325662.8355,0,SOLUSDT,1h
2026-07-05 12:00:00+00:00,80.53,81.25,80.32,80.73,1170439.19,2026-07-05 12:59:59.999000+00:00,94625325.047,64880,629110.91,50867633.5096,0,SOLUSDT,1h
2026-07-05 13:00:00+00:00,80.72,81.22,80.63,81.2,631927.61,2026-07-05 13:59:59.999000+00:00,51149877.9602,39754,366052.86,29630449.7603,0,SOLUSDT,1h
2026-07-05 14:00:00+00:00,81.2,81.58,80.98,81.41,771411.64,2026-07-05 14:59:59.999000+00:00,62684923.52,53152,423631.84,34433388.2025,0,SOLUSDT,1h
2026-07-05 15:00:00+00:00,81.4,81.72,81.07,81.31,706234.89,2026-07-05 15:59:59.999000+00:00,57467587.8316,53938,383448.62,31210279.7893,0,SOLUSDT,1h
2026-07-05 16:00:00+00:00,81.31,81.49,80.86,81.06,547470.3,2026-07-05 16:59:59.999000+00:00,44413195.1194,44077,261862.76,21246743.349,0,SOLUSDT,1h
2026-07-05 17:00:00+00:00,81.06,81.34,80.97,81.09,380473.39,2026-07-05 17:59:59.999000+00:00,30870096.2659,35614,189889.73,15409758.6794,0,SOLUSDT,1h
2026-07-05 18:00:00+00:00,81.1,81.24,80.96,80.98,227528.79,2026-07-05 18:59:59.999000+00:00,18459979.8956,27372,119623.19,9706410.4112,0,SOLUSDT,1h
2026-07-05 19:00:00+00:00,80.98,81.09,80.78,81.01,369800.05,2026-07-05 19:59:59.999000+00:00,29931029.569,32115,167711.7,13575583.7737,0,SOLUSDT,1h
2026-07-05 20:00:00+00:00,81.01,81.13,80.9,81.03,187447.01,2026-07-05 20:59:59.999000+00:00,15182808.2964,22809,86428.04,7000895.4873,0,SOLUSDT,1h
2026-07-05 21:00:00+00:00,81.04,82.21,80.72,81.75,1042543.93,2026-07-05 21:59:59.999000+00:00,84972943.3745,70683,575835.3,46964940.8713,0,SOLUSDT,1h
2026-07-05 22:00:00+00:00,81.75,82.4,81.6,81.79,1203549.78,2026-07-05 22:59:59.999000+00:00,98666808.4538,98129,583298.93,47821477.806,0,SOLUSDT,1h
2026-07-05 23:00:00+00:00,81.79,82.04,81.4,81.55,647047.61,2026-07-05 23:59:59.999000+00:00,52842897.951,55961,287996.87,23524347.7781,0,SOLUSDT,1h
2026-07-06 00:00:00+00:00,81.54,82.21,81.07,82.16,918647.61,2026-07-06 00:59:59.999000+00:00,74996358.7487,86120,465051.14,37978780.7585,0,SOLUSDT,1h
2026-07-06 01:00:00+00:00,82.17,82.3,81.44,81.51,690591.81,2026-07-06 01:59:59.999000+00:00,56543184.9302,64573,309609.16,25349270.0437,0,SOLUSDT,1h
2026-07-06 02:00:00+00:00,81.52,81.71,80.79,80.98,955024.85,2026-07-06 02:59:59.999000+00:00,77600812.1301,68552,432387.42,35140094.7935,0,SOLUSDT,1h
2026-07-06 03:00:00+00:00,80.98,81.03,80.4,80.78,893529.69,2026-07-06 03:59:59.999000+00:00,72082959.9275,63052,411961.21,33235610.4439,0,SOLUSDT,1h
2026-07-06 04:00:00+00:00,80.78,80.97,80.67,80.77,334475.6,2026-07-06 04:59:59.999000+00:00,27034859.2564,36729,162678.9,13149283.5811,0,SOLUSDT,1h
2026-07-06 05:00:00+00:00,80.77,80.79,80.11,80.38,677966.2,2026-07-06 05:59:59.999000+00:00,54509827.6639,52954,289278.48,23252853.7529,0,SOLUSDT,1h
2026-07-06 06:00:00+00:00,80.37,80.49,80.21,80.31,320345.54,2026-07-06 06:59:59.999000+00:00,25736425.0333,34714,153388.34,12323798.2854,0,SOLUSDT,1h
2026-07-06 07:00:00+00:00,80.3,80.98,80.22,80.77,649424.7,2026-07-06 07:59:59.999000+00:00,52359106.4216,44929,363661.01,29317228.9694,0,SOLUSDT,1h
2026-07-06 08:00:00+00:00,80.78,81.05,80.25,80.45,599779.06,2026-07-06 08:59:59.999000+00:00,48334074.6786,42329,281443.06,22683236.0206,0,SOLUSDT,1h
2026-07-06 09:00:00+00:00,80.45,80.46,80.0,80.04,558911.41,2026-07-06 09:59:59.999000+00:00,44833174.7096,38604,235446.17,18890299.1954,0,SOLUSDT,1h
2026-07-06 10:00:00+00:00,80.04,80.69,80.02,80.64,590855.88,2026-07-06 10:59:59.999000+00:00,47492862.0342,40245,321757.32,25860952.9108,0,SOLUSDT,1h
2026-07-06 11:00:00+00:00,80.64,80.96,80.34,80.35,609329.48,2026-07-06 11:59:59.999000+00:00,49177192.4175,44380,274121.63,22126754.6967,0,SOLUSDT,1h
2026-07-06 12:00:00+00:00,80.34,80.6,79.25,79.42,3235256.63,2026-07-06 12:59:59.999000+00:00,258516282.5385,187431,1547069.72,123662163.3289,0,SOLUSDT,1h
2026-07-06 13:00:00+00:00,79.42,80.88,79.19,80.12,2544678.6,2026-07-06 13:59:59.999000+00:00,203228452.4304,165121,1297849.38,103606302.1839,0,SOLUSDT,1h
2026-07-06 14:00:00+00:00,80.13,80.77,79.81,80.24,1468331.44,2026-07-06 14:59:59.999000+00:00,117802610.3262,119463,738278.9,59241592.5244,0,SOLUSDT,1h
2026-07-06 15:00:00+00:00,80.24,81.51,80.24,81.45,1935742.28,2026-07-06 15:59:59.999000+00:00,156659889.4413,129850,1017925.07,82406643.5262,0,SOLUSDT,1h
2026-07-06 16:00:00+00:00,81.45,82.37,81.23,82.07,2133747.45,2026-07-06 16:59:59.999000+00:00,174777807.3473,132853,1037343.66,84969212.6958,0,SOLUSDT,1h
2026-07-06 17:00:00+00:00,82.06,82.15,81.4,81.6,937036.46,2026-07-06 17:59:59.999000+00:00,76662811.6214,74365,458547.03,37517420.8667,0,SOLUSDT,1h
2026-07-06 18:00:00+00:00,81.6,82.27,81.26,81.96,805957.71,2026-07-06 18:59:59.999000+00:00,65903234.0346,71344,440921.0,36063468.3807,0,SOLUSDT,1h
2026-07-06 19:00:00+00:00,81.96,82.14,81.76,82.03,461102.66,2026-07-06 19:59:59.999000+00:00,37782533.0086,46835,230231.85,18865624.8569,0,SOLUSDT,1h
2026-07-06 20:00:00+00:00,82.03,82.21,81.63,82.05,370146.4,2026-07-06 20:59:59.999000+00:00,30317305.9492,38252,183326.41,15019098.4042,0,SOLUSDT,1h
2026-07-06 21:00:00+00:00,82.05,83.75,82.01,82.78,1743875.77,2026-07-06 21:59:59.999000+00:00,144634044.2251,128973,984421.29,81672319.5612,0,SOLUSDT,1h
2026-07-06 22:00:00+00:00,82.79,82.84,82.2,82.28,413558.76,2026-07-06 22:59:59.999000+00:00,34113282.0642,46099,189124.19,15603517.9868,0,SOLUSDT,1h
2026-07-06 23:00:00+00:00,82.29,82.39,81.87,81.91,428311.03,2026-07-06 23:59:59.999000+00:00,35145735.7865,38641,168256.94,13809451.6188,0,SOLUSDT,1h
2026-07-07 00:00:00+00:00,81.92,82.45,81.79,82.33,632510.34,2026-07-07 00:59:59.999000+00:00,51971530.4093,55576,313085.83,25728458.4976,0,SOLUSDT,1h
2026-07-07 01:00:00+00:00,82.32,82.33,81.76,81.88,491226.91,2026-07-07 01:59:59.999000+00:00,40271467.6671,53827,192981.43,15822239.4147,0,SOLUSDT,1h
2026-07-07 02:00:00+00:00,81.88,81.96,81.24,81.32,610949.03,2026-07-07 02:59:59.999000+00:00,49814815.0493,55892,249801.43,20367517.6859,0,SOLUSDT,1h
2026-07-07 03:00:00+00:00,81.32,81.44,80.92,81.02,547616.94,2026-07-07 03:59:59.999000+00:00,44448527.3815,52408,270225.89,21939783.3991,0,SOLUSDT,1h
2026-07-07 04:00:00+00:00,81.03,81.07,80.59,80.88,633450.99,2026-07-07 04:59:59.999000+00:00,51204593.549,48510,323266.31,26132119.7342,0,SOLUSDT,1h
2026-07-07 05:00:00+00:00,80.88,81.19,80.41,81.06,798729.77,2026-07-07 05:59:59.999000+00:00,64526191.4149,55028,417834.4,33766905.0169,0,SOLUSDT,1h
2026-07-07 06:00:00+00:00,81.07,81.59,80.76,81.5,721921.03,2026-07-07 06:59:59.999000+00:00,58630701.0116,51528,395747.65,32147474.9384,0,SOLUSDT,1h
2026-07-07 07:00:00+00:00,81.49,81.7,81.28,81.46,582682.73,2026-07-07 07:59:59.999000+00:00,47495043.3839,44469,246261.18,20074222.8054,0,SOLUSDT,1h
2026-07-07 08:00:00+00:00,81.45,81.54,81.15,81.22,506459.69,2026-07-07 08:59:59.999000+00:00,41198530.0277,46743,229583.37,18677523.664,0,SOLUSDT,1h
2026-07-07 09:00:00+00:00,81.22,81.44,81.09,81.27,429110.65,2026-07-07 09:59:59.999000+00:00,34871698.5378,38287,227378.73,18480727.8527,0,SOLUSDT,1h
2026-07-07 10:00:00+00:00,81.27,81.54,80.88,80.95,592249.24,2026-07-07 10:59:59.999000+00:00,48073605.4924,44505,267628.68,21733109.156,0,SOLUSDT,1h
2026-07-07 11:00:00+00:00,80.96,81.36,80.7,81.28,477945.1,2026-07-07 11:59:59.999000+00:00,38706441.5327,41299,248071.32,20095038.3782,0,SOLUSDT,1h
2026-07-07 12:00:00+00:00,81.28,81.96,81.24,81.4,964785.7,2026-07-07 12:59:59.999000+00:00,78779742.2965,74410,502915.66,41066976.3989,0,SOLUSDT,1h
2026-07-07 13:00:00+00:00,81.39,81.57,80.6,80.8,1282242.37,2026-07-07 13:59:59.999000+00:00,103891288.0415,118908,615419.83,49872033.2372,0,SOLUSDT,1h
2026-07-07 14:00:00+00:00,80.8,81.89,80.45,81.75,1531381.81,2026-07-07 14:59:59.999000+00:00,124155578.69,147923,801827.03,65043108.8792,0,SOLUSDT,1h
2026-07-07 15:00:00+00:00,81.75,82.33,81.45,82.07,1253104.25,2026-07-07 15:59:59.999000+00:00,102655479.7231,115058,604910.18,49578092.06,0,SOLUSDT,1h
2026-07-07 16:00:00+00:00,82.08,82.55,81.77,82.17,826420.7,2026-07-07 16:59:59.999000+00:00,67897348.6885,81666,414479.14,34062092.527,0,SOLUSDT,1h
2026-07-07 17:00:00+00:00,82.17,82.76,82.04,82.68,761140.57,2026-07-07 17:59:59.999000+00:00,62727496.398,67534,396240.33,32663328.4187,0,SOLUSDT,1h
2026-07-07 18:00:00+00:00,82.67,82.68,81.2,81.26,977485.16,2026-07-07 18:59:59.999000+00:00,80080001.8938,79695,422864.12,34652045.1044,0,SOLUSDT,1h
2026-07-07 19:00:00+00:00,81.25,81.54,80.72,81.34,1080794.02,2026-07-07 19:59:59.999000+00:00,87675084.8932,85702,597659.96,48486694.7208,0,SOLUSDT,1h
2026-07-07 20:00:00+00:00,81.34,81.45,80.97,81.13,346579.04,2026-07-07 20:59:59.999000+00:00,28149654.016,35867,146155.86,11872676.3449,0,SOLUSDT,1h
2026-07-07 21:00:00+00:00,81.13,81.39,80.5,80.78,641494.71,2026-07-07 21:59:59.999000+00:00,51859474.4703,50341,296492.74,23971194.4972,0,SOLUSDT,1h
2026-07-07 22:00:00+00:00,80.78,81.05,80.27,80.82,519440.73,2026-07-07 22:59:59.999000+00:00,41913720.3938,50603,285467.7,23043787.3121,0,SOLUSDT,1h
2026-07-07 23:00:00+00:00,80.81,81.1,80.47,80.54,351362.43,2026-07-07 23:59:59.999000+00:00,28388708.447,35753,164553.38,13298092.2093,0,SOLUSDT,1h
2026-07-08 00:00:00+00:00,80.54,80.74,80.3,80.33,723023.08,2026-07-08 00:59:59.999000+00:00,58231790.1954,60759,380670.87,30658631.0467,0,SOLUSDT,1h
2026-07-08 01:00:00+00:00,80.34,80.38,78.74,79.05,2065196.32,2026-07-08 01:59:59.999000+00:00,164070104.8782,120284,869746.47,69070798.2772,0,SOLUSDT,1h
2026-07-08 02:00:00+00:00,79.04,79.15,78.15,79.02,1732820.46,2026-07-08 02:59:59.999000+00:00,136412128.7566,125677,819274.33,64520359.9516,0,SOLUSDT,1h
2026-07-08 03:00:00+00:00,79.02,79.3,78.55,78.69,735573.81,2026-07-08 03:59:59.999000+00:00,58101283.3002,63142,323761.87,25586819.1194,0,SOLUSDT,1h
2026-07-08 04:00:00+00:00,78.69,78.89,78.33,78.6,665586.68,2026-07-08 04:59:59.999000+00:00,52330513.5073,56701,304905.35,23979644.8264,0,SOLUSDT,1h
2026-07-08 05:00:00+00:00,78.61,78.78,78.3,78.38,544640.15,2026-07-08 05:59:59.999000+00:00,42767692.4907,49681,279791.19,21970760.0896,0,SOLUSDT,1h
2026-07-08 06:00:00+00:00,78.39,78.41,77.9,78.17,977336.42,2026-07-08 06:59:59.999000+00:00,76407628.6245,72021,424077.43,33153605.6879,0,SOLUSDT,1h
2026-07-08 07:00:00+00:00,78.18,78.3,77.75,78.24,1000268.94,2026-07-08 07:59:59.999000+00:00,78068854.5413,68931,545436.45,42577380.7651,0,SOLUSDT,1h
2026-07-08 08:00:00+00:00,78.25,78.39,76.84,77.22,2860186.09,2026-07-08 08:59:59.999000+00:00,221403690.7657,167603,1378634.94,106705427.1106,0,SOLUSDT,1h
2026-07-08 09:00:00+00:00,77.22,77.46,76.97,77.15,770105.2,2026-07-08 09:59:59.999000+00:00,59463180.2073,67954,407998.12,31507426.1107,0,SOLUSDT,1h
2026-07-08 10:00:00+00:00,77.14,77.47,76.9,77.28,603730.83,2026-07-08 10:59:59.999000+00:00,46613113.2779,48261,320719.18,24769774.6857,0,SOLUSDT,1h
2026-07-08 11:00:00+00:00,77.28,77.67,77.04,77.5,837662.0,2026-07-08 11:59:59.999000+00:00,64806280.4218,59033,457568.95,35406233.989,0,SOLUSDT,1h
2026-07-08 12:00:00+00:00,77.5,77.62,76.97,76.99,686353.61,2026-07-08 12:59:59.999000+00:00,53068511.6222,50643,305547.81,23632794.8281,0,SOLUSDT,1h
2026-07-08 13:00:00+00:00,76.98,77.43,76.58,77.27,1804538.45,2026-07-08 13:59:59.999000+00:00,138952273.5163,118417,901803.14,69453404.4012,0,SOLUSDT,1h
2026-07-08 14:00:00+00:00,77.26,77.39,76.68,77.05,1108812.19,2026-07-08 14:59:59.999000+00:00,85437337.9902,99408,567228.16,43716316.6333,0,SOLUSDT,1h
2026-07-08 15:00:00+00:00,77.06,77.12,76.24,76.71,1305208.89,2026-07-08 15:59:59.999000+00:00,99930798.4542,92245,644343.87,49338775.6432,0,SOLUSDT,1h
2026-07-08 16:00:00+00:00,76.7,77.33,76.7,77.24,905559.0,2026-07-08 16:59:59.999000+00:00,69742976.6746,69503,469142.09,36144562.694,0,SOLUSDT,1h
2026-07-08 17:00:00+00:00,77.24,77.65,76.98,77.09,957057.65,2026-07-08 17:59:59.999000+00:00,73992778.7005,59235,482695.33,37333143.407,0,SOLUSDT,1h
2026-07-08 18:00:00+00:00,77.09,77.32,76.77,77.1,512706.48,2026-07-08 18:59:59.999000+00:00,39509407.0618,47415,230636.81,17778210.265,0,SOLUSDT,1h
2026-07-08 19:00:00+00:00,77.11,77.47,76.92,77.36,452121.23,2026-07-08 19:59:59.999000+00:00,34901263.5382,40932,235844.45,18211996.4468,0,SOLUSDT,1h
2026-07-08 20:00:00+00:00,77.37,77.53,77.01,77.15,310766.8,2026-07-08 20:59:59.999000+00:00,24012563.5187,32820,166642.16,12876574.5881,0,SOLUSDT,1h
2026-07-08 21:00:00+00:00,77.15,77.3,76.88,77.2,326608.91,2026-07-08 21:59:59.999000+00:00,25176737.5031,29989,165319.15,12746872.7176,0,SOLUSDT,1h
2026-07-08 22:00:00+00:00,77.21,77.56,77.13,77.49,294183.77,2026-07-08 22:59:59.999000+00:00,22750451.4144,30654,161732.49,12509512.3662,0,SOLUSDT,1h
2026-07-08 23:00:00+00:00,77.5,77.94,77.39,77.79,491173.38,2026-07-08 23:59:59.999000+00:00,38134341.2398,39801,261220.33,20287045.1283,0,SOLUSDT,1h
2026-07-09 00:00:00+00:00,77.78,77.86,77.48,77.69,487622.16,2026-07-09 00:59:59.999000+00:00,37864236.0601,45996,241171.93,18728543.4684,0,SOLUSDT,1h
2026-07-09 01:00:00+00:00,77.69,78.78,77.23,77.32,1403107.7,2026-07-09 01:59:59.999000+00:00,109426343.4601,108869,738419.24,57618859.7109,0,SOLUSDT,1h
2026-07-09 02:00:00+00:00,77.31,77.8,76.88,77.03,762959.31,2026-07-09 02:59:59.999000+00:00,58993421.3448,66155,349186.53,27007922.5181,0,SOLUSDT,1h
2026-07-09 03:00:00+00:00,77.02,77.36,76.66,77.34,564009.8,2026-07-09 03:59:59.999000+00:00,43441934.6845,54976,303643.15,23396405.6061,0,SOLUSDT,1h
2026-07-09 04:00:00+00:00,77.33,78.03,77.18,77.95,548094.51,2026-07-09 04:59:59.999000+00:00,42535885.751,51682,303521.12,23556883.6938,0,SOLUSDT,1h
2026-07-09 05:00:00+00:00,77.94,78.36,77.69,78.36,693213.7,2026-07-09 05:59:59.999000+00:00,54081429.0353,57464,360516.0,28138821.6378,0,SOLUSDT,1h
2026-07-09 06:00:00+00:00,78.35,78.59,78.06,78.44,558780.88,2026-07-09 06:59:59.999000+00:00,43781675.3873,53269,268522.5,21044746.8868,0,SOLUSDT,1h
2026-07-09 07:00:00+00:00,78.44,78.82,78.08,78.18,740297.81,2026-07-09 07:59:59.999000+00:00,58036437.9524,62244,369649.34,28994637.6589,0,SOLUSDT,1h
2026-07-09 08:00:00+00:00,78.18,78.37,77.89,78.06,501052.81,2026-07-09 08:59:59.999000+00:00,39136648.5433,43557,189257.48,14787457.9492,0,SOLUSDT,1h
2026-07-09 09:00:00+00:00,78.07,78.15,77.81,78.1,352762.21,2026-07-09 09:59:59.999000+00:00,27507308.744,35726,180413.67,14069091.9969,0,SOLUSDT,1h
2026-07-09 10:00:00+00:00,78.09,78.19,77.48,77.65,561402.05,2026-07-09 10:59:59.999000+00:00,43714140.0025,43134,275769.51,21481222.114,0,SOLUSDT,1h
2026-07-09 11:00:00+00:00,77.65,77.74,77.28,77.57,499113.18,2026-07-09 11:59:59.999000+00:00,38671620.172,45228,245979.11,19059990.982,0,SOLUSDT,1h
2026-07-09 12:00:00+00:00,77.58,78.19,77.2,77.59,1318516.63,2026-07-09 12:59:59.999000+00:00,102479628.5078,85323,622483.3,48409229.0353,0,SOLUSDT,1h
2026-07-09 13:00:00+00:00,77.59,78.47,77.3,78.18,916177.05,2026-07-09 13:59:59.999000+00:00,71390558.8911,87100,511646.96,39873929.0737,0,SOLUSDT,1h
2026-07-09 14:00:00+00:00,78.19,78.33,77.53,77.84,822811.07,2026-07-09 14:59:59.999000+00:00,64042905.377,75145,430846.43,33532519.4242,0,SOLUSDT,1h
2026-07-09 15:00:00+00:00,77.84,78.16,77.46,77.57,564330.61,2026-07-09 15:59:59.999000+00:00,43899680.5077,58077,267926.16,20844302.6852,0,SOLUSDT,1h
2026-07-09 16:00:00+00:00,77.57,77.76,77.21,77.64,609386.58,2026-07-09 16:59:59.999000+00:00,47219748.5238,55150,299673.79,23228684.2177,0,SOLUSDT,1h
2026-07-09 17:00:00+00:00,77.63,78.13,77.59,78.02,525203.08,2026-07-09 17:59:59.999000+00:00,40902341.0896,48135,257759.82,20077769.5744,0,SOLUSDT,1h
2026-07-09 18:00:00+00:00,78.02,78.4,77.96,78.15,562304.3,2026-07-09 18:59:59.999000+00:00,43965939.0188,53568,275175.71,21518966.1738,0,SOLUSDT,1h
2026-07-09 19:00:00+00:00,78.15,78.28,77.86,78.13,307617.22,2026-07-09 19:59:59.999000+00:00,24023677.7686,35549,154042.88,12031687.0341,0,SOLUSDT,1h
2026-07-09 20:00:00+00:00,78.13,78.27,77.94,78.12,203104.85,2026-07-09 20:59:59.999000+00:00,15862689.1164,27726,106188.1,8293934.1254,0,SOLUSDT,1h
2026-07-09 21:00:00+00:00,78.11,78.25,77.87,78.0,163437.63,2026-07-09 21:59:59.999000+00:00,12755170.9346,21857,83861.97,6545388.8802,0,SOLUSDT,1h
2026-07-09 22:00:00+00:00,78.0,78.24,77.95,78.05,200401.31,2026-07-09 22:59:59.999000+00:00,15653067.2032,25108,105057.83,8205551.4309,0,SOLUSDT,1h
2026-07-09 23:00:00+00:00,78.06,78.17,77.73,78.0,237041.12,2026-07-09 23:59:59.999000+00:00,18479338.7747,28329,106152.25,8275653.8055,0,SOLUSDT,1h
2026-07-10 00:00:00+00:00,78.0,78.11,77.75,78.08,297335.56,2026-07-10 00:59:59.999000+00:00,23172002.4983,38081,155970.31,12155673.6016,0,SOLUSDT,1h
2026-07-10 01:00:00+00:00,78.07,79.43,77.89,79.03,1189558.94,2026-07-10 01:59:59.999000+00:00,93793140.1542,85431,649019.4,51162872.0094,0,SOLUSDT,1h
2026-07-10 02:00:00+00:00,79.03,79.14,78.8,78.99,626548.88,2026-07-10 02:59:59.999000+00:00,49461834.1057,57290,307133.61,24247279.7502,0,SOLUSDT,1h
2026-07-10 03:00:00+00:00,79.0,79.11,78.7,79.02,441676.61,2026-07-10 03:59:59.999000+00:00,34837886.842,42331,216460.97,17075464.9417,0,SOLUSDT,1h
2026-07-10 04:00:00+00:00,79.02,79.07,78.8,78.93,371258.74,2026-07-10 04:59:59.999000+00:00,29318407.6552,35785,183808.38,14515994.8684,0,SOLUSDT,1h
2026-07-10 05:00:00+00:00,78.92,79.34,78.83,79.14,606720.65,2026-07-10 05:59:59.999000+00:00,47975012.3897,40579,342416.12,27074187.5435,0,SOLUSDT,1h
2026-07-10 06:00:00+00:00,79.14,79.2,78.81,78.88,355495.07,2026-07-10 06:59:59.999000+00:00,28067409.9913,30005,148903.3,11758785.895,0,SOLUSDT,1h
2026-07-10 07:00:00+00:00,78.87,79.04,78.69,78.8,360549.34,2026-07-10 07:59:59.999000+00:00,28431749.5393,28171,169538.57,13372031.7922,0,SOLUSDT,1h
2026-07-10 08:00:00+00:00,78.81,79.38,78.75,79.16,822329.8,2026-07-10 08:59:59.999000+00:00,65128780.571,54045,402011.17,31836677.4968,0,SOLUSDT,1h
2026-07-10 09:00:00+00:00,79.15,79.35,78.9,79.19,576143.64,2026-07-10 09:59:59.999000+00:00,45591958.8113,43104,264399.87,20926265.4343,0,SOLUSDT,1h
2026-07-10 10:00:00+00:00,79.19,79.64,79.1,79.36,655069.6,2026-07-10 10:59:59.999000+00:00,52019146.9482,48450,355632.48,28243151.9476,0,SOLUSDT,1h
2026-07-10 11:00:00+00:00,79.35,79.49,79.13,79.33,393404.94,2026-07-10 11:59:59.999000+00:00,31205553.3939,40766,209787.61,16642204.4696,0,SOLUSDT,1h
2026-07-10 12:00:00+00:00,79.32,79.53,78.85,78.88,630859.61,2026-07-10 12:59:59.999000+00:00,49940369.1186,49341,290878.93,23032193.7816,0,SOLUSDT,1h
2026-07-10 13:00:00+00:00,78.88,79.31,78.72,78.94,749303.94,2026-07-10 13:59:59.999000+00:00,59173111.3312,63994,365878.71,28896488.76,0,SOLUSDT,1h
2026-07-10 14:00:00+00:00,78.94,78.95,77.03,77.89,4004068.63,2026-07-10 14:59:59.999000+00:00,311794746.1648,225837,2217911.39,172709868.083,0,SOLUSDT,1h
2026-07-10 15:00:00+00:00,77.88,78.34,77.75,78.11,804405.5,2026-07-10 15:59:59.999000+00:00,62802133.9332,78977,421967.77,32939922.3051,0,SOLUSDT,1h
2026-07-10 16:00:00+00:00,78.11,78.24,77.62,78.12,673829.25,2026-07-10 16:59:59.999000+00:00,52520367.6435,62287,334021.95,26040605.1181,0,SOLUSDT,1h
2026-07-10 17:00:00+00:00,78.11,78.15,77.54,77.55,605203.23,2026-07-10 17:59:59.999000+00:00,47077382.5478,51956,259359.4,20177137.782,0,SOLUSDT,1h
2026-07-10 18:00:00+00:00,77.55,77.88,77.29,77.48,541505.09,2026-07-10 18:59:59.999000+00:00,41991082.677,48383,242413.61,18800693.3722,0,SOLUSDT,1h
2026-07-10 19:00:00+00:00,77.49,78.02,77.41,77.85,422345.66,2026-07-10 19:59:59.999000+00:00,32864369.0625,39982,223691.2,17407933.3114,0,SOLUSDT,1h
2026-07-10 20:00:00+00:00,77.86,77.97,77.66,77.72,323097.85,2026-07-10 20:59:59.999000+00:00,25138803.8085,30247,150054.83,11677032.0381,0,SOLUSDT,1h
2026-07-10 21:00:00+00:00,77.72,78.08,77.68,77.95,234342.85,2026-07-10 21:59:59.999000+00:00,18263168.9556,27367,123654.75,9635841.2209,0,SOLUSDT,1h
2026-07-10 22:00:00+00:00,77.95,78.21,77.89,78.11,286701.26,2026-07-10 22:59:59.999000+00:00,22373742.0535,31576,145084.35,11322242.4615,0,SOLUSDT,1h
2026-07-10 23:00:00+00:00,78.12,78.13,77.88,78.08,202606.58,2026-07-10 23:59:59.999000+00:00,15805446.2281,25493,100193.44,7816176.3635,0,SOLUSDT,1h
2026-07-11 00:00:00+00:00,78.07,78.08,77.75,77.8,239706.11,2026-07-11 00:59:59.999000+00:00,18670841.2836,24396,96915.15,7548365.8331,0,SOLUSDT,1h
2026-07-11 01:00:00+00:00,77.81,78.02,77.42,77.5,486950.25,2026-07-11 01:59:59.999000+00:00,37833770.7111,40186,189722.97,14740801.3613,0,SOLUSDT,1h
2026-07-11 02:00:00+00:00,77.5,77.78,77.45,77.74,195436.5,2026-07-11 02:59:59.999000+00:00,15168290.7621,24580,96402.75,7482793.0943,0,SOLUSDT,1h
2026-07-11 03:00:00+00:00,77.74,77.83,77.56,77.74,192332.78,2026-07-11 03:59:59.999000+00:00,14946095.6452,24261,93366.99,7256407.8915,0,SOLUSDT,1h
2026-07-11 04:00:00+00:00,77.75,77.81,77.6,77.69,189887.32,2026-07-11 04:59:59.999000+00:00,14752216.6685,23464,91253.17,7089482.3389,0,SOLUSDT,1h
2026-07-11 05:00:00+00:00,77.69,77.93,77.55,77.84,205550.38,2026-07-11 05:59:59.999000+00:00,15988274.4082,22284,106624.27,8294124.032,0,SOLUSDT,1h
2026-07-11 06:00:00+00:00,77.85,78.08,77.74,78.01,247447.88,2026-07-11 06:59:59.999000+00:00,19286156.526,24567,135644.75,10572106.5923,0,SOLUSDT,1h
2026-07-11 07:00:00+00:00,78.0,78.06,77.88,77.95,203841.02,2026-07-11 07:59:59.999000+00:00,15892940.1113,23188,96404.61,7516140.0156,0,SOLUSDT,1h
2026-07-11 08:00:00+00:00,77.95,78.13,77.9,78.13,253358.61,2026-07-11 08:59:59.999000+00:00,19770537.0698,21430,125189.57,9769500.2945,0,SOLUSDT,1h
2026-07-11 09:00:00+00:00,78.13,78.32,77.78,77.79,450987.92,2026-07-11 09:59:59.999000+00:00,35190153.4159,34155,203400.35,15877920.6365,0,SOLUSDT,1h
2026-07-11 10:00:00+00:00,77.8,78.06,77.7,78.03,412406.32,2026-07-11 10:59:59.999000+00:00,32115453.6074,26511,185899.56,14477711.4912,0,SOLUSDT,1h
2026-07-11 11:00:00+00:00,78.03,78.11,77.95,78.07,150884.13,2026-07-11 11:59:59.999000+00:00,11771621.5586,17706,89679.48,6996941.8579,0,SOLUSDT,1h
2026-07-11 12:00:00+00:00,78.06,78.18,77.91,78.05,256034.72,2026-07-11 12:59:59.999000+00:00,19977090.0433,20511,120117.07,9372888.5807,0,SOLUSDT,1h
2026-07-11 13:00:00+00:00,78.06,78.43,78.0,78.13,354221.28,2026-07-11 13:59:59.999000+00:00,27696691.609,29877,182095.46,14240410.6885,0,SOLUSDT,1h
2026-07-11 14:00:00+00:00,78.13,78.73,78.12,78.44,603987.02,2026-07-11 14:59:59.999000+00:00,47387658.8168,46990,322277.08,25285788.0997,0,SOLUSDT,1h
2026-07-11 15:00:00+00:00,78.44,78.86,77.9,78.34,1237075.48,2026-07-11 15:59:59.999000+00:00,96943917.8409,75943,592372.69,46442236.0016,0,SOLUSDT,1h
2026-07-11 16:00:00+00:00,78.35,78.37,77.62,77.91,1006748.61,2026-07-11 16:59:59.999000+00:00,78517732.683,65803,455259.24,35508892.5495,0,SOLUSDT,1h
2026-07-11 17:00:00+00:00,77.91,78.17,77.79,78.06,374587.41,2026-07-11 17:59:59.999000+00:00,29210441.0289,33879,191776.26,14956092.2179,0,SOLUSDT,1h
2026-07-11 18:00:00+00:00,78.06,78.29,77.97,78.05,283623.0,2026-07-11 18:59:59.999000+00:00,22152636.8862,27483,143619.65,11218072.4615,0,SOLUSDT,1h
2026-07-11 19:00:00+00:00,78.04,78.1,77.83,78.09,239076.4,2026-07-11 19:59:59.999000+00:00,18641040.0559,23193,120017.21,9358881.5214,0,SOLUSDT,1h
2026-07-11 20:00:00+00:00,78.09,78.24,78.06,78.13,132056.64,2026-07-11 20:59:59.999000+00:00,10319715.6899,15333,62634.08,4894608.7395,0,SOLUSDT,1h
2026-07-11 21:00:00+00:00,78.12,78.28,78.09,78.19,144517.19,2026-07-11 21:59:59.999000+00:00,11302185.7968,18121,71662.17,5604867.3119,0,SOLUSDT,1h
2026-07-11 22:00:00+00:00,78.19,78.24,77.69,77.84,366728.52,2026-07-11 22:59:59.999000+00:00,28568752.6931,35677,165474.91,12889368.3753,0,SOLUSDT,1h
2026-07-11 23:00:00+00:00,77.84,77.88,76.71,76.74,1520893.42,2026-07-11 23:59:59.999000+00:00,117270662.5575,90957,599752.24,46223279.7211,0,SOLUSDT,1h
2026-07-12 00:00:00+00:00,76.73,76.83,75.6,76.06,1802093.11,2026-07-12 00:59:59.999000+00:00,137259724.113,119442,808810.69,61593086.7067,0,SOLUSDT,1h
2026-07-12 01:00:00+00:00,76.07,76.84,75.99,76.78,748908.71,2026-07-12 01:59:59.999000+00:00,57276170.6059,62608,425950.57,32570788.424,0,SOLUSDT,1h
2026-07-12 02:00:00+00:00,76.78,76.87,76.59,76.8,347110.3,2026-07-12 02:59:59.999000+00:00,26639534.9878,36890,155711.5,11951487.7015,0,SOLUSDT,1h
2026-07-12 03:00:00+00:00,76.81,77.05,76.7,77.0,410635.7,2026-07-12 03:59:59.999000+00:00,31582476.3527,37547,208237.6,16018125.8117,0,SOLUSDT,1h
2026-07-12 04:00:00+00:00,77.01,77.04,76.56,76.66,401425.26,2026-07-12 04:59:59.999000+00:00,30822100.9624,35812,154095.38,11830972.0569,0,SOLUSDT,1h
2026-07-12 05:00:00+00:00,76.67,76.8,76.34,76.38,414494.05,2026-07-12 05:59:59.999000+00:00,31719049.083,31441,186106.76,14244511.775,0,SOLUSDT,1h
2026-07-12 06:00:00+00:00,76.38,76.38,75.8,76.3,809896.11,2026-07-12 06:59:59.999000+00:00,61617673.8613,58953,385505.08,29333585.6563,0,SOLUSDT,1h
2026-07-12 07:00:00+00:00,76.3,76.67,76.26,76.46,381487.81,2026-07-12 07:59:59.999000+00:00,29180028.2352,33613,211782.67,16199462.4122,0,SOLUSDT,1h
2026-07-12 08:00:00+00:00,76.46,76.79,76.42,76.65,361837.21,2026-07-12 08:59:59.999000+00:00,27719927.6851,30878,204176.28,15642049.5459,0,SOLUSDT,1h
2026-07-12 09:00:00+00:00,76.66,76.86,76.34,76.7,472302.83,2026-07-12 09:59:59.999000+00:00,36184347.3557,36221,230458.68,17658826.8058,0,SOLUSDT,1h
2026-07-12 10:00:00+00:00,76.7,76.81,76.61,76.66,198458.83,2026-07-12 10:59:59.999000+00:00,15221893.4222,22001,93179.17,7147544.9705,0,SOLUSDT,1h
2026-07-12 11:00:00+00:00,76.66,77.24,76.47,76.89,522376.99,2026-07-12 11:59:59.999000+00:00,40175391.969,37229,284825.47,21911728.9969,0,SOLUSDT,1h
2026-07-12 12:00:00+00:00,76.89,77.23,76.74,77.15,476637.26,2026-07-12 12:59:59.999000+00:00,36705693.6496,37648,269440.04,20750632.914,0,SOLUSDT,1h
2026-07-12 13:00:00+00:00,77.15,77.47,77.08,77.13,644534.48,2026-07-12 13:59:59.999000+00:00,49802247.4509,43673,353414.35,27309828.4959,0,SOLUSDT,1h
2026-07-12 14:00:00+00:00,77.12,77.69,76.94,77.51,674265.46,2026-07-12 14:59:59.999000+00:00,52107672.5785,48228,374065.33,28912417.9824,0,SOLUSDT,1h
2026-07-12 15:00:00+00:00,77.51,77.6,77.24,77.44,483386.63,2026-07-12 15:59:59.999000+00:00,37426208.6929,41826,239226.45,18524711.4291,0,SOLUSDT,1h
2026-07-12 16:00:00+00:00,77.44,77.64,77.35,77.51,488767.66,2026-07-12 16:59:59.999000+00:00,37865759.372,39502,249183.97,19303171.5558,0,SOLUSDT,1h
2026-07-12 17:00:00+00:00,77.5,77.58,77.2,77.32,277293.86,2026-07-12 17:59:59.999000+00:00,21464798.6692,24308,130965.12,10139322.6711,0,SOLUSDT,1h
2026-07-12 18:00:00+00:00,77.32,77.62,77.2,77.54,250704.98,2026-07-12 18:59:59.999000+00:00,19405949.4784,23359,127614.12,9878492.1951,0,SOLUSDT,1h
2026-07-12 19:00:00+00:00,77.54,77.76,77.4,77.65,244022.34,2026-07-12 19:59:59.999000+00:00,18928940.594,22498,140123.1,10871272.3475,0,SOLUSDT,1h
2026-07-12 20:00:00+00:00,77.64,77.69,77.41,77.44,134023.6,2026-07-12 20:59:59.999000+00:00,10390310.8657,18514,61703.1,4783713.6997,0,SOLUSDT,1h
2026-07-12 21:00:00+00:00,77.44,77.66,76.93,77.06,402905.75,2026-07-12 21:59:59.999000+00:00,31115028.9608,37493,164615.73,12714068.7887,0,SOLUSDT,1h
2026-07-12 22:00:00+00:00,77.06,77.06,76.42,76.73,852537.13,2026-07-12 22:59:59.999000+00:00,65356053.1202,69087,425133.61,32591339.9357,0,SOLUSDT,1h
2026-07-12 23:00:00+00:00,76.73,76.92,76.61,76.86,318417.27,2026-07-12 23:59:59.999000+00:00,24437352.0896,33611,186245.78,14294897.513,0,SOLUSDT,1h
2026-07-13 00:00:00+00:00,76.86,78.19,76.78,77.48,1759117.29,2026-07-13 00:59:59.999000+00:00,136440680.6355,144044,900645.15,69855436.3359,0,SOLUSDT,1h
2026-07-13 01:00:00+00:00,77.48,77.63,76.24,76.28,1056538.01,2026-07-13 01:59:59.999000+00:00,81232671.3473,98348,479129.51,36848083.2001,0,SOLUSDT,1h
2026-07-13 02:00:00+00:00,76.27,76.62,76.07,76.44,756606.48,2026-07-13 02:59:59.999000+00:00,57794565.3842,71974,396826.64,30314933.1256,0,SOLUSDT,1h
2026-07-13 03:00:00+00:00,76.43,76.45,75.38,75.82,1265805.5,2026-07-13 03:59:59.999000+00:00,95948398.6549,102438,540378.16,40963989.1483,0,SOLUSDT,1h
2026-07-13 04:00:00+00:00,75.82,76.09,75.66,75.87,478385.71,2026-07-13 04:59:59.999000+00:00,36311991.2697,51608,228387.9,17338615.8482,0,SOLUSDT,1h
2026-07-13 05:00:00+00:00,75.88,76.44,75.67,76.35,777618.61,2026-07-13 05:59:59.999000+00:00,59238011.3555,64996,383984.15,29257056.2892,0,SOLUSDT,1h
2026-07-13 06:00:00+00:00,76.35,76.55,76.23,76.3,389289.18,2026-07-13 06:59:59.999000+00:00,29734269.9778,39744,188297.86,14382717.2386,0,SOLUSDT,1h
2026-07-13 07:00:00+00:00,76.3,76.65,76.18,76.4,427271.02,2026-07-13 07:59:59.999000+00:00,32661637.8533,41525,238061.31,18201461.8853,0,SOLUSDT,1h
2026-07-13 08:00:00+00:00,76.41,76.86,76.31,76.69,512251.17,2026-07-13 08:59:59.999000+00:00,39226090.5902,43115,259215.85,19849588.2778,0,SOLUSDT,1h
2026-07-13 09:00:00+00:00,76.69,76.7,76.55,76.58,272450.64,2026-07-13 09:59:59.999000+00:00,20873721.0948,24301,132603.3,10159497.2691,0,SOLUSDT,1h
2026-07-13 10:00:00+00:00,76.59,76.59,76.05,76.24,677982.42,2026-07-13 10:59:59.999000+00:00,51717006.7528,42680,329960.03,25168018.4723,0,SOLUSDT,1h
2026-07-13 11:00:00+00:00,76.24,76.55,76.24,76.31,422767.12,2026-07-13 11:59:59.999000+00:00,32294515.3269,35559,221445.23,16917067.4145,0,SOLUSDT,1h
2026-07-13 12:00:00+00:00,76.31,76.38,75.7,75.82,718297.25,2026-07-13 12:59:59.999000+00:00,54550988.2027,54787,316137.03,24011903.0417,0,SOLUSDT,1h
2026-07-13 13:00:00+00:00,75.82,75.91,75.06,75.37,1624238.53,2026-07-13 13:59:59.999000+00:00,122573912.6656,104707,778410.84,58750534.0774,0,SOLUSDT,1h
2026-07-13 14:00:00+00:00,75.36,76.14,75.28,76.11,1544211.09,2026-07-13 14:59:59.999000+00:00,117029093.8852,122943,754070.02,57150339.9202,0,SOLUSDT,1h
2026-07-13 15:00:00+00:00,76.11,76.28,75.7,75.78,646464.36,2026-07-13 15:59:59.999000+00:00,49135825.1951,58237,314918.18,23939464.578,0,SOLUSDT,1h
2026-07-13 16:00:00+00:00,75.78,76.02,75.15,75.24,843192.06,2026-07-13 16:59:59.999000+00:00,63637312.2288,65832,444702.06,33558649.0374,0,SOLUSDT,1h
2026-07-13 17:00:00+00:00,75.25,75.43,74.46,74.55,1423992.93,2026-07-13 17:59:59.999000+00:00,106662010.68,88433,604444.21,45297835.6008,0,SOLUSDT,1h
2026-07-13 18:00:00+00:00,74.55,75.0,74.51,74.82,734559.74,2026-07-13 18:59:59.999000+00:00,54914928.5511,58512,392717.05,29364866.189,0,SOLUSDT,1h
2026-07-13 19:00:00+00:00,74.83,75.21,74.7,75.15,552676.09,2026-07-13 19:59:59.999000+00:00,41401537.2308,42762,305464.26,22889128.7101,0,SOLUSDT,1h
2026-07-13 20:00:00+00:00,75.15,75.31,74.55,74.75,599903.72,2026-07-13 20:59:59.999000+00:00,44949045.7915,45163,296690.98,22230440.1159,0,SOLUSDT,1h
2026-07-13 21:00:00+00:00,74.76,74.76,74.06,74.36,822134.81,2026-07-13 21:59:59.999000+00:00,61145599.9456,54911,333706.42,24820310.6887,0,SOLUSDT,1h
2026-07-13 22:00:00+00:00,74.36,74.69,74.34,74.48,377018.76,2026-07-13 22:59:59.999000+00:00,28101990.0606,35400,174253.82,12989951.7652,0,SOLUSDT,1h
2026-07-13 23:00:00+00:00,74.48,74.97,74.37,74.96,408820.0,2026-07-13 23:59:59.999000+00:00,30546172.2796,41122,239798.58,17918237.0735,0,SOLUSDT,1h
2026-07-14 00:00:00+00:00,74.96,75.46,74.78,75.39,640829.1,2026-07-14 00:59:59.999000+00:00,48143111.2866,57339,362808.89,27264226.0616,0,SOLUSDT,1h
2026-07-14 01:00:00+00:00,75.4,75.52,75.17,75.25,410427.69,2026-07-14 01:59:59.999000+00:00,30914279.6267,39968,175706.09,13235991.2809,0,SOLUSDT,1h
2026-07-14 02:00:00+00:00,75.26,75.3,74.82,75.04,375359.33,2026-07-14 02:59:59.999000+00:00,28176983.2624,37112,164128.01,12323138.591,0,SOLUSDT,1h
2026-07-14 03:00:00+00:00,75.04,75.14,74.51,75.1,503027.94,2026-07-14 03:59:59.999000+00:00,37624744.5005,45617,283012.44,21168742.1553,0,SOLUSDT,1h
2026-07-14 04:00:00+00:00,75.11,75.32,74.99,75.12,410580.57,2026-07-14 04:59:59.999000+00:00,30854211.2548,35214,199265.36,14977342.971,0,SOLUSDT,1h
2026-07-14 05:00:00+00:00,75.11,75.45,75.06,75.37,357437.45,2026-07-14 05:59:59.999000+00:00,26921546.2123,34142,192480.23,14496775.9823,0,SOLUSDT,1h
2026-07-14 06:00:00+00:00,75.37,75.4,75.06,75.11,283282.33,2026-07-14 06:59:59.999000+00:00,21307349.9288,27895,111153.16,8361236.488,0,SOLUSDT,1h
2026-07-14 07:00:00+00:00,75.1,75.22,74.86,74.92,342811.96,2026-07-14 07:59:59.999000+00:00,25720529.7071,34156,174294.29,13079121.2782,0,SOLUSDT,1h
2026-07-14 08:00:00+00:00,74.91,75.35,74.8,75.12,363327.9,2026-07-14 08:59:59.999000+00:00,27295200.0748,34830,182936.88,13745006.0261,0,SOLUSDT,1h
2026-07-14 09:00:00+00:00,75.12,75.27,74.82,75.03,309383.41,2026-07-14 09:59:59.999000+00:00,23215254.9647,30252,148551.07,11148304.1463,0,SOLUSDT,1h
2026-07-14 10:00:00+00:00,75.04,75.57,74.92,75.42,531400.33,2026-07-14 10:59:59.999000+00:00,39996070.4251,41815,290563.87,21874409.1606,0,SOLUSDT,1h
2026-07-14 11:00:00+00:00,75.42,75.57,75.29,75.35,440958.03,2026-07-14 11:59:59.999000+00:00,33260330.074,33973,210387.99,15868832.0158,0,SOLUSDT,1h
2026-07-14 12:00:00+00:00,75.36,76.96,75.15,76.82,3000949.67,2026-07-14 12:59:59.999000+00:00,228384957.8084,152002,1577303.25,120088343.6663,0,SOLUSDT,1h
2026-07-14 13:00:00+00:00,76.83,77.71,76.46,76.91,2392861.31,2026-07-14 13:59:59.999000+00:00,184469326.845,150797,1127988.69,86964824.3682,0,SOLUSDT,1h
2026-07-14 14:00:00+00:00,76.92,77.47,76.63,77.32,1243284.03,2026-07-14 14:59:59.999000+00:00,95694605.8284,96339,640333.75,49304015.7058,0,SOLUSDT,1h
2026-07-14 15:00:00+00:00,77.33,78.0,77.14,77.35,1485417.18,2026-07-14 15:59:59.999000+00:00,115074710.3695,97623,792385.78,61414424.2209,0,SOLUSDT,1h
2026-07-14 16:00:00+00:00,77.35,77.63,77.07,77.25,783955.02,2026-07-14 16:59:59.999000+00:00,60643536.5058,65245,355818.01,27530417.7249,0,SOLUSDT,1h
2026-07-14 17:00:00+00:00,77.25,77.27,76.76,77.15,603112.47,2026-07-14 17:59:59.999000+00:00,46452288.5378,50480,264586.83,20378808.1825,0,SOLUSDT,1h
2026-07-14 18:00:00+00:00,77.14,77.32,76.95,77.26,360555.98,2026-07-14 18:59:59.999000+00:00,27818065.4721,37105,174316.78,13450701.2495,0,SOLUSDT,1h
2026-07-14 19:00:00+00:00,77.25,77.5,77.07,77.13,373633.22,2026-07-14 19:59:59.999000+00:00,28860792.7561,37425,189268.14,14621848.6388,0,SOLUSDT,1h
2026-07-14 20:00:00+00:00,77.13,77.18,76.89,77.14,234960.11,2026-07-14 20:59:59.999000+00:00,18091665.5954,26839,94607.96,7285839.2317,0,SOLUSDT,1h
2026-07-14 21:00:00+00:00,77.13,77.37,77.08,77.17,335624.79,2026-07-14 21:59:59.999000+00:00,25918750.2632,29736,166556.29,12861935.4646,0,SOLUSDT,1h
2026-07-14 22:00:00+00:00,77.17,77.95,77.08,77.59,840585.66,2026-07-14 22:59:59.999000+00:00,65220498.7619,59105,452229.65,35081330.1978,0,SOLUSDT,1h
2026-07-14 23:00:00+00:00,77.58,77.9,77.5,77.82,481917.44,2026-07-14 23:59:59.999000+00:00,37442584.0224,42095,256322.8,19918615.2707,0,SOLUSDT,1h
2026-07-15 00:00:00+00:00,77.83,77.88,77.43,77.64,416541.08,2026-07-15 00:59:59.999000+00:00,32341063.1485,39975,187540.02,14561257.7574,0,SOLUSDT,1h
2026-07-15 01:00:00+00:00,77.63,77.79,77.22,77.4,668342.67,2026-07-15 01:59:59.999000+00:00,51777773.036,49384,277056.96,21470335.4916,0,SOLUSDT,1h
2026-07-15 02:00:00+00:00,77.4,77.55,76.98,77.26,950369.57,2026-07-15 02:59:59.999000+00:00,73358655.8998,56163,450892.2,34810813.7189,0,SOLUSDT,1h
2026-07-15 03:00:00+00:00,77.27,77.86,77.17,77.73,458729.67,2026-07-15 03:59:59.999000+00:00,35570799.3294,37369,243402.77,18878090.7901,0,SOLUSDT,1h
2026-07-15 04:00:00+00:00,77.73,78.15,77.49,77.97,640637.02,2026-07-15 04:59:59.999000+00:00,49889009.8026,44834,342304.16,26657789.1533,0,SOLUSDT,1h
2026-07-15 05:00:00+00:00,77.97,78.33,77.61,78.23,747140.25,2026-07-15 05:59:59.999000+00:00,58238685.4055,55671,392108.09,30574088.131,0,SOLUSDT,1h
2026-07-15 06:00:00+00:00,78.22,78.68,77.9,77.9,1511031.23,2026-07-15 06:59:59.999000+00:00,118345860.7478,86656,797715.77,62496797.9761,0,SOLUSDT,1h
2026-07-15 07:00:00+00:00,77.9,77.97,77.36,77.36,692366.73,2026-07-15 07:59:59.999000+00:00,53773044.8342,47648,327100.05,25407023.4827,0,SOLUSDT,1h
2026-07-15 08:00:00+00:00,77.37,77.58,77.2,77.53,619833.97,2026-07-15 08:59:59.999000+00:00,47979452.3613,44917,364898.5,28249199.5495,0,SOLUSDT,1h
2026-07-15 09:00:00+00:00,77.53,77.87,77.39,77.43,373204.69,2026-07-15 09:59:59.999000+00:00,28977607.7743,33550,188680.67,14653113.8351,0,SOLUSDT,1h
2026-07-15 10:00:00+00:00,77.44,77.68,77.16,77.33,526463.66,2026-07-15 10:59:59.999000+00:00,40721197.4394,39395,245729.14,19012443.1508,0,SOLUSDT,1h
2026-07-15 11:00:00+00:00,77.33,77.48,77.29,77.48,222192.41,2026-07-15 11:59:59.999000+00:00,17197509.7412,25118,128101.41,9915462.7131,0,SOLUSDT,1h
2026-07-15 12:00:00+00:00,77.48,78.28,77.21,78.25,1213062.52,2026-07-15 12:59:59.999000+00:00,94349283.3731,78709,638061.72,49631611.3772,0,SOLUSDT,1h
2026-07-15 13:00:00+00:00,78.25,79.01,77.64,78.05,2529896.42,2026-07-15 13:59:59.999000+00:00,198573427.3254,157025,1239792.27,97322704.535,0,SOLUSDT,1h
2026-07-15 14:00:00+00:00,78.06,78.34,77.73,78.17,1121976.37,2026-07-15 14:59:59.999000+00:00,87568909.5905,103056,556647.6,43455244.573,0,SOLUSDT,1h
2026-07-15 15:00:00+00:00,78.18,78.22,77.7,78.03,896172.12,2026-07-15 15:59:59.999000+00:00,69927377.6927,78672,461059.8,35981802.1215,0,SOLUSDT,1h
2026-07-15 16:00:00+00:00,78.03,78.09,77.02,77.59,1217367.85,2026-07-15 16:59:59.999000+00:00,94309018.5637,88592,600997.82,46564694.0452,0,SOLUSDT,1h
2026-07-15 17:00:00+00:00,77.59,78.0,77.45,77.78,588945.44,2026-07-15 17:59:59.999000+00:00,45769561.4413,48662,263785.33,20502600.7796,0,SOLUSDT,1h
2026-07-15 18:00:00+00:00,77.77,78.04,77.46,77.55,489129.25,2026-07-15 18:59:59.999000+00:00,38060622.2794,41427,230437.27,17932107.8332,0,SOLUSDT,1h
2026-07-15 19:00:00+00:00,77.55,77.66,76.86,77.14,729398.79,2026-07-15 19:59:59.999000+00:00,56309516.0016,50899,340873.05,26322884.3816,0,SOLUSDT,1h
2026-07-15 20:00:00+00:00,77.14,77.5,77.06,77.35,334502.91,2026-07-15 20:59:59.999000+00:00,25860876.549,31084,168784.28,13049283.2435,0,SOLUSDT,1h
2026-07-15 21:00:00+00:00,77.34,77.49,77.19,77.39,192463.74,2026-07-15 21:59:59.999000+00:00,14882989.6827,23959,86980.31,6726814.9275,0,SOLUSDT,1h
2026-07-15 22:00:00+00:00,77.38,77.7,77.25,77.47,363283.53,2026-07-15 22:59:59.999000+00:00,28159246.7102,33594,185095.94,14349475.365,0,SOLUSDT,1h
2026-07-15 23:00:00+00:00,77.47,77.58,77.16,77.23,315773.84,2026-07-15 23:59:59.999000+00:00,24420856.7318,28504,132659.75,10259767.7014,0,SOLUSDT,1h
2026-07-16 00:00:00+00:00,77.23,77.44,76.64,76.9,898878.9,2026-07-16 00:59:59.999000+00:00,69188486.7889,63493,393113.48,30257269.4296,0,SOLUSDT,1h
2026-07-16 01:00:00+00:00,76.89,77.11,76.66,77.05,710623.48,2026-07-16 01:59:59.999000+00:00,54651234.0875,54951,409291.87,31475847.7864,0,SOLUSDT,1h
2026-07-16 02:00:00+00:00,77.04,77.11,76.81,77.08,270601.6,2026-07-16 02:59:59.999000+00:00,20828907.1614,27868,135279.91,10412726.386,0,SOLUSDT,1h
2026-07-16 03:00:00+00:00,77.08,77.23,76.75,76.9,382240.26,2026-07-16 03:59:59.999000+00:00,29418368.1939,33529,165460.99,12736519.4229,0,SOLUSDT,1h
2026-07-16 04:00:00+00:00,76.89,76.97,76.51,76.76,530963.54,2026-07-16 04:59:59.999000+00:00,40754747.1906,38895,205178.34,15753413.315,0,SOLUSDT,1h
2026-07-16 05:00:00+00:00,76.76,77.47,76.68,77.42,747535.89,2026-07-16 05:59:59.999000+00:00,57696285.3159,50049,435269.6,33595666.7907,0,SOLUSDT,1h
2026-07-16 06:00:00+00:00,77.43,77.59,77.06,77.3,544140.98,2026-07-16 06:59:59.999000+00:00,42083329.2731,39092,242652.61,18769301.977,0,SOLUSDT,1h
2026-07-16 07:00:00+00:00,77.31,77.31,76.15,76.39,1360985.39,2026-07-16 07:59:59.999000+00:00,104154249.6583,66126,597011.96,45685140.8657,0,SOLUSDT,1h
2026-07-16 08:00:00+00:00,76.38,76.45,75.57,76.1,1784697.29,2026-07-16 08:59:59.999000+00:00,135654206.7773,94334,863855.33,65671371.6945,0,SOLUSDT,1h
2026-07-16 09:00:00+00:00,76.11,76.21,75.94,75.97,368502.07,2026-07-16 09:59:59.999000+00:00,28035681.2047,35058,172724.88,13142509.6059,0,SOLUSDT,1h
2026-07-16 10:00:00+00:00,75.98,76.3,75.95,76.16,290364.7,2026-07-16 10:59:59.999000+00:00,22112424.9987,29601,158301.58,12056188.2788,0,SOLUSDT,1h
2026-07-16 11:00:00+00:00,76.15,76.24,75.97,76.23,408455.97,2026-07-16 11:59:59.999000+00:00,31079786.9974,37834,182816.19,13913069.8943,0,SOLUSDT,1h
2026-07-16 12:00:00+00:00,76.22,76.25,75.63,75.87,722069.45,2026-07-16 12:59:59.999000+00:00,54816233.2622,51007,300061.51,22778938.6552,0,SOLUSDT,1h
2026-07-16 13:00:00+00:00,75.87,76.59,75.86,76.32,992558.49,2026-07-16 13:59:59.999000+00:00,75764794.6112,72823,523878.06,39994237.3796,0,SOLUSDT,1h
2026-07-16 14:00:00+00:00,76.32,76.75,76.13,76.47,828095.14,2026-07-16 14:59:59.999000+00:00,63358283.4411,72213,392205.6,30013298.6972,0,SOLUSDT,1h
2026-07-16 15:00:00+00:00,76.47,76.85,75.95,76.6,904571.95,2026-07-16 15:59:59.999000+00:00,69155603.1433,69636,440349.2,33673138.4924,0,SOLUSDT,1h
2026-07-16 16:00:00+00:00,76.59,76.6,76.05,76.24,520377.75,2026-07-16 16:59:59.999000+00:00,39699657.6742,56902,237934.85,18153085.536,0,SOLUSDT,1h
2026-07-16 17:00:00+00:00,76.24,76.24,75.34,75.56,937043.29,2026-07-16 17:59:59.999000+00:00,70966336.6915,71066,398022.73,30142978.5555,0,SOLUSDT,1h
2026-07-16 18:00:00+00:00,75.56,75.9,75.37,75.69,898850.59,2026-07-16 18:59:59.999000+00:00,68015936.0035,53733,449732.26,34030593.7375,0,SOLUSDT,1h
2026-07-16 19:00:00+00:00,75.68,75.9,75.57,75.77,344483.56,2026-07-16 19:59:59.999000+00:00,26099661.388,32255,163900.63,12418329.3821,0,SOLUSDT,1h
2026-07-16 20:00:00+00:00,75.77,75.86,75.67,75.76,211506.48,2026-07-16 20:59:59.999000+00:00,16022326.0003,22308,96749.34,7330288.2626,0,SOLUSDT,1h
2026-07-16 21:00:00+00:00,75.75,76.04,75.73,75.91,216234.61,2026-07-16 21:59:59.999000+00:00,16415723.7597,22810,126615.96,9612063.6086,0,SOLUSDT,1h
2026-07-16 22:00:00+00:00,75.91,76.0,75.13,75.29,581104.35,2026-07-16 22:59:59.999000+00:00,43886358.9357,42225,243412.24,18390538.8182,0,SOLUSDT,1h
2026-07-16 23:00:00+00:00,75.29,75.37,74.95,75.27,683669.87,2026-07-16 23:59:59.999000+00:00,51379735.8771,50546,359944.2,27055035.8733,0,SOLUSDT,1h
2026-07-17 00:00:00+00:00,75.27,75.52,74.87,75.51,528934.75,2026-07-17 00:59:59.999000+00:00,39793945.6001,49598,247025.43,18588212.6803,0,SOLUSDT,1h
2026-07-17 01:00:00+00:00,75.51,75.71,74.92,75.06,574460.23,2026-07-17 01:59:59.999000+00:00,43275276.6542,53388,270559.84,20388260.5158,0,SOLUSDT,1h
2026-07-17 02:00:00+00:00,75.06,75.24,74.68,74.94,715220.34,2026-07-17 02:59:59.999000+00:00,53612170.1624,51846,282815.01,21202908.7474,0,SOLUSDT,1h
2026-07-17 03:00:00+00:00,74.95,75.43,74.94,75.19,436522.48,2026-07-17 03:59:59.999000+00:00,32851715.0654,38795,236202.0,17774543.9996,0,SOLUSDT,1h
2026-07-17 04:00:00+00:00,75.18,75.3,74.7,75.19,599339.4,2026-07-17 04:59:59.999000+00:00,44942505.8505,44782,326759.03,24507168.8256,0,SOLUSDT,1h
2026-07-17 05:00:00+00:00,75.18,75.18,74.22,74.35,1215843.56,2026-07-17 05:59:59.999000+00:00,90660033.8773,75389,452299.67,33725902.5712,0,SOLUSDT,1h
2026-07-17 06:00:00+00:00,74.34,74.73,74.25,74.55,555631.86,2026-07-17 06:59:59.999000+00:00,41409174.379,49885,304599.4,22703206.399,0,SOLUSDT,1h
2026-07-17 07:00:00+00:00,74.55,74.72,74.36,74.57,385840.11,2026-07-17 07:59:59.999000+00:00,28761524.5539,34094,184453.7,13750471.2635,0,SOLUSDT,1h
2026-07-17 08:00:00+00:00,74.57,74.65,74.14,74.47,479631.84,2026-07-17 08:59:59.999000+00:00,35686591.8251,41519,211196.7,15719809.4234,0,SOLUSDT,1h
2026-07-17 09:00:00+00:00,74.48,74.76,74.42,74.6,310878.78,2026-07-17 09:59:59.999000+00:00,23194507.8955,31369,191226.22,14268143.1523,0,SOLUSDT,1h
2026-07-17 10:00:00+00:00,74.61,74.83,74.57,74.73,410378.52,2026-07-17 10:59:59.999000+00:00,30666297.9302,34588,213186.59,15930120.0423,0,SOLUSDT,1h
2026-07-17 11:00:00+00:00,74.74,74.97,74.58,74.8,398991.0,2026-07-17 11:59:59.999000+00:00,29838203.8789,30721,211897.7,15847005.9826,0,SOLUSDT,1h
2026-07-17 12:00:00+00:00,74.81,74.83,74.32,74.34,429405.75,2026-07-17 12:59:59.999000+00:00,32009942.0014,36164,161700.82,12053706.3198,0,SOLUSDT,1h
2026-07-17 13:00:00+00:00,74.35,74.35,73.32,74.29,2289858.38,2026-07-17 13:59:59.999000+00:00,168880112.1487,140857,987874.2,72870165.6207,0,SOLUSDT,1h
2026-07-17 14:00:00+00:00,74.28,74.79,74.04,74.28,1319929.12,2026-07-17 14:59:59.999000+00:00,98227954.337,97646,635666.6,47317588.5584,0,SOLUSDT,1h
2026-07-17 15:00:00+00:00,74.28,74.75,73.76,74.74,927736.68,2026-07-17 15:59:59.999000+00:00,68868093.5391,78016,450461.68,33452250.4223,0,SOLUSDT,1h
2026-07-17 16:00:00+00:00,74.74,75.09,74.55,74.91,800417.18,2026-07-17 16:59:59.999000+00:00,59893882.2312,60997,392193.98,29354528.8332,0,SOLUSDT,1h
2026-07-17 17:00:00+00:00,74.9,75.58,74.9,75.2,800543.48,2026-07-17 17:59:59.999000+00:00,60255558.0402,60302,420933.87,31683442.0819,0,SOLUSDT,1h
2026-07-17 18:00:00+00:00,75.2,75.38,74.93,75.3,492703.59,2026-07-17 18:59:59.999000+00:00,37028411.8392,43973,254808.89,19150465.292,0,SOLUSDT,1h
2026-07-17 19:00:00+00:00,75.29,75.34,74.82,75.16,407829.71,2026-07-17 19:59:59.999000+00:00,30623855.8514,37261,221283.87,16616150.2569,0,SOLUSDT,1h
2026-07-17 20:00:00+00:00,75.16,75.17,74.84,75.06,253039.81,2026-07-17 20:59:59.999000+00:00,18974899.2231,25565,109603.0,8219064.1574,0,SOLUSDT,1h
2026-07-17 21:00:00+00:00,75.05,75.2,74.91,74.98,194779.93,2026-07-17 21:59:59.999000+00:00,14621306.1237,22386,103287.6,7754630.6225,0,SOLUSDT,1h
2026-07-17 22:00:00+00:00,74.99,75.09,74.8,74.99,180460.51,2026-07-17 22:59:59.999000+00:00,13521144.8554,18914,69847.26,5233884.093,0,SOLUSDT,1h
2026-07-17 23:00:00+00:00,74.98,75.1,74.81,75.0,169620.53,2026-07-17 23:59:59.999000+00:00,12717419.438,16761,80230.15,6016871.5871,0,SOLUSDT,1h
2026-07-18 00:00:00+00:00,74.99,75.23,74.94,75.06,192146.86,2026-07-18 00:59:59.999000+00:00,14428545.7713,21304,95540.45,7174927.7011,0,SOLUSDT,1h
2026-07-18 01:00:00+00:00,75.06,75.2,75.01,75.18,157948.51,2026-07-18 01:59:59.999000+00:00,11862398.1557,16039,92695.35,6962299.4617,0,SOLUSDT,1h
2026-07-18 02:00:00+00:00,75.18,75.42,75.1,75.17,242185.86,2026-07-18 02:59:59.999000+00:00,18227692.4539,24049,144008.25,10839838.0127,0,SOLUSDT,1h
2026-07-18 03:00:00+00:00,75.17,75.35,75.11,75.34,133516.12,2026-07-18 03:59:59.999000+00:00,10042131.6265,15263,73915.75,5560114.2582,0,SOLUSDT,1h
2026-07-18 04:00:00+00:00,75.33,75.35,75.01,75.07,139670.48,2026-07-18 04:59:59.999000+00:00,10493506.7278,17245,57382.43,4311125.2322,0,SOLUSDT,1h
2026-07-18 05:00:00+00:00,75.06,75.08,74.83,74.9,232141.46,2026-07-18 05:59:59.999000+00:00,17397479.7604,20417,116294.12,8715502.4112,0,SOLUSDT,1h
2026-07-18 06:00:00+00:00,74.9,75.06,74.88,74.94,149269.33,2026-07-18 06:59:59.999000+00:00,11190933.4546,15170,83570.32,6265426.8977,0,SOLUSDT,1h
2026-07-18 07:00:00+00:00,74.93,75.02,74.86,74.93,159010.49,2026-07-18 07:59:59.999000+00:00,11912750.1874,15651,82739.72,6198780.697,0,SOLUSDT,1h
2026-07-18 08:00:00+00:00,74.93,74.99,74.74,74.93,224795.51,2026-07-18 08:59:59.999000+00:00,16831327.6493,19313,127075.4,9515106.4865,0,SOLUSDT,1h
2026-07-18 09:00:00+00:00,74.93,74.97,74.61,74.81,316292.36,2026-07-18 09:59:59.999000+00:00,23638567.8589,21436,144391.35,10791089.8195,0,SOLUSDT,1h
2026-07-18 10:00:00+00:00,74.8,74.91,74.75,74.86,157038.64,2026-07-18 10:59:59.999000+00:00,11752349.1671,13662,82593.56,6181308.5997,0,SOLUSDT,1h
2026-07-18 11:00:00+00:00,74.85,74.98,74.84,74.91,172717.67,2026-07-18 11:59:59.999000+00:00,12938989.7292,13602,83383.47,6246890.8065,0,SOLUSDT,1h
2026-07-18 12:00:00+00:00,74.91,75.15,74.68,74.95,386235.15,2026-07-18 12:59:59.999000+00:00,28926862.6972,30374,215700.83,16156046.3298,0,SOLUSDT,1h
2026-07-18 13:00:00+00:00,74.95,74.96,74.46,74.69,383999.47,2026-07-18 13:59:59.999000+00:00,28664579.455,28679,183115.31,13671625.6082,0,SOLUSDT,1h
2026-07-18 14:00:00+00:00,74.7,74.97,74.61,74.95,324804.8,2026-07-18 14:59:59.999000+00:00,24300365.4724,27691,151187.39,11312491.0016,0,SOLUSDT,1h
2026-07-18 15:00:00+00:00,74.96,75.01,74.76,74.92,204918.76,2026-07-18 15:59:59.999000+00:00,15348571.8884,21661,100297.18,7512238.2302,0,SOLUSDT,1h
2026-07-18 16:00:00+00:00,74.93,75.25,74.8,75.12,349762.68,2026-07-18 16:59:59.999000+00:00,26252218.6166,28843,181658.4,13635443.6871,0,SOLUSDT,1h
2026-07-18 17:00:00+00:00,75.12,75.37,75.02,75.31,329273.82,2026-07-18 17:59:59.999000+00:00,24763004.4045,28945,179882.31,13530504.6425,0,SOLUSDT,1h
2026-07-18 18:00:00+00:00,75.31,75.6,75.15,75.24,546682.26,2026-07-18 18:59:59.999000+00:00,41190191.8143,38546,300192.19,22623002.2402,0,SOLUSDT,1h
2026-07-18 19:00:00+00:00,75.24,75.41,75.18,75.4,234302.62,2026-07-18 19:59:59.999000+00:00,17643812.6557,22124,113340.77,8536569.1582,0,SOLUSDT,1h
2026-07-18 20:00:00+00:00,75.41,75.55,75.29,75.43,194716.0,2026-07-18 20:59:59.999000+00:00,14683114.4856,22038,105592.1,7963494.4372,0,SOLUSDT,1h
2026-07-18 21:00:00+00:00,75.42,75.6,75.3,75.44,200422.09,2026-07-18 21:59:59.999000+00:00,15124050.5999,22657,90865.96,6856928.3225,0,SOLUSDT,1h
2026-07-18 22:00:00+00:00,75.44,75.58,75.34,75.52,188896.88,2026-07-18 22:59:59.999000+00:00,14251270.5546,19433,98875.2,7459379.2737,0,SOLUSDT,1h
2026-07-18 23:00:00+00:00,75.52,75.54,75.36,75.46,158783.56,2026-07-18 23:59:59.999000+00:00,11982894.2122,15889,79088.34,5968389.9875,0,SOLUSDT,1h
2026-07-19 00:00:00+00:00,75.47,75.64,75.4,75.59,233470.39,2026-07-19 00:59:59.999000+00:00,17626971.9321,20487,129310.14,9763078.5265,0,SOLUSDT,1h
2026-07-19 01:00:00+00:00,75.59,75.7,75.48,75.64,264630.72,2026-07-19 01:59:59.999000+00:00,20002509.4451,23342,127570.56,9643456.5988,0,SOLUSDT,1h
2026-07-19 02:00:00+00:00,75.64,76.56,75.63,76.16,1107515.14,2026-07-19 02:59:59.999000+00:00,84352245.7271,69174,705626.69,53737473.2378,0,SOLUSDT,1h
2026-07-19 03:00:00+00:00,76.16,76.42,75.76,75.92,429560.49,2026-07-19 03:59:59.999000+00:00,32641557.5989,33251,211316.65,16061487.423,0,SOLUSDT,1h
2026-07-19 04:00:00+00:00,75.92,76.05,75.68,75.95,265139.1,2026-07-19 04:59:59.999000+00:00,20111781.8921,25116,125428.8,9515916.9002,0,SOLUSDT,1h
2026-07-19 05:00:00+00:00,75.96,76.07,75.85,75.94,154589.43,2026-07-19 05:59:59.999000+00:00,11745141.7733,18506,82895.03,6298740.9564,0,SOLUSDT,1h
2026-07-19 06:00:00+00:00,75.94,76.11,75.9,76.08,180041.26,2026-07-19 06:59:59.999000+00:00,13684347.268,21846,97788.99,7432710.4795,0,SOLUSDT,1h
2026-07-19 07:00:00+00:00,76.07,76.3,75.96,76.11,239865.18,2026-07-19 07:59:59.999000+00:00,18259447.0068,23155,121127.49,9221665.9123,0,SOLUSDT,1h
2026-07-19 08:00:00+00:00,76.11,76.34,76.03,76.23,200103.21,2026-07-19 08:59:59.999000+00:00,15245543.0627,22219,101243.95,7714321.0625,0,SOLUSDT,1h
2026-07-19 09:00:00+00:00,76.23,76.27,75.88,75.96,264870.56,2026-07-19 09:59:59.999000+00:00,20128384.0912,25861,88282.5,6709027.6161,0,SOLUSDT,1h
2026-07-19 10:00:00+00:00,75.95,76.49,75.86,76.23,275078.54,2026-07-19 10:59:59.999000+00:00,20953194.5689,28641,157602.76,12006202.4543,0,SOLUSDT,1h
2026-07-19 11:00:00+00:00,76.23,76.38,76.01,76.04,222105.25,2026-07-19 11:59:59.999000+00:00,16922477.124,24488,86608.56,6600198.2361,0,SOLUSDT,1h
2026-07-19 12:00:00+00:00,76.03,76.15,75.7,75.99,506073.57,2026-07-19 12:59:59.999000+00:00,38425046.1856,36956,221819.32,16845882.6978,0,SOLUSDT,1h
2026-07-19 13:00:00+00:00,75.99,76.12,75.84,76.07,240086.19,2026-07-19 13:59:59.999000+00:00,18241577.5207,23936,117177.29,8904819.8882,0,SOLUSDT,1h
2026-07-19 14:00:00+00:00,76.06,76.67,76.01,76.38,612579.04,2026-07-19 14:59:59.999000+00:00,46794260.4528,45866,350669.92,26792572.7249,0,SOLUSDT,1h
2026-07-19 15:00:00+00:00,76.37,76.45,76.06,76.18,313004.47,2026-07-19 15:59:59.999000+00:00,23856851.6457,31875,152845.48,11649538.712,0,SOLUSDT,1h
2026-07-19 16:00:00+00:00,76.17,76.26,75.83,75.87,325693.21,2026-07-19 16:59:59.999000+00:00,24752196.5867,35659,146013.44,11099677.2067,0,SOLUSDT,1h
2026-07-19 17:00:00+00:00,75.88,76.19,75.5,75.92,481726.06,2026-07-19 17:59:59.999000+00:00,36547486.0641,41106,237966.41,18060458.194,0,SOLUSDT,1h
2026-07-19 18:00:00+00:00,75.92,75.94,75.31,75.72,555729.23,2026-07-19 18:59:59.999000+00:00,42006833.2061,44740,249033.05,18827788.7111,0,SOLUSDT,1h
2026-07-19 19:00:00+00:00,75.73,75.86,75.59,75.84,174204.84,2026-07-19 19:59:59.999000+00:00,13198343.0114,20117,86794.4,6576370.4181,0,SOLUSDT,1h
2026-07-19 20:00:00+00:00,75.85,76.11,75.83,76.11,225395.17,2026-07-19 20:59:59.999000+00:00,17122126.5799,22627,118068.68,8969665.8855,0,SOLUSDT,1h
2026-07-19 21:00:00+00:00,76.11,76.21,75.67,75.74,309332.98,2026-07-19 21:59:59.999000+00:00,23482732.0196,27700,111129.83,8438253.5318,0,SOLUSDT,1h
2026-07-19 22:00:00+00:00,75.74,76.38,75.58,76.05,625746.08,2026-07-19 22:59:59.999000+00:00,47598963.8304,60341,335242.87,25497339.3562,0,SOLUSDT,1h
2026-07-19 23:00:00+00:00,76.06,76.56,75.84,76.34,536458.03,2026-07-19 23:59:59.999000+00:00,40907887.3102,45243,288668.37,22008665.2349,0,SOLUSDT,1h
2026-07-20 00:00:00+00:00,76.34,77.1,76.08,76.52,1342654.95,2026-07-20 00:59:59.999000+00:00,102989510.62,99243,694731.58,53292775.405,0,SOLUSDT,1h
2026-07-20 01:00:00+00:00,76.53,77.39,76.23,76.35,1052934.31,2026-07-20 01:59:59.999000+00:00,80874406.9085,91559,538431.12,41359591.1118,0,SOLUSDT,1h
2026-07-20 02:00:00+00:00,76.34,77.16,76.31,76.94,725708.77,2026-07-20 02:59:59.999000+00:00,55703424.8025,65725,314846.56,24164383.3534,0,SOLUSDT,1h
2026-07-20 03:00:00+00:00,76.93,77.06,76.48,76.71,339216.91,2026-07-20 03:59:59.999000+00:00,26029887.4561,44019,178134.11,13668447.2311,0,SOLUSDT,1h
2026-07-20 04:00:00+00:00,76.71,76.91,76.24,76.41,497885.07,2026-07-20 04:59:59.999000+00:00,38129368.6773,43944,244351.79,18715316.0427,0,SOLUSDT,1h
2026-07-20 05:00:00+00:00,76.42,76.46,75.73,75.88,913264.62,2026-07-20 05:59:59.999000+00:00,69417985.4822,67009,418423.64,31809914.0517,0,SOLUSDT,1h
2026-07-20 06:00:00+00:00,75.88,76.0,75.45,75.6,755296.82,2026-07-20 06:59:59.999000+00:00,57212893.318,60176,353528.86,26789229.827,0,SOLUSDT,1h
2026-07-20 07:00:00+00:00,75.6,76.21,75.48,76.18,440208.2,2026-07-20 07:59:59.999000+00:00,33402250.5833,41439,240165.29,18223848.2355,0,SOLUSDT,1h
2026-07-20 08:00:00+00:00,76.18,76.4,75.85,76.11,689143.78,2026-07-20 08:59:59.999000+00:00,52475008.5122,44715,301267.68,22940951.7978,0,SOLUSDT,1h
2026-07-20 09:00:00+00:00,76.1,76.7,76.03,76.43,470525.94,2026-07-20 09:59:59.999000+00:00,35985924.135,39829,231344.21,17693183.7427,0,SOLUSDT,1h
2026-07-20 10:00:00+00:00,76.42,76.66,76.29,76.3,328395.15,2026-07-20 10:59:59.999000+00:00,25098886.6773,29595,168419.67,12873129.3334,0,SOLUSDT,1h
2026-07-20 11:00:00+00:00,76.31,77.21,76.26,77.1,1165709.15,2026-07-20 11:59:59.999000+00:00,89568130.3815,72624,579496.99,44527080.172,0,SOLUSDT,1h
2026-07-20 12:00:00+00:00,77.09,77.12,76.62,76.7,771439.32,2026-07-20 12:59:59.999000+00:00,59261671.8599,51849,351544.37,27009198.4111,0,SOLUSDT,1h
2026-07-20 13:00:00+00:00,76.7,77.1,76.08,76.25,1023858.41,2026-07-20 13:59:59.999000+00:00,78414636.9338,75037,470547.9,36052090.6505,0,SOLUSDT,1h
2026-07-20 14:00:00+00:00,76.24,76.42,75.73,76.11,1039599.66,2026-07-20 14:59:59.999000+00:00,79131303.8758,84951,564241.51,42969341.9705,0,SOLUSDT,1h
2026-07-20 15:00:00+00:00,76.1,77.91,76.06,77.73,1975263.8,2026-07-20 15:59:59.999000+00:00,152477037.7347,112063,1086846.92,83926568.7869,0,SOLUSDT,1h
2026-07-20 16:00:00+00:00,77.73,77.86,77.42,77.64,1031630.7,2026-07-20 16:59:59.999000+00:00,80096450.8728,67112,414820.39,32213154.2431,0,SOLUSDT,1h
2026-07-20 17:00:00+00:00,77.63,77.88,77.33,77.71,516649.97,2026-07-20 17:59:59.999000+00:00,40086451.9331,42566,268274.67,20820873.2347,0,SOLUSDT,1h
2026-07-20 18:00:00+00:00,77.71,78.37,77.56,77.63,1370745.53,2026-07-20 18:59:59.999000+00:00,106874361.2251,73052,744312.74,58057788.278,0,SOLUSDT,1h
2026-07-20 19:00:00+00:00,77.63,77.7,77.26,77.6,832853.25,2026-07-20 19:59:59.999000+00:00,64562816.3628,54194,440646.75,34159173.6015,0,SOLUSDT,1h
2026-07-20 20:00:00+00:00,77.61,78.02,77.51,77.85,343896.79,2026-07-20 20:59:59.999000+00:00,26757828.5002,35266,168121.38,13079443.6388,0,SOLUSDT,1h
2026-07-20 21:00:00+00:00,77.86,78.01,77.68,77.71,214184.52,2026-07-20 21:59:59.999000+00:00,16680523.1205,27186,88587.72,6899328.8814,0,SOLUSDT,1h
2026-07-20 22:00:00+00:00,77.7,77.81,77.4,77.43,288938.09,2026-07-20 22:59:59.999000+00:00,22412838.9082,27812,153450.48,11903654.1412,0,SOLUSDT,1h
2026-07-20 23:00:00+00:00,77.43,77.85,77.4,77.8,215877.96,2026-07-20 23:59:59.999000+00:00,16760328.3584,23549,129862.47,10082188.9193,0,SOLUSDT,1h
2026-07-21 00:00:00+00:00,77.81,78.26,77.71,78.07,476860.22,2026-07-21 00:59:59.999000+00:00,37198310.6215,45823,258556.54,20175443.1834,0,SOLUSDT,1h
2026-07-21 01:00:00+00:00,78.08,78.2,77.79,77.81,345622.29,2026-07-21 01:59:59.999000+00:00,26950694.4274,32591,159286.04,12423137.9566,0,SOLUSDT,1h
2026-07-21 02:00:00+00:00,77.81,78.23,77.63,77.99,321415.12,2026-07-21 02:59:59.999000+00:00,25034398.9703,31414,184536.51,14375194.1614,0,SOLUSDT,1h
2026-07-21 03:00:00+00:00,77.99,78.53,77.98,78.15,574297.28,2026-07-21 03:59:59.999000+00:00,44956670.0817,43087,298475.59,23370346.7028,0,SOLUSDT,1h
2026-07-21 04:00:00+00:00,78.15,78.37,77.98,78.08,443380.22,2026-07-21 04:59:59.999000+00:00,34636437.3512,34821,212834.85,16627337.6485,0,SOLUSDT,1h
2026-07-21 05:00:00+00:00,78.08,78.65,78.07,78.41,481783.9,2026-07-21 05:59:59.999000+00:00,37757902.2881,39308,264906.81,20764281.1272,0,SOLUSDT,1h
2026-07-21 06:00:00+00:00,78.4,78.87,78.25,78.62,686883.57,2026-07-21 06:59:59.999000+00:00,53988470.5565,48565,405243.66,31852893.3049,0,SOLUSDT,1h
2026-07-21 07:00:00+00:00,78.62,78.73,78.43,78.53,439163.65,2026-07-21 07:59:59.999000+00:00,34502897.5337,36064,249006.28,19564657.4548,0,SOLUSDT,1h
2026-07-21 08:00:00+00:00,78.53,78.72,78.29,78.31,568618.65,2026-07-21 08:59:59.999000+00:00,44618808.3429,43056,282737.56,22191904.9101,0,SOLUSDT,1h
2026-07-21 09:00:00+00:00,78.32,78.46,78.11,78.37,397226.65,2026-07-21 09:59:59.999000+00:00,31087708.3021,31653,193299.88,15131079.9535,0,SOLUSDT,1h
2026-07-21 10:00:00+00:00,78.38,78.45,78.02,78.16,515710.94,2026-07-21 10:59:59.999000+00:00,40364471.7502,32703,237069.07,18558512.7063,0,SOLUSDT,1h
2026-07-21 11:00:00+00:00,78.16,78.39,78.06,78.31,343461.22,2026-07-21 11:59:59.999000+00:00,26857483.5243,27179,163075.07,12754605.8356,0,SOLUSDT,1h
2026-07-21 12:00:00+00:00,78.32,78.52,78.23,78.49,603856.04,2026-07-21 12:59:59.999000+00:00,47321579.3851,41759,329055.21,25791310.5883,0,SOLUSDT,1h
2026-07-21 13:00:00+00:00,78.49,78.61,78.16,78.55,662576.96,2026-07-21 13:59:59.999000+00:00,51953830.5368,51157,355590.62,27884223.5116,0,SOLUSDT,1h
2026-07-21 14:00:00+00:00,78.56,78.61,77.82,77.97,1031724.56,2026-07-21 14:59:59.999000+00:00,80660158.0205,64236,409142.64,31987138.8917,0,SOLUSDT,1h
2026-07-21 15:00:00+00:00,77.96,78.13,77.73,78.11,626761.97,2026-07-21 15:59:59.999000+00:00,48828341.067,44788,301845.03,23518790.577,0,SOLUSDT,1h
2026-07-21 16:00:00+00:00,78.11,78.21,77.92,78.16,366964.67,2026-07-21 16:59:59.999000+00:00,28646934.7107,34116,194279.73,15167359.8724,0,SOLUSDT,1h
2026-07-21 17:00:00+00:00,78.16,78.2,77.39,77.69,670919.69,2026-07-21 17:59:59.999000+00:00,52139172.8291,44208,293979.3,22850786.4985,0,SOLUSDT,1h
2026-07-21 18:00:00+00:00,77.69,77.96,77.57,77.82,311107.4,2026-07-21 18:59:59.999000+00:00,24205717.8367,29913,159546.8,12413893.5725,0,SOLUSDT,1h
2026-07-21 19:00:00+00:00,77.82,77.97,77.67,77.84,310191.42,2026-07-21 19:59:59.999000+00:00,24138163.227,27296,161637.7,12577752.4523,0,SOLUSDT,1h
2026-07-21 20:00:00+00:00,77.83,78.09,77.76,77.86,389397.04,2026-07-21 20:59:59.999000+00:00,30344388.72,24004,153875.79,11992633.9584,0,SOLUSDT,1h
2026-07-21 21:00:00+00:00,77.85,78.1,77.75,78.0,275086.68,2026-07-21 21:59:59.999000+00:00,21444197.8016,20059,158147.53,12326716.2559,0,SOLUSDT,1h
2026-07-21 22:00:00+00:00,77.99,78.04,77.8,77.95,215310.38,2026-07-21 22:59:59.999000+00:00,16778726.1389,22026,111757.96,8707723.8692,0,SOLUSDT,1h
2026-07-21 23:00:00+00:00,77.95,78.16,77.77,78.1,242371.51,2026-07-21 23:59:59.999000+00:00,18894827.1847,21597,126118.48,9833802.1307,0,SOLUSDT,1h
2026-07-22 00:00:00+00:00,78.1,78.57,78.07,78.4,543678.26,2026-07-22 00:59:59.999000+00:00,42613150.6242,44540,303788.4,23811921.0465,0,SOLUSDT,1h
2026-07-22 01:00:00+00:00,78.41,78.48,78.1,78.3,395571.46,2026-07-22 01:59:59.999000+00:00,30974277.4745,33443,189622.31,14848201.7784,0,SOLUSDT,1h
2026-07-22 02:00:00+00:00,78.3,78.48,78.04,78.07,266189.07,2026-07-22 02:59:59.999000+00:00,20823622.109,29083,139281.2,10897356.3135,0,SOLUSDT,1h
2026-07-22 03:00:00+00:00,78.07,78.19,77.76,77.82,370862.1,2026-07-22 03:59:59.999000+00:00,28919821.8664,30690,144778.29,11291375.7843,0,SOLUSDT,1h
2026-07-22 04:00:00+00:00,77.82,78.19,77.78,78.02,342726.83,2026-07-22 04:59:59.999000+00:00,26748091.9669,30167,178311.2,13915238.1769,0,SOLUSDT,1h
2026-07-22 05:00:00+00:00,78.02,78.04,77.35,77.39,809385.18,2026-07-22 05:59:59.999000+00:00,62822989.9046,48387,391507.69,30396008.0688,0,SOLUSDT,1h
2026-07-22 06:00:00+00:00,77.38,77.47,76.95,77.26,1048483.61,2026-07-22 06:59:59.999000+00:00,80937458.189,59250,538448.83,41569129.654,0,SOLUSDT,1h
2026-07-22 07:00:00+00:00,77.26,77.29,76.94,77.06,515602.53,2026-07-22 07:59:59.999000+00:00,39754727.9365,40036,234160.05,18055044.3351,0,SOLUSDT,1h
2026-07-22 08:00:00+00:00,77.06,77.48,77.0,77.38,485655.89,2026-07-22 08:59:59.999000+00:00,37525964.5065,36743,273521.12,21136165.6916,0,SOLUSDT,1h
2026-07-22 09:00:00+00:00,77.38,77.54,77.24,77.51,322806.97,2026-07-22 09:59:59.999000+00:00,24982219.9307,25283,167740.96,12982504.2751,0,SOLUSDT,1h
2026-07-22 10:00:00+00:00,77.51,77.7,77.4,77.63,356733.76,2026-07-22 10:59:59.999000+00:00,27670976.8764,26185,192521.42,14933338.7979,0,SOLUSDT,1h
2026-07-22 11:00:00+00:00,77.64,77.77,77.44,77.53,357409.8,2026-07-22 11:59:59.999000+00:00,27734346.3852,26692,182687.31,14177115.9375,0,SOLUSDT,1h
2026-07-22 12:00:00+00:00,77.52,77.53,76.97,77.19,539588.3,2026-07-22 12:59:59.999000+00:00,41668118.0989,40770,237973.17,18378905.7344,0,SOLUSDT,1h
2026-07-22 13:00:00+00:00,77.2,77.93,77.09,77.84,972117.31,2026-07-22 13:59:59.999000+00:00,75380297.1178,59245,539338.45,41814816.1315,0,SOLUSDT,1h
2026-07-22 14:00:00+00:00,77.83,78.4,77.36,77.86,1158723.17,2026-07-22 14:59:59.999000+00:00,90216113.3562,78735,588225.19,45809900.2218,0,SOLUSDT,1h
2026-07-22 15:00:00+00:00,77.86,78.85,77.85,78.43,1463866.61,2026-07-22 15:59:59.999000+00:00,114831294.5267,88801,770642.06,60450088.0608,0,SOLUSDT,1h
2026-07-22 16:00:00+00:00,78.43,78.78,78.06,78.54,801583.27,2026-07-22 16:59:59.999000+00:00,62880461.9504,59848,416317.55,32663748.6113,0,SOLUSDT,1h
2026-07-22 17:00:00+00:00,78.54,78.62,78.1,78.17,484624.24,2026-07-22 17:59:59.999000+00:00,37971207.9946,42595,233566.83,18300072.6048,0,SOLUSDT,1h
2026-07-22 18:00:00+00:00,78.17,78.26,77.41,77.7,842864.05,2026-07-22 18:59:59.999000+00:00,65514782.7415,57710,395970.17,30767519.3782,0,SOLUSDT,1h
2026-07-22 19:00:00+00:00,77.7,77.77,77.26,77.61,493987.3,2026-07-22 19:59:59.999000+00:00,38303864.9038,46100,250970.18,19462779.537,0,SOLUSDT,1h
2026-07-22 20:00:00+00:00,77.61,77.91,77.52,77.75,428881.03,2026-07-22 20:59:59.999000+00:00,33338117.1286,42921,195689.68,15211422.284,0,SOLUSDT,1h
2026-07-22 21:00:00+00:00,77.75,78.02,77.62,77.98,293730.74,2026-07-22 21:59:59.999000+00:00,22862883.5107,31194,154505.49,12026944.1036,0,SOLUSDT,1h
2026-07-22 22:00:00+00:00,77.99,78.08,77.66,77.96,429782.31,2026-07-22 22:59:59.999000+00:00,33474042.331,37902,161145.29,12550606.7416,0,SOLUSDT,1h
2026-07-22 23:00:00+00:00,77.96,77.98,77.44,77.93,417445.1,2026-07-22 23:59:59.999000+00:00,32432784.3523,34738,165121.91,12828775.4991,0,SOLUSDT,1h
2026-07-23 00:00:00+00:00,77.93,78.5,77.93,78.21,664583.45,2026-07-23 00:59:59.999000+00:00,52018740.5264,53013,316893.67,24802771.2899,0,SOLUSDT,1h
2026-07-23 01:00:00+00:00,78.21,78.38,77.82,77.84,431983.09,2026-07-23 01:59:59.999000+00:00,33705795.2227,38535,180298.7,14068158.932,0,SOLUSDT,1h
2026-07-23 02:00:00+00:00,77.84,77.86,77.34,77.7,532127.1,2026-07-23 02:59:59.999000+00:00,41285591.9315,42041,295695.31,22939194.9892,0,SOLUSDT,1h
2026-07-23 03:00:00+00:00,77.71,77.74,77.42,77.56,268220.9,2026-07-23 03:59:59.999000+00:00,20801652.7607,27382,125007.42,9695892.5981,0,SOLUSDT,1h
2026-07-23 04:00:00+00:00,77.55,77.78,77.39,77.48,462489.37,2026-07-23 04:59:59.999000+00:00,35881650.1125,30610,259260.93,20115734.1786,0,SOLUSDT,1h
2026-07-23 05:00:00+00:00,77.49,77.68,77.35,77.48,296011.08,2026-07-23 05:59:59.999000+00:00,22934637.5895,23605,150980.73,11697681.0732,0,SOLUSDT,1h
2026-07-23 06:00:00+00:00,77.49,77.54,77.31,77.52,245325.55,2026-07-23 06:59:59.999000+00:00,18998418.1406,22635,117367.89,9090108.5374,0,SOLUSDT,1h
2026-07-23 07:00:00+00:00,77.52,77.52,76.98,77.11,770957.69,2026-07-23 07:59:59.999000+00:00,59468500.2336,45178,344126.18,26542662.153,0,SOLUSDT,1h
2026-07-23 08:00:00+00:00,77.12,77.45,77.06,77.42,394513.58,2026-07-23 08:59:59.999000+00:00,30484743.2944,30810,234184.04,18092401.0933,0,SOLUSDT,1h
2026-07-23 09:00:00+00:00,77.42,77.61,77.35,77.45,275561.87,2026-07-23 09:59:59.999000+00:00,21357393.4616,24203,126965.82,9840750.5537,0,SOLUSDT,1h
2026-07-23 10:00:00+00:00,77.45,77.77,77.38,77.7,313454.42,2026-07-23 10:59:59.999000+00:00,24338818.167,24414,167678.84,13021349.6934,0,SOLUSDT,1h
2026-07-23 11:00:00+00:00,77.7,77.83,77.56,77.62,342117.45,2026-07-23 11:59:59.999000+00:00,26575220.1509,25029,145504.77,11303981.4601,0,SOLUSDT,1h
2026-07-23 12:00:00+00:00,77.63,77.71,76.43,76.9,1665801.75,2026-07-23 12:59:59.999000+00:00,128177629.0023,81668,777656.44,59850957.394,0,SOLUSDT,1h
2026-07-23 13:00:00+00:00,76.89,77.01,76.51,76.64,1063609.1,2026-07-23 13:59:59.999000+00:00,81652137.1483,80882,539062.97,41386873.2921,0,SOLUSDT,1h
2026-07-23 14:00:00+00:00,76.65,76.84,76.24,76.38,963195.57,2026-07-23 14:59:59.999000+00:00,73746321.3217,69190,446300.23,34182930.9517,0,SOLUSDT,1h
2026-07-23 15:00:00+00:00,76.39,76.41,75.8,76.33,1758725.11,2026-07-23 15:59:59.999000+00:00,133834906.1045,86222,771921.77,58752192.2613,0,SOLUSDT,1h
2026-07-23 16:00:00+00:00,76.33,76.34,75.8,75.96,889511.2,2026-07-23 16:59:59.999000+00:00,67616995.6311,49465,398703.32,30309267.6062,0,SOLUSDT,1h
2026-07-23 17:00:00+00:00,75.96,76.14,75.44,75.61,746923.52,2026-07-23 17:59:59.999000+00:00,56615222.7354,48458,303198.32,22993144.3093,0,SOLUSDT,1h
2026-07-23 18:00:00+00:00,75.61,75.81,75.51,75.76,477126.94,2026-07-23 18:59:59.999000+00:00,36106877.6574,38533,224702.92,17006616.7665,0,SOLUSDT,1h
2026-07-23 19:00:00+00:00,75.77,75.81,75.37,75.7,492868.59,2026-07-23 19:59:59.999000+00:00,37262790.9114,38113,267021.59,20187813.88,0,SOLUSDT,1h
2026-07-23 20:00:00+00:00,75.69,76.15,75.65,76.09,381621.0,2026-07-23 20:59:59.999000+00:00,29003602.6243,33969,236654.31,17987006.4517,0,SOLUSDT,1h
2026-07-23 21:00:00+00:00,76.09,76.24,75.89,76.01,364294.98,2026-07-23 21:59:59.999000+00:00,27704284.8306,33149,220818.27,16793675.9464,0,SOLUSDT,1h
2026-07-23 22:00:00+00:00,76.02,76.21,75.81,76.14,336261.43,2026-07-23 22:59:59.999000+00:00,25569781.2288,29513,202030.25,15365289.8046,0,SOLUSDT,1h
2026-07-23 23:00:00+00:00,76.15,76.21,75.83,75.83,265597.33,2026-07-23 23:59:59.999000+00:00,20200575.7938,22824,129412.53,9844366.0646,0,SOLUSDT,1h
2026-07-24 00:00:00+00:00,75.84,75.86,75.49,75.78,593517.94,2026-07-24 00:59:59.999000+00:00,44927752.059,45297,296371.67,22439453.9348,0,SOLUSDT,1h
2026-07-24 01:00:00+00:00,75.78,76.09,75.63,75.65,333024.05,2026-07-24 01:59:59.999000+00:00,25265290.4883,34669,194462.15,14753163.0513,0,SOLUSDT,1h
2026-07-24 02:00:00+00:00,75.66,75.89,75.23,75.5,454591.05,2026-07-24 02:59:59.999000+00:00,34316824.5232,37427,197009.41,14877654.6734,0,SOLUSDT,1h
2026-07-24 03:00:00+00:00,75.49,75.93,75.43,75.8,404791.53,2026-07-24 03:59:59.999000+00:00,30678422.5322,30905,244906.09,18560841.4446,0,SOLUSDT,1h
2026-07-24 04:00:00+00:00,75.79,75.82,75.57,75.63,259942.36,2026-07-24 04:59:59.999000+00:00,19676454.9057,24338,105782.29,8008367.1197,0,SOLUSDT,1h
2026-07-24 05:00:00+00:00,75.63,75.88,75.55,75.75,430874.61,2026-07-24 05:59:59.999000+00:00,32647522.6329,27195,188054.61,14244969.5062,0,SOLUSDT,1h
2026-07-24 06:00:00+00:00,75.75,75.98,75.69,75.8,329102.59,2026-07-24 06:59:59.999000+00:00,24957120.0387,27240,185284.55,14050468.669,0,SOLUSDT,1h
2026-07-24 07:00:00+00:00,75.81,76.42,75.73,76.02,874732.81,2026-07-24 07:59:59.999000+00:00,66572100.6827,51441,436290.86,33209080.5738,0,SOLUSDT,1h
2026-07-24 08:00:00+00:00,76.03,76.04,75.66,75.73,451655.09,2026-07-24 08:59:59.999000+00:00,34252976.2527,27039,234868.22,17808929.967,0,SOLUSDT,1h
2026-07-24 09:00:00+00:00,75.73,75.79,75.32,75.57,723222.59,2026-07-24 09:59:59.999000+00:00,54618944.5159,48123,316919.12,23933141.515,0,SOLUSDT,1h
2026-07-24 10:00:00+00:00,75.58,75.61,75.33,75.43,309237.38,2026-07-24 10:59:59.999000+00:00,23339353.1481,32531,152483.55,11509126.1596,0,SOLUSDT,1h
2026-07-24 11:00:00+00:00,75.44,75.47,74.86,75.15,914968.45,2026-07-24 11:59:59.999000+00:00,68753002.5323,57137,381598.31,28681175.2545,0,SOLUSDT,1h
2026-07-24 12:00:00+00:00,75.15,75.25,74.74,74.81,521263.73,2026-07-24 12:59:59.999000+00:00,39095963.0709,46160,247148.92,18541730.2158,0,SOLUSDT,1h
2026-07-24 13:00:00+00:00,74.81,74.88,73.93,74.17,1995795.0,2026-07-24 13:59:59.999000+00:00,148460493.2458,112637,892789.55,66410346.4722,0,SOLUSDT,1h
2026-07-24 14:00:00+00:00,74.17,74.22,73.55,73.99,1615495.69,2026-07-24 14:59:59.999000+00:00,119309791.4512,100475,766931.61,56652605.3594,0,SOLUSDT,1h
2026-07-24 15:00:00+00:00,73.98,74.25,73.63,73.98,1127432.05,2026-07-24 15:59:59.999000+00:00,83454461.2482,73940,557942.87,41304847.883,0,SOLUSDT,1h
2026-07-24 16:00:00+00:00,73.98,74.16,73.66,73.86,601840.48,2026-07-24 16:59:59.999000+00:00,44482095.2181,46456,277682.44,20525008.0523,0,SOLUSDT,1h
2026-07-24 17:00:00+00:00,73.85,74.11,73.8,73.99,393606.9,2026-07-24 17:59:59.999000+00:00,29111647.7015,35399,190486.97,14089688.4475,0,SOLUSDT,1h
2026-07-24 18:00:00+00:00,74.0,74.03,73.84,73.92,243108.65,2026-07-24 18:59:59.999000+00:00,17976867.4824,24918,124010.99,9170257.8987,0,SOLUSDT,1h
2026-07-24 19:00:00+00:00,73.92,74.01,73.73,73.91,359320.88,2026-07-24 19:59:59.999000+00:00,26552147.9129,30746,201126.2,14863318.3539,0,SOLUSDT,1h
2026-07-24 20:00:00+00:00,73.92,73.98,73.67,73.73,257809.28,2026-07-24 20:59:59.999000+00:00,19032826.4565,27344,140087.73,10343005.4358,0,SOLUSDT,1h
2026-07-24 21:00:00+00:00,73.73,73.79,73.36,73.61,786118.68,2026-07-24 21:59:59.999000+00:00,57836101.9756,41622,369954.36,27225074.9552,0,SOLUSDT,1h
2026-07-24 22:00:00+00:00,73.6,73.95,73.6,73.9,356395.13,2026-07-24 22:59:59.999000+00:00,26303806.2756,25133,205936.51,15197779.4252,0,SOLUSDT,1h
2026-07-24 23:00:00+00:00,73.9,74.0,73.81,73.93,229799.47,2026-07-24 23:59:59.999000+00:00,16980335.6997,19307,113303.79,8371463.2951,0,SOLUSDT,1h
2026-07-25 00:00:00+00:00,73.92,74.11,73.9,74.08,321079.77,2026-07-25 00:59:59.999000+00:00,23760379.3856,28277,172269.74,12748743.6778,0,SOLUSDT,1h
2026-07-25 01:00:00+00:00,74.09,74.23,73.97,74.09,325335.29,2026-07-25 01:59:59.999000+00:00,24105958.7969,26172,182238.53,13505040.4712,0,SOLUSDT,1h
2026-07-25 02:00:00+00:00,74.1,74.18,74.01,74.07,169327.52,2026-07-25 02:59:59.999000+00:00,12545564.3505,17906,74382.36,5510684.6877,0,SOLUSDT,1h
2026-07-25 03:00:00+00:00,74.07,74.29,74.01,74.09,300539.75,2026-07-25 03:59:59.999000+00:00,22285494.7723,24311,161315.35,11963356.5074,0,SOLUSDT,1h
2026-07-25 04:00:00+00:00,74.09,74.32,74.09,74.28,287132.05,2026-07-25 04:59:59.999000+00:00,21317516.2176,21268,163395.35,12129908.8886,0,SOLUSDT,1h
2026-07-25 05:00:00+00:00,74.28,74.32,73.86,73.94,389807.21,2026-07-25 05:59:59.999000+00:00,28867950.9766,24656,171690.53,12717231.6972,0,SOLUSDT,1h
2026-07-25 06:00:00+00:00,73.95,74.0,73.72,73.99,375310.24,2026-07-25 06:59:59.999000+00:00,27721761.1145,25358,194637.64,14377169.8542,0,SOLUSDT,1h
2026-07-25 07:00:00+00:00,74.0,74.02,73.74,73.75,208314.05,2026-07-25 07:59:59.999000+00:00,15385815.8653,19698,75806.3,5600012.59,0,SOLUSDT,1h
2026-07-25 08:00:00+00:00,73.74,73.83,73.5,73.76,458915.28,2026-07-25 08:59:59.999000+00:00,33817695.4889,30958,208262.46,15349240.6447,0,SOLUSDT,1h
2026-07-25 09:00:00+00:00,73.76,74.0,73.71,73.95,268709.64,2026-07-25 09:59:59.999000+00:00,19858837.0248,22000,165849.28,12257571.5272,0,SOLUSDT,1h
2026-07-25 10:00:00+00:00,73.95,73.99,73.86,73.94,171762.86,2026-07-25 10:59:59.999000+00:00,12696766.9821,16282,85436.18,6315580.2844,0,SOLUSDT,1h
2026-07-25 11:00:00+00:00,73.94,74.0,73.8,73.88,179786.89,2026-07-25 11:59:59.999000+00:00,13285558.472,15535,89234.94,6594662.2463,0,SOLUSDT,1h
2026-07-25 12:00:00+00:00,73.88,73.94,73.81,73.94,217921.79,2026-07-25 12:59:59.999000+00:00,16097610.7184,16007,110063.76,8130935.4687,0,SOLUSDT,1h
2026-07-25 13:00:00+00:00,73.93,74.17,73.9,73.93,363333.88,2026-07-25 13:59:59.999000+00:00,26888197.83,23486,204663.26,15147440.5108,0,SOLUSDT,1h
2026-07-25 14:00:00+00:00,73.93,74.03,73.73,74.0,465918.94,2026-07-25 14:59:59.999000+00:00,34404754.7193,28884,244386.43,18045967.7256,0,SOLUSDT,1h
2026-07-25 15:00:00+00:00,74.0,74.28,73.95,74.13,476498.49,2026-07-25 15:59:59.999000+00:00,35330979.5708,30322,247895.54,18379588.8202,0,SOLUSDT,1h
2026-07-25 16:00:00+00:00,74.12,74.39,74.04,74.28,448058.93,2026-07-25 16:59:59.999000+00:00,33249826.5761,31732,225691.73,16749601.8028,0,SOLUSDT,1h
2026-07-25 17:00:00+00:00,74.28,74.64,74.25,74.42,536159.87,2026-07-25 17:59:59.999000+00:00,39928310.0506,33636,297189.69,22134330.171,0,SOLUSDT,1h
2026-07-25 18:00:00+00:00,74.43,74.67,74.43,74.62,338542.17,2026-07-25 18:59:59.999000+00:00,25236368.9407,27913,174394.92,13000347.7667,0,SOLUSDT,1h
2026-07-25 19:00:00+00:00,74.62,74.69,74.49,74.52,257127.49,2026-07-25 19:59:59.999000+00:00,19177493.3183,20293,104949.99,7828669.0241,0,SOLUSDT,1h
2026-07-25 20:00:00+00:00,74.53,74.54,74.35,74.4,259697.56,2026-07-25 20:59:59.999000+00:00,19328259.0039,18358,105650.39,7863394.8365,0,SOLUSDT,1h
2026-07-25 21:00:00+00:00,74.39,74.57,74.23,74.43,262170.69,2026-07-25 21:59:59.999000+00:00,19504625.0703,21846,126235.67,9393557.6938,0,SOLUSDT,1h
2026-07-25 22:00:00+00:00,74.43,74.5,74.26,74.46,213984.3,2026-07-25 22:59:59.999000+00:00,15918638.9166,18444,116461.25,8663999.9914,0,SOLUSDT,1h
2026-07-25 23:00:00+00:00,74.46,74.5,74.37,74.49,173425.52,2026-07-25 23:59:59.999000+00:00,12909682.5491,12729,84024.79,6255092.5203,0,SOLUSDT,1h
2026-07-26 00:00:00+00:00,74.48,74.93,74.44,74.75,548831.64,2026-07-26 00:59:59.999000+00:00,41005273.7909,36975,274008.87,20471066.2763,0,SOLUSDT,1h
2026-07-26 01:00:00+00:00,74.75,74.87,74.64,74.8,188194.92,2026-07-26 01:59:59.999000+00:00,14064277.2651,21089,98015.46,7325275.9028,0,SOLUSDT,1h
2026-07-26 02:00:00+00:00,74.8,74.9,74.68,74.86,206035.98,2026-07-26 02:59:59.999000+00:00,15408795.0728,19991,101474.88,7589054.4951,0,SOLUSDT,1h
2026-07-26 03:00:00+00:00,74.85,75.03,74.78,75.0,358857.02,2026-07-26 03:59:59.999000+00:00,26886685.6868,24132,194183.9,14550000.7362,0,SOLUSDT,1h
2026-07-26 04:00:00+00:00,74.99,75.2,74.9,75.04,392594.31,2026-07-26 04:59:59.999000+00:00,29464893.4679,28312,182379.39,13687526.0979,0,SOLUSDT,1h
2026-07-26 05:00:00+00:00,75.04,75.15,74.91,74.98,270971.41,2026-07-26 05:59:59.999000+00:00,20330305.5299,20925,98961.98,7426066.6979,0,SOLUSDT,1h
2026-07-26 06:00:00+00:00,74.97,75.1,74.69,75.09,388805.45,2026-07-26 06:59:59.999000+00:00,29105699.9214,26440,173497.99,12990616.5526,0,SOLUSDT,1h
2026-07-26 07:00:00+00:00,75.09,75.12,74.81,74.84,249417.34,2026-07-26 07:59:59.999000+00:00,18691552.7342,21439,97700.12,7322101.839,0,SOLUSDT,1h
2026-07-26 08:00:00+00:00,74.84,75.02,74.8,74.96,181164.22,2026-07-26 08:59:59.999000+00:00,13569131.7188,18625,103816.73,7776803.7019,0,SOLUSDT,1h
2026-07-26 09:00:00+00:00,74.95,75.25,74.95,75.03,398794.23,2026-07-26 09:59:59.999000+00:00,29948596.7661,23931,241506.69,18136318.586,0,SOLUSDT,1h
2026-07-26 10:00:00+00:00,75.03,75.22,74.99,75.09,187976.52,2026-07-26 10:59:59.999000+00:00,14120362.0742,16911,89522.7,6725098.4154,0,SOLUSDT,1h
2026-07-26 11:00:00+00:00,75.08,75.14,74.86,74.91,308060.99,2026-07-26 11:59:59.999000+00:00,23096749.1479,20931,116925.21,8766629.541,0,SOLUSDT,1h
2026-07-26 12:00:00+00:00,74.91,75.11,74.77,74.83,294540.65,2026-07-26 12:59:59.999000+00:00,22066208.9332,25679,135750.14,10172298.0907,0,SOLUSDT,1h
2026-07-26 13:00:00+00:00,74.83,74.94,74.73,74.9,304768.61,2026-07-26 13:59:59.999000+00:00,22805934.6272,21455,149479.33,11186944.3348,0,SOLUSDT,1h
2026-07-26 14:00:00+00:00,74.89,75.2,74.84,75.01,457854.06,2026-07-26 14:59:59.999000+00:00,34344713.2776,30834,239501.42,17965336.3821,0,SOLUSDT,1h
2026-07-26 15:00:00+00:00,75.01,75.47,74.92,75.45,619204.45,2026-07-26 15:59:59.999000+00:00,46589516.3989,41846,333081.79,25062713.5281,0,SOLUSDT,1h
2026-07-26 16:00:00+00:00,75.45,75.96,75.26,75.5,871451.18,2026-07-26 16:59:59.999000+00:00,65884959.2402,54460,422279.07,31931010.0864,0,SOLUSDT,1h
2026-07-26 17:00:00+00:00,75.49,75.56,75.25,75.35,318543.4,2026-07-26 17:59:59.999000+00:00,24015203.9167,27713,146281.59,11027982.7604,0,SOLUSDT,1h
2026-07-26 18:00:00+00:00,75.34,75.41,75.23,75.36,191002.85,2026-07-26 18:59:59.999000+00:00,14385988.1574,17666,89545.37,6744376.7119,0,SOLUSDT,1h
2026-07-26 19:00:00+00:00,75.35,75.42,75.2,75.3,166921.81,2026-07-26 19:59:59.999000+00:00,12564605.416,15968,80897.56,6089510.8049,0,SOLUSDT,1h
2026-07-26 20:00:00+00:00,75.3,75.37,75.27,75.31,93828.98,2026-07-26 20:59:59.999000+00:00,7067317.9154,13870,44564.85,3356648.9123,0,SOLUSDT,1h
2026-07-26 21:00:00+00:00,75.31,75.74,75.28,75.62,262408.76,2026-07-26 21:59:59.999000+00:00,19824751.363,28264,148069.92,11184876.6791,0,SOLUSDT,1h
2026-07-26 22:00:00+00:00,75.62,76.79,75.62,76.69,1785052.75,2026-07-26 22:59:59.999000+00:00,136155869.0614,102273,994147.99,75825146.937,0,SOLUSDT,1h
2026-07-26 23:00:00+00:00,76.69,77.08,76.47,76.74,1085385.59,2026-07-26 23:59:59.999000+00:00,83322862.8316,72886,550073.59,42236565.2645,0,SOLUSDT,1h
2026-07-27 00:00:00+00:00,76.75,76.78,76.16,76.31,646457.0,2026-07-27 00:59:59.999000+00:00,49420169.0018,54514,265078.53,20269962.7383,0,SOLUSDT,1h
2026-07-27 01:00:00+00:00,76.32,76.5,75.93,76.49,634147.4,2026-07-27 01:59:59.999000+00:00,48339256.0651,53468,313442.61,23900468.9166,0,SOLUSDT,1h
2026-07-27 02:00:00+00:00,76.49,76.63,76.32,76.39,359429.34,2026-07-27 02:59:59.999000+00:00,27492551.8795,38476,170933.38,13074774.7821,0,SOLUSDT,1h
2026-07-27 03:00:00+00:00,76.4,76.51,76.28,76.37,257730.95,2026-07-27 03:59:59.999000+00:00,19686684.7467,26713,112223.16,8572936.4248,0,SOLUSDT,1h
2026-07-27 04:00:00+00:00,76.38,76.6,76.23,76.27,308694.56,2026-07-27 04:59:59.999000+00:00,23580451.1528,30631,129092.47,9861682.5588,0,SOLUSDT,1h
2026-07-27 05:00:00+00:00,76.28,76.6,76.22,76.53,316085.51,2026-07-27 05:59:59.999000+00:00,24148572.0281,28194,149044.31,11386825.8073,0,SOLUSDT,1h
2026-07-27 06:00:00+00:00,76.52,76.96,76.49,76.69,745375.81,2026-07-27 06:59:59.999000+00:00,57223148.3341,51206,403589.1,30987645.2585,0,SOLUSDT,1h
2026-07-27 07:00:00+00:00,76.69,76.73,76.35,76.43,360353.45,2026-07-27 07:59:59.999000+00:00,27584035.0353,31299,153977.28,11788331.5356,0,SOLUSDT,1h
2026-07-27 08:00:00+00:00,76.44,76.48,76.19,76.26,301270.68,2026-07-27 08:59:59.999000+00:00,22992836.2611,29068,130859.12,9987888.685,0,SOLUSDT,1h
2026-07-27 09:00:00+00:00,76.27,76.53,76.08,76.44,338969.59,2026-07-27 09:59:59.999000+00:00,25856775.7147,29670,155362.22,11855011.2871,0,SOLUSDT,1h
2026-07-27 10:00:00+00:00,76.44,76.65,76.37,76.59,259973.86,2026-07-27 10:59:59.999000+00:00,19897028.8697,23676,158896.13,12162124.0533,0,SOLUSDT,1h
2026-07-27 11:00:00+00:00,76.59,76.65,76.45,76.49,292628.35,2026-07-27 11:59:59.999000+00:00,22399976.5155,22917,140111.17,10725432.4574,0,SOLUSDT,1h
2026-07-27 12:00:00+00:00,76.49,77.05,76.21,76.82,1284584.9,2026-07-27 12:59:59.999000+00:00,98529427.8863,66707,692291.09,53115253.253,0,SOLUSDT,1h
2026-07-27 13:00:00+00:00,76.83,77.48,76.42,76.88,1717684.75,2026-07-27 13:59:59.999000+00:00,132240206.9079,110305,917280.85,70622432.005,0,SOLUSDT,1h
2026-07-27 14:00:00+00:00,76.88,76.97,74.97,75.44,2676904.64,2026-07-27 14:59:59.999000+00:00,202755698.3549,161379,1232239.32,93344623.2361,0,SOLUSDT,1h
2026-07-27 15:00:00+00:00,75.44,75.58,75.03,75.22,738129.36,2026-07-27 15:59:59.999000+00:00,55610418.1602,74908,358808.86,27035386.4574,0,SOLUSDT,1h
2026-07-27 16:00:00+00:00,75.23,75.94,75.1,75.91,799398.37,2026-07-27 16:59:59.999000+00:00,60410427.498,60739,438311.68,33124409.4526,0,SOLUSDT,1h
2026-07-27 17:00:00+00:00,75.9,76.21,75.77,75.86,563315.15,2026-07-27 17:59:59.999000+00:00,42792691.9371,43999,281772.85,21406438.9049,0,SOLUSDT,1h
2026-07-27 18:00:00+00:00,75.86,75.96,75.22,75.57,597969.76,2026-07-27 18:59:59.999000+00:00,45153194.2213,44060,313870.23,23702574.239,0,SOLUSDT,1h
2026-07-27 19:00:00+00:00,75.58,76.02,75.45,75.94,501412.01,2026-07-27 19:59:59.999000+00:00,38005649.9685,38204,247709.23,18777054.3775,0,SOLUSDT,1h
2026-07-27 20:00:00+00:00,75.95,76.1,75.76,75.93,291961.29,2026-07-27 20:59:59.999000+00:00,22165998.3114,26905,136145.01,10335231.8027,0,SOLUSDT,1h
2026-07-27 21:00:00+00:00,75.94,75.96,75.47,75.57,273010.06,2026-07-27 21:59:59.999000+00:00,20661663.4564,23802,145691.05,11022024.5582,0,SOLUSDT,1h
2026-07-27 22:00:00+00:00,75.58,75.59,73.96,74.01,1556226.88,2026-07-27 22:59:59.999000+00:00,116265990.2988,88853,604261.76,45150634.2868,0,SOLUSDT,1h
2026-07-27 23:00:00+00:00,74.01,74.37,73.68,74.16,1046832.3,2026-07-27 23:59:59.999000+00:00,77479136.5007,88008,556058.17,41167449.9918,0,SOLUSDT,1h
2026-07-28 00:00:00+00:00,74.16,74.26,73.62,73.68,856490.39,2026-07-28 00:59:59.999000+00:00,63313080.3505,61545,377369.17,27899268.1178,0,SOLUSDT,1h
2026-07-28 01:00:00+00:00,73.68,73.71,72.8,73.14,1865964.76,2026-07-28 01:59:59.999000+00:00,136579818.2067,102610,829198.4,60691554.9077,0,SOLUSDT,1h
2026-07-28 02:00:00+00:00,73.15,73.41,73.01,73.32,688623.03,2026-07-28 02:59:59.999000+00:00,50449793.2348,46265,354984.61,26006050.4265,0,SOLUSDT,1h
2026-07-28 03:00:00+00:00,73.33,73.37,73.11,73.24,435562.64,2026-07-28 03:59:59.999000+00:00,31905348.6864,38299,228881.8,16766008.8637,0,SOLUSDT,1h
2026-07-28 04:00:00+00:00,73.25,73.25,72.93,73.15,602797.5,2026-07-28 04:59:59.999000+00:00,44057496.8982,37705,353048.22,25799061.8948,0,SOLUSDT,1h
2026-07-28 05:00:00+00:00,73.16,73.5,73.14,73.2,460000.51,2026-07-28 05:59:59.999000+00:00,33732354.3046,35442,233632.29,17132342.0319,0,SOLUSDT,1h
2026-07-28 06:00:00+00:00,73.21,73.45,73.08,73.41,483174.11,2026-07-28 06:59:59.999000+00:00,35410355.8058,33149,277847.54,20365487.3435,0,SOLUSDT,1h
2026-07-28 07:00:00+00:00,73.41,73.45,73.09,73.24,330921.02,2026-07-28 07:59:59.999000+00:00,24245288.9107,26622,160033.22,11725025.2138,0,SOLUSDT,1h
2026-07-28 08:00:00+00:00,73.25,73.4,73.1,73.31,331963.99,2026-07-28 08:59:59.999000+00:00,24316864.9056,27315,155090.76,11360839.8084,0,SOLUSDT,1h
2026-07-28 09:00:00+00:00,73.32,73.47,73.16,73.21,327206.52,2026-07-28 09:59:59.999000+00:00,23992220.4299,24447,158632.14,11633275.8471,0,SOLUSDT,1h
2026-07-28 10:00:00+00:00,73.21,73.3,73.08,73.1,490304.78,2026-07-28 10:59:59.999000+00:00,35880606.8766,29738,222911.0,16314580.7092,0,SOLUSDT,1h
2026-07-28 11:00:00+00:00,73.1,73.31,72.82,73.14,790979.03,2026-07-28 11:59:59.999000+00:00,57786216.0625,52821,408299.8,29835462.8944,0,SOLUSDT,1h
2026-07-28 12:00:00+00:00,73.14,73.42,73.08,73.33,534089.51,2026-07-28 12:59:59.999000+00:00,39129881.6268,37407,287462.91,21062835.6075,0,SOLUSDT,1h
2026-07-28 13:00:00+00:00,73.32,73.4,72.3,72.67,1779793.35,2026-07-28 13:59:59.999000+00:00,129483636.9486,94809,769296.48,55970098.1509,0,SOLUSDT,1h
2026-07-28 14:00:00+00:00,72.67,73.45,72.49,73.37,1301470.09,2026-07-28 14:59:59.999000+00:00,94973310.7324,84587,710780.56,51884866.0162,0,SOLUSDT,1h
2026-07-28 15:00:00+00:00,73.38,74.55,73.25,74.31,2116722.69,2026-07-28 15:59:59.999000+00:00,156779234.0322,107372,1126088.94,83404074.9181,0,SOLUSDT,1h
2026-07-28 16:00:00+00:00,74.31,74.54,74.0,74.38,712672.6,2026-07-28 16:59:59.999000+00:00,52897038.866,54434,374064.94,27767956.5569,0,SOLUSDT,1h
2026-07-28 17:00:00+00:00,74.39,74.4,73.51,73.79,857335.62,2026-07-28 17:59:59.999000+00:00,63293617.4863,57599,373427.99,27567522.7759,0,SOLUSDT,1h
2026-07-28 18:00:00+00:00,73.79,74.03,73.76,73.85,304174.46,2026-07-28 18:59:59.999000+00:00,22468936.0779,34693,167071.95,12341797.6519,0,SOLUSDT,1h
2026-07-28 19:00:00+00:00,73.85,74.36,73.79,74.29,490694.56,2026-07-28 19:59:59.999000+00:00,36371026.52,40180,268280.91,19885630.509,0,SOLUSDT,1h
2026-07-28 20:00:00+00:00,74.29,74.34,73.97,74.01,423850.49,2026-07-28 20:59:59.999000+00:00,31427144.7164,31569,210315.22,15594683.4141,0,SOLUSDT,1h
2026-07-28 21:00:00+00:00,74.01,74.36,73.96,74.11,335890.89,2026-07-28 21:59:59.999000+00:00,24899876.7951,27761,190546.47,14124948.3191,0,SOLUSDT,1h
2026-07-28 22:00:00+00:00,74.11,74.2,73.39,73.4,593542.13,2026-07-28 22:59:59.999000+00:00,43788563.2401,43277,235704.59,17388008.754,0,SOLUSDT,1h
2026-07-28 23:00:00+00:00,73.41,73.81,73.13,73.77,800050.09,2026-07-28 23:59:59.999000+00:00,58761396.0788,49790,402966.84,29602151.8148,0,SOLUSDT,1h
2026-07-29 00:00:00+00:00,73.77,74.15,73.72,73.75,606296.16,2026-07-29 00:59:59.999000+00:00,44825010.0587,51281,302473.54,22366317.7022,0,SOLUSDT,1h
2026-07-29 01:00:00+00:00,73.74,73.77,73.18,73.24,462882.5,2026-07-29 01:59:59.999000+00:00,34023891.1565,44577,202873.96,14915851.0254,0,SOLUSDT,1h
2026-07-29 02:00:00+00:00,73.24,73.96,73.02,73.66,749192.36,2026-07-29 02:59:59.999000+00:00,55084749.2828,54752,427994.49,31467006.1344,0,SOLUSDT,1h
2026-07-29 03:00:00+00:00,73.66,73.72,72.95,73.03,488724.85,2026-07-29 03:59:59.999000+00:00,35791600.2124,48406,227344.55,16654523.3512,0,SOLUSDT,1h
2026-07-29 04:00:00+00:00,73.04,73.46,72.66,73.41,1017112.36,2026-07-29 04:59:59.999000+00:00,74292208.2937,69325,520575.19,38027017.4169,0,SOLUSDT,1h
2026-07-29 05:00:00+00:00,73.41,73.76,73.3,73.64,470410.36,2026-07-29 05:59:59.999000+00:00,34598213.7242,40392,237695.67,17481151.5951,0,SOLUSDT,1h
2026-07-29 06:00:00+00:00,73.64,74.06,73.48,74.04,527467.73,2026-07-29 06:59:59.999000+00:00,38958371.1567,39666,276485.22,20419568.1554,0,SOLUSDT,1h
2026-07-29 07:00:00+00:00,74.04,74.25,73.94,74.21,380759.39,2026-07-29 07:59:59.999000+00:00,28198340.1754,30001,190997.44,14150244.1784,0,SOLUSDT,1h
2026-07-29 08:00:00+00:00,74.21,74.3,73.66,73.9,677586.22,2026-07-29 08:59:59.999000+00:00,50112487.2838,47794,326151.6,24126622.8207,0,SOLUSDT,1h
2026-07-29 09:00:00+00:00,73.91,74.29,73.87,74.09,306833.08,2026-07-29 09:59:59.999000+00:00,22724281.44,28997,170954.37,12661559.0707,0,SOLUSDT,1h
2026-07-29 10:00:00+00:00,74.1,74.11,73.75,73.87,341797.44,2026-07-29 10:59:59.999000+00:00,25279889.9789,27569,170534.33,12616856.6578,0,SOLUSDT,1h
2026-07-29 11:00:00+00:00,73.88,74.06,73.79,73.91,209809.86,2026-07-29 11:59:59.999000+00:00,15510339.6367,22160,102582.01,7582394.0346,0,SOLUSDT,1h
2026-07-29 12:00:00+00:00,73.91,73.92,73.41,73.48,484247.54,2026-07-29 12:59:59.999000+00:00,35628737.4192,34911,222379.2,16359780.7353,0,SOLUSDT,1h
2026-07-29 13:00:00+00:00,73.48,73.74,73.3,73.69,768066.56,2026-07-29 13:59:59.999000+00:00,56470922.5587,48826,400953.14,29484753.0847,0,SOLUSDT,1h
2026-07-29 14:00:00+00:00,73.69,73.89,73.04,73.23,985406.41,2026-07-29 14:59:59.999000+00:00,72307455.379,61932,501265.47,36779766.3331,0,SOLUSDT,1h
2026-07-29 15:00:00+00:00,73.22,73.42,72.93,73.08,603629.62,2026-07-29 15:59:59.999000+00:00,44155358.1469,45819,287669.44,21045779.5235,0,SOLUSDT,1h
2026-07-29 16:00:00+00:00,73.08,73.33,72.88,73.24,786050.43,2026-07-29 16:59:59.999000+00:00,57421087.4466,45820,356233.18,26034344.058,0,SOLUSDT,1h
2026-07-29 17:00:00+00:00,73.24,73.92,73.13,73.91,926469.99,2026-07-29 17:59:59.999000+00:00,68042641.0441,56749,520163.39,38202332.4472,0,SOLUSDT,1h
2026-07-29 18:00:00+00:00,73.91,74.5,73.4,74.21,2258256.87,2026-07-29 18:59:59.999000+00:00,167244143.0187,126662,1091657.19,80853440.3222,0,SOLUSDT,1h
2026-07-29 19:00:00+00:00,74.2,74.34,72.68,72.71,1503587.43,2026-07-29 19:59:59.999000+00:00,110291442.987,97664,696822.95,51133411.9292,0,SOLUSDT,1h
2026-07-29 20:00:00+00:00,72.71,73.17,72.39,72.6,1316863.4,2026-07-29 20:59:59.999000+00:00,95756777.1006,88657,622805.26,45298510.021,0,SOLUSDT,1h
2026-07-29 21:00:00+00:00,72.61,73.14,72.26,73.14,979501.74,2026-07-29 21:59:59.999000+00:00,71180122.2722,64631,475669.54,34593299.3508,0,SOLUSDT,1h
2026-07-29 22:00:00+00:00,73.14,73.78,73.14,73.61,868176.83,2026-07-29 22:59:59.999000+00:00,63861762.4888,50712,449459.82,33051014.7733,0,SOLUSDT,1h
2026-07-29 23:00:00+00:00,73.6,73.71,73.38,73.65,330390.88,2026-07-29 23:59:59.999000+00:00,24300900.1103,32822,157142.69,11558535.7686,0,SOLUSDT,1h
2026-07-30 00:00:00+00:00,73.65,73.84,73.1,73.27,587951.1,2026-07-30 00:59:59.999000+00:00,43189912.4855,47586,256847.7,18868953.5039,0,SOLUSDT,1h
2026-07-30 01:00:00+00:00,73.28,74.18,73.23,73.99,695285.46,2026-07-30 01:59:59.999000+00:00,51276524.7851,63561,369270.83,27236413.0034,0,SOLUSDT,1h
2026-07-30 02:00:00+00:00,74.0,74.12,73.78,73.81,294343.89,2026-07-30 02:59:59.999000+00:00,21773957.4851,33351,136481.1,10098055.6909,0,SOLUSDT,1h
2026-07-30 03:00:00+00:00,73.81,73.98,73.62,73.68,262177.85,2026-07-30 03:59:59.999000+00:00,19341336.9364,30121,133334.33,9837732.0168,0,SOLUSDT,1h
2026-07-30 04:00:00+00:00,73.68,73.71,73.46,73.48,308566.4,2026-07-30 04:59:59.999000+00:00,22701830.4319,29242,173867.05,12792408.1184,0,SOLUSDT,1h
2026-07-30 05:00:00+00:00,73.48,73.84,73.38,73.66,290774.37,2026-07-30 05:59:59.999000+00:00,21405565.3752,31015,165117.77,12156777.8921,0,SOLUSDT,1h
2026-07-30 06:00:00+00:00,73.66,73.73,73.45,73.49,228355.93,2026-07-30 06:59:59.999000+00:00,16801283.8857,22603,118150.7,8693212.7075,0,SOLUSDT,1h
2026-07-30 07:00:00+00:00,73.5,73.78,73.35,73.39,330157.4,2026-07-30 07:59:59.999000+00:00,24299913.1642,32646,186852.86,13756308.9188,0,SOLUSDT,1h
2026-07-30 08:00:00+00:00,73.38,73.8,73.26,73.78,335121.66,2026-07-30 08:59:59.999000+00:00,24655966.0895,35948,187868.29,13822758.0127,0,SOLUSDT,1h
2026-07-30 09:00:00+00:00,73.78,74.19,73.77,74.02,530800.57,2026-07-30 09:59:59.999000+00:00,39279289.0208,36461,288510.61,21351270.2512,0,SOLUSDT,1h
2026-07-30 10:00:00+00:00,74.01,74.17,73.79,73.87,359724.2,2026-07-30 10:59:59.999000+00:00,26622259.5126,28402,139713.31,10342315.451,0,SOLUSDT,1h
2026-07-30 11:00:00+00:00,73.88,74.3,73.86,74.18,430263.51,2026-07-30 11:59:59.999000+00:00,31889355.5542,29175,225617.86,16722369.8202,0,SOLUSDT,1h
2026-07-30 12:00:00+00:00,74.18,74.45,74.04,74.36,772447.17,2026-07-30 12:59:59.999000+00:00,57351881.5596,44846,406401.71,30178518.2116,0,SOLUSDT,1h
2026-07-30 13:00:00+00:00,74.36,74.89,74.08,74.64,1282092.32,2026-07-30 13:59:59.999000+00:00,95464060.3634,67891,722396.72,53799174.7056,0,SOLUSDT,1h
2026-07-30 14:00:00+00:00,74.64,74.75,74.25,74.59,1088455.43,2026-07-30 14:59:59.999000+00:00,81154804.9184,64921,532398.23,39699901.7209,0,SOLUSDT,1h
2026-07-30 15:00:00+00:00,74.59,74.84,74.43,74.61,743967.46,2026-07-30 15:59:59.999000+00:00,55499898.0222,51470,389587.78,29065588.7455,0,SOLUSDT,1h
2026-07-30 16:00:00+00:00,74.61,74.81,74.42,74.54,608877.63,2026-07-30 16:59:59.999000+00:00,45446430.421,42076,297083.95,22175734.7079,0,SOLUSDT,1h
2026-07-30 17:00:00+00:00,74.55,74.86,74.38,74.73,420960.62,2026-07-30 17:59:59.999000+00:00,31414665.2732,37173,218363.89,16295568.3299,0,SOLUSDT,1h
2026-07-30 18:00:00+00:00,74.72,74.95,74.45,74.48,410743.36,2026-07-30 18:59:59.999000+00:00,30686133.5473,34018,209301.49,15640516.8263,0,SOLUSDT,1h
2026-07-30 19:00:00+00:00,74.48,74.81,74.48,74.75,385385.16,2026-07-30 19:59:59.999000+00:00,28766473.6989,36981,223039.49,16649185.4291,0,SOLUSDT,1h
2026-07-30 20:00:00+00:00,74.75,74.89,74.4,74.45,434233.8,2026-07-30 20:59:59.999000+00:00,32405642.9111,34894,247468.06,18467206.6516,0,SOLUSDT,1h
2026-07-30 21:00:00+00:00,74.45,74.58,74.4,74.46,228796.72,2026-07-30 21:59:59.999000+00:00,17041318.475,24064,132214.24,9847680.8874,0,SOLUSDT,1h
2026-07-30 22:00:00+00:00,74.46,74.86,74.37,74.71,394848.3,2026-07-30 22:59:59.999000+00:00,29484252.3549,33626,200337.6,14961871.5648,0,SOLUSDT,1h
2026-07-30 23:00:00+00:00,74.72,74.96,74.42,74.46,765632.55,2026-07-30 23:59:59.999000+00:00,57198484.1844,39129,399020.52,29826898.9399,0,SOLUSDT,1h
2026-07-31 00:00:00+00:00,74.46,74.62,74.4,74.46,379676.75,2026-07-31 00:59:59.999000+00:00,28287764.5404,31481,195157.43,14539882.8283,0,SOLUSDT,1h
2026-07-31 01:00:00+00:00,74.46,75.28,74.25,74.36,1412983.65,2026-07-31 01:59:59.999000+00:00,105723017.0636,79449,744939.73,55749805.2919,0,SOLUSDT,1h
2026-07-31 02:00:00+00:00,74.36,74.53,74.04,74.11,662374.38,2026-07-31 02:59:59.999000+00:00,49168794.767,47493,314131.47,23320739.1435,0,SOLUSDT,1h
2026-07-31 03:00:00+00:00,74.11,74.33,73.83,74.11,568519.67,2026-07-31 03:59:59.999000+00:00,42107652.6142,41809,281346.79,20844506.2028,0,SOLUSDT,1h
2026-07-31 04:00:00+00:00,74.1,74.12,73.69,73.79,623736.23,2026-07-31 04:59:59.999000+00:00,46058413.5616,37296,338847.16,25021315.3487,0,SOLUSDT,1h
2026-07-31 05:00:00+00:00,73.79,74.29,73.79,74.2,624266.21,2026-07-31 05:59:59.999000+00:00,46246603.0276,37815,302495.15,22409286.6521,0,SOLUSDT,1h
2026-07-31 06:00:00+00:00,74.21,74.51,73.97,74.06,677686.0,2026-07-31 06:59:59.999000+00:00,50320538.6157,37316,339414.5,25205353.5216,0,SOLUSDT,1h
2026-07-31 07:00:00+00:00,74.06,74.06,73.46,73.64,889972.73,2026-07-31 07:59:59.999000+00:00,65585872.5887,46958,415742.85,30638736.7802,0,SOLUSDT,1h
2026-07-31 08:00:00+00:00,73.65,73.77,73.49,73.62,410359.54,2026-07-31 08:59:59.999000+00:00,30219544.429,31305,213829.34,15748650.2981,0,SOLUSDT,1h
2026-07-31 09:00:00+00:00,73.63,73.67,73.35,73.44,507838.41,2026-07-31 09:59:59.999000+00:00,37315292.4888,32498,214263.66,15743920.3815,0,SOLUSDT,1h
2026-07-31 10:00:00+00:00,73.45,73.62,73.25,73.52,492614.44,2026-07-31 10:59:59.999000+00:00,36204850.6086,33391,260520.6,19150733.7488,0,SOLUSDT,1h
2026-07-31 11:00:00+00:00,73.52,73.69,73.43,73.52,289108.38,2026-07-31 11:59:59.999000+00:00,21263431.8925,26589,151833.15,11167890.7638,0,SOLUSDT,1h
2026-07-31 12:00:00+00:00,73.52,73.61,73.34,73.58,415431.93,2026-07-31 12:59:59.999000+00:00,30524262.6109,32753,170242.45,12508823.9726,0,SOLUSDT,1h
2026-07-31 13:00:00+00:00,73.59,73.78,73.13,73.25,1057647.81,2026-07-31 13:59:59.999000+00:00,77650368.7878,59666,512992.81,37666906.9919,0,SOLUSDT,1h
2026-07-31 14:00:00+00:00,73.25,73.67,72.75,73.01,2678845.54,2026-07-31 14:59:59.999000+00:00,196041549.5699,125832,1262783.4,92421598.6827,0,SOLUSDT,1h
2026-07-31 15:00:00+00:00,73.01,73.19,72.83,73.06,771140.32,2026-07-31 15:59:59.999000+00:00,56282300.4423,49958,415359.26,30315409.7355,0,SOLUSDT,1h
2026-07-31 16:00:00+00:00,73.05,73.31,72.95,73.27,472488.67,2026-07-31 16:59:59.999000+00:00,34561978.9662,36571,217988.31,15945155.1036,0,SOLUSDT,1h
2026-07-31 17:00:00+00:00,73.27,73.42,73.14,73.34,438493.28,2026-07-31 17:59:59.999000+00:00,32142154.9704,35163,238880.41,17509903.1914,0,SOLUSDT,1h
2026-07-31 18:00:00+00:00,73.34,73.46,72.9,73.08,395042.12,2026-07-31 18:59:59.999000+00:00,28906666.7733,34611,155996.32,11413356.2931,0,SOLUSDT,1h
2026-07-31 19:00:00+00:00,73.08,73.26,72.88,73.05,380772.95,2026-07-31 19:59:59.999000+00:00,27821779.9816,36960,184551.56,13485748.2022,0,SOLUSDT,1h
2026-07-31 20:00:00+00:00,73.05,73.2,72.9,72.92,386911.68,2026-07-31 20:59:59.999000+00:00,28253647.8966,28354,174795.62,12765447.6769,0,SOLUSDT,1h
2026-07-31 21:00:00+00:00,72.93,73.07,72.52,72.69,421230.32,2026-07-31 21:59:59.999000+00:00,30663366.1851,30499,176234.44,12834117.9885,0,SOLUSDT,1h
2026-07-31 22:00:00+00:00,72.69,72.92,72.63,72.81,326219.58,2026-07-31 22:59:59.999000+00:00,23748646.3055,22696,150635.06,10967261.8131,0,SOLUSDT,1h
2026-07-31 23:00:00+00:00,72.81,72.94,72.76,72.83,226038.29,2026-07-31 23:59:59.999000+00:00,16468025.9204,21966,102219.78,7447271.1067,0,SOLUSDT,1h
2026-08-01 00:00:00+00:00,72.83,73.12,72.83,72.98,307246.53,2026-08-01 00:59:59.999000+00:00,22419293.7884,25791,171573.66,12520109.7163,0,SOLUSDT,1h
2026-08-01 01:00:00+00:00,72.99,73.11,72.95,73.02,243053.34,2026-08-01 01:59:59.999000+00:00,17750589.0406,22004,123587.68,9025990.5059,0,SOLUSDT,1h
2026-08-01 02:00:00+00:00,73.02,73.13,72.97,73.05,271017.6,2026-08-01 02:59:59.999000+00:00,19799797.9002,23341,143529.99,10485881.5095,0,SOLUSDT,1h
2026-08-01 03:00:00+00:00,73.05,73.07,72.83,73.01,283562.12,2026-08-01 03:59:59.999000+00:00,20685635.377,22252,130891.11,9547886.8734,0,SOLUSDT,1h
2026-08-01 04:00:00+00:00,73.01,73.18,73.0,73.13,157978.02,2026-08-01 04:59:59.999000+00:00,11545700.3068,15459,96173.77,7029502.8488,0,SOLUSDT,1h
2026-08-01 05:00:00+00:00,73.13,73.17,72.83,72.91,276537.68,2026-08-01 05:59:59.999000+00:00,20186818.8726,22478,116169.56,8482859.146,0,SOLUSDT,1h
2026-08-01 06:00:00+00:00,72.91,73.0,72.85,72.98,118926.71,2026-08-01 06:59:59.999000+00:00,8672567.9242,8406,59709.39,4354728.124,0,SOLUSDT,1h
